dataset,policy_name,n,nout,reach,case_id,setting,rho,n_pairs,selected_hard,hard_certified_pairs,relative_gain,relative_gain_low,relative_gain_high,gain,gain_low,gain_high,C,C_low,C_high,N,N_low,N_high,G,G_low,G_high,hard_error,hard_error_low,hard_error_high,soft_error,soft_error_low,soft_error_high,p_raw,test_status,p_holm,test_family
adult,age,26048,512,0.01917808219178082,adult_n26048_m512_age,fixed_tau_0p03,0.0001,12,0,12,0.33578159850118444,0.28728812422979993,0.38427507277256895,0.2296179111995322,0.18974175748201771,0.2694940649170467,0.08483397417810638,0.04356024342566452,0.12610770493054824,0.3144518853776385,0.2766538079322102,0.3522499628230668,0.2296179111995322,0.18974175748201771,0.2694940649170467,0.6778401967624582,0.6504083132568027,0.7052720802681137,0.4482222855629261,0.42329985988264157,0.4731447112432106,9.640483244385072e-09,Paired t contrast,5.350468200633715e-06,All new prespecified primary confirmation contrasts; no stars in figures
adult,age,26048,512,0.01917808219178082,adult_n26048_m512_age,fixed_tau_0p03,0.003,12,0,12,-0.3249582191459606,-0.39991960052505665,-0.2499968377668646,-0.10040494263827465,-0.12095728292327056,-0.07985260235327875,0.0631801947854606,0.049462298280052504,0.07689809129086869,-0.03722474785281408,-0.05477069968876701,-0.019678796016861146,-0.10040494263827465,-0.12095728292327056,-0.07985260235327875,0.3133179068328624,0.29754252571605466,0.3290932879496702,0.4137228494711371,0.39270638005587405,0.4347393188864001,1.1795267219624964e-06,Paired t contrast,0.0005390437119368608,All new prespecified primary confirmation contrasts; no stars in figures
adult,age,26048,512,0.01917808219178082,adult_n26048_m512_age,fixed_tau_0p03,0.18,12,0,12,-1.7722508371434722,-2.0408915789166473,-1.5036100953702969,-0.41112745613176394,-0.46586770200132255,-0.3563872102622053,0.25307080451011404,0.22900582799277036,0.27713578102745773,-0.15805665162165,-0.21268762146793688,-0.10342568177536313,-0.41112745613176394,-0.46586770200132255,-0.3563872102622053,0.2334952640027742,0.2244606547316145,0.2425298732739339,0.6446227201345383,0.5913684475546258,0.6978769927144507,1.6040066635341157e-08,Paired t contrast,8.677676049719566e-06,All new prespecified primary confirmation contrasts; no stars in figures
adult,age,26048,512,0.01917808219178082,adult_n26048_m512_age,fixed_tau_0p03,1.0,12,0,12,-1.9724667911547942,-2.2945396969349234,-1.6503938853746647,-0.44492318660043395,-0.5093394787552756,-0.3805068944455923,0.37107752294341045,0.3274551860835468,0.4146998598032741,-0.07384566365702357,-0.1373326862084069,-0.01035864110564022,-0.44492318660043395,-0.5093394787552756,-0.3805068944455923,0.22771328142594638,0.2192420287784758,0.23618453407341697,0.6726364680263804,0.6121400911419758,0.7331328449107851,3.491467636005097e-08,Paired t contrast,1.8379100383384878e-05,All new prespecified primary confirmation contrasts; no stars in figures
adult,age,26048,512,0.01917808219178082,adult_n26048_m512_age,matched_q_0p2,0.0001,12,0,12,0.3532747886386007,0.31224479779093733,0.394304779486264,0.24085514988713838,0.20642510548592727,0.2752851942883495,0.11649827796460084,0.07354209403739134,0.15945446189181034,0.35735342785173924,0.324054786204001,0.39065206949947745,0.24085514988713838,0.20642510548592727,0.2752851942883495,0.6778401967624582,0.6504083132568027,0.7052720802681137,0.43698504687531986,0.4133788816412013,0.46059121210943843,9.519286586133192e-10,Paired t contrast,5.749649098024448e-07,All new prespecified primary confirmation contrasts; no stars in figures
adult,age,26048,512,0.01917808219178082,adult_n26048_m512_age,matched_q_0p2,0.003,12,0,12,-0.5004228632017592,-0.5785952120098573,-0.4222505143936611,-0.1549106000348054,-0.1754871244945578,-0.13433407557505297,0.11416942142745636,0.0940912180165179,0.1342476248383948,-0.040741178607349056,-0.06329975702230389,-0.018182600192394215,-0.1549106000348054,-0.1754871244945578,-0.13433407557505297,0.3133179068328624,0.29754252571605466,0.3290932879496702,0.46822850686766787,0.44946478846006893,0.4869922252752668,2.1988374752082438e-08,Paired t contrast,1.1785768867116187e-05,All new prespecified primary confirmation contrasts; no stars in figures
adult,age,26048,512,0.01917808219178082,adult_n26048_m512_age,matched_q_0p2,0.18,12,0,12,-1.881599694137046,-2.1021100992545403,-1.6610892890195519,-0.43734678667490723,-0.4818187635315615,-0.39287480981825296,0.2799688143004115,0.25080353327489097,0.309134095325932,-0.1573779723744958,-0.19373387135731907,-0.12102207339167255,-0.43734678667490723,-0.4818187635315615,-0.39287480981825296,0.2334952640027742,0.2244606547316145,0.2425298732739339,0.6708420506776815,0.6266198967390102,0.7150642046163529,1.0482302573986846e-09,Paired t contrast,6.278899241818121e-07,All new prespecified primary confirmation contrasts; no stars in figures
adult,age,26048,512,0.01917808219178082,adult_n26048_m512_age,matched_q_0p2,1.0,12,0,12,-2.264290251770733,-2.6363119450196932,-1.8922685585217727,-0.5140726988930092,-0.5964369402731559,-0.4317084575128626,0.3892811933772495,0.32875677961483774,0.4498056071396612,-0.12479150551575968,-0.20624375136370776,-0.04333925966781162,-0.5140726988930092,-0.5964369402731559,-0.4317084575128626,0.22771328142594638,0.2192420287784758,0.23618453407341697,0.7417859803189555,0.6587612404491806,0.8248107201887304,3.7243130079641075e-08,Paired t contrast,1.944091390157264e-05,All new prespecified primary confirmation contrasts; no stars in figures
adult,age,26048,512,0.01917808219178082,adult_n26048_m512_age,public_selected,0.0001,12,0,12,0.3532747886386007,0.31224479779093733,0.394304779486264,0.24085514988713838,0.20642510548592727,0.2752851942883495,0.11649827796460084,0.07354209403739134,0.15945446189181034,0.35735342785173924,0.324054786204001,0.39065206949947745,0.24085514988713838,0.20642510548592727,0.2752851942883495,0.6778401967624582,0.6504083132568027,0.7052720802681137,0.43698504687531986,0.4133788816412013,0.46059121210943843,9.519286586133192e-10,Paired t contrast,5.749649098024448e-07,All new prespecified primary confirmation contrasts; no stars in figures
adult,age,26048,512,0.01917808219178082,adult_n26048_m512_age,public_selected,0.003,12,0,12,0.06806593306049642,-0.004414913505635276,0.14054677962662812,0.02340927859736811,-0.00022390565378065802,0.047042462848516875,-0.022286470649581308,-0.038810680931915316,-0.0057622603672473,0.0011228079477867993,-0.016366870697602752,0.018612486593176353,0.02340927859736811,-0.00022390565378065802,0.047042462848516875,0.3133179068328624,0.29754252571605466,0.3290932879496702,0.2899086282354943,0.2766657260177563,0.3031515304532323,0.06310753311201829,Paired t contrast,1.0,All new prespecified primary confirmation contrasts; no stars in figures
adult,age,26048,512,0.01917808219178082,adult_n26048_m512_age,public_selected,0.18,12,0,12,0.04613518142158773,-0.010465102271988297,0.10273546511516375,0.011381376777378537,-0.002243992802324818,0.02500674635708189,-0.011381376777378537,-0.02500674635708189,0.002243992802324818,0.0,0.0,0.0,0.011381376777378537,-0.002243992802324818,0.02500674635708189,0.2334952640027742,0.2244606547316145,0.2425298732739339,0.22211388722539568,0.2107830545143905,0.23344471993640087,0.10030902502573033,Paired t contrast,1.0,All new prespecified primary confirmation contrasts; no stars in figures
adult,age,26048,512,0.01917808219178082,adult_n26048_m512_age,public_selected,1.0,12,0,12,0.06032785952129499,0.023644796299431357,0.09701092274315862,0.013967005091568894,0.005488490938321305,0.022445519244816484,-0.015210104393797453,-0.027522181954938184,-0.002898026832656723,-0.0012430993022285591,-0.017869009781288334,0.015382811176831216,0.013967005091568894,0.005488490938321305,0.022445519244816484,0.22771328142594638,0.2192420287784758,0.23618453407341697,0.21374627633437748,0.20406055936114714,0.22343199330760782,0.0040287624007201255,Paired t contrast,1.0,All new prespecified primary confirmation contrasts; no stars in figures
adult,age_education,26048,512,0.026666666666666665,adult_n26048_m512_age_education,fixed_tau_0p03,0.0001,12,0,12,0.23144774290893455,0.1871280388271574,0.2757674469907117,0.15914500406596135,0.12260849730765402,0.19568151082426868,0.08483397417810638,0.04356024342566452,0.12610770493054824,0.24397897824406778,0.2153973491087098,0.2725606073794257,0.15914500406596135,0.12260849730765402,0.19568151082426868,0.6778401967624582,0.6504083132568027,0.7052720802681137,0.518695192696497,0.49960122660436895,0.5377891587886251,1.8089600492313456e-07,Paired t contrast,9.099069047633669e-05,All new prespecified primary confirmation contrasts; no stars in figures
adult,age_education,26048,512,0.026666666666666665,adult_n26048_m512_age_education,fixed_tau_0p03,0.003,12,0,12,-0.24929463015491185,-0.31792257718382105,-0.18066668312600265,-0.07664179384392339,-0.09576183000153012,-0.05752175768631666,0.0631801947854606,0.049462298280052504,0.07689809129086869,-0.013461599058462809,-0.030325365374385852,0.0034021672574602348,-0.07664179384392339,-0.09576183000153012,-0.05752175768631666,0.3133179068328624,0.29754252571605466,0.3290932879496702,0.3899597006767858,0.37216874020648977,0.40775066114708186,6.5696412283782745e-06,Paired t contrast,0.0028118064457459016,All new prespecified primary confirmation contrasts; no stars in figures
adult,age_education,26048,512,0.026666666666666665,adult_n26048_m512_age_education,fixed_tau_0p03,0.18,12,0,12,-1.5643093545242186,-1.8139486567785563,-1.3146700522698809,-0.3624062045738386,-0.4132656613903574,-0.3115467477573198,0.25307080451011404,0.22900582799277036,0.27713578102745773,-0.1093354000637246,-0.16434614535733322,-0.054324654770115985,-0.3624062045738386,-0.4132656613903574,-0.3115467477573198,0.2334952640027742,0.2244606547316145,0.2425298732739339,0.5959014685766129,0.5475766417898655,0.6442262953633602,2.7489205951891432e-08,Paired t contrast,1.4651746772358133e-05,All new prespecified primary confirmation contrasts; no stars in figures
adult,age_education,26048,512,0.026666666666666665,adult_n26048_m512_age_education,fixed_tau_0p03,1.0,12,0,12,-1.8167760306579925,-2.0487920780795,-1.5847599832364851,-0.4112654320987655,-0.4567770275466895,-0.3657538366508415,0.37107752294341045,0.3274551860835468,0.4146998598032741,-0.040187909155354966,-0.09239652196789802,0.012020703657188082,-0.4112654320987655,-0.4567770275466895,-0.3657538366508415,0.22771328142594638,0.2192420287784758,0.23618453407341697,0.6389787135247118,0.5949287920123866,0.683028635037037,2.6208856921009677e-09,Paired t contrast,1.5070092729580564e-06,All new prespecified primary confirmation contrasts; no stars in figures
adult,age_education,26048,512,0.026666666666666665,adult_n26048_m512_age_education,matched_q_0p2,0.0001,12,0,12,0.24837531485036515,0.19876499286383853,0.2979856368368918,0.1704056536216807,0.1316247040590174,0.20918660318434398,0.1961549953422189,0.15843523393264597,0.2338747567517918,0.3665606489638997,0.3338928198123715,0.39922847811542794,0.1704056536216807,0.1316247040590174,0.20918660318434398,0.6778401967624582,0.6504083132568027,0.7052720802681137,0.5074345431407776,0.482461749025528,0.5324073372560273,2.7801300658323077e-07,Paired t contrast,0.000137338425252116,All new prespecified primary confirmation contrasts; no stars in figures
adult,age_education,26048,512,0.026666666666666665,adult_n26048_m512_age_education,matched_q_0p2,0.003,12,0,12,-0.5762694298482257,-0.661548392758423,-0.49099046693802834,-0.17807263795157446,-0.19882802097843413,-0.1573172549247148,0.17066145769352825,0.14204170878457065,0.19928120660248586,-0.0074111802580461945,-0.03089501134851053,0.01607265083241814,-0.17807263795157446,-0.19882802097843413,-0.1573172549247148,0.3133179068328624,0.29754252571605466,0.3290932879496702,0.4913905447844369,0.4758244086363762,0.5069566809324976,1.2462590735589213e-08,Paired t contrast,6.80457454163171e-06,All new prespecified primary confirmation contrasts; no stars in figures
adult,age_education,26048,512,0.026666666666666665,adult_n26048_m512_age_education,matched_q_0p2,0.18,12,0,12,-2.238801607218915,-2.5665774636950656,-1.9110257507427648,-0.5196455911671067,-0.588891065853043,-0.4504001164811705,0.2812444936774461,0.252283954103411,0.3102050332514812,-0.23840109748966073,-0.3087564322617586,-0.16804576271756289,-0.5196455911671067,-0.588891065853043,-0.4504001164811705,0.2334952640027742,0.2244606547316145,0.2425298732739339,0.7531408551698809,0.6851062788594509,0.821175431480311,1.113322566831071e-08,Paired t contrast,6.145540568907512e-06,All new prespecified primary confirmation contrasts; no stars in figures
adult,age_education,26048,512,0.026666666666666665,adult_n26048_m512_age_education,matched_q_0p2,1.0,12,0,12,-2.045997487325806,-2.3920950127925447,-1.6998999618590676,-0.463566575078568,-0.5405639674353232,-0.38656918272181284,0.42175891736341437,0.3726356719835107,0.470882162743318,-0.04180765771515366,-0.11510394157391887,0.03148862614361156,-0.463566575078568,-0.5405639674353232,-0.38656918272181284,0.22771328142594638,0.2192420287784758,0.23618453407341697,0.6912798565045145,0.6149259634857019,0.7676337495233271,5.042439997291538e-08,Paired t contrast,2.6119839185970166e-05,All new prespecified primary confirmation contrasts; no stars in figures
adult,age_education,26048,512,0.026666666666666665,adult_n26048_m512_age_education,public_selected,0.0001,12,0,12,0.27459862299175,0.23403244044025465,0.31516480554324533,0.18761003447909633,0.1545653993705733,0.22065466958761937,0.17152554845691803,0.13518291803928584,0.20786817887455022,0.35913558293601433,0.3212444063689778,0.3970267595030509,0.18761003447909633,0.1545653993705733,0.22065466958761937,0.6778401967624582,0.6504083132568027,0.7052720802681137,0.490230162283362,0.4671707558760507,0.5132895686906733,1.2238070730500288e-08,Paired t contrast,6.7281128556045365e-06,All new prespecified primary confirmation contrasts; no stars in figures
adult,age_education,26048,512,0.026666666666666665,adult_n26048_m512_age_education,public_selected,0.003,12,0,12,0.02445729484029505,-0.030526366557087504,0.0794409562376776,0.00853602558516573,-0.009899823143092798,0.02697187431342426,-0.022286470649581308,-0.038810680931915316,-0.0057622603672473,-0.013750445064415579,-0.0310792547414091,0.003578364612577942,0.00853602558516573,-0.009899823143092798,0.02697187431342426,0.3133179068328624,0.29754252571605466,0.3290932879496702,0.30478188124769673,0.2867664732513794,0.3227972892440141,0.34861093318686415,Paired t contrast,1.0,All new prespecified primary confirmation contrasts; no stars in figures
adult,age_education,26048,512,0.026666666666666665,adult_n26048_m512_age_education,public_selected,0.18,12,0,12,0.04613518142158773,-0.010465102271988297,0.10273546511516375,0.011381376777378537,-0.002243992802324818,0.02500674635708189,-0.011381376777378537,-0.02500674635708189,0.002243992802324818,0.0,0.0,0.0,0.011381376777378537,-0.002243992802324818,0.02500674635708189,0.2334952640027742,0.2244606547316145,0.2425298732739339,0.22211388722539568,0.2107830545143905,0.23344471993640087,0.10030902502573033,Paired t contrast,1.0,All new prespecified primary confirmation contrasts; no stars in figures
adult,age_education,26048,512,0.026666666666666665,adult_n26048_m512_age_education,public_selected,1.0,12,0,12,0.05148924241241789,0.008156522750492771,0.09482196207434301,0.012120659562270932,0.0024143795850178774,0.021826939539523985,-0.015210104393797453,-0.027522181954938184,-0.002898026832656723,-0.00308944483152652,-0.016890449780157617,0.010711560117104578,0.012120659562270932,0.0024143795850178774,0.021826939539523985,0.22771328142594638,0.2192420287784758,0.23618453407341697,0.21559262186367542,0.2063525350978036,0.22483270862954724,0.024030255514486475,Paired t contrast,1.0,All new prespecified primary confirmation contrasts; no stars in figures
adult,age_secondary,26048,512,0.01917808219178082,adult_n26048_m512_age_secondary,fixed_tau_0p03,0.0001,12,0,12,0.33578159850118444,0.28728812422979993,0.38427507277256895,0.2296179111995322,0.18974175748201771,0.2694940649170467,0.08483397417810638,0.04356024342566452,0.12610770493054824,0.3144518853776385,0.2766538079322102,0.3522499628230668,0.2296179111995322,0.18974175748201771,0.2694940649170467,0.6778401967624582,0.6504083132568027,0.7052720802681137,0.4482222855629261,0.42329985988264157,0.4731447112432106,9.640483244385072e-09,Paired t contrast,5.350468200633715e-06,All new prespecified primary confirmation contrasts; no stars in figures
adult,age_secondary,26048,512,0.01917808219178082,adult_n26048_m512_age_secondary,fixed_tau_0p03,0.003,12,0,12,-0.3249582191459606,-0.39991960052505665,-0.2499968377668646,-0.10040494263827465,-0.12095728292327056,-0.07985260235327875,0.0631801947854606,0.049462298280052504,0.07689809129086869,-0.03722474785281408,-0.05477069968876701,-0.019678796016861146,-0.10040494263827465,-0.12095728292327056,-0.07985260235327875,0.3133179068328624,0.29754252571605466,0.3290932879496702,0.4137228494711371,0.39270638005587405,0.4347393188864001,1.1795267219624964e-06,Paired t contrast,0.0005390437119368608,All new prespecified primary confirmation contrasts; no stars in figures
adult,age_secondary,26048,512,0.01917808219178082,adult_n26048_m512_age_secondary,fixed_tau_0p03,0.18,12,0,12,-1.7722508371434722,-2.0408915789166473,-1.5036100953702969,-0.41112745613176394,-0.46586770200132255,-0.3563872102622053,0.25307080451011404,0.22900582799277036,0.27713578102745773,-0.15805665162165,-0.21268762146793688,-0.10342568177536313,-0.41112745613176394,-0.46586770200132255,-0.3563872102622053,0.2334952640027742,0.2244606547316145,0.2425298732739339,0.6446227201345383,0.5913684475546258,0.6978769927144507,1.6040066635341157e-08,Paired t contrast,8.677676049719566e-06,All new prespecified primary confirmation contrasts; no stars in figures
adult,age_secondary,26048,512,0.01917808219178082,adult_n26048_m512_age_secondary,fixed_tau_0p03,1.0,12,0,12,-1.9724667911547942,-2.2945396969349234,-1.6503938853746647,-0.44492318660043395,-0.5093394787552756,-0.3805068944455923,0.37107752294341045,0.3274551860835468,0.4146998598032741,-0.07384566365702357,-0.1373326862084069,-0.01035864110564022,-0.44492318660043395,-0.5093394787552756,-0.3805068944455923,0.22771328142594638,0.2192420287784758,0.23618453407341697,0.6726364680263804,0.6121400911419758,0.7331328449107851,3.491467636005097e-08,Paired t contrast,1.8379100383384878e-05,All new prespecified primary confirmation contrasts; no stars in figures
adult,age_secondary,26048,512,0.01917808219178082,adult_n26048_m512_age_secondary,matched_q_0p2,0.0001,12,0,12,0.3532747886386007,0.31224479779093733,0.394304779486264,0.24085514988713838,0.20642510548592727,0.2752851942883495,0.11649827796460084,0.07354209403739134,0.15945446189181034,0.35735342785173924,0.324054786204001,0.39065206949947745,0.24085514988713838,0.20642510548592727,0.2752851942883495,0.6778401967624582,0.6504083132568027,0.7052720802681137,0.43698504687531986,0.4133788816412013,0.46059121210943843,9.519286586133192e-10,Paired t contrast,5.749649098024448e-07,All new prespecified primary confirmation contrasts; no stars in figures
adult,age_secondary,26048,512,0.01917808219178082,adult_n26048_m512_age_secondary,matched_q_0p2,0.003,12,0,12,-0.5004228632017592,-0.5785952120098573,-0.4222505143936611,-0.1549106000348054,-0.1754871244945578,-0.13433407557505297,0.11416942142745636,0.0940912180165179,0.1342476248383948,-0.040741178607349056,-0.06329975702230389,-0.018182600192394215,-0.1549106000348054,-0.1754871244945578,-0.13433407557505297,0.3133179068328624,0.29754252571605466,0.3290932879496702,0.46822850686766787,0.44946478846006893,0.4869922252752668,2.1988374752082438e-08,Paired t contrast,1.1785768867116187e-05,All new prespecified primary confirmation contrasts; no stars in figures
adult,age_secondary,26048,512,0.01917808219178082,adult_n26048_m512_age_secondary,matched_q_0p2,0.18,12,0,12,-1.881599694137046,-2.1021100992545403,-1.6610892890195519,-0.43734678667490723,-0.4818187635315615,-0.39287480981825296,0.2799688143004115,0.25080353327489097,0.309134095325932,-0.1573779723744958,-0.19373387135731907,-0.12102207339167255,-0.43734678667490723,-0.4818187635315615,-0.39287480981825296,0.2334952640027742,0.2244606547316145,0.2425298732739339,0.6708420506776815,0.6266198967390102,0.7150642046163529,1.0482302573986846e-09,Paired t contrast,6.278899241818121e-07,All new prespecified primary confirmation contrasts; no stars in figures
adult,age_secondary,26048,512,0.01917808219178082,adult_n26048_m512_age_secondary,matched_q_0p2,1.0,12,0,12,-2.264290251770733,-2.6363119450196932,-1.8922685585217727,-0.5140726988930092,-0.5964369402731559,-0.4317084575128626,0.3892811933772495,0.32875677961483774,0.4498056071396612,-0.12479150551575968,-0.20624375136370776,-0.04333925966781162,-0.5140726988930092,-0.5964369402731559,-0.4317084575128626,0.22771328142594638,0.2192420287784758,0.23618453407341697,0.7417859803189555,0.6587612404491806,0.8248107201887304,3.7243130079641075e-08,Paired t contrast,1.944091390157264e-05,All new prespecified primary confirmation contrasts; no stars in figures
adult,age_secondary,26048,512,0.01917808219178082,adult_n26048_m512_age_secondary,public_selected,0.0001,12,0,12,0.3532747886386007,0.31224479779093733,0.394304779486264,0.24085514988713838,0.20642510548592727,0.2752851942883495,0.11649827796460084,0.07354209403739134,0.15945446189181034,0.35735342785173924,0.324054786204001,0.39065206949947745,0.24085514988713838,0.20642510548592727,0.2752851942883495,0.6778401967624582,0.6504083132568027,0.7052720802681137,0.43698504687531986,0.4133788816412013,0.46059121210943843,9.519286586133192e-10,Paired t contrast,5.749649098024448e-07,All new prespecified primary confirmation contrasts; no stars in figures
adult,age_secondary,26048,512,0.01917808219178082,adult_n26048_m512_age_secondary,public_selected,0.003,12,0,12,0.06806593306049642,-0.004414913505635276,0.14054677962662812,0.02340927859736811,-0.00022390565378065802,0.047042462848516875,-0.022286470649581308,-0.038810680931915316,-0.0057622603672473,0.0011228079477867993,-0.016366870697602752,0.018612486593176353,0.02340927859736811,-0.00022390565378065802,0.047042462848516875,0.3133179068328624,0.29754252571605466,0.3290932879496702,0.2899086282354943,0.2766657260177563,0.3031515304532323,0.06310753311201829,Paired t contrast,1.0,All new prespecified primary confirmation contrasts; no stars in figures
adult,age_secondary,26048,512,0.01917808219178082,adult_n26048_m512_age_secondary,public_selected,0.18,12,0,12,0.04613518142158773,-0.010465102271988297,0.10273546511516375,0.011381376777378537,-0.002243992802324818,0.02500674635708189,-0.011381376777378537,-0.02500674635708189,0.002243992802324818,0.0,0.0,0.0,0.011381376777378537,-0.002243992802324818,0.02500674635708189,0.2334952640027742,0.2244606547316145,0.2425298732739339,0.22211388722539568,0.2107830545143905,0.23344471993640087,0.10030902502573033,Paired t contrast,1.0,All new prespecified primary confirmation contrasts; no stars in figures
adult,age_secondary,26048,512,0.01917808219178082,adult_n26048_m512_age_secondary,public_selected,1.0,12,0,12,0.06032785952129499,0.023644796299431357,0.09701092274315862,0.013967005091568894,0.005488490938321305,0.022445519244816484,-0.015210104393797453,-0.027522181954938184,-0.002898026832656723,-0.0012430993022285591,-0.017869009781288334,0.015382811176831216,0.013967005091568894,0.005488490938321305,0.022445519244816484,0.22771328142594638,0.2192420287784758,0.23618453407341697,0.21374627633437748,0.20406055936114714,0.22343199330760782,0.0040287624007201255,Paired t contrast,1.0,All new prespecified primary confirmation contrasts; no stars in figures
adult,all_columns,26048,512,0.2,adult_n26048_m512_all_columns,fixed_tau_0p03,0.0001,12,0,12,-0.12026096991457898,-0.17568912462267544,-0.06483281520648253,-0.07886732785724156,-0.11372182859816882,-0.04401282711631429,0.08483397417810638,0.04356024342566452,0.12610770493054824,0.005966646320864817,-0.023822327261542993,0.035755619903272626,-0.07886732785724156,-0.11372182859816882,-0.04401282711631429,0.6778401967624582,0.6504083132568027,0.7052720802681137,0.7567075246196998,0.7324919240799942,0.7809231251594054,0.0005756403328842043,Paired t contrast,0.17441902086391392,All new prespecified primary confirmation contrasts; no stars in figures
adult,all_columns,26048,512,0.2,adult_n26048_m512_all_columns,fixed_tau_0p03,0.003,12,0,12,-0.2234536025084813,-0.31528531775603086,-0.13162188726093177,-0.06756360942202567,-0.09395786962841376,-0.041169349215637585,0.0631801947854606,0.049462298280052504,0.07689809129086869,-0.004383414636565099,-0.021214653610082745,0.012447824336952549,-0.06756360942202567,-0.09395786962841376,-0.041169349215637585,0.3133179068328624,0.29754252571605466,0.3290932879496702,0.3808815162548882,0.36219134535227343,0.39957168715750296,0.00023180495775321656,Paired t contrast,0.07765466084732754,All new prespecified primary confirmation contrasts; no stars in figures
adult,all_columns,26048,512,0.2,adult_n26048_m512_all_columns,fixed_tau_0p03,0.18,12,0,12,-1.0914146488418963,-1.209105281184252,-0.9737240164995407,-0.2528925608102747,-0.2735982811929799,-0.23218684042756957,0.25307080451011404,0.22900582799277036,0.27713578102745773,0.00017824369983928298,-0.020049745183206555,0.02040623258288512,-0.2528925608102747,-0.2735982811929799,-0.23218684042756957,0.2334952640027742,0.2244606547316145,0.2425298732739339,0.48638782481304893,0.4696476159554878,0.5031280336706101,4.2959829359118496e-10,Paired t contrast,2.6635094202653466e-07,All new prespecified primary confirmation contrasts; no stars in figures
adult,all_columns,26048,512,0.2,adult_n26048_m512_all_columns,fixed_tau_0p03,1.0,12,0,12,-1.7254026676443186,-1.9217479303996556,-1.5290574048889816,-0.3912472724309266,-0.4307368109851505,-0.3517577338767027,0.37107752294341045,0.3274551860835468,0.4146998598032741,-0.02016974948751617,-0.05564639646727525,0.015306897492242903,-0.3912472724309266,-0.4307368109851505,-0.3517577338767027,0.22771328142594638,0.2192420287784758,0.23618453407341697,0.6189605538568731,0.5794683049014129,0.6584528028123333,7.652076024730159e-10,Paired t contrast,4.6830705271348575e-07,All new prespecified primary confirmation contrasts; no stars in figures
adult,all_columns,26048,512,0.2,adult_n26048_m512_all_columns,matched_q_0p2,0.0001,12,0,12,-0.5561356362715273,-0.6285660716963137,-0.48370520084674085,-0.37280789180384094,-0.4088902449353997,-0.33672553867228217,0.5184348779987664,0.48182314314762575,0.5550466128499071,0.14562698619492553,0.12426222380817492,0.16699174858167615,-0.37280789180384094,-0.4088902449353997,-0.33672553867228217,0.6778401967624582,0.6504083132568027,0.7052720802681137,1.0506480885662994,1.0305195057136483,1.0707766714189506,3.2289258051684712e-09,Paired t contrast,1.8404877089460285e-06,All new prespecified primary confirmation contrasts; no stars in figures
adult,all_columns,26048,512,0.2,adult_n26048_m512_all_columns,matched_q_0p2,0.003,12,0,12,-1.3318497783274876,-1.5074765846270246,-1.1562229720279507,-0.41243459192591564,-0.4538303358073716,-0.3710388480444597,0.7150009841002037,0.6845118322862365,0.745490135914171,0.302566392174288,0.25598606403565904,0.34914672031291694,-0.41243459192591564,-0.4538303358073716,-0.3710388480444597,0.3133179068328624,0.29754252571605466,0.3290932879496702,0.7257524987587781,0.6908618412907008,0.7606431562268554,3.6842418646923604e-09,Paired t contrast,2.085280895415876e-06,All new prespecified primary confirmation contrasts; no stars in figures
adult,all_columns,26048,512,0.2,adult_n26048_m512_all_columns,matched_q_0p2,0.18,12,0,12,-2.6309993452394385,-2.80800031798573,-2.453998372493147,-0.6115263766046312,-0.637040936954712,-0.5860118162545503,0.47630453658597444,0.44280231750555243,0.5098067556663964,-0.1352218400186567,-0.17818052709610394,-0.09226315294120944,-0.6115263766046312,-0.637040936954712,-0.5860118162545503,0.2334952640027742,0.2244606547316145,0.2425298732739339,0.8450216406074053,0.8207544543737442,0.8692888268410663,2.594879654110879e-12,Paired t contrast,1.7255949699837346e-09,All new prespecified primary confirmation contrasts; no stars in figures
adult,all_columns,26048,512,0.2,adult_n26048_m512_all_columns,matched_q_0p2,1.0,12,0,12,-2.7908427950727557,-3.004841972200864,-2.5768436179446472,-0.6328719618855312,-0.6714922803142636,-0.5942516434567988,0.5415037323029912,0.5211905346886705,0.5618169299173119,-0.09136822958253991,-0.13120733535179036,-0.05152912381328949,-0.6328719618855312,-0.6714922803142636,-0.5942516434567988,0.22771328142594638,0.2192420287784758,0.23618453407341697,0.8605852433114776,0.8228197137666231,0.898350772856332,1.0776009121219529e-11,Paired t contrast,7.015181937913913e-09,All new prespecified primary confirmation contrasts; no stars in figures
adult,all_columns,26048,512,0.2,adult_n26048_m512_all_columns,public_selected,0.0001,12,12,12,0.0,0.0,0.0,0.0,0.0,0.0,0.0,0.0,0.0,0.0,0.0,0.0,0.0,0.0,0.0,0.6778401967624582,0.6504083132568027,0.7052720802681137,0.6778401967624582,0.6504083132568027,0.7052720802681137,1.0,Exact zero differences,1.0,All new prespecified primary confirmation contrasts; no stars in figures
adult,all_columns,26048,512,0.2,adult_n26048_m512_all_columns,public_selected,0.003,12,0,12,0.0674803773089481,0.01840454934188969,0.1165562052760065,0.022286470649581308,0.0057622603672473,0.038810680931915316,-0.022286470649581308,-0.038810680931915316,-0.0057622603672473,0.0,0.0,0.0,0.022286470649581308,0.0057622603672473,0.038810680931915316,0.3133179068328624,0.29754252571605466,0.3290932879496702,0.29103143618328114,0.2785213730235675,0.3035414993429948,0.011523095603374873,Paired t contrast,1.0,All new prespecified primary confirmation contrasts; no stars in figures
adult,all_columns,26048,512,0.2,adult_n26048_m512_all_columns,public_selected,0.18,12,0,12,0.04613518142158773,-0.010465102271988297,0.10273546511516375,0.011381376777378537,-0.002243992802324818,0.02500674635708189,-0.011381376777378537,-0.02500674635708189,0.002243992802324818,0.0,0.0,0.0,0.011381376777378537,-0.002243992802324818,0.02500674635708189,0.2334952640027742,0.2244606547316145,0.2425298732739339,0.22211388722539568,0.2107830545143905,0.23344471993640087,0.10030902502573033,Paired t contrast,1.0,All new prespecified primary confirmation contrasts; no stars in figures
adult,all_columns,26048,512,0.2,adult_n26048_m512_all_columns,public_selected,1.0,12,0,12,0.03131473481423857,-0.028392405783106665,0.0910218754115838,0.008051437210168278,-0.004971418427485566,0.021074292847822123,-0.008051437210168278,-0.021074292847822123,0.004971418427485566,0.0,0.0,0.0,0.008051437210168278,-0.004971418427485566,0.021074292847822123,0.22771328142594638,0.2192420287784758,0.23618453407341697,0.21966184421577808,0.21164817228688634,0.22767551614466983,0.27281717305187947,Paired t contrast,1.0,All new prespecified primary confirmation contrasts; no stars in figures
adult,all_predictors,26048,512,0.2,adult_n26048_m512_all_predictors,fixed_tau_0p03,0.0001,12,0,12,-0.12026096991457898,-0.17568912462267544,-0.06483281520648253,-0.07886732785724156,-0.11372182859816882,-0.04401282711631429,0.08483397417810638,0.04356024342566452,0.12610770493054824,0.005966646320864817,-0.023822327261542993,0.035755619903272626,-0.07886732785724156,-0.11372182859816882,-0.04401282711631429,0.6778401967624582,0.6504083132568027,0.7052720802681137,0.7567075246196998,0.7324919240799942,0.7809231251594054,0.0005756403328842043,Paired t contrast,0.17441902086391392,All new prespecified primary confirmation contrasts; no stars in figures
adult,all_predictors,26048,512,0.2,adult_n26048_m512_all_predictors,fixed_tau_0p03,0.003,12,0,12,-0.2234536025084813,-0.31528531775603086,-0.13162188726093177,-0.06756360942202567,-0.09395786962841376,-0.041169349215637585,0.0631801947854606,0.049462298280052504,0.07689809129086869,-0.004383414636565099,-0.021214653610082745,0.012447824336952549,-0.06756360942202567,-0.09395786962841376,-0.041169349215637585,0.3133179068328624,0.29754252571605466,0.3290932879496702,0.3808815162548882,0.36219134535227343,0.39957168715750296,0.00023180495775321656,Paired t contrast,0.07765466084732754,All new prespecified primary confirmation contrasts; no stars in figures
adult,all_predictors,26048,512,0.2,adult_n26048_m512_all_predictors,fixed_tau_0p03,0.18,12,0,12,-1.0914146488418963,-1.209105281184252,-0.9737240164995407,-0.2528925608102747,-0.2735982811929799,-0.23218684042756957,0.25307080451011404,0.22900582799277036,0.27713578102745773,0.00017824369983928298,-0.020049745183206555,0.02040623258288512,-0.2528925608102747,-0.2735982811929799,-0.23218684042756957,0.2334952640027742,0.2244606547316145,0.2425298732739339,0.48638782481304893,0.4696476159554878,0.5031280336706101,4.2959829359118496e-10,Paired t contrast,2.6635094202653466e-07,All new prespecified primary confirmation contrasts; no stars in figures
adult,all_predictors,26048,512,0.2,adult_n26048_m512_all_predictors,fixed_tau_0p03,1.0,12,0,12,-1.7254026676443186,-1.9217479303996556,-1.5290574048889816,-0.3912472724309266,-0.4307368109851505,-0.3517577338767027,0.37107752294341045,0.3274551860835468,0.4146998598032741,-0.02016974948751617,-0.05564639646727525,0.015306897492242903,-0.3912472724309266,-0.4307368109851505,-0.3517577338767027,0.22771328142594638,0.2192420287784758,0.23618453407341697,0.6189605538568731,0.5794683049014129,0.6584528028123333,7.652076024730159e-10,Paired t contrast,4.6830705271348575e-07,All new prespecified primary confirmation contrasts; no stars in figures
adult,all_predictors,26048,512,0.2,adult_n26048_m512_all_predictors,matched_q_0p2,0.0001,12,0,12,-0.5561356362715273,-0.6285660716963137,-0.48370520084674085,-0.37280789180384094,-0.4088902449353997,-0.33672553867228217,0.5184348779987664,0.48182314314762575,0.5550466128499071,0.14562698619492553,0.12426222380817492,0.16699174858167615,-0.37280789180384094,-0.4088902449353997,-0.33672553867228217,0.6778401967624582,0.6504083132568027,0.7052720802681137,1.0506480885662994,1.0305195057136483,1.0707766714189506,3.2289258051684712e-09,Paired t contrast,1.8404877089460285e-06,All new prespecified primary confirmation contrasts; no stars in figures
adult,all_predictors,26048,512,0.2,adult_n26048_m512_all_predictors,matched_q_0p2,0.003,12,0,12,-1.3318497783274876,-1.5074765846270246,-1.1562229720279507,-0.41243459192591564,-0.4538303358073716,-0.3710388480444597,0.7150009841002037,0.6845118322862365,0.745490135914171,0.302566392174288,0.25598606403565904,0.34914672031291694,-0.41243459192591564,-0.4538303358073716,-0.3710388480444597,0.3133179068328624,0.29754252571605466,0.3290932879496702,0.7257524987587781,0.6908618412907008,0.7606431562268554,3.6842418646923604e-09,Paired t contrast,2.085280895415876e-06,All new prespecified primary confirmation contrasts; no stars in figures
adult,all_predictors,26048,512,0.2,adult_n26048_m512_all_predictors,matched_q_0p2,0.18,12,0,12,-2.6309993452394385,-2.80800031798573,-2.453998372493147,-0.6115263766046312,-0.637040936954712,-0.5860118162545503,0.47630453658597444,0.44280231750555243,0.5098067556663964,-0.1352218400186567,-0.17818052709610394,-0.09226315294120944,-0.6115263766046312,-0.637040936954712,-0.5860118162545503,0.2334952640027742,0.2244606547316145,0.2425298732739339,0.8450216406074053,0.8207544543737442,0.8692888268410663,2.594879654110879e-12,Paired t contrast,1.7255949699837346e-09,All new prespecified primary confirmation contrasts; no stars in figures
adult,all_predictors,26048,512,0.2,adult_n26048_m512_all_predictors,matched_q_0p2,1.0,12,0,12,-2.7908427950727557,-3.004841972200864,-2.5768436179446472,-0.6328719618855312,-0.6714922803142636,-0.5942516434567988,0.5415037323029912,0.5211905346886705,0.5618169299173119,-0.09136822958253991,-0.13120733535179036,-0.05152912381328949,-0.6328719618855312,-0.6714922803142636,-0.5942516434567988,0.22771328142594638,0.2192420287784758,0.23618453407341697,0.8605852433114776,0.8228197137666231,0.898350772856332,1.0776009121219529e-11,Paired t contrast,7.015181937913913e-09,All new prespecified primary confirmation contrasts; no stars in figures
adult,all_predictors,26048,512,0.2,adult_n26048_m512_all_predictors,public_selected,0.0001,12,12,12,0.0,0.0,0.0,0.0,0.0,0.0,0.0,0.0,0.0,0.0,0.0,0.0,0.0,0.0,0.0,0.6778401967624582,0.6504083132568027,0.7052720802681137,0.6778401967624582,0.6504083132568027,0.7052720802681137,1.0,Exact zero differences,1.0,All new prespecified primary confirmation contrasts; no stars in figures
adult,all_predictors,26048,512,0.2,adult_n26048_m512_all_predictors,public_selected,0.003,12,0,12,0.0674803773089481,0.01840454934188969,0.1165562052760065,0.022286470649581308,0.0057622603672473,0.038810680931915316,-0.022286470649581308,-0.038810680931915316,-0.0057622603672473,0.0,0.0,0.0,0.022286470649581308,0.0057622603672473,0.038810680931915316,0.3133179068328624,0.29754252571605466,0.3290932879496702,0.29103143618328114,0.2785213730235675,0.3035414993429948,0.011523095603374873,Paired t contrast,1.0,All new prespecified primary confirmation contrasts; no stars in figures
adult,all_predictors,26048,512,0.2,adult_n26048_m512_all_predictors,public_selected,0.18,12,0,12,0.04613518142158773,-0.010465102271988297,0.10273546511516375,0.011381376777378537,-0.002243992802324818,0.02500674635708189,-0.011381376777378537,-0.02500674635708189,0.002243992802324818,0.0,0.0,0.0,0.011381376777378537,-0.002243992802324818,0.02500674635708189,0.2334952640027742,0.2244606547316145,0.2425298732739339,0.22211388722539568,0.2107830545143905,0.23344471993640087,0.10030902502573033,Paired t contrast,1.0,All new prespecified primary confirmation contrasts; no stars in figures
adult,all_predictors,26048,512,0.2,adult_n26048_m512_all_predictors,public_selected,1.0,12,0,12,0.03131473481423857,-0.028392405783106665,0.0910218754115838,0.008051437210168278,-0.004971418427485566,0.021074292847822123,-0.008051437210168278,-0.021074292847822123,0.004971418427485566,0.0,0.0,0.0,0.008051437210168278,-0.004971418427485566,0.021074292847822123,0.22771328142594638,0.2192420287784758,0.23618453407341697,0.21966184421577808,0.21164817228688634,0.22767551614466983,0.27281717305187947,Paired t contrast,1.0,All new prespecified primary confirmation contrasts; no stars in figures
adult,education.num,26048,512,0.026666666666666665,adult_n26048_m512_education.num,fixed_tau_0p03,0.0001,12,0,12,0.23144774290893455,0.1871280388271574,0.2757674469907117,0.15914500406596135,0.12260849730765402,0.19568151082426868,0.08483397417810638,0.04356024342566452,0.12610770493054824,0.24397897824406778,0.2153973491087098,0.2725606073794257,0.15914500406596135,0.12260849730765402,0.19568151082426868,0.6778401967624582,0.6504083132568027,0.7052720802681137,0.518695192696497,0.49960122660436895,0.5377891587886251,1.8089600492313456e-07,Paired t contrast,9.099069047633669e-05,All new prespecified primary confirmation contrasts; no stars in figures
adult,education.num,26048,512,0.026666666666666665,adult_n26048_m512_education.num,fixed_tau_0p03,0.003,12,0,12,-0.24929463015491185,-0.31792257718382105,-0.18066668312600265,-0.07664179384392339,-0.09576183000153012,-0.05752175768631666,0.0631801947854606,0.049462298280052504,0.07689809129086869,-0.013461599058462809,-0.030325365374385852,0.0034021672574602348,-0.07664179384392339,-0.09576183000153012,-0.05752175768631666,0.3133179068328624,0.29754252571605466,0.3290932879496702,0.3899597006767858,0.37216874020648977,0.40775066114708186,6.5696412283782745e-06,Paired t contrast,0.0028118064457459016,All new prespecified primary confirmation contrasts; no stars in figures
adult,education.num,26048,512,0.026666666666666665,adult_n26048_m512_education.num,fixed_tau_0p03,0.18,12,0,12,-1.5643093545242186,-1.8139486567785563,-1.3146700522698809,-0.3624062045738386,-0.4132656613903574,-0.3115467477573198,0.25307080451011404,0.22900582799277036,0.27713578102745773,-0.1093354000637246,-0.16434614535733322,-0.054324654770115985,-0.3624062045738386,-0.4132656613903574,-0.3115467477573198,0.2334952640027742,0.2244606547316145,0.2425298732739339,0.5959014685766129,0.5475766417898655,0.6442262953633602,2.7489205951891432e-08,Paired t contrast,1.4651746772358133e-05,All new prespecified primary confirmation contrasts; no stars in figures
adult,education.num,26048,512,0.026666666666666665,adult_n26048_m512_education.num,fixed_tau_0p03,1.0,12,0,12,-1.8167760306579925,-2.0487920780795,-1.5847599832364851,-0.4112654320987655,-0.4567770275466895,-0.3657538366508415,0.37107752294341045,0.3274551860835468,0.4146998598032741,-0.040187909155354966,-0.09239652196789802,0.012020703657188082,-0.4112654320987655,-0.4567770275466895,-0.3657538366508415,0.22771328142594638,0.2192420287784758,0.23618453407341697,0.6389787135247118,0.5949287920123866,0.683028635037037,2.6208856921009677e-09,Paired t contrast,1.5070092729580564e-06,All new prespecified primary confirmation contrasts; no stars in figures
adult,education.num,26048,512,0.026666666666666665,adult_n26048_m512_education.num,matched_q_0p2,0.0001,12,0,12,0.24837531485036515,0.19876499286383853,0.2979856368368918,0.1704056536216807,0.1316247040590174,0.20918660318434398,0.1961549953422189,0.15843523393264597,0.2338747567517918,0.3665606489638997,0.3338928198123715,0.39922847811542794,0.1704056536216807,0.1316247040590174,0.20918660318434398,0.6778401967624582,0.6504083132568027,0.7052720802681137,0.5074345431407776,0.482461749025528,0.5324073372560273,2.7801300658323077e-07,Paired t contrast,0.000137338425252116,All new prespecified primary confirmation contrasts; no stars in figures
adult,education.num,26048,512,0.026666666666666665,adult_n26048_m512_education.num,matched_q_0p2,0.003,12,0,12,-0.5762694298482257,-0.661548392758423,-0.49099046693802834,-0.17807263795157446,-0.19882802097843413,-0.1573172549247148,0.17066145769352825,0.14204170878457065,0.19928120660248586,-0.0074111802580461945,-0.03089501134851053,0.01607265083241814,-0.17807263795157446,-0.19882802097843413,-0.1573172549247148,0.3133179068328624,0.29754252571605466,0.3290932879496702,0.4913905447844369,0.4758244086363762,0.5069566809324976,1.2462590735589213e-08,Paired t contrast,6.80457454163171e-06,All new prespecified primary confirmation contrasts; no stars in figures
adult,education.num,26048,512,0.026666666666666665,adult_n26048_m512_education.num,matched_q_0p2,0.18,12,0,12,-2.238801607218915,-2.5665774636950656,-1.9110257507427648,-0.5196455911671067,-0.588891065853043,-0.4504001164811705,0.2812444936774461,0.252283954103411,0.3102050332514812,-0.23840109748966073,-0.3087564322617586,-0.16804576271756289,-0.5196455911671067,-0.588891065853043,-0.4504001164811705,0.2334952640027742,0.2244606547316145,0.2425298732739339,0.7531408551698809,0.6851062788594509,0.821175431480311,1.113322566831071e-08,Paired t contrast,6.145540568907512e-06,All new prespecified primary confirmation contrasts; no stars in figures
adult,education.num,26048,512,0.026666666666666665,adult_n26048_m512_education.num,matched_q_0p2,1.0,12,0,12,-2.045997487325806,-2.3920950127925447,-1.6998999618590676,-0.463566575078568,-0.5405639674353232,-0.38656918272181284,0.42175891736341437,0.3726356719835107,0.470882162743318,-0.04180765771515366,-0.11510394157391887,0.03148862614361156,-0.463566575078568,-0.5405639674353232,-0.38656918272181284,0.22771328142594638,0.2192420287784758,0.23618453407341697,0.6912798565045145,0.6149259634857019,0.7676337495233271,5.042439997291538e-08,Paired t contrast,2.6119839185970166e-05,All new prespecified primary confirmation contrasts; no stars in figures
adult,education.num,26048,512,0.026666666666666665,adult_n26048_m512_education.num,public_selected,0.0001,12,0,12,0.27459862299175,0.23403244044025465,0.31516480554324533,0.18761003447909633,0.1545653993705733,0.22065466958761937,0.17152554845691803,0.13518291803928584,0.20786817887455022,0.35913558293601433,0.3212444063689778,0.3970267595030509,0.18761003447909633,0.1545653993705733,0.22065466958761937,0.6778401967624582,0.6504083132568027,0.7052720802681137,0.490230162283362,0.4671707558760507,0.5132895686906733,1.2238070730500288e-08,Paired t contrast,6.7281128556045365e-06,All new prespecified primary confirmation contrasts; no stars in figures
adult,education.num,26048,512,0.026666666666666665,adult_n26048_m512_education.num,public_selected,0.003,12,0,12,0.02445729484029505,-0.030526366557087504,0.0794409562376776,0.00853602558516573,-0.009899823143092798,0.02697187431342426,-0.022286470649581308,-0.038810680931915316,-0.0057622603672473,-0.013750445064415579,-0.0310792547414091,0.003578364612577942,0.00853602558516573,-0.009899823143092798,0.02697187431342426,0.3133179068328624,0.29754252571605466,0.3290932879496702,0.30478188124769673,0.2867664732513794,0.3227972892440141,0.34861093318686415,Paired t contrast,1.0,All new prespecified primary confirmation contrasts; no stars in figures
adult,education.num,26048,512,0.026666666666666665,adult_n26048_m512_education.num,public_selected,0.18,12,0,12,0.04613518142158773,-0.010465102271988297,0.10273546511516375,0.011381376777378537,-0.002243992802324818,0.02500674635708189,-0.011381376777378537,-0.02500674635708189,0.002243992802324818,0.0,0.0,0.0,0.011381376777378537,-0.002243992802324818,0.02500674635708189,0.2334952640027742,0.2244606547316145,0.2425298732739339,0.22211388722539568,0.2107830545143905,0.23344471993640087,0.10030902502573033,Paired t contrast,1.0,All new prespecified primary confirmation contrasts; no stars in figures
adult,education.num,26048,512,0.026666666666666665,adult_n26048_m512_education.num,public_selected,1.0,12,0,12,0.05148924241241789,0.008156522750492771,0.09482196207434301,0.012120659562270932,0.0024143795850178774,0.021826939539523985,-0.015210104393797453,-0.027522181954938184,-0.002898026832656723,-0.00308944483152652,-0.016890449780157617,0.010711560117104578,0.012120659562270932,0.0024143795850178774,0.021826939539523985,0.22771328142594638,0.2192420287784758,0.23618453407341697,0.21559262186367542,0.2063525350978036,0.22483270862954724,0.024030255514486475,Paired t contrast,1.0,All new prespecified primary confirmation contrasts; no stars in figures
adult,hours.per.week,26048,512,0.016326530612244896,adult_n26048_m512_hours.per.week,fixed_tau_0p03,0.0001,12,0,12,0.36792651306214913,0.3265197576211876,0.40933326850311064,0.2507616839605982,0.2167711427494527,0.28475222517174376,0.08483397417810638,0.04356024342566452,0.12610770493054824,0.33559565813870457,0.31031739501355265,0.3608739212638565,0.2507616839605982,0.2167711427494527,0.28475222517174376,0.6778401967624582,0.6504083132568027,0.7052720802681137,0.42707851280186,0.4033003747952731,0.4508566508084469,6.794294713627316e-10,Paired t contrast,4.1649026594535447e-07,All new prespecified primary confirmation contrasts; no stars in figures
adult,hours.per.week,26048,512,0.016326530612244896,adult_n26048_m512_hours.per.week,fixed_tau_0p03,0.003,12,0,12,-0.3711371201806762,-0.4499029370164309,-0.29237130334492145,-0.11398697500793359,-0.1346079176992883,-0.09336603231657888,0.0631801947854606,0.049462298280052504,0.07689809129086869,-0.050806780222473015,-0.06577871806281832,-0.03583484238212771,-0.11398697500793359,-0.1346079176992883,-0.09336603231657888,0.3133179068328624,0.29754252571605466,0.3290932879496702,0.42730488184079607,0.41313456881882005,0.4414751948627721,5.131992385590855e-07,Paired t contrast,0.0002442828375541247,All new prespecified primary confirmation contrasts; no stars in figures
adult,hours.per.week,26048,512,0.016326530612244896,adult_n26048_m512_hours.per.week,fixed_tau_0p03,0.18,12,0,12,-1.6467421322368658,-1.9646734087594075,-1.3288108557143241,-0.37936321079146446,-0.43984173422679906,-0.31888468735612985,0.25307080451011404,0.22900582799277036,0.27713578102745773,-0.12629240628135044,-0.1792538659036013,-0.07333094665909959,-0.37936321079146446,-0.43984173422679906,-0.31888468735612985,0.2334952640027742,0.2244606547316145,0.2425298732739339,0.6128584747942386,0.5585048077188638,0.6672121418696134,1.9670954257220575e-07,Paired t contrast,9.855148082867508e-05,All new prespecified primary confirmation contrasts; no stars in figures
adult,hours.per.week,26048,512,0.016326530612244896,adult_n26048_m512_hours.per.week,fixed_tau_0p03,1.0,12,0,12,-1.898391693734938,-2.2083354349435935,-1.5884479525262827,-0.4271840726441097,-0.4823252546602047,-0.37204289062801466,0.37107752294341045,0.3274551860835468,0.4146998598032741,-0.05610654970069922,-0.09380837087060165,-0.018404728530796784,-0.4271840726441097,-0.4823252546602047,-0.37204289062801466,0.22771328142594638,0.2192420287784758,0.23618453407341697,0.6548973540700561,0.6059070073280337,0.7038877008120785,3.4874953289155364e-08,Paired t contrast,1.8379100383384878e-05,All new prespecified primary confirmation contrasts; no stars in figures
adult,hours.per.week,26048,512,0.016326530612244896,adult_n26048_m512_hours.per.week,matched_q_0p2,0.0001,12,0,12,0.37630029813421295,0.33936235861939834,0.41323823764902756,0.25660103905946097,0.22416112371955127,0.28904095439937066,0.09400085158057452,0.058927321247450384,0.12907438191369863,0.3506018906400355,0.30868823196390804,0.39251554931616295,0.25660103905946097,0.22416112371955127,0.28904095439937066,0.6778401967624582,0.6504083132568027,0.7052720802681137,0.4212391577029973,0.40236578093799313,0.44011253446800147,1.5626114324222183e-10,Paired t contrast,9.969460938853752e-08,All new prespecified primary confirmation contrasts; no stars in figures
adult,hours.per.week,26048,512,0.016326530612244896,adult_n26048_m512_hours.per.week,matched_q_0p2,0.003,12,0,12,-0.48720378670799724,-0.5670655802634608,-0.4073419931525337,-0.15084899936083473,-0.17205326150965283,-0.12964473721201664,0.0817937083646838,0.05002812790032108,0.11355928882904653,-0.06905529099615093,-0.09535448855889483,-0.04275609343340703,-0.15084899936083473,-0.17205326150965283,-0.12964473721201664,0.3133179068328624,0.29754252571605466,0.3290932879496702,0.4641669061936972,0.4434529005857001,0.48488091180169435,3.6353885827329607e-08,Paired t contrast,1.9049436173520713e-05,All new prespecified primary confirmation contrasts; no stars in figures
adult,hours.per.week,26048,512,0.016326530612244896,adult_n26048_m512_hours.per.week,matched_q_0p2,0.18,12,0,12,-1.8922564809271751,-2.171786497960708,-1.6127264638936418,-0.4384843161379317,-0.49275057335599864,-0.38421805891986477,0.26203853058204346,0.24221916072309407,0.28185790044099285,-0.17644578555588822,-0.22527139441531147,-0.12762017669646497,-0.4384843161379317,-0.49275057335599864,-0.38421805891986477,0.2334952640027742,0.2244606547316145,0.2425298732739339,0.671979580140706,0.6203482461512285,0.7236109141301835,1.2232932464735521e-08,Paired t contrast,6.7281128556045365e-06,All new prespecified primary confirmation contrasts; no stars in figures
adult,hours.per.week,26048,512,0.016326530612244896,adult_n26048_m512_hours.per.week,matched_q_0p2,1.0,12,0,12,-2.128677449563368,-2.439315127307333,-1.8180397718194035,-0.48153730847434634,-0.5474828561330058,-0.4155917608156869,0.4036305839788967,0.35663834130569966,0.4506228266520937,-0.07790672449544972,-0.13771553061243583,-0.018097918378463605,-0.48153730847434634,-0.5474828561330058,-0.4155917608156869,0.22771328142594638,0.2192420287784758,0.23618453407341697,0.7092505899002927,0.6455106026058326,0.7729905771947527,1.0757199475506377e-08,Paired t contrast,5.9487313099550265e-06,All new prespecified primary confirmation contrasts; no stars in figures
adult,hours.per.week,26048,512,0.016326530612244896,adult_n26048_m512_hours.per.week,public_selected,0.0001,12,0,12,0.37630029813421295,0.33936235861939834,0.41323823764902756,0.25660103905946097,0.22416112371955127,0.28904095439937066,0.09400085158057452,0.058927321247450384,0.12907438191369863,0.3506018906400355,0.30868823196390804,0.39251554931616295,0.25660103905946097,0.22416112371955127,0.28904095439937066,0.6778401967624582,0.6504083132568027,0.7052720802681137,0.4212391577029973,0.40236578093799313,0.44011253446800147,1.5626114324222183e-10,Paired t contrast,9.969460938853752e-08,All new prespecified primary confirmation contrasts; no stars in figures
adult,hours.per.week,26048,512,0.016326530612244896,adult_n26048_m512_hours.per.week,public_selected,0.003,12,0,12,0.061793667882950036,-0.020747828021399232,0.1443351637872993,0.021395720007856816,-0.0042435665970012235,0.047035006612714855,-0.022286470649581308,-0.038810680931915316,-0.0057622603672473,-0.0008907506417244934,-0.02402308164316539,0.022241580359716406,0.021395720007856816,-0.0042435665970012235,0.047035006612714855,0.3133179068328624,0.29754252571605466,0.3290932879496702,0.29192218682500565,0.274376832316544,0.3094675413334673,0.1276451489953411,Paired t contrast,1.0,All new prespecified primary confirmation contrasts; no stars in figures
adult,hours.per.week,26048,512,0.016326530612244896,adult_n26048_m512_hours.per.week,public_selected,0.18,12,0,12,0.04613518142158773,-0.010465102271988297,0.10273546511516375,0.011381376777378537,-0.002243992802324818,0.02500674635708189,-0.011381376777378537,-0.02500674635708189,0.002243992802324818,0.0,0.0,0.0,0.011381376777378537,-0.002243992802324818,0.02500674635708189,0.2334952640027742,0.2244606547316145,0.2425298732739339,0.22211388722539568,0.2107830545143905,0.23344471993640087,0.10030902502573033,Paired t contrast,1.0,All new prespecified primary confirmation contrasts; no stars in figures
adult,hours.per.week,26048,512,0.016326530612244896,adult_n26048_m512_hours.per.week,public_selected,1.0,12,0,12,0.06795281950411444,0.004664313508166443,0.13124132550006246,0.016480643336813858,0.0020406653294469702,0.030920621344180745,-0.015210104393797453,-0.027522181954938184,-0.002898026832656723,0.001270538943016405,-0.01763284217967018,0.020173920065702993,0.016480643336813858,0.0020406653294469702,0.030920621344180745,0.22771328142594638,0.2192420287784758,0.23618453407341697,0.2112326380891325,0.2024818350191192,0.2199834411591458,0.03760106109381555,Paired t contrast,1.0,All new prespecified primary confirmation contrasts; no stars in figures
adult,income,26048,512,0.2,adult_n26048_m512_income,fixed_tau_0p03,0.0001,12,0,12,-0.12026096991457898,-0.17568912462267544,-0.06483281520648253,-0.07886732785724156,-0.11372182859816882,-0.04401282711631429,0.08483397417810638,0.04356024342566452,0.12610770493054824,0.005966646320864817,-0.023822327261542993,0.035755619903272626,-0.07886732785724156,-0.11372182859816882,-0.04401282711631429,0.6778401967624582,0.6504083132568027,0.7052720802681137,0.7567075246196998,0.7324919240799942,0.7809231251594054,0.0005756403328842043,Paired t contrast,0.17441902086391392,All new prespecified primary confirmation contrasts; no stars in figures
adult,income,26048,512,0.2,adult_n26048_m512_income,fixed_tau_0p03,0.003,12,0,12,-0.2234536025084813,-0.31528531775603086,-0.13162188726093177,-0.06756360942202567,-0.09395786962841376,-0.041169349215637585,0.0631801947854606,0.049462298280052504,0.07689809129086869,-0.004383414636565099,-0.021214653610082745,0.012447824336952549,-0.06756360942202567,-0.09395786962841376,-0.041169349215637585,0.3133179068328624,0.29754252571605466,0.3290932879496702,0.3808815162548882,0.36219134535227343,0.39957168715750296,0.00023180495775321656,Paired t contrast,0.07765466084732754,All new prespecified primary confirmation contrasts; no stars in figures
adult,income,26048,512,0.2,adult_n26048_m512_income,fixed_tau_0p03,0.18,12,0,12,-1.0914146488418963,-1.209105281184252,-0.9737240164995407,-0.2528925608102747,-0.2735982811929799,-0.23218684042756957,0.25307080451011404,0.22900582799277036,0.27713578102745773,0.00017824369983928298,-0.020049745183206555,0.02040623258288512,-0.2528925608102747,-0.2735982811929799,-0.23218684042756957,0.2334952640027742,0.2244606547316145,0.2425298732739339,0.48638782481304893,0.4696476159554878,0.5031280336706101,4.2959829359118496e-10,Paired t contrast,2.6635094202653466e-07,All new prespecified primary confirmation contrasts; no stars in figures
adult,income,26048,512,0.2,adult_n26048_m512_income,fixed_tau_0p03,1.0,12,0,12,-1.7254026676443186,-1.9217479303996556,-1.5290574048889816,-0.3912472724309266,-0.4307368109851505,-0.3517577338767027,0.37107752294341045,0.3274551860835468,0.4146998598032741,-0.02016974948751617,-0.05564639646727525,0.015306897492242903,-0.3912472724309266,-0.4307368109851505,-0.3517577338767027,0.22771328142594638,0.2192420287784758,0.23618453407341697,0.6189605538568731,0.5794683049014129,0.6584528028123333,7.652076024730159e-10,Paired t contrast,4.6830705271348575e-07,All new prespecified primary confirmation contrasts; no stars in figures
adult,income,26048,512,0.2,adult_n26048_m512_income,matched_q_0p2,0.0001,12,0,12,-0.5561356362715273,-0.6285660716963137,-0.48370520084674085,-0.37280789180384094,-0.4088902449353997,-0.33672553867228217,0.5184348779987664,0.48182314314762575,0.5550466128499071,0.14562698619492553,0.12426222380817492,0.16699174858167615,-0.37280789180384094,-0.4088902449353997,-0.33672553867228217,0.6778401967624582,0.6504083132568027,0.7052720802681137,1.0506480885662994,1.0305195057136483,1.0707766714189506,3.2289258051684712e-09,Paired t contrast,1.8404877089460285e-06,All new prespecified primary confirmation contrasts; no stars in figures
adult,income,26048,512,0.2,adult_n26048_m512_income,matched_q_0p2,0.003,12,0,12,-1.3318497783274876,-1.5074765846270246,-1.1562229720279507,-0.41243459192591564,-0.4538303358073716,-0.3710388480444597,0.7150009841002037,0.6845118322862365,0.745490135914171,0.302566392174288,0.25598606403565904,0.34914672031291694,-0.41243459192591564,-0.4538303358073716,-0.3710388480444597,0.3133179068328624,0.29754252571605466,0.3290932879496702,0.7257524987587781,0.6908618412907008,0.7606431562268554,3.6842418646923604e-09,Paired t contrast,2.085280895415876e-06,All new prespecified primary confirmation contrasts; no stars in figures
adult,income,26048,512,0.2,adult_n26048_m512_income,matched_q_0p2,0.18,12,0,12,-2.6309993452394385,-2.80800031798573,-2.453998372493147,-0.6115263766046312,-0.637040936954712,-0.5860118162545503,0.47630453658597444,0.44280231750555243,0.5098067556663964,-0.1352218400186567,-0.17818052709610394,-0.09226315294120944,-0.6115263766046312,-0.637040936954712,-0.5860118162545503,0.2334952640027742,0.2244606547316145,0.2425298732739339,0.8450216406074053,0.8207544543737442,0.8692888268410663,2.594879654110879e-12,Paired t contrast,1.7255949699837346e-09,All new prespecified primary confirmation contrasts; no stars in figures
adult,income,26048,512,0.2,adult_n26048_m512_income,matched_q_0p2,1.0,12,0,12,-2.7908427950727557,-3.004841972200864,-2.5768436179446472,-0.6328719618855312,-0.6714922803142636,-0.5942516434567988,0.5415037323029912,0.5211905346886705,0.5618169299173119,-0.09136822958253991,-0.13120733535179036,-0.05152912381328949,-0.6328719618855312,-0.6714922803142636,-0.5942516434567988,0.22771328142594638,0.2192420287784758,0.23618453407341697,0.8605852433114776,0.8228197137666231,0.898350772856332,1.0776009121219529e-11,Paired t contrast,7.015181937913913e-09,All new prespecified primary confirmation contrasts; no stars in figures
adult,income,26048,512,0.2,adult_n26048_m512_income,public_selected,0.0001,12,12,12,0.0,0.0,0.0,0.0,0.0,0.0,0.0,0.0,0.0,0.0,0.0,0.0,0.0,0.0,0.0,0.6778401967624582,0.6504083132568027,0.7052720802681137,0.6778401967624582,0.6504083132568027,0.7052720802681137,1.0,Exact zero differences,1.0,All new prespecified primary confirmation contrasts; no stars in figures
adult,income,26048,512,0.2,adult_n26048_m512_income,public_selected,0.003,12,0,12,0.0674803773089481,0.01840454934188969,0.1165562052760065,0.022286470649581308,0.0057622603672473,0.038810680931915316,-0.022286470649581308,-0.038810680931915316,-0.0057622603672473,0.0,0.0,0.0,0.022286470649581308,0.0057622603672473,0.038810680931915316,0.3133179068328624,0.29754252571605466,0.3290932879496702,0.29103143618328114,0.2785213730235675,0.3035414993429948,0.011523095603374873,Paired t contrast,1.0,All new prespecified primary confirmation contrasts; no stars in figures
adult,income,26048,512,0.2,adult_n26048_m512_income,public_selected,0.18,12,0,12,0.04613518142158773,-0.010465102271988297,0.10273546511516375,0.011381376777378537,-0.002243992802324818,0.02500674635708189,-0.011381376777378537,-0.02500674635708189,0.002243992802324818,0.0,0.0,0.0,0.011381376777378537,-0.002243992802324818,0.02500674635708189,0.2334952640027742,0.2244606547316145,0.2425298732739339,0.22211388722539568,0.2107830545143905,0.23344471993640087,0.10030902502573033,Paired t contrast,1.0,All new prespecified primary confirmation contrasts; no stars in figures
adult,income,26048,512,0.2,adult_n26048_m512_income,public_selected,1.0,12,0,12,0.03131473481423857,-0.028392405783106665,0.0910218754115838,0.008051437210168278,-0.004971418427485566,0.021074292847822123,-0.008051437210168278,-0.021074292847822123,0.004971418427485566,0.0,0.0,0.0,0.008051437210168278,-0.004971418427485566,0.021074292847822123,0.22771328142594638,0.2192420287784758,0.23618453407341697,0.21966184421577808,0.21164817228688634,0.22767551614466983,0.27281717305187947,Paired t contrast,1.0,All new prespecified primary confirmation contrasts; no stars in figures
adult,workclass,26048,512,0.2,adult_n26048_m512_workclass,fixed_tau_0p03,0.0001,12,0,12,-0.12026096991457898,-0.17568912462267544,-0.06483281520648253,-0.07886732785724156,-0.11372182859816882,-0.04401282711631429,0.08483397417810638,0.04356024342566452,0.12610770493054824,0.005966646320864817,-0.023822327261542993,0.035755619903272626,-0.07886732785724156,-0.11372182859816882,-0.04401282711631429,0.6778401967624582,0.6504083132568027,0.7052720802681137,0.7567075246196998,0.7324919240799942,0.7809231251594054,0.0005756403328842043,Paired t contrast,0.17441902086391392,All new prespecified primary confirmation contrasts; no stars in figures
adult,workclass,26048,512,0.2,adult_n26048_m512_workclass,fixed_tau_0p03,0.003,12,0,12,-0.2234536025084813,-0.31528531775603086,-0.13162188726093177,-0.06756360942202567,-0.09395786962841376,-0.041169349215637585,0.0631801947854606,0.049462298280052504,0.07689809129086869,-0.004383414636565099,-0.021214653610082745,0.012447824336952549,-0.06756360942202567,-0.09395786962841376,-0.041169349215637585,0.3133179068328624,0.29754252571605466,0.3290932879496702,0.3808815162548882,0.36219134535227343,0.39957168715750296,0.00023180495775321656,Paired t contrast,0.07765466084732754,All new prespecified primary confirmation contrasts; no stars in figures
adult,workclass,26048,512,0.2,adult_n26048_m512_workclass,fixed_tau_0p03,0.18,12,0,12,-1.0914146488418963,-1.209105281184252,-0.9737240164995407,-0.2528925608102747,-0.2735982811929799,-0.23218684042756957,0.25307080451011404,0.22900582799277036,0.27713578102745773,0.00017824369983928298,-0.020049745183206555,0.02040623258288512,-0.2528925608102747,-0.2735982811929799,-0.23218684042756957,0.2334952640027742,0.2244606547316145,0.2425298732739339,0.48638782481304893,0.4696476159554878,0.5031280336706101,4.2959829359118496e-10,Paired t contrast,2.6635094202653466e-07,All new prespecified primary confirmation contrasts; no stars in figures
adult,workclass,26048,512,0.2,adult_n26048_m512_workclass,fixed_tau_0p03,1.0,12,0,12,-1.7254026676443186,-1.9217479303996556,-1.5290574048889816,-0.3912472724309266,-0.4307368109851505,-0.3517577338767027,0.37107752294341045,0.3274551860835468,0.4146998598032741,-0.02016974948751617,-0.05564639646727525,0.015306897492242903,-0.3912472724309266,-0.4307368109851505,-0.3517577338767027,0.22771328142594638,0.2192420287784758,0.23618453407341697,0.6189605538568731,0.5794683049014129,0.6584528028123333,7.652076024730159e-10,Paired t contrast,4.6830705271348575e-07,All new prespecified primary confirmation contrasts; no stars in figures
adult,workclass,26048,512,0.2,adult_n26048_m512_workclass,matched_q_0p2,0.0001,12,0,12,-0.5561356362715273,-0.6285660716963137,-0.48370520084674085,-0.37280789180384094,-0.4088902449353997,-0.33672553867228217,0.5184348779987664,0.48182314314762575,0.5550466128499071,0.14562698619492553,0.12426222380817492,0.16699174858167615,-0.37280789180384094,-0.4088902449353997,-0.33672553867228217,0.6778401967624582,0.6504083132568027,0.7052720802681137,1.0506480885662994,1.0305195057136483,1.0707766714189506,3.2289258051684712e-09,Paired t contrast,1.8404877089460285e-06,All new prespecified primary confirmation contrasts; no stars in figures
adult,workclass,26048,512,0.2,adult_n26048_m512_workclass,matched_q_0p2,0.003,12,0,12,-1.3318497783274876,-1.5074765846270246,-1.1562229720279507,-0.41243459192591564,-0.4538303358073716,-0.3710388480444597,0.7150009841002037,0.6845118322862365,0.745490135914171,0.302566392174288,0.25598606403565904,0.34914672031291694,-0.41243459192591564,-0.4538303358073716,-0.3710388480444597,0.3133179068328624,0.29754252571605466,0.3290932879496702,0.7257524987587781,0.6908618412907008,0.7606431562268554,3.6842418646923604e-09,Paired t contrast,2.085280895415876e-06,All new prespecified primary confirmation contrasts; no stars in figures
adult,workclass,26048,512,0.2,adult_n26048_m512_workclass,matched_q_0p2,0.18,12,0,12,-2.6309993452394385,-2.80800031798573,-2.453998372493147,-0.6115263766046312,-0.637040936954712,-0.5860118162545503,0.47630453658597444,0.44280231750555243,0.5098067556663964,-0.1352218400186567,-0.17818052709610394,-0.09226315294120944,-0.6115263766046312,-0.637040936954712,-0.5860118162545503,0.2334952640027742,0.2244606547316145,0.2425298732739339,0.8450216406074053,0.8207544543737442,0.8692888268410663,2.594879654110879e-12,Paired t contrast,1.7255949699837346e-09,All new prespecified primary confirmation contrasts; no stars in figures
adult,workclass,26048,512,0.2,adult_n26048_m512_workclass,matched_q_0p2,1.0,12,0,12,-2.7908427950727557,-3.004841972200864,-2.5768436179446472,-0.6328719618855312,-0.6714922803142636,-0.5942516434567988,0.5415037323029912,0.5211905346886705,0.5618169299173119,-0.09136822958253991,-0.13120733535179036,-0.05152912381328949,-0.6328719618855312,-0.6714922803142636,-0.5942516434567988,0.22771328142594638,0.2192420287784758,0.23618453407341697,0.8605852433114776,0.8228197137666231,0.898350772856332,1.0776009121219529e-11,Paired t contrast,7.015181937913913e-09,All new prespecified primary confirmation contrasts; no stars in figures
adult,workclass,26048,512,0.2,adult_n26048_m512_workclass,public_selected,0.0001,12,12,12,0.0,0.0,0.0,0.0,0.0,0.0,0.0,0.0,0.0,0.0,0.0,0.0,0.0,0.0,0.0,0.6778401967624582,0.6504083132568027,0.7052720802681137,0.6778401967624582,0.6504083132568027,0.7052720802681137,1.0,Exact zero differences,1.0,All new prespecified primary confirmation contrasts; no stars in figures
adult,workclass,26048,512,0.2,adult_n26048_m512_workclass,public_selected,0.003,12,0,12,0.0674803773089481,0.01840454934188969,0.1165562052760065,0.022286470649581308,0.0057622603672473,0.038810680931915316,-0.022286470649581308,-0.038810680931915316,-0.0057622603672473,0.0,0.0,0.0,0.022286470649581308,0.0057622603672473,0.038810680931915316,0.3133179068328624,0.29754252571605466,0.3290932879496702,0.29103143618328114,0.2785213730235675,0.3035414993429948,0.011523095603374873,Paired t contrast,1.0,All new prespecified primary confirmation contrasts; no stars in figures
adult,workclass,26048,512,0.2,adult_n26048_m512_workclass,public_selected,0.18,12,0,12,0.04613518142158773,-0.010465102271988297,0.10273546511516375,0.011381376777378537,-0.002243992802324818,0.02500674635708189,-0.011381376777378537,-0.02500674635708189,0.002243992802324818,0.0,0.0,0.0,0.011381376777378537,-0.002243992802324818,0.02500674635708189,0.2334952640027742,0.2244606547316145,0.2425298732739339,0.22211388722539568,0.2107830545143905,0.23344471993640087,0.10030902502573033,Paired t contrast,1.0,All new prespecified primary confirmation contrasts; no stars in figures
adult,workclass,26048,512,0.2,adult_n26048_m512_workclass,public_selected,1.0,12,0,12,0.03131473481423857,-0.028392405783106665,0.0910218754115838,0.008051437210168278,-0.004971418427485566,0.021074292847822123,-0.008051437210168278,-0.021074292847822123,0.004971418427485566,0.0,0.0,0.0,0.008051437210168278,-0.004971418427485566,0.021074292847822123,0.22771328142594638,0.2192420287784758,0.23618453407341697,0.21966184421577808,0.21164817228688634,0.22767551614466983,0.27281717305187947,Paired t contrast,1.0,All new prespecified primary confirmation contrasts; no stars in figures
bank,age,27126,512,0.01707317073170732,bank_n27126_m512_age,fixed_tau_0p03,0.0001,12,0,12,0.2500898702581808,0.23222175015404325,0.2679579903623184,0.2474863765769564,0.22586253641812248,0.26911021673579033,0.052221622992231674,0.02404068005498663,0.08040256592947671,0.29970799956918803,0.2795142807906327,0.3199017183477434,0.2474863765769564,0.22586253641812248,0.26911021673579033,0.9870974203976832,0.9664935734806083,1.007701267314758,0.7396110438207271,0.727818307318386,0.7514037803230681,4.996400915943954e-12,Paired t contrast,3.2826354017751775e-09,All new prespecified primary confirmation contrasts; no stars in figures
bank,age,27126,512,0.01707317073170732,bank_n27126_m512_age,fixed_tau_0p03,0.003,12,0,12,-0.06914108809048389,-0.1114530712641021,-0.026829104916865673,-0.0371907354099856,-0.059149783547256016,-0.015231687272715181,0.1193384392912105,0.10197798459661989,0.13669889398580112,0.08214770388122491,0.06752630316006097,0.09676910460238886,-0.0371907354099856,-0.059149783547256016,-0.015231687272715181,0.5579974993606934,0.5388879059528412,0.5771070927685457,0.5951882347706788,0.5797194929099255,0.6106569766314321,0.004194968982713139,Paired t contrast,1.0,All new prespecified primary confirmation contrasts; no stars in figures
bank,age,27126,512,0.01707317073170732,bank_n27126_m512_age,fixed_tau_0p03,0.18,12,0,12,-0.6696497606870137,-0.7493049918768213,-0.589994529497206,-0.262599513694985,-0.2849441380524335,-0.24025488933753653,0.19569982407548192,0.17919590061931795,0.2122037475316459,-0.06689968961950317,-0.08691786652517504,-0.0468815127138313,-0.262599513694985,-0.2849441380524335,-0.24025488933753653,0.39655422357071773,0.3774117201385627,0.41569672700287275,0.6591537372657029,0.6427878148759112,0.6755196596554947,1.2290058529998396e-09,Paired t contrast,7.288004708289049e-07,All new prespecified primary confirmation contrasts; no stars in figures
bank,age,27126,512,0.01707317073170732,bank_n27126_m512_age,fixed_tau_0p03,1.0,12,0,12,-0.7369802564887497,-0.8236267179280735,-0.6503337950494258,-0.286044360681835,-0.31157142615170097,-0.260517295211969,0.24824640274821227,0.22941363065140513,0.2670791748450194,-0.03779795793362269,-0.06067192241534394,-0.014923993451901447,-0.286044360681835,-0.31157142615170097,-0.260517295211969,0.3918856651899259,0.37243595910095306,0.41133537127889874,0.6779300258717608,0.6525375723052053,0.7033224794383163,1.0848052705096015e-09,Paired t contrast,6.476287464942321e-07,All new prespecified primary confirmation contrasts; no stars in figures
bank,age,27126,512,0.01707317073170732,bank_n27126_m512_age,matched_q_0p2,0.0001,12,0,12,0.2521228102005074,0.22661731164189705,0.27762830875911776,0.24948400106320723,0.22110856135323206,0.2778594407731824,0.07393440972990163,0.04861301824339765,0.09925580121640562,0.32341841079310885,0.2969701673491628,0.3498666542370549,0.24948400106320723,0.22110856135323206,0.2778594407731824,0.9870974203976832,0.9664935734806083,1.007701267314758,0.7376134193344761,0.7156051339319772,0.759621704736975,2.1619206224404474e-10,Paired t contrast,1.3728195952496842e-07,All new prespecified primary confirmation contrasts; no stars in figures
bank,age,27126,512,0.01707317073170732,bank_n27126_m512_age,matched_q_0p2,0.003,12,0,12,-0.16356021282348138,-0.21343329379672799,-0.11368713185023477,-0.08929916584881487,-0.1135970878116209,-0.06500124388600884,0.1826730080414409,0.16865852609120827,0.19668748999167354,0.09337384219262605,0.0755509495227059,0.1111967348625462,-0.08929916584881487,-0.1135970878116209,-0.06500124388600884,0.5579974993606934,0.5388879059528412,0.5771070927685457,0.6472966652095082,0.6359632120112458,0.6586301184077706,1.7122422574868164e-05,Paired t contrast,0.006866091452522134,All new prespecified primary confirmation contrasts; no stars in figures
bank,age,27126,512,0.01707317073170732,bank_n27126_m512_age,matched_q_0p2,0.18,12,0,12,-0.8434325493202929,-0.9473934920150134,-0.7394716066255723,-0.331274258375493,-0.3655348323171976,-0.29701368443378845,0.23680325654742154,0.21706270648651918,0.2565438066083239,-0.09447100182807149,-0.12849428774355595,-0.060447715912587026,-0.331274258375493,-0.3655348323171976,-0.29701368443378845,0.39655422357071773,0.3774117201385627,0.41569672700287275,0.7278284819462107,0.6966035845589229,0.7590533793334986,1.796725021945527e-09,Paired t contrast,1.054299696431449e-06,All new prespecified primary confirmation contrasts; no stars in figures
bank,age,27126,512,0.01707317073170732,bank_n27126_m512_age,matched_q_0p2,1.0,12,0,12,-0.9154794364475612,-1.039707187444298,-0.7912516854508245,-0.3539719193195012,-0.386181291662152,-0.32176254697685047,0.3131791157237181,0.28092597846499895,0.34543225298243724,-0.040792803595783134,-0.07542757162794037,-0.006158035563625895,-0.3539719193195012,-0.386181291662152,-0.32176254697685047,0.3918856651899259,0.37243595910095306,0.41133537127889874,0.7458575845094272,0.7230677650939926,0.7686474039248617,4.991084283174488e-09,Paired t contrast,2.7950071985777133e-06,All new prespecified primary confirmation contrasts; no stars in figures
bank,age,27126,512,0.01707317073170732,bank_n27126_m512_age,public_selected,0.0001,12,0,12,0.2521228102005074,0.22661731164189705,0.27762830875911776,0.24948400106320723,0.22110856135323206,0.2778594407731824,0.07393440972990163,0.04861301824339765,0.09925580121640562,0.32341841079310885,0.2969701673491628,0.3498666542370549,0.24948400106320723,0.22110856135323206,0.2778594407731824,0.9870974203976832,0.9664935734806083,1.007701267314758,0.7376134193344761,0.7156051339319772,0.759621704736975,2.1619206224404474e-10,Paired t contrast,1.3728195952496842e-07,All new prespecified primary confirmation contrasts; no stars in figures
bank,age,27126,512,0.01707317073170732,bank_n27126_m512_age,public_selected,0.003,12,0,12,0.033732816526457494,0.0027552775455163755,0.06471035550739862,0.019432985400770392,0.0018260142279746747,0.03703995657356611,-0.03348844078868553,-0.05235071393517265,-0.014626167642198408,-0.014055455387915134,-0.029284000261731998,0.0011730894859017307,0.019432985400770392,0.0018260142279746747,0.03703995657356611,0.5579974993606934,0.5388879059528412,0.5771070927685457,0.538564513959923,0.5196972096060926,0.5574318183137534,0.0354357266431514,Paired t contrast,1.0,All new prespecified primary confirmation contrasts; no stars in figures
bank,age,27126,512,0.01707317073170732,bank_n27126_m512_age,public_selected,0.18,12,0,12,0.01598176251853321,-0.02103522182753041,0.052998746864596824,0.007639192463553777,-0.007802477884542723,0.02308086281165028,-0.022226262285054744,-0.03842159082600755,-0.006030933744101935,-0.014587069821500967,-0.02296516397361581,-0.006208975669386127,0.007639192463553777,-0.007802477884542723,0.02308086281165028,0.39655422357071773,0.3774117201385627,0.41569672700287275,0.3889150311071639,0.37821753998652996,0.39961252222779786,0.36239376389590866,Paired t contrast,1.0,All new prespecified primary confirmation contrasts; no stars in figures
bank,age,27126,512,0.01707317073170732,bank_n27126_m512_age,public_selected,1.0,12,0,12,0.03765128749050622,-0.029942702338910464,0.10524527731992289,0.017496185038381462,-0.009166742450184888,0.04415911252694781,-0.029787092888375954,-0.0517272258663519,-0.007846959910400006,-0.01229090784999449,-0.031824241269057384,0.007242425569068402,0.017496185038381462,-0.009166742450184888,0.04415911252694781,0.3918856651899259,0.37243595910095306,0.41133537127889874,0.37438948015154444,0.36277607384663146,0.3860028864564574,0.2457994139103339,Paired t contrast,1.0,All new prespecified primary confirmation contrasts; no stars in figures
bank,age_education,27126,512,0.1,bank_n27126_m512_age_education,fixed_tau_0p03,0.0001,12,0,12,-0.03548028307200186,-0.06155690676535459,-0.009403659378649128,-0.03410618883390475,-0.05979697402160011,-0.008415403646209397,0.052221622992231674,0.02404068005498663,0.08040256592947671,0.01811543415832692,-0.00043240396957612906,0.03666327228622997,-0.03410618883390475,-0.05979697402160011,-0.008415403646209397,0.9870974203976832,0.9664935734806083,1.007701267314758,1.021203609231588,1.0036796416387368,1.038727576824439,0.012194889708334836,Paired t contrast,1.0,All new prespecified primary confirmation contrasts; no stars in figures
bank,age_education,27126,512,0.1,bank_n27126_m512_age_education,fixed_tau_0p03,0.003,12,0,12,-0.19357298588476846,-0.2359979286584456,-0.1511480431110913,-0.1064590561530097,-0.12722611301819264,-0.08569199928782677,0.1193384392912105,0.10197798459661989,0.13669889398580112,0.012879383138200806,-0.003323674129477712,0.029082440405879324,-0.1064590561530097,-0.12722611301819264,-0.08569199928782677,0.5579974993606934,0.5388879059528412,0.5771070927685457,0.6644565555137031,0.6512038134285559,0.6777092975988502,7.086319656751838e-07,Paired t contrast,0.00033234839190166124,All new prespecified primary confirmation contrasts; no stars in figures
bank,age_education,27126,512,0.1,bank_n27126_m512_age_education,fixed_tau_0p03,0.18,12,0,12,-0.48852236154245426,-0.5737825646823391,-0.4032621584025694,-0.19161225720746253,-0.22135123775053642,-0.16187327666438864,0.19569982407548192,0.17919590061931795,0.2122037475316459,0.004087566868019421,-0.0259211922921664,0.03409632602820524,-0.19161225720746253,-0.22135123775053642,-0.16187327666438864,0.39655422357071773,0.3774117201385627,0.41569672700287275,0.5881664807781802,0.5599326408389664,0.616400320717394,6.969984673752953e-08,Paired t contrast,3.575602137635265e-05,All new prespecified primary confirmation contrasts; no stars in figures
bank,age_education,27126,512,0.1,bank_n27126_m512_age_education,fixed_tau_0p03,1.0,12,0,12,-0.6591849829909936,-0.743041602345194,-0.5753283636367932,-0.25505181839544394,-0.2773646584908398,-0.23273897830004805,0.24824640274821227,0.22941363065140513,0.2670791748450194,-0.006805415647231731,-0.024998625432627805,0.01138779413816434,-0.25505181839544394,-0.2773646584908398,-0.23273897830004805,0.3918856651899259,0.37243595910095306,0.41133537127889874,0.64693748358537,0.6302818046172302,0.6635931625535098,2.5148096576746915e-09,Paired t contrast,1.4560747917936464e-06,All new prespecified primary confirmation contrasts; no stars in figures
bank,age_education,27126,512,0.1,bank_n27126_m512_age_education,matched_q_0p2,0.0001,12,0,12,-0.08983384580531774,-0.12451893625965847,-0.055148755350977005,-0.08730723968700467,-0.12016625900114208,-0.05444822037286725,0.34381277876073585,0.3084532222528974,0.3791723352685743,0.25650553907373114,0.22722990742701962,0.2857811707204427,-0.08730723968700467,-0.12016625900114208,-0.05444822037286725,0.9870974203976832,0.9664935734806083,1.007701267314758,1.0744046600846882,1.0547297855640756,1.0940795346053007,0.0001380855466039581,Paired t contrast,0.04915845459100908,All new prespecified primary confirmation contrasts; no stars in figures
bank,age_education,27126,512,0.1,bank_n27126_m512_age_education,matched_q_0p2,0.003,12,0,12,-0.7441604566150944,-0.8234681983050949,-0.664852714925094,-0.41221642286621324,-0.44455956696033166,-0.3798732787720948,0.5046914308719451,0.4700604727630468,0.5393223889808434,0.09247500800573182,0.060237568642993455,0.12471244736847018,-0.41221642286621324,-0.44455956696033166,-0.3798732787720948,0.5579974993606934,0.5388879059528412,0.5771070927685457,0.9702139222269067,0.9484114050829906,0.9920164393708228,3.786573050698214e-10,Paired t contrast,2.3666081566863838e-07,All new prespecified primary confirmation contrasts; no stars in figures
bank,age_education,27126,512,0.1,bank_n27126_m512_age_education,matched_q_0p2,0.18,12,0,12,-1.6173893799786587,-1.7883176079449032,-1.4464611520124142,-0.6347791094746397,-0.6800233920675205,-0.5895348268817588,0.5756334895314977,0.5392806947957026,0.6119862842672928,-0.05914561994314201,-0.10478027908432162,-0.013510960801962402,-0.6347791094746397,-0.6800233920675205,-0.5895348268817588,0.39655422357071773,0.3774117201385627,0.41569672700287275,1.0313333330453576,0.9972011325371993,1.065465533553516,3.45957717655258e-10,Paired t contrast,2.1760740440515728e-07,All new prespecified primary confirmation contrasts; no stars in figures
bank,age_education,27126,512,0.1,bank_n27126_m512_age_education,matched_q_0p2,1.0,12,0,12,-1.7371221277062372,-1.9373014086723694,-1.536942846740105,-0.672900036054591,-0.7200753220645142,-0.6257247500446679,0.6276407252156364,0.5928637745837837,0.6624176758474891,-0.045259310838954674,-0.08995395994317643,-0.0005646617347329144,-0.672900036054591,-0.7200753220645142,-0.6257247500446679,0.3918856651899259,0.37243595910095306,0.41133537127889874,1.064785701244517,1.028386220920072,1.101185181568962,8.754330249505396e-10,Paired t contrast,5.322632791699281e-07,All new prespecified primary confirmation contrasts; no stars in figures
bank,age_education,27126,512,0.1,bank_n27126_m512_age_education,public_selected,0.0001,12,0,12,0.013727616294247819,-0.015111774748220834,0.04256700733671647,0.014670593650936167,-0.014359187918866092,0.04370037522073843,-0.014670593650936167,-0.04370037522073843,0.014359187918866092,0.0,0.0,0.0,0.014670593650936167,-0.014359187918866092,0.04370037522073843,0.9870974203976832,0.9664935734806083,1.007701267314758,0.9724268267467471,0.9559903420074755,0.9888633114860187,0.31726357957494616,Paired t contrast,1.0,All new prespecified primary confirmation contrasts; no stars in figures
bank,age_education,27126,512,0.1,bank_n27126_m512_age_education,public_selected,0.003,12,0,12,0.05839908246220809,0.02610691001258021,0.09069125491183597,0.03348844078868553,0.014626167642198408,0.05235071393517265,-0.03348844078868553,-0.05235071393517265,-0.014626167642198408,0.0,0.0,0.0,0.03348844078868553,0.014626167642198408,0.05235071393517265,0.5579974993606934,0.5388879059528412,0.5771070927685457,0.5245090585720078,0.5091259541826519,0.5398921629613637,0.00215736037754248,Paired t contrast,0.6126903472220643,All new prespecified primary confirmation contrasts; no stars in figures
bank,age_education,27126,512,0.1,bank_n27126_m512_age_education,public_selected,0.18,12,0,12,0.05278355640763494,0.015609335673672758,0.08995777714159713,0.022226262285054744,0.006030933744101935,0.03842159082600755,-0.022226262285054744,-0.03842159082600755,-0.006030933744101935,0.0,0.0,0.0,0.022226262285054744,0.006030933744101935,0.03842159082600755,0.39655422357071773,0.3774117201385627,0.41569672700287275,0.374327961285663,0.36390967192506535,0.3847462506462606,0.009660474561513824,Paired t contrast,1.0,All new prespecified primary confirmation contrasts; no stars in figures
bank,age_education,27126,512,0.1,bank_n27126_m512_age_education,public_selected,1.0,12,0,12,0.07129401451259203,0.015558137883314484,0.12702989114186958,0.029787092888375954,0.007846959910400006,0.0517272258663519,-0.029787092888375954,-0.0517272258663519,-0.007846959910400006,0.0,0.0,0.0,0.029787092888375954,0.007846959910400006,0.0517272258663519,0.3918856651899259,0.37243595910095306,0.41133537127889874,0.36209857230155,0.3479451924255014,0.3762519521775986,0.01680631852787811,Paired t contrast,1.0,All new prespecified primary confirmation contrasts; no stars in figures
bank,age_secondary,27126,512,0.01707317073170732,bank_n27126_m512_age_secondary,fixed_tau_0p03,0.0001,12,0,12,0.2500898702581808,0.23222175015404325,0.2679579903623184,0.2474863765769564,0.22586253641812248,0.26911021673579033,0.052221622992231674,0.02404068005498663,0.08040256592947671,0.29970799956918803,0.2795142807906327,0.3199017183477434,0.2474863765769564,0.22586253641812248,0.26911021673579033,0.9870974203976832,0.9664935734806083,1.007701267314758,0.7396110438207271,0.727818307318386,0.7514037803230681,4.996400915943954e-12,Paired t contrast,3.2826354017751775e-09,All new prespecified primary confirmation contrasts; no stars in figures
bank,age_secondary,27126,512,0.01707317073170732,bank_n27126_m512_age_secondary,fixed_tau_0p03,0.003,12,0,12,-0.06914108809048389,-0.1114530712641021,-0.026829104916865673,-0.0371907354099856,-0.059149783547256016,-0.015231687272715181,0.1193384392912105,0.10197798459661989,0.13669889398580112,0.08214770388122491,0.06752630316006097,0.09676910460238886,-0.0371907354099856,-0.059149783547256016,-0.015231687272715181,0.5579974993606934,0.5388879059528412,0.5771070927685457,0.5951882347706788,0.5797194929099255,0.6106569766314321,0.004194968982713139,Paired t contrast,1.0,All new prespecified primary confirmation contrasts; no stars in figures
bank,age_secondary,27126,512,0.01707317073170732,bank_n27126_m512_age_secondary,fixed_tau_0p03,0.18,12,0,12,-0.6696497606870137,-0.7493049918768213,-0.589994529497206,-0.262599513694985,-0.2849441380524335,-0.24025488933753653,0.19569982407548192,0.17919590061931795,0.2122037475316459,-0.06689968961950317,-0.08691786652517504,-0.0468815127138313,-0.262599513694985,-0.2849441380524335,-0.24025488933753653,0.39655422357071773,0.3774117201385627,0.41569672700287275,0.6591537372657029,0.6427878148759112,0.6755196596554947,1.2290058529998396e-09,Paired t contrast,7.288004708289049e-07,All new prespecified primary confirmation contrasts; no stars in figures
bank,age_secondary,27126,512,0.01707317073170732,bank_n27126_m512_age_secondary,fixed_tau_0p03,1.0,12,0,12,-0.7369802564887497,-0.8236267179280735,-0.6503337950494258,-0.286044360681835,-0.31157142615170097,-0.260517295211969,0.24824640274821227,0.22941363065140513,0.2670791748450194,-0.03779795793362269,-0.06067192241534394,-0.014923993451901447,-0.286044360681835,-0.31157142615170097,-0.260517295211969,0.3918856651899259,0.37243595910095306,0.41133537127889874,0.6779300258717608,0.6525375723052053,0.7033224794383163,1.0848052705096015e-09,Paired t contrast,6.476287464942321e-07,All new prespecified primary confirmation contrasts; no stars in figures
bank,age_secondary,27126,512,0.01707317073170732,bank_n27126_m512_age_secondary,matched_q_0p2,0.0001,12,0,12,0.2521228102005074,0.22661731164189705,0.27762830875911776,0.24948400106320723,0.22110856135323206,0.2778594407731824,0.07393440972990163,0.04861301824339765,0.09925580121640562,0.32341841079310885,0.2969701673491628,0.3498666542370549,0.24948400106320723,0.22110856135323206,0.2778594407731824,0.9870974203976832,0.9664935734806083,1.007701267314758,0.7376134193344761,0.7156051339319772,0.759621704736975,2.1619206224404474e-10,Paired t contrast,1.3728195952496842e-07,All new prespecified primary confirmation contrasts; no stars in figures
bank,age_secondary,27126,512,0.01707317073170732,bank_n27126_m512_age_secondary,matched_q_0p2,0.003,12,0,12,-0.16356021282348138,-0.21343329379672799,-0.11368713185023477,-0.08929916584881487,-0.1135970878116209,-0.06500124388600884,0.1826730080414409,0.16865852609120827,0.19668748999167354,0.09337384219262605,0.0755509495227059,0.1111967348625462,-0.08929916584881487,-0.1135970878116209,-0.06500124388600884,0.5579974993606934,0.5388879059528412,0.5771070927685457,0.6472966652095082,0.6359632120112458,0.6586301184077706,1.7122422574868164e-05,Paired t contrast,0.006866091452522134,All new prespecified primary confirmation contrasts; no stars in figures
bank,age_secondary,27126,512,0.01707317073170732,bank_n27126_m512_age_secondary,matched_q_0p2,0.18,12,0,12,-0.8434325493202929,-0.9473934920150134,-0.7394716066255723,-0.331274258375493,-0.3655348323171976,-0.29701368443378845,0.23680325654742154,0.21706270648651918,0.2565438066083239,-0.09447100182807149,-0.12849428774355595,-0.060447715912587026,-0.331274258375493,-0.3655348323171976,-0.29701368443378845,0.39655422357071773,0.3774117201385627,0.41569672700287275,0.7278284819462107,0.6966035845589229,0.7590533793334986,1.796725021945527e-09,Paired t contrast,1.054299696431449e-06,All new prespecified primary confirmation contrasts; no stars in figures
bank,age_secondary,27126,512,0.01707317073170732,bank_n27126_m512_age_secondary,matched_q_0p2,1.0,12,0,12,-0.9154794364475612,-1.039707187444298,-0.7912516854508245,-0.3539719193195012,-0.386181291662152,-0.32176254697685047,0.3131791157237181,0.28092597846499895,0.34543225298243724,-0.040792803595783134,-0.07542757162794037,-0.006158035563625895,-0.3539719193195012,-0.386181291662152,-0.32176254697685047,0.3918856651899259,0.37243595910095306,0.41133537127889874,0.7458575845094272,0.7230677650939926,0.7686474039248617,4.991084283174488e-09,Paired t contrast,2.7950071985777133e-06,All new prespecified primary confirmation contrasts; no stars in figures
bank,age_secondary,27126,512,0.01707317073170732,bank_n27126_m512_age_secondary,public_selected,0.0001,12,0,12,0.2521228102005074,0.22661731164189705,0.27762830875911776,0.24948400106320723,0.22110856135323206,0.2778594407731824,0.07393440972990163,0.04861301824339765,0.09925580121640562,0.32341841079310885,0.2969701673491628,0.3498666542370549,0.24948400106320723,0.22110856135323206,0.2778594407731824,0.9870974203976832,0.9664935734806083,1.007701267314758,0.7376134193344761,0.7156051339319772,0.759621704736975,2.1619206224404474e-10,Paired t contrast,1.3728195952496842e-07,All new prespecified primary confirmation contrasts; no stars in figures
bank,age_secondary,27126,512,0.01707317073170732,bank_n27126_m512_age_secondary,public_selected,0.003,12,0,12,0.033732816526457494,0.0027552775455163755,0.06471035550739862,0.019432985400770392,0.0018260142279746747,0.03703995657356611,-0.03348844078868553,-0.05235071393517265,-0.014626167642198408,-0.014055455387915134,-0.029284000261731998,0.0011730894859017307,0.019432985400770392,0.0018260142279746747,0.03703995657356611,0.5579974993606934,0.5388879059528412,0.5771070927685457,0.538564513959923,0.5196972096060926,0.5574318183137534,0.0354357266431514,Paired t contrast,1.0,All new prespecified primary confirmation contrasts; no stars in figures
bank,age_secondary,27126,512,0.01707317073170732,bank_n27126_m512_age_secondary,public_selected,0.18,12,0,12,0.01598176251853321,-0.02103522182753041,0.052998746864596824,0.007639192463553777,-0.007802477884542723,0.02308086281165028,-0.022226262285054744,-0.03842159082600755,-0.006030933744101935,-0.014587069821500967,-0.02296516397361581,-0.006208975669386127,0.007639192463553777,-0.007802477884542723,0.02308086281165028,0.39655422357071773,0.3774117201385627,0.41569672700287275,0.3889150311071639,0.37821753998652996,0.39961252222779786,0.36239376389590866,Paired t contrast,1.0,All new prespecified primary confirmation contrasts; no stars in figures
bank,age_secondary,27126,512,0.01707317073170732,bank_n27126_m512_age_secondary,public_selected,1.0,12,0,12,0.03765128749050622,-0.029942702338910464,0.10524527731992289,0.017496185038381462,-0.009166742450184888,0.04415911252694781,-0.029787092888375954,-0.0517272258663519,-0.007846959910400006,-0.01229090784999449,-0.031824241269057384,0.007242425569068402,0.017496185038381462,-0.009166742450184888,0.04415911252694781,0.3918856651899259,0.37243595910095306,0.41133537127889874,0.37438948015154444,0.36277607384663146,0.3860028864564574,0.2457994139103339,Paired t contrast,1.0,All new prespecified primary confirmation contrasts; no stars in figures
bank,all_columns,27126,512,0.2,bank_n27126_m512_all_columns,fixed_tau_0p03,0.0001,12,0,12,-0.06630939047363114,-0.08501922787372948,-0.04759955307353281,-0.06489880020573013,-0.08302250665872915,-0.04677509375273112,0.052221622992231674,0.02404068005498663,0.08040256592947671,-0.012677177213498462,-0.03863595837550071,0.01328160394850379,-0.06489880020573013,-0.08302250665872915,-0.04677509375273112,0.9870974203976832,0.9664935734806083,1.007701267314758,1.0519962206034135,1.034368117075977,1.0696243241308498,8.298284076600651e-06,Paired t contrast,0.0034852793121722737,All new prespecified primary confirmation contrasts; no stars in figures
bank,all_columns,27126,512,0.2,bank_n27126_m512_all_columns,fixed_tau_0p03,0.003,12,0,12,-0.2196314640140786,-0.26884470030896207,-0.17041822771919513,-0.12064097258699173,-0.1432834664034101,-0.09799847877057336,0.1193384392912105,0.10197798459661989,0.13669889398580112,-0.0013025332957812275,-0.014916214744819299,0.012311148153256844,-0.12064097258699173,-0.1432834664034101,-0.09799847877057336,0.5579974993606934,0.5388879059528412,0.5771070927685457,0.6786384719476851,0.6676052266160131,0.6896717172793572,8.8376800164669e-07,Paired t contrast,0.0004100683527640642,All new prespecified primary confirmation contrasts; no stars in figures
bank,all_columns,27126,512,0.2,bank_n27126_m512_all_columns,fixed_tau_0p03,0.18,12,0,12,-0.5099345445268746,-0.5723416530904946,-0.4475274359632546,-0.20001959316483287,-0.21851201931340278,-0.18152716701626295,0.19569982407548192,0.17919590061931795,0.2122037475316459,-0.004319769089350917,-0.024430333179682986,0.015790795000981152,-0.20001959316483287,-0.21851201931340278,-0.18152716701626295,0.39655422357071773,0.3774117201385627,0.41569672700287275,0.5965738167355507,0.5803240990068617,0.6128235344642396,1.6650300241648964e-09,Paired t contrast,9.80702684233124e-07,All new prespecified primary confirmation contrasts; no stars in figures
bank,all_columns,27126,512,0.2,bank_n27126_m512_all_columns,fixed_tau_0p03,1.0,12,0,12,-0.6305280481413459,-0.6994722674755882,-0.5615838288071036,-0.24438222963664344,-0.2599976242070514,-0.22876683506623544,0.24824640274821227,0.22941363065140513,0.2670791748450194,0.0038641731115688083,-0.018102171546367365,0.02583051776950498,-0.24438222963664344,-0.2599976242070514,-0.22876683506623544,0.3918856651899259,0.37243595910095306,0.41133537127889874,0.6362678948265693,0.6220823241864999,0.6504534654666387,4.987893441120378e-10,Paired t contrast,3.072542359730153e-07,All new prespecified primary confirmation contrasts; no stars in figures
bank,all_columns,27126,512,0.2,bank_n27126_m512_all_columns,matched_q_0p2,0.0001,12,0,12,-0.24966995580928886,-0.2804850781623336,-0.21885483345624415,-0.24555595128252974,-0.2723539569956416,-0.2187579455694179,0.37768774089189616,0.3492181098967577,0.4061573718870346,0.13213178960936645,0.10732427251438839,0.1569393067043445,-0.24555595128252974,-0.2723539569956416,-0.2187579455694179,0.9870974203976832,0.9664935734806083,1.007701267314758,1.232653371680213,1.2085672394018594,1.2567395039585667,1.822388737241063e-09,Paired t contrast,1.0624526338115397e-06,All new prespecified primary confirmation contrasts; no stars in figures
bank,all_columns,27126,512,0.2,bank_n27126_m512_all_columns,matched_q_0p2,0.003,12,0,12,-0.8127946677094514,-0.8738931605452853,-0.7516961748736175,-0.4518266927515297,-0.4790725136290313,-0.4245808718740281,0.6695132371032843,0.6440501371633073,0.6949763370432612,0.21768654435175452,0.1803586619480261,0.2550144267554829,-0.4518266927515297,-0.4790725136290313,-0.4245808718740281,0.5579974993606934,0.5388879059528412,0.5771070927685457,1.0098241921122233,0.9800880366211263,1.0395603476033202,8.683444171870896e-12,Paired t contrast,5.678972488403567e-09,All new prespecified primary confirmation contrasts; no stars in figures
bank,all_columns,27126,512,0.2,bank_n27126_m512_all_columns,matched_q_0p2,0.18,12,0,12,-1.608892289278222,-1.7197478773826809,-1.4980367011737632,-0.6342470954744001,-0.6594347883376156,-0.6090594026111845,0.6215155879950883,0.5814376365921405,0.6615935393980361,-0.012731507479311788,-0.056700138558883895,0.03123712360026032,-0.6342470954744001,-0.6594347883376156,-0.6090594026111845,0.39655422357071773,0.3774117201385627,0.41569672700287275,1.030801319045118,1.001807034921895,1.0597956031683409,3.3662969810988606e-12,Paired t contrast,2.225122304506347e-09,All new prespecified primary confirmation contrasts; no stars in figures
bank,all_columns,27126,512,0.2,bank_n27126_m512_all_columns,matched_q_0p2,1.0,12,0,12,-1.7404464322545081,-1.8930041013443426,-1.5878887631646736,-0.6770919798117326,-0.7160809445478453,-0.63810301507562,0.6266674060449611,0.5856086379652842,0.667726174124638,-0.05042457376677178,-0.10306153642305049,0.002212388889506929,-0.6770919798117326,-0.7160809445478453,-0.63810301507562,0.3918856651899259,0.37243595910095306,0.41133537127889874,1.0689776450016588,1.0290533649367946,1.108901925066523,4.5986116545025126e-11,Paired t contrast,2.9661045171541206e-08,All new prespecified primary confirmation contrasts; no stars in figures
bank,all_columns,27126,512,0.2,bank_n27126_m512_all_columns,public_selected,0.0001,12,0,12,0.013727616294247819,-0.015111774748220834,0.04256700733671647,0.014670593650936167,-0.014359187918866092,0.04370037522073843,-0.014670593650936167,-0.04370037522073843,0.014359187918866092,0.0,0.0,0.0,0.014670593650936167,-0.014359187918866092,0.04370037522073843,0.9870974203976832,0.9664935734806083,1.007701267314758,0.9724268267467471,0.9559903420074755,0.9888633114860187,0.31726357957494616,Paired t contrast,1.0,All new prespecified primary confirmation contrasts; no stars in figures
bank,all_columns,27126,512,0.2,bank_n27126_m512_all_columns,public_selected,0.003,12,0,12,0.05839908246220809,0.02610691001258021,0.09069125491183597,0.03348844078868553,0.014626167642198408,0.05235071393517265,-0.03348844078868553,-0.05235071393517265,-0.014626167642198408,0.0,0.0,0.0,0.03348844078868553,0.014626167642198408,0.05235071393517265,0.5579974993606934,0.5388879059528412,0.5771070927685457,0.5245090585720078,0.5091259541826519,0.5398921629613637,0.00215736037754248,Paired t contrast,0.6126903472220643,All new prespecified primary confirmation contrasts; no stars in figures
bank,all_columns,27126,512,0.2,bank_n27126_m512_all_columns,public_selected,0.18,12,0,12,0.05278355640763494,0.015609335673672758,0.08995777714159713,0.022226262285054744,0.006030933744101935,0.03842159082600755,-0.022226262285054744,-0.03842159082600755,-0.006030933744101935,0.0,0.0,0.0,0.022226262285054744,0.006030933744101935,0.03842159082600755,0.39655422357071773,0.3774117201385627,0.41569672700287275,0.374327961285663,0.36390967192506535,0.3847462506462606,0.009660474561513824,Paired t contrast,1.0,All new prespecified primary confirmation contrasts; no stars in figures
bank,all_columns,27126,512,0.2,bank_n27126_m512_all_columns,public_selected,1.0,12,0,12,0.07129401451259203,0.015558137883314484,0.12702989114186958,0.029787092888375954,0.007846959910400006,0.0517272258663519,-0.029787092888375954,-0.0517272258663519,-0.007846959910400006,0.0,0.0,0.0,0.029787092888375954,0.007846959910400006,0.0517272258663519,0.3918856651899259,0.37243595910095306,0.41133537127889874,0.36209857230155,0.3479451924255014,0.3762519521775986,0.01680631852787811,Paired t contrast,1.0,All new prespecified primary confirmation contrasts; no stars in figures
bank,all_predictors,27126,512,0.1,bank_n27126_m512_all_predictors,fixed_tau_0p03,0.0001,12,0,12,-0.03548028307200186,-0.06155690676535459,-0.009403659378649128,-0.03410618883390475,-0.05979697402160011,-0.008415403646209397,0.052221622992231674,0.02404068005498663,0.08040256592947671,0.01811543415832692,-0.00043240396957612906,0.03666327228622997,-0.03410618883390475,-0.05979697402160011,-0.008415403646209397,0.9870974203976832,0.9664935734806083,1.007701267314758,1.021203609231588,1.0036796416387368,1.038727576824439,0.012194889708334836,Paired t contrast,1.0,All new prespecified primary confirmation contrasts; no stars in figures
bank,all_predictors,27126,512,0.1,bank_n27126_m512_all_predictors,fixed_tau_0p03,0.003,12,0,12,-0.19357298588476846,-0.2359979286584456,-0.1511480431110913,-0.1064590561530097,-0.12722611301819264,-0.08569199928782677,0.1193384392912105,0.10197798459661989,0.13669889398580112,0.012879383138200806,-0.003323674129477712,0.029082440405879324,-0.1064590561530097,-0.12722611301819264,-0.08569199928782677,0.5579974993606934,0.5388879059528412,0.5771070927685457,0.6644565555137031,0.6512038134285559,0.6777092975988502,7.086319656751838e-07,Paired t contrast,0.00033234839190166124,All new prespecified primary confirmation contrasts; no stars in figures
bank,all_predictors,27126,512,0.1,bank_n27126_m512_all_predictors,fixed_tau_0p03,0.18,12,0,12,-0.48852236154245426,-0.5737825646823391,-0.4032621584025694,-0.19161225720746253,-0.22135123775053642,-0.16187327666438864,0.19569982407548192,0.17919590061931795,0.2122037475316459,0.004087566868019421,-0.0259211922921664,0.03409632602820524,-0.19161225720746253,-0.22135123775053642,-0.16187327666438864,0.39655422357071773,0.3774117201385627,0.41569672700287275,0.5881664807781802,0.5599326408389664,0.616400320717394,6.969984673752953e-08,Paired t contrast,3.575602137635265e-05,All new prespecified primary confirmation contrasts; no stars in figures
bank,all_predictors,27126,512,0.1,bank_n27126_m512_all_predictors,fixed_tau_0p03,1.0,12,0,12,-0.6591849829909936,-0.743041602345194,-0.5753283636367932,-0.25505181839544394,-0.2773646584908398,-0.23273897830004805,0.24824640274821227,0.22941363065140513,0.2670791748450194,-0.006805415647231731,-0.024998625432627805,0.01138779413816434,-0.25505181839544394,-0.2773646584908398,-0.23273897830004805,0.3918856651899259,0.37243595910095306,0.41133537127889874,0.64693748358537,0.6302818046172302,0.6635931625535098,2.5148096576746915e-09,Paired t contrast,1.4560747917936464e-06,All new prespecified primary confirmation contrasts; no stars in figures
bank,all_predictors,27126,512,0.1,bank_n27126_m512_all_predictors,matched_q_0p2,0.0001,12,0,12,-0.08983384580531774,-0.12451893625965847,-0.055148755350977005,-0.08730723968700467,-0.12016625900114208,-0.05444822037286725,0.34381277876073585,0.3084532222528974,0.3791723352685743,0.25650553907373114,0.22722990742701962,0.2857811707204427,-0.08730723968700467,-0.12016625900114208,-0.05444822037286725,0.9870974203976832,0.9664935734806083,1.007701267314758,1.0744046600846882,1.0547297855640756,1.0940795346053007,0.0001380855466039581,Paired t contrast,0.04915845459100908,All new prespecified primary confirmation contrasts; no stars in figures
bank,all_predictors,27126,512,0.1,bank_n27126_m512_all_predictors,matched_q_0p2,0.003,12,0,12,-0.7441604566150944,-0.8234681983050949,-0.664852714925094,-0.41221642286621324,-0.44455956696033166,-0.3798732787720948,0.5046914308719451,0.4700604727630468,0.5393223889808434,0.09247500800573182,0.060237568642993455,0.12471244736847018,-0.41221642286621324,-0.44455956696033166,-0.3798732787720948,0.5579974993606934,0.5388879059528412,0.5771070927685457,0.9702139222269067,0.9484114050829906,0.9920164393708228,3.786573050698214e-10,Paired t contrast,2.3666081566863838e-07,All new prespecified primary confirmation contrasts; no stars in figures
bank,all_predictors,27126,512,0.1,bank_n27126_m512_all_predictors,matched_q_0p2,0.18,12,0,12,-1.6173893799786587,-1.7883176079449032,-1.4464611520124142,-0.6347791094746397,-0.6800233920675205,-0.5895348268817588,0.5756334895314977,0.5392806947957026,0.6119862842672928,-0.05914561994314201,-0.10478027908432162,-0.013510960801962402,-0.6347791094746397,-0.6800233920675205,-0.5895348268817588,0.39655422357071773,0.3774117201385627,0.41569672700287275,1.0313333330453576,0.9972011325371993,1.065465533553516,3.45957717655258e-10,Paired t contrast,2.1760740440515728e-07,All new prespecified primary confirmation contrasts; no stars in figures
bank,all_predictors,27126,512,0.1,bank_n27126_m512_all_predictors,matched_q_0p2,1.0,12,0,12,-1.7371221277062372,-1.9373014086723694,-1.536942846740105,-0.672900036054591,-0.7200753220645142,-0.6257247500446679,0.6276407252156364,0.5928637745837837,0.6624176758474891,-0.045259310838954674,-0.08995395994317643,-0.0005646617347329144,-0.672900036054591,-0.7200753220645142,-0.6257247500446679,0.3918856651899259,0.37243595910095306,0.41133537127889874,1.064785701244517,1.028386220920072,1.101185181568962,8.754330249505396e-10,Paired t contrast,5.322632791699281e-07,All new prespecified primary confirmation contrasts; no stars in figures
bank,all_predictors,27126,512,0.1,bank_n27126_m512_all_predictors,public_selected,0.0001,12,0,12,0.013727616294247819,-0.015111774748220834,0.04256700733671647,0.014670593650936167,-0.014359187918866092,0.04370037522073843,-0.014670593650936167,-0.04370037522073843,0.014359187918866092,0.0,0.0,0.0,0.014670593650936167,-0.014359187918866092,0.04370037522073843,0.9870974203976832,0.9664935734806083,1.007701267314758,0.9724268267467471,0.9559903420074755,0.9888633114860187,0.31726357957494616,Paired t contrast,1.0,All new prespecified primary confirmation contrasts; no stars in figures
bank,all_predictors,27126,512,0.1,bank_n27126_m512_all_predictors,public_selected,0.003,12,0,12,0.05839908246220809,0.02610691001258021,0.09069125491183597,0.03348844078868553,0.014626167642198408,0.05235071393517265,-0.03348844078868553,-0.05235071393517265,-0.014626167642198408,0.0,0.0,0.0,0.03348844078868553,0.014626167642198408,0.05235071393517265,0.5579974993606934,0.5388879059528412,0.5771070927685457,0.5245090585720078,0.5091259541826519,0.5398921629613637,0.00215736037754248,Paired t contrast,0.6126903472220643,All new prespecified primary confirmation contrasts; no stars in figures
bank,all_predictors,27126,512,0.1,bank_n27126_m512_all_predictors,public_selected,0.18,12,0,12,0.05278355640763494,0.015609335673672758,0.08995777714159713,0.022226262285054744,0.006030933744101935,0.03842159082600755,-0.022226262285054744,-0.03842159082600755,-0.006030933744101935,0.0,0.0,0.0,0.022226262285054744,0.006030933744101935,0.03842159082600755,0.39655422357071773,0.3774117201385627,0.41569672700287275,0.374327961285663,0.36390967192506535,0.3847462506462606,0.009660474561513824,Paired t contrast,1.0,All new prespecified primary confirmation contrasts; no stars in figures
bank,all_predictors,27126,512,0.1,bank_n27126_m512_all_predictors,public_selected,1.0,12,0,12,0.07129401451259203,0.015558137883314484,0.12702989114186958,0.029787092888375954,0.007846959910400006,0.0517272258663519,-0.029787092888375954,-0.0517272258663519,-0.007846959910400006,0.0,0.0,0.0,0.029787092888375954,0.007846959910400006,0.0517272258663519,0.3918856651899259,0.37243595910095306,0.41133537127889874,0.36209857230155,0.3479451924255014,0.3762519521775986,0.01680631852787811,Paired t contrast,1.0,All new prespecified primary confirmation contrasts; no stars in figures
bank,balance,27126,512,0.0008333333333333333,bank_n27126_m512_balance,fixed_tau_0p03,0.0001,12,0,12,0.3708894479999468,0.3545388283753693,0.38724006762452423,0.3664071643236943,0.3458342026632183,0.3869801259841703,0.052221622992231674,0.02404068005498663,0.08040256592947671,0.41862878731592595,0.4001269642855601,0.4371306103462918,0.3664071643236943,0.3458342026632183,0.3869801259841703,0.9870974203976832,0.9664935734806083,1.007701267314758,0.6206902560739891,0.6044640545078027,0.6369164576401755,2.5570336497950585e-14,Paired t contrast,1.7208836463120742e-11,All new prespecified primary confirmation contrasts; no stars in figures
bank,balance,27126,512,0.0008333333333333333,bank_n27126_m512_balance,fixed_tau_0p03,0.003,12,0,12,-0.23858877377568735,-0.30679805240046126,-0.17037949515091344,-0.13087788105555864,-0.16495949386060627,-0.09679626825051103,0.1193384392912105,0.10197798459661989,0.13669889398580112,-0.011539441764348115,-0.04287386866442836,0.019794985135732128,-0.13087788105555864,-0.16495949386060627,-0.09679626825051103,0.5579974993606934,0.5388879059528412,0.5771070927685457,0.6888753804162521,0.6639850410594319,0.7137657197730722,9.390695595895386e-06,Paired t contrast,0.0038971386722965852,All new prespecified primary confirmation contrasts; no stars in figures
bank,balance,27126,512,0.0008333333333333333,bank_n27126_m512_balance,fixed_tau_0p03,0.18,12,0,12,-0.7759829198045326,-0.9261700393130774,-0.6257958002959878,-0.3020913282661082,-0.351210105555276,-0.2529725509769404,0.19569982407548192,0.17919590061931795,0.2122037475316459,-0.10639150419062622,-0.148007716733743,-0.06477529164750945,-0.3020913282661082,-0.351210105555276,-0.2529725509769404,0.39655422357071773,0.3774117201385627,0.41569672700287275,0.6986455518368259,0.6629052175592243,0.7343858861144275,2.0173173999304234e-07,Paired t contrast,0.00010086586999652117,All new prespecified primary confirmation contrasts; no stars in figures
bank,balance,27126,512,0.0008333333333333333,bank_n27126_m512_balance,fixed_tau_0p03,1.0,12,0,12,-0.6876014876959324,-0.8004724348413523,-0.5747305405505125,-0.26546283713346414,-0.29800355602727885,-0.2329221182396494,0.24824640274821227,0.22941363065140513,0.2670791748450194,-0.0172164343852519,-0.05098844949675102,0.016555580726247226,-0.26546283713346414,-0.29800355602727885,-0.2329221182396494,0.3918856651899259,0.37243595910095306,0.41133537127889874,0.6573485023233899,0.6320427098301392,0.6826542948166406,3.689575779148454e-08,Paired t contrast,1.9296481324946415e-05,All new prespecified primary confirmation contrasts; no stars in figures
bank,balance,27126,512,0.0008333333333333333,bank_n27126_m512_balance,matched_q_0p2,0.0001,12,0,12,0.4464542646790868,0.4222663276192588,0.47064220173891474,0.4413690903011998,0.41170784475302713,0.4710303358493725,-0.008222808157322348,-0.029410172893008894,0.012964556578364199,0.4331462821438774,0.4042892193230278,0.462003344964727,0.4413690903011998,0.41170784475302713,0.4710303358493725,0.9870974203976832,0.9664935734806083,1.007701267314758,0.5457283300964835,0.5269948953990284,0.5644617647939385,2.4414701793231007e-13,Paired t contrast,1.6309020797878312e-10,All new prespecified primary confirmation contrasts; no stars in figures
bank,balance,27126,512,0.0008333333333333333,bank_n27126_m512_balance,matched_q_0p2,0.003,12,0,12,0.3131672909504186,0.27661138606086744,0.3497231958399698,0.17576595127677028,0.15119781814473615,0.2003340844088044,-0.03223457543127282,-0.044649910350107846,-0.019819240512437785,0.14353137584549744,0.12430101075598704,0.16276174093500784,0.17576595127677028,0.15119781814473615,0.2003340844088044,0.5579974993606934,0.5388879059528412,0.5771070927685457,0.3822315480839231,0.3665730159253503,0.39789008024249595,1.0047440023910318e-09,Paired t contrast,6.02846401434619e-07,All new prespecified primary confirmation contrasts; no stars in figures
bank,balance,27126,512,0.0008333333333333333,bank_n27126_m512_balance,matched_q_0p2,0.18,12,0,12,0.07429410253070733,0.04124268017786099,0.10734552488355367,0.03054947326315935,0.016289491202377673,0.044809455323941025,-0.027373537514053223,-0.047801035631067114,-0.006946039397039333,0.0031759357491061243,-0.010854572518797555,0.017206444017009805,0.03054947326315935,0.016289491202377673,0.044809455323941025,0.39655422357071773,0.3774117201385627,0.41569672700287275,0.36600475030755836,0.3549511758810715,0.3770583247340452,0.0004373949884585009,Paired t contrast,0.13471765644521827,All new prespecified primary confirmation contrasts; no stars in figures
bank,balance,27126,512,0.0008333333333333333,bank_n27126_m512_balance,matched_q_0p2,1.0,12,0,12,0.10053150031799098,0.0666836503330919,0.13437935030289005,0.040715356059244735,0.025881581672238828,0.05554913044625064,-0.03073841429489664,-0.052661621428931465,-0.008815207160861815,0.009976941764348097,-0.003856825658783319,0.02381070918747951,0.040715356059244735,0.025881581672238828,0.05554913044625064,0.3918856651899259,0.37243595910095306,0.41133537127889874,0.3511703091306812,0.34237740986024895,0.35996320840111345,4.208584054840333e-05,Paired t contrast,0.01590844772729646,All new prespecified primary confirmation contrasts; no stars in figures
bank,balance,27126,512,0.0008333333333333333,bank_n27126_m512_balance,public_selected,0.0001,12,0,12,0.5031029717108116,0.4850319520988372,0.5211739913227861,0.49732370975247897,0.46976883925660806,0.5248785802483499,0.025223858117696996,-0.003990849049645216,0.05443856528503921,0.5225475678701759,0.5007549732163603,0.5443401625239914,0.49732370975247897,0.46976883925660806,0.5248785802483499,0.9870974203976832,0.9664935734806083,1.007701267314758,0.4897737106452044,0.47856111585673794,0.5009863054336708,2.7063987912679702e-15,Paired t contrast,1.834938380479684e-12,All new prespecified primary confirmation contrasts; no stars in figures
bank,balance,27126,512,0.0008333333333333333,bank_n27126_m512_balance,public_selected,0.003,12,0,12,0.3070420346171568,0.2781799680005222,0.3359041012337914,0.17212819566930224,0.15169979182429455,0.19255659951430992,-0.03348844078868553,-0.05235071393517265,-0.014626167642198408,0.1386397548806167,0.12647666869579413,0.15080284106543926,0.17212819566930224,0.15169979182429455,0.19255659951430992,0.5579974993606934,0.5388879059528412,0.5771070927685457,0.3858693036913911,0.37303781020170357,0.39870079718107865,9.792162451140682e-11,Paired t contrast,6.266983968730036e-08,All new prespecified primary confirmation contrasts; no stars in figures
bank,balance,27126,512,0.0008333333333333333,bank_n27126_m512_balance,public_selected,0.18,12,0,12,0.07080806414931241,0.024870686357835216,0.11674544194078962,0.029755149154272183,0.010192601946636341,0.049317696361908026,-0.022226262285054744,-0.03842159082600755,-0.006030933744101935,0.007528886869217437,-0.0035821056448873964,0.01863987938332227,0.029755149154272183,0.010192601946636341,0.049317696361908026,0.39655422357071773,0.3774117201385627,0.41569672700287275,0.3667990744164455,0.357195319903178,0.376402828929713,0.006007109938472268,Paired t contrast,1.0,All new prespecified primary confirmation contrasts; no stars in figures
bank,balance,27126,512,0.0008333333333333333,bank_n27126_m512_balance,public_selected,1.0,12,0,12,0.06387816095396248,8.038095282138225e-05,0.1276759409551036,0.027528990540565484,0.0031828427574033397,0.05187513832372763,-0.029787092888375954,-0.0517272258663519,-0.007846959910400006,-0.002258102347810468,-0.01781849430555033,0.013302289609929392,0.027528990540565484,0.0031828427574033397,0.05187513832372763,0.3918856651899259,0.37243595910095306,0.41133537127889874,0.36435667464936045,0.35415829029280493,0.37455505900591596,0.049758367009550934,Paired t contrast,1.0,All new prespecified primary confirmation contrasts; no stars in figures
bank,education,27126,512,0.1,bank_n27126_m512_education,fixed_tau_0p03,0.0001,12,0,12,-0.03548028307200186,-0.06155690676535459,-0.009403659378649128,-0.03410618883390475,-0.05979697402160011,-0.008415403646209397,0.052221622992231674,0.02404068005498663,0.08040256592947671,0.01811543415832692,-0.00043240396957612906,0.03666327228622997,-0.03410618883390475,-0.05979697402160011,-0.008415403646209397,0.9870974203976832,0.9664935734806083,1.007701267314758,1.021203609231588,1.0036796416387368,1.038727576824439,0.012194889708334836,Paired t contrast,1.0,All new prespecified primary confirmation contrasts; no stars in figures
bank,education,27126,512,0.1,bank_n27126_m512_education,fixed_tau_0p03,0.003,12,0,12,-0.19357298588476846,-0.2359979286584456,-0.1511480431110913,-0.1064590561530097,-0.12722611301819264,-0.08569199928782677,0.1193384392912105,0.10197798459661989,0.13669889398580112,0.012879383138200806,-0.003323674129477712,0.029082440405879324,-0.1064590561530097,-0.12722611301819264,-0.08569199928782677,0.5579974993606934,0.5388879059528412,0.5771070927685457,0.6644565555137031,0.6512038134285559,0.6777092975988502,7.086319656751838e-07,Paired t contrast,0.00033234839190166124,All new prespecified primary confirmation contrasts; no stars in figures
bank,education,27126,512,0.1,bank_n27126_m512_education,fixed_tau_0p03,0.18,12,0,12,-0.48852236154245426,-0.5737825646823391,-0.4032621584025694,-0.19161225720746253,-0.22135123775053642,-0.16187327666438864,0.19569982407548192,0.17919590061931795,0.2122037475316459,0.004087566868019421,-0.0259211922921664,0.03409632602820524,-0.19161225720746253,-0.22135123775053642,-0.16187327666438864,0.39655422357071773,0.3774117201385627,0.41569672700287275,0.5881664807781802,0.5599326408389664,0.616400320717394,6.969984673752953e-08,Paired t contrast,3.575602137635265e-05,All new prespecified primary confirmation contrasts; no stars in figures
bank,education,27126,512,0.1,bank_n27126_m512_education,fixed_tau_0p03,1.0,12,0,12,-0.6591849829909936,-0.743041602345194,-0.5753283636367932,-0.25505181839544394,-0.2773646584908398,-0.23273897830004805,0.24824640274821227,0.22941363065140513,0.2670791748450194,-0.006805415647231731,-0.024998625432627805,0.01138779413816434,-0.25505181839544394,-0.2773646584908398,-0.23273897830004805,0.3918856651899259,0.37243595910095306,0.41133537127889874,0.64693748358537,0.6302818046172302,0.6635931625535098,2.5148096576746915e-09,Paired t contrast,1.4560747917936464e-06,All new prespecified primary confirmation contrasts; no stars in figures
bank,education,27126,512,0.1,bank_n27126_m512_education,matched_q_0p2,0.0001,12,0,12,-0.08983384580531774,-0.12451893625965847,-0.055148755350977005,-0.08730723968700467,-0.12016625900114208,-0.05444822037286725,0.34381277876073585,0.3084532222528974,0.3791723352685743,0.25650553907373114,0.22722990742701962,0.2857811707204427,-0.08730723968700467,-0.12016625900114208,-0.05444822037286725,0.9870974203976832,0.9664935734806083,1.007701267314758,1.0744046600846882,1.0547297855640756,1.0940795346053007,0.0001380855466039581,Paired t contrast,0.04915845459100908,All new prespecified primary confirmation contrasts; no stars in figures
bank,education,27126,512,0.1,bank_n27126_m512_education,matched_q_0p2,0.003,12,0,12,-0.7441604566150944,-0.8234681983050949,-0.664852714925094,-0.41221642286621324,-0.44455956696033166,-0.3798732787720948,0.5046914308719451,0.4700604727630468,0.5393223889808434,0.09247500800573182,0.060237568642993455,0.12471244736847018,-0.41221642286621324,-0.44455956696033166,-0.3798732787720948,0.5579974993606934,0.5388879059528412,0.5771070927685457,0.9702139222269067,0.9484114050829906,0.9920164393708228,3.786573050698214e-10,Paired t contrast,2.3666081566863838e-07,All new prespecified primary confirmation contrasts; no stars in figures
bank,education,27126,512,0.1,bank_n27126_m512_education,matched_q_0p2,0.18,12,0,12,-1.6173893799786587,-1.7883176079449032,-1.4464611520124142,-0.6347791094746397,-0.6800233920675205,-0.5895348268817588,0.5756334895314977,0.5392806947957026,0.6119862842672928,-0.05914561994314201,-0.10478027908432162,-0.013510960801962402,-0.6347791094746397,-0.6800233920675205,-0.5895348268817588,0.39655422357071773,0.3774117201385627,0.41569672700287275,1.0313333330453576,0.9972011325371993,1.065465533553516,3.45957717655258e-10,Paired t contrast,2.1760740440515728e-07,All new prespecified primary confirmation contrasts; no stars in figures
bank,education,27126,512,0.1,bank_n27126_m512_education,matched_q_0p2,1.0,12,0,12,-1.7371221277062372,-1.9373014086723694,-1.536942846740105,-0.672900036054591,-0.7200753220645142,-0.6257247500446679,0.6276407252156364,0.5928637745837837,0.6624176758474891,-0.045259310838954674,-0.08995395994317643,-0.0005646617347329144,-0.672900036054591,-0.7200753220645142,-0.6257247500446679,0.3918856651899259,0.37243595910095306,0.41133537127889874,1.064785701244517,1.028386220920072,1.101185181568962,8.754330249505396e-10,Paired t contrast,5.322632791699281e-07,All new prespecified primary confirmation contrasts; no stars in figures
bank,education,27126,512,0.1,bank_n27126_m512_education,public_selected,0.0001,12,0,12,0.013727616294247819,-0.015111774748220834,0.04256700733671647,0.014670593650936167,-0.014359187918866092,0.04370037522073843,-0.014670593650936167,-0.04370037522073843,0.014359187918866092,0.0,0.0,0.0,0.014670593650936167,-0.014359187918866092,0.04370037522073843,0.9870974203976832,0.9664935734806083,1.007701267314758,0.9724268267467471,0.9559903420074755,0.9888633114860187,0.31726357957494616,Paired t contrast,1.0,All new prespecified primary confirmation contrasts; no stars in figures
bank,education,27126,512,0.1,bank_n27126_m512_education,public_selected,0.003,12,0,12,0.05839908246220809,0.02610691001258021,0.09069125491183597,0.03348844078868553,0.014626167642198408,0.05235071393517265,-0.03348844078868553,-0.05235071393517265,-0.014626167642198408,0.0,0.0,0.0,0.03348844078868553,0.014626167642198408,0.05235071393517265,0.5579974993606934,0.5388879059528412,0.5771070927685457,0.5245090585720078,0.5091259541826519,0.5398921629613637,0.00215736037754248,Paired t contrast,0.6126903472220643,All new prespecified primary confirmation contrasts; no stars in figures
bank,education,27126,512,0.1,bank_n27126_m512_education,public_selected,0.18,12,0,12,0.05278355640763494,0.015609335673672758,0.08995777714159713,0.022226262285054744,0.006030933744101935,0.03842159082600755,-0.022226262285054744,-0.03842159082600755,-0.006030933744101935,0.0,0.0,0.0,0.022226262285054744,0.006030933744101935,0.03842159082600755,0.39655422357071773,0.3774117201385627,0.41569672700287275,0.374327961285663,0.36390967192506535,0.3847462506462606,0.009660474561513824,Paired t contrast,1.0,All new prespecified primary confirmation contrasts; no stars in figures
bank,education,27126,512,0.1,bank_n27126_m512_education,public_selected,1.0,12,0,12,0.07129401451259203,0.015558137883314484,0.12702989114186958,0.029787092888375954,0.007846959910400006,0.0517272258663519,-0.029787092888375954,-0.0517272258663519,-0.007846959910400006,0.0,0.0,0.0,0.029787092888375954,0.007846959910400006,0.0517272258663519,0.3918856651899259,0.37243595910095306,0.41133537127889874,0.36209857230155,0.3479451924255014,0.3762519521775986,0.01680631852787811,Paired t contrast,1.0,All new prespecified primary confirmation contrasts; no stars in figures
bank,job,27126,512,0.1,bank_n27126_m512_job,fixed_tau_0p03,0.0001,12,0,12,-0.03548028307200186,-0.06155690676535459,-0.009403659378649128,-0.03410618883390475,-0.05979697402160011,-0.008415403646209397,0.052221622992231674,0.02404068005498663,0.08040256592947671,0.01811543415832692,-0.00043240396957612906,0.03666327228622997,-0.03410618883390475,-0.05979697402160011,-0.008415403646209397,0.9870974203976832,0.9664935734806083,1.007701267314758,1.021203609231588,1.0036796416387368,1.038727576824439,0.012194889708334836,Paired t contrast,1.0,All new prespecified primary confirmation contrasts; no stars in figures
bank,job,27126,512,0.1,bank_n27126_m512_job,fixed_tau_0p03,0.003,12,0,12,-0.19357298588476846,-0.2359979286584456,-0.1511480431110913,-0.1064590561530097,-0.12722611301819264,-0.08569199928782677,0.1193384392912105,0.10197798459661989,0.13669889398580112,0.012879383138200806,-0.003323674129477712,0.029082440405879324,-0.1064590561530097,-0.12722611301819264,-0.08569199928782677,0.5579974993606934,0.5388879059528412,0.5771070927685457,0.6644565555137031,0.6512038134285559,0.6777092975988502,7.086319656751838e-07,Paired t contrast,0.00033234839190166124,All new prespecified primary confirmation contrasts; no stars in figures
bank,job,27126,512,0.1,bank_n27126_m512_job,fixed_tau_0p03,0.18,12,0,12,-0.48852236154245426,-0.5737825646823391,-0.4032621584025694,-0.19161225720746253,-0.22135123775053642,-0.16187327666438864,0.19569982407548192,0.17919590061931795,0.2122037475316459,0.004087566868019421,-0.0259211922921664,0.03409632602820524,-0.19161225720746253,-0.22135123775053642,-0.16187327666438864,0.39655422357071773,0.3774117201385627,0.41569672700287275,0.5881664807781802,0.5599326408389664,0.616400320717394,6.969984673752953e-08,Paired t contrast,3.575602137635265e-05,All new prespecified primary confirmation contrasts; no stars in figures
bank,job,27126,512,0.1,bank_n27126_m512_job,fixed_tau_0p03,1.0,12,0,12,-0.6591849829909936,-0.743041602345194,-0.5753283636367932,-0.25505181839544394,-0.2773646584908398,-0.23273897830004805,0.24824640274821227,0.22941363065140513,0.2670791748450194,-0.006805415647231731,-0.024998625432627805,0.01138779413816434,-0.25505181839544394,-0.2773646584908398,-0.23273897830004805,0.3918856651899259,0.37243595910095306,0.41133537127889874,0.64693748358537,0.6302818046172302,0.6635931625535098,2.5148096576746915e-09,Paired t contrast,1.4560747917936464e-06,All new prespecified primary confirmation contrasts; no stars in figures
bank,job,27126,512,0.1,bank_n27126_m512_job,matched_q_0p2,0.0001,12,0,12,-0.08983384580531774,-0.12451893625965847,-0.055148755350977005,-0.08730723968700467,-0.12016625900114208,-0.05444822037286725,0.34381277876073585,0.3084532222528974,0.3791723352685743,0.25650553907373114,0.22722990742701962,0.2857811707204427,-0.08730723968700467,-0.12016625900114208,-0.05444822037286725,0.9870974203976832,0.9664935734806083,1.007701267314758,1.0744046600846882,1.0547297855640756,1.0940795346053007,0.0001380855466039581,Paired t contrast,0.04915845459100908,All new prespecified primary confirmation contrasts; no stars in figures
bank,job,27126,512,0.1,bank_n27126_m512_job,matched_q_0p2,0.003,12,0,12,-0.7441604566150944,-0.8234681983050949,-0.664852714925094,-0.41221642286621324,-0.44455956696033166,-0.3798732787720948,0.5046914308719451,0.4700604727630468,0.5393223889808434,0.09247500800573182,0.060237568642993455,0.12471244736847018,-0.41221642286621324,-0.44455956696033166,-0.3798732787720948,0.5579974993606934,0.5388879059528412,0.5771070927685457,0.9702139222269067,0.9484114050829906,0.9920164393708228,3.786573050698214e-10,Paired t contrast,2.3666081566863838e-07,All new prespecified primary confirmation contrasts; no stars in figures
bank,job,27126,512,0.1,bank_n27126_m512_job,matched_q_0p2,0.18,12,0,12,-1.6173893799786587,-1.7883176079449032,-1.4464611520124142,-0.6347791094746397,-0.6800233920675205,-0.5895348268817588,0.5756334895314977,0.5392806947957026,0.6119862842672928,-0.05914561994314201,-0.10478027908432162,-0.013510960801962402,-0.6347791094746397,-0.6800233920675205,-0.5895348268817588,0.39655422357071773,0.3774117201385627,0.41569672700287275,1.0313333330453576,0.9972011325371993,1.065465533553516,3.45957717655258e-10,Paired t contrast,2.1760740440515728e-07,All new prespecified primary confirmation contrasts; no stars in figures
bank,job,27126,512,0.1,bank_n27126_m512_job,matched_q_0p2,1.0,12,0,12,-1.7371221277062372,-1.9373014086723694,-1.536942846740105,-0.672900036054591,-0.7200753220645142,-0.6257247500446679,0.6276407252156364,0.5928637745837837,0.6624176758474891,-0.045259310838954674,-0.08995395994317643,-0.0005646617347329144,-0.672900036054591,-0.7200753220645142,-0.6257247500446679,0.3918856651899259,0.37243595910095306,0.41133537127889874,1.064785701244517,1.028386220920072,1.101185181568962,8.754330249505396e-10,Paired t contrast,5.322632791699281e-07,All new prespecified primary confirmation contrasts; no stars in figures
bank,job,27126,512,0.1,bank_n27126_m512_job,public_selected,0.0001,12,0,12,0.013727616294247819,-0.015111774748220834,0.04256700733671647,0.014670593650936167,-0.014359187918866092,0.04370037522073843,-0.014670593650936167,-0.04370037522073843,0.014359187918866092,0.0,0.0,0.0,0.014670593650936167,-0.014359187918866092,0.04370037522073843,0.9870974203976832,0.9664935734806083,1.007701267314758,0.9724268267467471,0.9559903420074755,0.9888633114860187,0.31726357957494616,Paired t contrast,1.0,All new prespecified primary confirmation contrasts; no stars in figures
bank,job,27126,512,0.1,bank_n27126_m512_job,public_selected,0.003,12,0,12,0.05839908246220809,0.02610691001258021,0.09069125491183597,0.03348844078868553,0.014626167642198408,0.05235071393517265,-0.03348844078868553,-0.05235071393517265,-0.014626167642198408,0.0,0.0,0.0,0.03348844078868553,0.014626167642198408,0.05235071393517265,0.5579974993606934,0.5388879059528412,0.5771070927685457,0.5245090585720078,0.5091259541826519,0.5398921629613637,0.00215736037754248,Paired t contrast,0.6126903472220643,All new prespecified primary confirmation contrasts; no stars in figures
bank,job,27126,512,0.1,bank_n27126_m512_job,public_selected,0.18,12,0,12,0.05278355640763494,0.015609335673672758,0.08995777714159713,0.022226262285054744,0.006030933744101935,0.03842159082600755,-0.022226262285054744,-0.03842159082600755,-0.006030933744101935,0.0,0.0,0.0,0.022226262285054744,0.006030933744101935,0.03842159082600755,0.39655422357071773,0.3774117201385627,0.41569672700287275,0.374327961285663,0.36390967192506535,0.3847462506462606,0.009660474561513824,Paired t contrast,1.0,All new prespecified primary confirmation contrasts; no stars in figures
bank,job,27126,512,0.1,bank_n27126_m512_job,public_selected,1.0,12,0,12,0.07129401451259203,0.015558137883314484,0.12702989114186958,0.029787092888375954,0.007846959910400006,0.0517272258663519,-0.029787092888375954,-0.0517272258663519,-0.007846959910400006,0.0,0.0,0.0,0.029787092888375954,0.007846959910400006,0.0517272258663519,0.3918856651899259,0.37243595910095306,0.41133537127889874,0.36209857230155,0.3479451924255014,0.3762519521775986,0.01680631852787811,Paired t contrast,1.0,All new prespecified primary confirmation contrasts; no stars in figures
bank,y,27126,512,0.2,bank_n27126_m512_y,fixed_tau_0p03,0.0001,12,0,12,-0.06630939047363114,-0.08501922787372948,-0.04759955307353281,-0.06489880020573013,-0.08302250665872915,-0.04677509375273112,0.052221622992231674,0.02404068005498663,0.08040256592947671,-0.012677177213498462,-0.03863595837550071,0.01328160394850379,-0.06489880020573013,-0.08302250665872915,-0.04677509375273112,0.9870974203976832,0.9664935734806083,1.007701267314758,1.0519962206034135,1.034368117075977,1.0696243241308498,8.298284076600651e-06,Paired t contrast,0.0034852793121722737,All new prespecified primary confirmation contrasts; no stars in figures
bank,y,27126,512,0.2,bank_n27126_m512_y,fixed_tau_0p03,0.003,12,0,12,-0.2196314640140786,-0.26884470030896207,-0.17041822771919513,-0.12064097258699173,-0.1432834664034101,-0.09799847877057336,0.1193384392912105,0.10197798459661989,0.13669889398580112,-0.0013025332957812275,-0.014916214744819299,0.012311148153256844,-0.12064097258699173,-0.1432834664034101,-0.09799847877057336,0.5579974993606934,0.5388879059528412,0.5771070927685457,0.6786384719476851,0.6676052266160131,0.6896717172793572,8.8376800164669e-07,Paired t contrast,0.0004100683527640642,All new prespecified primary confirmation contrasts; no stars in figures
bank,y,27126,512,0.2,bank_n27126_m512_y,fixed_tau_0p03,0.18,12,0,12,-0.5099345445268746,-0.5723416530904946,-0.4475274359632546,-0.20001959316483287,-0.21851201931340278,-0.18152716701626295,0.19569982407548192,0.17919590061931795,0.2122037475316459,-0.004319769089350917,-0.024430333179682986,0.015790795000981152,-0.20001959316483287,-0.21851201931340278,-0.18152716701626295,0.39655422357071773,0.3774117201385627,0.41569672700287275,0.5965738167355507,0.5803240990068617,0.6128235344642396,1.6650300241648964e-09,Paired t contrast,9.80702684233124e-07,All new prespecified primary confirmation contrasts; no stars in figures
bank,y,27126,512,0.2,bank_n27126_m512_y,fixed_tau_0p03,1.0,12,0,12,-0.6305280481413459,-0.6994722674755882,-0.5615838288071036,-0.24438222963664344,-0.2599976242070514,-0.22876683506623544,0.24824640274821227,0.22941363065140513,0.2670791748450194,0.0038641731115688083,-0.018102171546367365,0.02583051776950498,-0.24438222963664344,-0.2599976242070514,-0.22876683506623544,0.3918856651899259,0.37243595910095306,0.41133537127889874,0.6362678948265693,0.6220823241864999,0.6504534654666387,4.987893441120378e-10,Paired t contrast,3.072542359730153e-07,All new prespecified primary confirmation contrasts; no stars in figures
bank,y,27126,512,0.2,bank_n27126_m512_y,matched_q_0p2,0.0001,12,0,12,-0.24966995580928886,-0.2804850781623336,-0.21885483345624415,-0.24555595128252974,-0.2723539569956416,-0.2187579455694179,0.37768774089189616,0.3492181098967577,0.4061573718870346,0.13213178960936645,0.10732427251438839,0.1569393067043445,-0.24555595128252974,-0.2723539569956416,-0.2187579455694179,0.9870974203976832,0.9664935734806083,1.007701267314758,1.232653371680213,1.2085672394018594,1.2567395039585667,1.822388737241063e-09,Paired t contrast,1.0624526338115397e-06,All new prespecified primary confirmation contrasts; no stars in figures
bank,y,27126,512,0.2,bank_n27126_m512_y,matched_q_0p2,0.003,12,0,12,-0.8127946677094514,-0.8738931605452853,-0.7516961748736175,-0.4518266927515297,-0.4790725136290313,-0.4245808718740281,0.6695132371032843,0.6440501371633073,0.6949763370432612,0.21768654435175452,0.1803586619480261,0.2550144267554829,-0.4518266927515297,-0.4790725136290313,-0.4245808718740281,0.5579974993606934,0.5388879059528412,0.5771070927685457,1.0098241921122233,0.9800880366211263,1.0395603476033202,8.683444171870896e-12,Paired t contrast,5.678972488403567e-09,All new prespecified primary confirmation contrasts; no stars in figures
bank,y,27126,512,0.2,bank_n27126_m512_y,matched_q_0p2,0.18,12,0,12,-1.608892289278222,-1.7197478773826809,-1.4980367011737632,-0.6342470954744001,-0.6594347883376156,-0.6090594026111845,0.6215155879950883,0.5814376365921405,0.6615935393980361,-0.012731507479311788,-0.056700138558883895,0.03123712360026032,-0.6342470954744001,-0.6594347883376156,-0.6090594026111845,0.39655422357071773,0.3774117201385627,0.41569672700287275,1.030801319045118,1.001807034921895,1.0597956031683409,3.3662969810988606e-12,Paired t contrast,2.225122304506347e-09,All new prespecified primary confirmation contrasts; no stars in figures
bank,y,27126,512,0.2,bank_n27126_m512_y,matched_q_0p2,1.0,12,0,12,-1.7404464322545081,-1.8930041013443426,-1.5878887631646736,-0.6770919798117326,-0.7160809445478453,-0.63810301507562,0.6266674060449611,0.5856086379652842,0.667726174124638,-0.05042457376677178,-0.10306153642305049,0.002212388889506929,-0.6770919798117326,-0.7160809445478453,-0.63810301507562,0.3918856651899259,0.37243595910095306,0.41133537127889874,1.0689776450016588,1.0290533649367946,1.108901925066523,4.5986116545025126e-11,Paired t contrast,2.9661045171541206e-08,All new prespecified primary confirmation contrasts; no stars in figures
bank,y,27126,512,0.2,bank_n27126_m512_y,public_selected,0.0001,12,0,12,0.013727616294247819,-0.015111774748220834,0.04256700733671647,0.014670593650936167,-0.014359187918866092,0.04370037522073843,-0.014670593650936167,-0.04370037522073843,0.014359187918866092,0.0,0.0,0.0,0.014670593650936167,-0.014359187918866092,0.04370037522073843,0.9870974203976832,0.9664935734806083,1.007701267314758,0.9724268267467471,0.9559903420074755,0.9888633114860187,0.31726357957494616,Paired t contrast,1.0,All new prespecified primary confirmation contrasts; no stars in figures
bank,y,27126,512,0.2,bank_n27126_m512_y,public_selected,0.003,12,0,12,0.05839908246220809,0.02610691001258021,0.09069125491183597,0.03348844078868553,0.014626167642198408,0.05235071393517265,-0.03348844078868553,-0.05235071393517265,-0.014626167642198408,0.0,0.0,0.0,0.03348844078868553,0.014626167642198408,0.05235071393517265,0.5579974993606934,0.5388879059528412,0.5771070927685457,0.5245090585720078,0.5091259541826519,0.5398921629613637,0.00215736037754248,Paired t contrast,0.6126903472220643,All new prespecified primary confirmation contrasts; no stars in figures
bank,y,27126,512,0.2,bank_n27126_m512_y,public_selected,0.18,12,0,12,0.05278355640763494,0.015609335673672758,0.08995777714159713,0.022226262285054744,0.006030933744101935,0.03842159082600755,-0.022226262285054744,-0.03842159082600755,-0.006030933744101935,0.0,0.0,0.0,0.022226262285054744,0.006030933744101935,0.03842159082600755,0.39655422357071773,0.3774117201385627,0.41569672700287275,0.374327961285663,0.36390967192506535,0.3847462506462606,0.009660474561513824,Paired t contrast,1.0,All new prespecified primary confirmation contrasts; no stars in figures
bank,y,27126,512,0.2,bank_n27126_m512_y,public_selected,1.0,12,0,12,0.07129401451259203,0.015558137883314484,0.12702989114186958,0.029787092888375954,0.007846959910400006,0.0517272258663519,-0.029787092888375954,-0.0517272258663519,-0.007846959910400006,0.0,0.0,0.0,0.029787092888375954,0.007846959910400006,0.0517272258663519,0.3918856651899259,0.37243595910095306,0.41133537127889874,0.36209857230155,0.3479451924255014,0.3762519521775986,0.01680631852787811,Paired t contrast,1.0,All new prespecified primary confirmation contrasts; no stars in figures
xor10,all_columns,12000,2048,0.09090909090909091,xor10_n12000_m2048_all_columns,fixed_tau_0p03,0.0001,12,0,0,0.007764478581881304,-0.007328816227148608,0.022857773390911218,0.01200924479166667,-0.010422682697815556,0.034441172281148895,-0.011231380208333327,-0.03312499011729048,0.01066222970062383,0.0007778645833333431,-0.013917037032930471,0.015472766199597157,0.01200924479166667,-0.010422682697815556,0.034441172281148895,1.4854286458333332,1.4678015649277958,1.5030557267388707,1.4734194010416666,1.4597338439965557,1.4871049580867775,0.2816042404332289,Paired t contrast,1.0,All new prespecified primary confirmation contrasts; no stars in figures
xor10,all_columns,12000,2048,0.09090909090909091,xor10_n12000_m2048_all_columns,fixed_tau_0p03,0.003,12,0,3,-0.009319436474410466,-0.01635282088526653,-0.0022860520635544007,-0.013471354166666635,-0.023661359308025806,-0.003281349025307464,0.003928515625000036,-0.008969433295278599,0.016826464545278672,-0.009542838541666598,-0.021157470829975926,0.0020717937466427274,-0.013471354166666635,-0.023661359308025806,-0.003281349025307464,1.451090625,1.4437521109351843,1.4584291390648156,1.4645619791666664,1.4549617722898243,1.4741621860435086,0.014028307969450525,Paired t contrast,1.0,All new prespecified primary confirmation contrasts; no stars in figures
xor10,all_columns,12000,2048,0.09090909090909091,xor10_n12000_m2048_all_columns,fixed_tau_0p03,0.18,12,0,2,-0.051881869986770836,-0.06917437818354676,-0.034589361789994916,-0.07027369791666667,-0.09321964600040848,-0.047327749832924856,0.083412109375,0.06620587508354069,0.10061834366645932,0.013138411458333332,-0.006252250315037199,0.03252907323170386,-0.07027369791666667,-0.09321964600040848,-0.047327749832924856,1.36155703125,1.34622286721024,1.37689119528976,1.431830729166667,1.413098766683718,1.450562691649616,3.845483806365113e-05,Paired t contrast,0.01457438362612378,All new prespecified primary confirmation contrasts; no stars in figures
xor10,all_columns,12000,2048,0.09090909090909091,xor10_n12000_m2048_all_columns,fixed_tau_0p03,1.0,12,0,1,-0.09366534272345732,-0.10830333950946126,-0.07902734593745338,-0.12480677083333336,-0.14327446329842441,-0.10633907836824229,0.11054674479166672,0.09641151393649663,0.1246819756468368,-0.014260026041666632,-0.025552227572421628,-0.0029678245109116368,-0.12480677083333336,-0.14327446329842441,-0.10633907836824229,1.3368154947916666,1.3201519595600615,1.3534790300232717,1.4616222656250002,1.4477555791663057,1.4754889520836947,2.2087534400069688e-08,Paired t contrast,1.1794743369637213e-05,All new prespecified primary confirmation contrasts; no stars in figures
xor10,all_columns,12000,2048,0.09090909090909091,xor10_n12000_m2048_all_columns,matched_q_0p2,0.0001,12,0,0,0.013210556256747635,0.0006032465818357619,0.02581786593165951,0.019908984375000067,0.0011342544801288823,0.03868371426987125,-0.014272005208333308,-0.042142553921589616,0.013598543504923002,0.00563697916666676,-0.01733185597402474,0.02860581430735826,0.019908984375000067,0.0011342544801288823,0.03868371426987125,1.4854286458333332,1.4678015649277958,1.5030557267388707,1.4655196614583332,1.4487931454823155,1.482246177434351,0.04156854729498138,Paired t contrast,1.0,All new prespecified primary confirmation contrasts; no stars in figures
xor10,all_columns,12000,2048,0.09090909090909091,xor10_n12000_m2048_all_columns,matched_q_0p2,0.003,12,0,3,-0.005523562686425707,-0.012060124572640933,0.0010129991997895188,-0.007981380208333352,-0.017460076803897447,0.0014973163872307443,0.016732812499999934,0.004808612414267133,0.028657012585732736,0.008751432291666583,-0.005139958854998333,0.0226428234383315,-0.007981380208333352,-0.017460076803897447,0.0014973163872307443,1.451090625,1.4437521109351843,1.4584291390648156,1.4590720052083332,1.4489968347189262,1.4691471756977403,0.08983095294328186,Paired t contrast,1.0,All new prespecified primary confirmation contrasts; no stars in figures
xor10,all_columns,12000,2048,0.09090909090909091,xor10_n12000_m2048_all_columns,matched_q_0p2,0.18,12,0,2,-0.06839658470580738,-0.08633326654047757,-0.05045990287113719,-0.0926390625,-0.11596627070016204,-0.06931185429983795,0.06931380208333333,0.052795130682529515,0.08583247348413715,-0.02332526041666666,-0.043636493312619935,-0.0030140275207133846,-0.0926390625,-0.11596627070016204,-0.06931185429983795,1.36155703125,1.34622286721024,1.37689119528976,1.45419609375,1.438877047984542,1.469515139515458,4.129141067095556e-06,Paired t contrast,0.001796176364186567,All new prespecified primary confirmation contrasts; no stars in figures
xor10,all_columns,12000,2048,0.09090909090909091,xor10_n12000_m2048_all_columns,matched_q_0p2,1.0,12,0,1,-0.133407423022916,-0.14921514881795236,-0.11759969722787965,-0.17779921875000007,-0.19679456602167278,-0.15880387147832736,0.10137070312500007,0.08202868455690819,0.12071272169309195,-0.07642851562500001,-0.09016656029814461,-0.06269047095185541,-0.17779921875000007,-0.19679456602167278,-0.15880387147832736,1.3368154947916666,1.3201519595600615,1.3534790300232717,1.5146147135416665,1.505819729365818,1.523409697717515,1.179324214309743e-09,Paired t contrast,7.005185832999874e-07,All new prespecified primary confirmation contrasts; no stars in figures
xor10,all_columns,12000,2048,0.09090909090909091,xor10_n12000_m2048_all_columns,public_selected,0.0001,12,0,0,0.016334946747031516,-0.001103808007145067,0.0337737015012081,0.024841666666666668,-0.0013899948730617846,0.051073328206395124,-0.014215364583333334,-0.03847248322555982,0.01004175405889315,0.010626302083333336,-0.007240382786192953,0.028492986952859622,0.024841666666666668,-0.0013899948730617846,0.051073328206395124,1.4854286458333332,1.4678015649277958,1.5030557267388707,1.4605869791666664,1.445353126106867,1.4758208322264657,0.06368159655396491,Paired t contrast,1.0,All new prespecified primary confirmation contrasts; no stars in figures
xor10,all_columns,12000,2048,0.09090909090909091,xor10_n12000_m2048_all_columns,public_selected,0.003,12,0,3,0.006354395013156266,-0.0021146327822440135,0.014823422808556544,0.009248958333333335,-0.003060227298822297,0.02155814396548897,0.02217330729166661,0.01130549115126996,0.033041123432063266,0.031422265624999945,0.017918070843986857,0.04492646040601303,0.009248958333333335,-0.003060227298822297,0.02155814396548897,1.451090625,1.4437521109351843,1.4584291390648156,1.4418416666666667,1.4288797734363547,1.4548035598969786,0.1268830330885105,Paired t contrast,1.0,All new prespecified primary confirmation contrasts; no stars in figures
xor10,all_columns,12000,2048,0.09090909090909091,xor10_n12000_m2048_all_columns,public_selected,0.18,12,12,2,0.0,0.0,0.0,0.0,0.0,0.0,0.0,0.0,0.0,0.0,0.0,0.0,0.0,0.0,0.0,1.36155703125,1.34622286721024,1.37689119528976,1.36155703125,1.34622286721024,1.37689119528976,1.0,Exact zero differences,1.0,All new prespecified primary confirmation contrasts; no stars in figures
xor10,all_columns,12000,2048,0.09090909090909091,xor10_n12000_m2048_all_columns,public_selected,1.0,12,12,1,0.0,0.0,0.0,0.0,0.0,0.0,0.0,0.0,0.0,0.0,0.0,0.0,0.0,0.0,0.0,1.3368154947916666,1.3201519595600615,1.3534790300232717,1.3368154947916666,1.3201519595600615,1.3534790300232717,1.0,Exact zero differences,1.0,All new prespecified primary confirmation contrasts; no stars in figures
xor10,all_inputs,12000,2048,0.012987012987012986,xor10_n12000_m2048_all_inputs,fixed_tau_0p03,0.0001,12,0,0,0.01142034194825702,-0.0037440031185341106,0.026584687015048153,0.01745781250000004,-0.005194941035661389,0.040110566035661474,-0.011231380208333327,-0.03312499011729048,0.01066222970062383,0.006226432291666713,-0.00958422091870633,0.022037085502039755,0.01745781250000004,-0.005194941035661389,0.040110566035661474,1.4854286458333332,1.4678015649277958,1.5030557267388707,1.4679708333333332,1.4549236896684659,1.4810179769982006,0.12561823740630448,Paired t contrast,1.0,All new prespecified primary confirmation contrasts; no stars in figures
xor10,all_inputs,12000,2048,0.012987012987012986,xor10_n12000_m2048_all_inputs,fixed_tau_0p03,0.003,12,0,0,0.003568216765234432,-0.002893332777180649,0.010029766307649512,0.005229557291666705,-0.004100861752501958,0.014559976335835369,0.003928515625000036,-0.008969433295278599,0.016826464545278672,0.00915807291666674,-0.003368217888691894,0.021684363722025375,0.005229557291666705,-0.004100861752501958,0.014559976335835369,1.451090625,1.4437521109351843,1.4584291390648156,1.445861067708333,1.4372032893128055,1.4545188461038605,0.24964291578582715,Paired t contrast,1.0,All new prespecified primary confirmation contrasts; no stars in figures
xor10,all_inputs,12000,2048,0.012987012987012986,xor10_n12000_m2048_all_inputs,fixed_tau_0p03,0.18,12,0,0,-0.0827689728560774,-0.09774914641028289,-0.06778879930187191,-0.11227877604166663,-0.13167256085600407,-0.09288499122732918,0.083412109375,0.06620587508354069,0.10061834366645932,-0.028866666666666613,-0.04337633602304561,-0.014356997310287615,-0.11227877604166663,-0.13167256085600407,-0.09288499122732918,1.36155703125,1.34622286721024,1.37689119528976,1.4738358072916669,1.461489608563362,1.4861820060199717,1.0142732672107259e-07,Paired t contrast,5.1626509301025944e-05,All new prespecified primary confirmation contrasts; no stars in figures
xor10,all_inputs,12000,2048,0.012987012987012986,xor10_n12000_m2048_all_inputs,fixed_tau_0p03,1.0,12,0,0,-0.14897306264571417,-0.16921703086867024,-0.1287290944227581,-0.19844049479166678,-0.22331737702540222,-0.17356361255793135,0.11054674479166672,0.09641151393649663,0.1246819756468368,-0.08789375000000003,-0.10724346006640025,-0.06854403993359982,-0.19844049479166678,-0.22331737702540222,-0.17356361255793135,1.3368154947916666,1.3201519595600615,1.3534790300232717,1.5352559895833335,1.5232311352914967,1.5472808438751704,5.066864007482625e-09,Paired t contrast,2.8273101161753048e-06,All new prespecified primary confirmation contrasts; no stars in figures
xor10,all_inputs,12000,2048,0.012987012987012986,xor10_n12000_m2048_all_inputs,matched_q_0p2,0.0001,12,0,0,0.01068526966232076,-0.00306669688086076,0.02443723620550228,0.016334895833333325,-0.004191340763587171,0.03686113243025382,-0.006244661458333338,-0.03166487273596034,0.019175549819293664,0.010090234374999988,-0.005076765885831284,0.02525723463583126,0.016334895833333325,-0.004191340763587171,0.03686113243025382,1.4854286458333332,1.4678015649277958,1.5030557267388707,1.46909375,1.4580887019856865,1.4800987980143137,0.11525528712649648,Paired t contrast,1.0,All new prespecified primary confirmation contrasts; no stars in figures
xor10,all_inputs,12000,2048,0.012987012987012986,xor10_n12000_m2048_all_inputs,matched_q_0p2,0.003,12,0,0,0.0028933691879800398,-0.008601629466078967,0.014388367842039045,0.004263281250000028,-0.01251470073338657,0.021041263233386627,0.008276171874999997,-0.002219803493236888,0.01877214724323688,0.012539453125000025,-0.00608013588229662,0.03115904213229667,0.004263281250000028,-0.01251470073338657,0.021041263233386627,1.451090625,1.4437521109351843,1.4584291390648156,1.4468273437499999,1.4309864144626452,1.4626682730373546,0.5906610793721534,Paired t contrast,1.0,All new prespecified primary confirmation contrasts; no stars in figures
xor10,all_inputs,12000,2048,0.012987012987012986,xor10_n12000_m2048_all_inputs,matched_q_0p2,0.18,12,0,0,-0.08362845561926467,-0.10278917654800752,-0.06446773469052182,-0.11328333333333329,-0.13814696497629897,-0.08841970169036763,0.07744205729166666,0.06229566810712672,0.09258844647620659,-0.03584127604166663,-0.06067368385055612,-0.011008868232777136,-0.11328333333333329,-0.13814696497629897,-0.08841970169036763,1.36155703125,1.34622286721024,1.37689119528976,1.4748403645833335,1.460693752616689,1.488986976549978,1.1026777390542688e-06,Paired t contrast,0.0005050264044868551,All new prespecified primary confirmation contrasts; no stars in figures
xor10,all_inputs,12000,2048,0.012987012987012986,xor10_n12000_m2048_all_inputs,matched_q_0p2,1.0,12,0,0,-0.15764154211265002,-0.17370536923014057,-0.14157771499515948,-0.21023815104166668,-0.22950786981748517,-0.1909684322658482,0.1148994791666667,0.09140381571539119,0.1383951426179422,-0.095338671875,-0.11121210054220979,-0.07946524320779022,-0.21023815104166668,-0.22950786981748517,-0.1909684322658482,1.3368154947916666,1.3201519595600615,1.3534790300232717,1.5470536458333328,1.5347932878855206,1.559314003781145,2.337920886340715e-10,Paired t contrast,1.4752280792809911e-07,All new prespecified primary confirmation contrasts; no stars in figures
xor10,all_inputs,12000,2048,0.012987012987012986,xor10_n12000_m2048_all_inputs,public_selected,0.0001,12,0,0,0.031011795204836986,0.014141807331953558,0.04788178307772041,0.046601953124999984,0.02108838271321009,0.07211552353678988,-0.014215364583333334,-0.03847248322555982,0.01004175405889315,0.03238658854166665,0.015272916231103866,0.04950026085222943,0.046601953124999984,0.02108838271321009,0.07211552353678988,1.4854286458333332,1.4678015649277958,1.5030557267388707,1.4388266927083333,1.4234002041399536,1.454253181276713,0.0019285505083619827,Paired t contrast,0.549636894883165,All new prespecified primary confirmation contrasts; no stars in figures
xor10,all_inputs,12000,2048,0.012987012987012986,xor10_n12000_m2048_all_inputs,public_selected,0.003,12,0,0,0.005579008819390413,-0.005141951203841311,0.016299968842622137,0.008184895833333336,-0.007426761991743911,0.02379655365841058,0.006901302083333338,-0.0028436144423997656,0.01664621860906644,0.015086197916666674,-8.041982970131631e-05,0.030252815663034664,0.008184895833333336,-0.007426761991743911,0.02379655365841058,1.451090625,1.4437521109351843,1.4584291390648156,1.442905729166667,1.4294037752945674,1.4564076830387664,0.2763696985368049,Paired t contrast,1.0,All new prespecified primary confirmation contrasts; no stars in figures
xor10,all_inputs,12000,2048,0.012987012987012986,xor10_n12000_m2048_all_inputs,public_selected,0.18,12,12,0,0.0,0.0,0.0,0.0,0.0,0.0,0.0,0.0,0.0,0.0,0.0,0.0,0.0,0.0,0.0,1.36155703125,1.34622286721024,1.37689119528976,1.36155703125,1.34622286721024,1.37689119528976,1.0,Exact zero differences,1.0,All new prespecified primary confirmation contrasts; no stars in figures
xor10,all_inputs,12000,2048,0.012987012987012986,xor10_n12000_m2048_all_inputs,public_selected,1.0,12,12,0,0.0,0.0,0.0,0.0,0.0,0.0,0.0,0.0,0.0,0.0,0.0,0.0,0.0,0.0,0.0,1.3368154947916666,1.3201519595600615,1.3534790300232717,1.3368154947916666,1.3201519595600615,1.3534790300232717,1.0,Exact zero differences,1.0,All new prespecified primary confirmation contrasts; no stars in figures
xor10,all_columns,12000,512,0.09090909090909091,xor10_n12000_m512_all_columns,fixed_tau_0p03,0.0001,12,0,1,0.0003803051813712189,-0.004756721834684091,0.005517332197426528,0.0007687499999999662,-0.00863352790525127,0.010171027905251201,0.004564583333333409,-0.007214138752134767,0.016343305418801586,0.005333333333333375,-0.002100539705234417,0.012767206371901166,0.0007687499999999662,-0.00863352790525127,0.010171027905251201,1.8186,1.8104620351058756,1.8267379648941244,1.81783125,1.8123644236066276,1.8232980763933724,0.8735177020562673,Paired t contrast,1.0,All new prespecified primary confirmation contrasts; no stars in figures
xor10,all_columns,12000,512,0.09090909090909091,xor10_n12000_m512_all_columns,fixed_tau_0p03,0.003,12,0,1,-0.005997782706697642,-0.011912106570872648,-8.345884252263652e-05,-0.010632291666666535,-0.021113668603911402,-0.00015091472942166569,0.017458854166666666,0.006391370221160963,0.028526338112172367,0.006826562500000133,-0.004145713441930984,0.01779883844193125,-0.010632291666666535,-0.021113668603911402,-0.00015091472942166569,1.7880911458333333,1.778835305766695,1.7973469858999715,1.7987234374999999,1.7914939770682223,1.8059528979317774,0.04735658476259196,Paired t contrast,1.0,All new prespecified primary confirmation contrasts; no stars in figures
xor10,all_columns,12000,512,0.09090909090909091,xor10_n12000_m512_all_columns,fixed_tau_0p03,0.18,12,0,6,-0.07634241241543978,-0.08449442981760458,-0.06819039501327498,-0.12836770833333336,-0.14149858802307705,-0.11523682864358967,0.12600885416666677,0.11462443959218671,0.13739326874114682,-0.0023588541666666094,-0.014422874129907807,0.009705165796574588,-0.12836770833333336,-0.14149858802307705,-0.11523682864358967,1.683265625,1.6735931382626186,1.6929381117373814,1.8116333333333332,1.8027977963340822,1.8204688703325842,3.8670632803986644e-10,Paired t contrast,2.4014462971275704e-07,All new prespecified primary confirmation contrasts; no stars in figures
xor10,all_columns,12000,512,0.09090909090909091,xor10_n12000_m512_all_columns,fixed_tau_0p03,1.0,12,0,5,-0.10884711999689288,-0.11450677834963305,-0.10318746164415271,-0.17977291666666664,-0.18835769354244866,-0.17118813979088462,0.17487291666666663,0.1612682040850711,0.18847762924826217,-0.0049000000000000155,-0.016750747958573425,0.006950747958573396,-0.17977291666666664,-0.18835769354244866,-0.17118813979088462,1.65244375,1.6439190576600566,1.6609684423399433,1.8322166666666668,1.8267142148825357,1.837719118450798,1.5576480617331682e-13,Paired t contrast,1.0451818494229558e-10,All new prespecified primary confirmation contrasts; no stars in figures
xor10,all_columns,12000,512,0.09090909090909091,xor10_n12000_m512_all_columns,matched_q_0p2,0.0001,12,0,1,0.007546476641717467,0.0011602176859319586,0.013932735597502976,0.013802083333333345,0.002082408667475168,0.02552175799919152,-0.0015187499999999576,-0.013313858601478521,0.010276358601478606,0.012283333333333387,7.888237947601372e-05,0.024487784287190763,0.013802083333333345,0.002082408667475168,0.02552175799919152,1.8186,1.8104620351058756,1.8267379648941244,1.8047979166666668,1.7960721073169037,1.8135237260164299,0.024656722356810337,Paired t contrast,1.0,All new prespecified primary confirmation contrasts; no stars in figures
xor10,all_columns,12000,512,0.09090909090909091,xor10_n12000_m512_all_columns,matched_q_0p2,0.003,12,0,1,-0.007980962508506845,-0.014289875339885637,-0.0016720496771280543,-0.014157812499999959,-0.025343821858741913,-0.002971803141258002,0.01997447916666667,0.004998754798255638,0.034950203535077703,0.00581666666666671,-0.003658729418678117,0.015292062752011538,-0.014157812499999959,-0.025343821858741913,-0.002971803141258002,1.7880911458333333,1.778835305766695,1.7973469858999715,1.8022489583333334,1.7963291416611034,1.8081687750055635,0.017766374391703584,Paired t contrast,1.0,All new prespecified primary confirmation contrasts; no stars in figures
xor10,all_columns,12000,512,0.09090909090909091,xor10_n12000_m512_all_columns,matched_q_0p2,0.18,12,0,6,-0.1044988834736356,-0.10993036539898435,-0.09906740154828686,-0.17580104166666666,-0.18414719875766486,-0.16745488457566846,0.11663333333333341,0.10268881503149128,0.13057785163517555,-0.05916770833333327,-0.0694471172929945,-0.048888299373672034,-0.17580104166666666,-0.18414719875766486,-0.16745488457566846,1.683265625,1.6735931382626186,1.6929381117373814,1.8590666666666664,1.8529839074764485,1.8651494258568844,1.5511265240508783e-13,Paired t contrast,1.0423570241621903e-10,All new prespecified primary confirmation contrasts; no stars in figures
xor10,all_columns,12000,512,0.09090909090909091,xor10_n12000_m512_all_columns,matched_q_0p2,1.0,12,0,5,-0.14640841457362427,-0.15433840013563638,-0.13847842901161217,-0.2417895833333333,-0.25373899494442537,-0.22984017172224125,0.16808958333333335,0.15785167739111183,0.17832748927555486,-0.07369999999999997,-0.08376148119223772,-0.06363851880776222,-0.2417895833333333,-0.25373899494442537,-0.22984017172224125,1.65244375,1.6439190576600566,1.6609684423399433,1.894233333333333,1.8887233166790485,1.8997433499876175,2.4343820674573634e-13,Paired t contrast,1.6286016031289762e-10,All new prespecified primary confirmation contrasts; no stars in figures
xor10,all_columns,12000,512,0.09090909090909091,xor10_n12000_m512_all_columns,public_selected,0.0001,12,0,1,0.007546476641717467,0.0011602176859319586,0.013932735597502976,0.013802083333333345,0.002082408667475168,0.02552175799919152,-0.0015187499999999576,-0.013313858601478521,0.010276358601478606,0.012283333333333387,7.888237947601372e-05,0.024487784287190763,0.013802083333333345,0.002082408667475168,0.02552175799919152,1.8186,1.8104620351058756,1.8267379648941244,1.8047979166666668,1.7960721073169037,1.8135237260164299,0.024656722356810337,Paired t contrast,1.0,All new prespecified primary confirmation contrasts; no stars in figures
xor10,all_columns,12000,512,0.09090909090909091,xor10_n12000_m512_all_columns,public_selected,0.003,12,12,1,0.0,0.0,0.0,0.0,0.0,0.0,0.0,0.0,0.0,0.0,0.0,0.0,0.0,0.0,0.0,1.7880911458333333,1.778835305766695,1.7973469858999715,1.7880911458333333,1.778835305766695,1.7973469858999715,1.0,Exact zero differences,1.0,All new prespecified primary confirmation contrasts; no stars in figures
xor10,all_columns,12000,512,0.09090909090909091,xor10_n12000_m512_all_columns,public_selected,0.18,12,12,6,0.0,0.0,0.0,0.0,0.0,0.0,0.0,0.0,0.0,0.0,0.0,0.0,0.0,0.0,0.0,1.683265625,1.6735931382626186,1.6929381117373814,1.683265625,1.6735931382626186,1.6929381117373814,1.0,Exact zero differences,1.0,All new prespecified primary confirmation contrasts; no stars in figures
xor10,all_columns,12000,512,0.09090909090909091,xor10_n12000_m512_all_columns,public_selected,1.0,12,12,5,0.0,0.0,0.0,0.0,0.0,0.0,0.0,0.0,0.0,0.0,0.0,0.0,0.0,0.0,0.0,1.65244375,1.6439190576600566,1.6609684423399433,1.65244375,1.6439190576600566,1.6609684423399433,1.0,Exact zero differences,1.0,All new prespecified primary confirmation contrasts; no stars in figures
xor10,all_inputs,12000,512,0.012987012987012986,xor10_n12000_m512_all_inputs,fixed_tau_0p03,0.0001,12,0,0,0.007730899359347724,0.0010664625185540554,0.014395336200141391,0.01416770833333327,0.0019280907361740388,0.0264073259304925,0.004564583333333409,-0.007214138752134767,0.016343305418801586,0.01873229166666668,0.008816965484853966,0.02864761784847939,0.01416770833333327,0.0019280907361740388,0.0264073259304925,1.8186,1.8104620351058756,1.8267379648941244,1.8044322916666669,1.7980972643586952,1.8107673189746385,0.026842032923470614,Paired t contrast,1.0,All new prespecified primary confirmation contrasts; no stars in figures
xor10,all_inputs,12000,512,0.012987012987012986,xor10_n12000_m512_all_inputs,fixed_tau_0p03,0.003,12,0,0,-0.006548834211269012,-0.014182917448857814,0.00108524902631979,-0.01159114583333326,-0.025150897598801663,0.0019686059321351417,0.017458854166666666,0.006391370221160963,0.028526338112172367,0.005867708333333406,-0.005268345398204752,0.017003762064871565,-0.01159114583333326,-0.025150897598801663,0.0019686059321351417,1.7880911458333333,1.778835305766695,1.7973469858999715,1.7996822916666668,1.7904825386705057,1.808882044662828,0.08565747532110096,Paired t contrast,1.0,All new prespecified primary confirmation contrasts; no stars in figures
xor10,all_inputs,12000,512,0.012987012987012986,xor10_n12000_m512_all_inputs,fixed_tau_0p03,0.18,12,0,0,-0.10438966801676232,-0.11263481129371411,-0.09614452473981053,-0.17556770833333335,-0.18862918538664772,-0.16250623128001898,0.12600885416666677,0.11462443959218671,0.13739326874114682,-0.04955885416666659,-0.061890192195475514,-0.037227516137857665,-0.17556770833333335,-0.18862918538664772,-0.16250623128001898,1.683265625,1.6735931382626186,1.6929381117373814,1.8588333333333333,1.850772245576662,1.8668944210900047,1.486582722668607e-11,Paired t contrast,9.618190215665886e-09,All new prespecified primary confirmation contrasts; no stars in figures
xor10,all_inputs,12000,512,0.012987012987012986,xor10_n12000_m512_all_inputs,fixed_tau_0p03,1.0,12,0,0,-0.14328362432159186,-0.15376931383826986,-0.13279793480491386,-0.2365729166666667,-0.2526900187058798,-0.22045581462745353,0.17487291666666663,0.1612682040850711,0.18847762924826217,-0.06170000000000005,-0.0731214338785981,-0.05027856612140202,-0.2365729166666667,-0.2526900187058798,-0.22045581462745353,1.65244375,1.6439190576600566,1.6609684423399433,1.8890166666666666,1.8806595148625882,1.897373818470745,6.4864981271872736e-12,Paired t contrast,4.248656273307664e-09,All new prespecified primary confirmation contrasts; no stars in figures
xor10,all_inputs,12000,512,0.012987012987012986,xor10_n12000_m512_all_inputs,matched_q_0p2,0.0001,12,0,0,0.01039913310371522,0.005073900550142958,0.015724365657287482,0.018993229166666552,0.009157867009733221,0.028828591323599884,0.003357812500000094,-0.007452574066514669,0.014168199066514855,0.022351041666666644,0.011221587185975464,0.033480496147357826,0.018993229166666552,0.009157867009733221,0.028828591323599884,1.8186,1.8104620351058756,1.8267379648941244,1.7996067708333336,1.794145024008174,1.8050685176584933,0.0012599766816690635,Paired t contrast,0.36035333095735217,All new prespecified primary confirmation contrasts; no stars in figures
xor10,all_inputs,12000,512,0.012987012987012986,xor10_n12000_m512_all_inputs,matched_q_0p2,0.003,12,0,0,-0.009448797168293504,-0.01906464332428559,0.0001670489876985804,-0.01676562499999995,-0.03382266676292177,0.0002914167629218707,0.01519895833333329,0.00549377013643311,0.02490414653023347,-0.0015666666666666607,-0.017494740266664054,0.014361406933330732,-0.01676562499999995,-0.03382266676292177,0.0002914167629218707,1.7880911458333333,1.778835305766695,1.7973469858999715,1.8048567708333332,1.7916073145457403,1.818106227120926,0.053447867401794746,Paired t contrast,1.0,All new prespecified primary confirmation contrasts; no stars in figures
xor10,all_inputs,12000,512,0.012987012987012986,xor10_n12000_m512_all_inputs,matched_q_0p2,0.18,12,0,0,-0.1104544524011566,-0.11810787630607733,-0.10280102849623587,-0.18580104166666667,-0.197916081842494,-0.17368600149083932,0.12835104166666667,0.1197926947069174,0.13690938862641594,-0.057450000000000036,-0.06890770168162386,-0.04599229831837622,-0.18580104166666667,-0.197916081842494,-0.17368600149083932,1.683265625,1.6735931382626186,1.6929381117373814,1.8690666666666667,1.8601841524385374,1.877949180894796,3.5788839895333134e-12,Paired t contrast,2.3584845491024537e-09,All new prespecified primary confirmation contrasts; no stars in figures
xor10,all_inputs,12000,512,0.012987012987012986,xor10_n12000_m512_all_inputs,matched_q_0p2,1.0,12,0,0,-0.14705698956428473,-0.15524552426778418,-0.13886845486078528,-0.24285625,-0.25514717629789396,-0.23056532370210603,0.17833072916666662,0.16407766086645226,0.19258379746688098,-0.06452552083333336,-0.07471154600966719,-0.05433949565699954,-0.24285625,-0.25514717629789396,-0.23056532370210603,1.65244375,1.6439190576600566,1.6609684423399433,1.8953,1.8896366170790198,1.9009633829209802,3.293932041732352e-13,Paired t contrast,2.1970526718354789e-10,All new prespecified primary confirmation contrasts; no stars in figures
xor10,all_inputs,12000,512,0.012987012987012986,xor10_n12000_m512_all_inputs,public_selected,0.0001,12,0,0,0.009910389695202663,0.0028918934478604176,0.016928885942544908,0.018108854166666577,0.005194933693904228,0.031022774639428926,-0.005242187499999902,-0.017709920320679494,0.00722554532067969,0.012866666666666674,1.8817665599541594e-05,0.025714515667733806,0.018108854166666577,0.005194933693904228,0.031022774639428926,1.8186,1.8104620351058756,1.8267379648941244,1.800491145833333,1.7908840396687475,1.8100982519979185,0.009963135519118463,Paired t contrast,1.0,All new prespecified primary confirmation contrasts; no stars in figures
xor10,all_inputs,12000,512,0.012987012987012986,xor10_n12000_m512_all_inputs,public_selected,0.003,12,12,0,0.0,0.0,0.0,0.0,0.0,0.0,0.0,0.0,0.0,0.0,0.0,0.0,0.0,0.0,0.0,1.7880911458333333,1.778835305766695,1.7973469858999715,1.7880911458333333,1.778835305766695,1.7973469858999715,1.0,Exact zero differences,1.0,All new prespecified primary confirmation contrasts; no stars in figures
xor10,all_inputs,12000,512,0.012987012987012986,xor10_n12000_m512_all_inputs,public_selected,0.18,12,12,0,0.0,0.0,0.0,0.0,0.0,0.0,0.0,0.0,0.0,0.0,0.0,0.0,0.0,0.0,0.0,1.683265625,1.6735931382626186,1.6929381117373814,1.683265625,1.6735931382626186,1.6929381117373814,1.0,Exact zero differences,1.0,All new prespecified primary confirmation contrasts; no stars in figures
xor10,all_inputs,12000,512,0.012987012987012986,xor10_n12000_m512_all_inputs,public_selected,1.0,12,12,0,0.0,0.0,0.0,0.0,0.0,0.0,0.0,0.0,0.0,0.0,0.0,0.0,0.0,0.0,0.0,1.65244375,1.6439190576600566,1.6609684423399433,1.65244375,1.6439190576600566,1.6609684423399433,1.0,Exact zero differences,1.0,All new prespecified primary confirmation contrasts; no stars in figures
xor3,all_columns,100000,512,0.25,xor3_n100000_m512_all_columns,fixed_tau_0p015,0.0001,12,0,0,0.040245853590753174,-0.11236951915448162,0.19286122633598796,0.015999479166666657,-0.025356235585900118,0.05735519391923343,-0.015999479166666657,-0.05735519391923343,0.025356235585900118,0.0,0.0,0.0,0.015999479166666657,-0.025356235585900118,0.05735519391923343,0.278909375,0.25531860731949,0.30250014268051,0.2629098958333333,0.22877736100487772,0.29704243066178887,0.5733315148901779,Paired t contrast,1.0,All new prespecified primary confirmation contrasts; no stars in figures
xor3,all_columns,100000,512,0.25,xor3_n100000_m512_all_columns,fixed_tau_0p015,0.003,12,0,1,0.40534816765965626,0.28439348144409254,0.52630285387522,0.05190052083333333,0.030182354525162824,0.07361868714150384,-0.05190052083333333,-0.07361868714150384,-0.030182354525162824,0.0,0.0,0.0,0.05190052083333333,0.030182354525162824,0.07361868714150384,0.11790208333333334,0.09750998498758562,0.13829418167908106,0.0660015625,0.05553493201114401,0.07646819298885599,1.4015123760421164e-05,Paired t contrast,0.005788246113053941,All new prespecified primary confirmation contrasts; no stars in figures
xor3,all_columns,100000,512,0.25,xor3_n100000_m512_all_columns,fixed_tau_0p015,0.18,12,0,1,-1.1681275908689408,-1.62094771993593,-0.7153074618019517,-0.11671770833333332,-0.1550644731737218,-0.07837094349294485,0.11671770833333332,0.07837094349294485,0.1550644731737218,0.0,0.0,0.0,-0.11671770833333332,-0.1550644731737218,-0.07837094349294485,0.11109687500000003,0.09554530241092424,0.1266484475890758,0.2278145833333333,0.19676192104068707,0.2588672456259795,0.00014280065632281354,Paired t contrast,0.05026583102563036,All new prespecified primary confirmation contrasts; no stars in figures
xor3,all_columns,100000,512,0.25,xor3_n100000_m512_all_columns,fixed_tau_0p015,1.0,12,0,2,-1.0667416136103398,-1.5122797830273509,-0.6212034441933287,-0.1053328125,-0.14691547030484278,-0.06375015469515721,0.1053328125,0.06375015469515721,0.14691547030484278,0.0,0.0,0.0,-0.1053328125,-0.14691547030484278,-0.06375015469515721,0.10431927083333335,0.09083576800663043,0.11780277366003628,0.20965208333333338,0.16939511155612802,0.24990905511053874,0.0002644128409565093,Paired t contrast,0.08646299899277854,All new prespecified primary confirmation contrasts; no stars in figures
xor3,all_columns,100000,512,0.25,xor3_n100000_m512_all_columns,fixed_tau_0p03,0.0001,12,0,0,-0.3625625315797845,-0.46284150824701953,-0.2622835549125495,-0.09934375000000001,-0.12673213236514033,-0.07195536763485968,0.09761614583333333,0.052841334045658536,0.14239095762100812,-0.0017276041666666696,-0.052912378623863304,0.04945717029052997,-0.09934375000000001,-0.12673213236514033,-0.07195536763485968,0.278909375,0.25531860731949,0.30250014268051,0.378253125,0.342296411596695,0.41420983840330505,6.86930140980956e-06,Paired t contrast,0.0029263224005788725,All new prespecified primary confirmation contrasts; no stars in figures
xor3,all_columns,100000,512,0.25,xor3_n100000_m512_all_columns,fixed_tau_0p03,0.003,12,0,1,0.2659202200911817,0.05078055092527209,0.4810598892570913,0.037901562500000006,0.01353583747175793,0.06226728752824208,-0.03519427083333334,-0.060047245036713506,-0.010341296629953176,0.002707291666666667,-0.01071291721769374,0.016127500551027074,0.037901562500000006,0.01353583747175793,0.06226728752824208,0.11790208333333334,0.09750998498758562,0.13829418167908106,0.08000052083333332,0.06505243774925548,0.09494860391741117,0.01991381618256865,Paired t contrast,1.0,All new prespecified primary confirmation contrasts; no stars in figures
xor3,all_columns,100000,512,0.25,xor3_n100000_m512_all_columns,fixed_tau_0p03,0.18,12,0,1,-3.117886955641504,-4.1711603871330105,-2.064613524149997,-0.32318437499999997,-0.39111768011506987,-0.25525106988493007,0.286475,0.2183775872354945,0.35457241276450546,-0.036709374999999995,-0.1474689612941671,0.07405021129416708,-0.32318437499999997,-0.39111768011506987,-0.25525106988493007,0.11109687500000003,0.09554530241092424,0.1266484475890758,0.43428125,0.36939421683173285,0.49916828316826717,4.335836772776407e-05,Paired t contrast,0.016346104633367057,All new prespecified primary confirmation contrasts; no stars in figures
xor3,all_columns,100000,512,0.25,xor3_n100000_m512_all_columns,fixed_tau_0p03,1.0,12,0,2,-3.686898050410331,-4.878640654638602,-2.4951554461820598,-0.3624265625,-0.446373834650743,-0.278479290349257,0.35470625,0.2792291980960842,0.4301833019039158,-0.007720312500000011,-0.0767069630404861,0.06126633804048608,-0.3624265625,-0.446373834650743,-0.278479290349257,0.10431927083333335,0.09083576800663043,0.11780277366003628,0.46674583333333336,0.38615852826939034,0.5473331383972764,2.9178969587517033e-05,Paired t contrast,0.011379798139131642,All new prespecified primary confirmation contrasts; no stars in figures
xor3,all_columns,100000,512,0.25,xor3_n100000_m512_all_columns,fixed_tau_0p06,0.0001,12,0,0,-1.3867179052416876,-1.5638383823930173,-1.2095974280903579,-0.3802281249999999,-0.4142504160860433,-0.34620583391395654,0.44249479166666666,0.39537730419750766,0.48961227913582567,0.062266666666666665,0.0027551129627185686,0.12177822037061475,-0.3802281249999999,-0.4142504160860433,-0.34620583391395654,0.278909375,0.25531860731949,0.30250014268051,0.6591375,0.6159484575733788,0.7023265424266213,2.6249984471061573e-09,Paired t contrast,1.5070092729580564e-06,All new prespecified primary confirmation contrasts; no stars in figures
xor3,all_columns,100000,512,0.25,xor3_n100000_m512_all_columns,fixed_tau_0p06,0.003,12,0,1,-0.9238641464292746,-1.330284057113973,-0.5174442357445763,-0.09223229166666665,-0.11887211557717348,-0.06559246775615982,0.10842291666666666,0.06870520511402094,0.1481406282193124,0.016190625000000004,-0.015587706679690973,0.04796895667969098,-0.09223229166666665,-0.11887211557717348,-0.06559246775615982,0.11790208333333334,0.09750998498758562,0.13829418167908106,0.21013437499999998,0.19318362234975178,0.2270851276502482,0.00040048655666011836,Paired t contrast,0.12375034600797657,All new prespecified primary confirmation contrasts; no stars in figures
xor3,all_columns,100000,512,0.25,xor3_n100000_m512_all_columns,fixed_tau_0p06,0.18,12,0,1,-4.95205110774668,-6.506914229462714,-3.3971879860306466,-0.5116817708333332,-0.629727756000162,-0.3936357856665045,0.5341708333333334,0.4375005616915978,0.630841104975069,0.022489062500000014,-0.13389412361740813,0.17887224861740816,-0.5116817708333332,-0.629727756000162,-0.3936357856665045,0.11109687500000003,0.09554530241092424,0.1266484475890758,0.6227786458333333,0.5100643383102521,0.7354929533564145,2.2405620676840114e-05,Paired t contrast,0.008872625788028684,All new prespecified primary confirmation contrasts; no stars in figures
xor3,all_columns,100000,512,0.25,xor3_n100000_m512_all_columns,fixed_tau_0p06,1.0,12,0,2,-5.96109798311954,-6.75683611206202,-5.16535985417706,-0.6173812500000001,-0.7141275883909576,-0.5206349116090426,0.6667723958333335,0.5336197941408214,0.7999249975258456,0.049391145833333344,-0.12101036714760169,0.21979265881426838,-0.6173812500000001,-0.7141275883909576,-0.5206349116090426,0.10431927083333335,0.09083576800663043,0.11780277366003628,0.7217005208333332,0.6160977952653272,0.8273032464013393,4.194376946614645e-09,Paired t contrast,2.3530454670508157e-06,All new prespecified primary confirmation contrasts; no stars in figures
xor3,all_columns,100000,512,0.25,xor3_n100000_m512_all_columns,matched_q_0p2,0.0001,12,0,0,-2.750697826029129,-3.1134321983757345,-2.387963453682523,-0.7507130208333334,-0.8055883715415225,-0.6958376701251442,0.7378510416666667,0.6852317848009233,0.7904702985324101,-0.012861979166666667,-0.08269114958779797,0.05696719125446464,-0.7507130208333334,-0.8055883715415225,-0.6958376701251442,0.278909375,0.25531860731949,0.30250014268051,1.0296223958333333,0.9772561379415031,1.0819886537251635,3.685166310424244e-09,Paired t contrast,2.085280895415876e-06,All new prespecified primary confirmation contrasts; no stars in figures
xor3,all_columns,100000,512,0.25,xor3_n100000_m512_all_columns,matched_q_0p2,0.003,12,0,1,-8.36776047550408,-10.011961299260847,-6.723559651747313,-0.9136734375000001,-0.9584987379872147,-0.8688481370127854,0.8846598958333334,0.8478915649317335,0.9214282267349333,-0.02901354166666667,-0.09935537350470602,0.041328290171372684,-0.9136734375000001,-0.9584987379872147,-0.8688481370127854,0.11790208333333334,0.09750998498758562,0.13829418167908106,1.0315755208333333,0.98627301390179,1.0768780277648764,2.3533507252372185e-07,Paired t contrast,0.00011719686611681348,All new prespecified primary confirmation contrasts; no stars in figures
xor3,all_columns,100000,512,0.25,xor3_n100000_m512_all_columns,matched_q_0p2,0.18,12,0,1,-8.411771008653252,-9.970425485658735,-6.853116531647769,-0.8849567708333331,-0.9585731273439223,-0.811340414322744,0.9315807291666666,0.8588448109170563,1.0043166474162768,0.046623958333333326,-0.0328170185651601,0.12606493523182677,-0.8849567708333331,-0.9585731273439223,-0.811340414322744,0.11109687500000003,0.09554530241092424,0.1266484475890758,0.9960536458333333,0.9267762335691074,1.0653310580975592,1.2916805111813786e-07,Paired t contrast,6.561736996801403e-05,All new prespecified primary confirmation contrasts; no stars in figures
xor3,all_columns,100000,512,0.25,xor3_n100000_m512_all_columns,matched_q_0p2,1.0,12,0,2,-8.89667834091364,-9.680765569177208,-8.112591112650072,-0.9113005208333335,-0.9893897959855217,-0.8332112456811452,0.9451265625,0.8808865132514475,1.0093666117485527,0.03382604166666667,-0.028454951016780118,0.09610703435011345,-0.9113005208333335,-0.9893897959855217,-0.8332112456811452,0.10431927083333335,0.09083576800663043,0.11780277366003628,1.0156197916666667,0.9289370738011861,1.1023025095321473,4.877611358705512e-11,Paired t contrast,3.136304103647644e-08,All new prespecified primary confirmation contrasts; no stars in figures
xor3,all_columns,100000,512,0.25,xor3_n100000_m512_all_columns,normalized_noise__fixed_tau_0p015,0.0001,12,0,0,-0.003945131517148273,-0.0797700291330282,0.07187976609873166,0.0005223958333333186,-0.06196975362086418,0.06301454528753082,-0.0005223958333333186,-0.06301454528753082,0.06196975362086418,0.0,0.0,0.0,0.0005223958333333186,-0.06196975362086418,0.06301454528753082,0.8400161458333333,0.8008142889402186,0.879218002726448,0.8394937499999999,0.7871740227093814,0.8918134772906184,0.910892182238584,Paired t contrast,1.0,All new prespecified primary confirmation contrasts; no stars in figures
xor3,all_columns,100000,512,0.25,xor3_n100000_m512_all_columns,normalized_noise__fixed_tau_0p015,0.003,12,0,0,-0.047088678754920656,-0.164642018819191,0.0704646613093497,-0.012856250000000019,-0.056767095296083266,0.031054595296083225,0.012856250000000019,-0.031054595296083225,0.056767095296083266,0.0,0.0,0.0,-0.012856250000000019,-0.056767095296083266,0.031054595296083225,0.39657031249999997,0.36615003208854824,0.4269905929114517,0.4094265625,0.3780182949775865,0.44083483002241347,0.3968197746907236,Paired t contrast,1.0,All new prespecified primary confirmation contrasts; no stars in figures
xor3,all_columns,100000,512,0.25,xor3_n100000_m512_all_columns,normalized_noise__fixed_tau_0p015,0.18,12,0,2,0.26798402823747686,0.08829732464076945,0.44767073183418427,0.03403697916666667,0.013470377451806806,0.05460358088152653,-0.03403697916666667,-0.05460358088152653,-0.013470377451806806,0.0,0.0,0.0,0.03403697916666667,0.013470377451806806,0.05460358088152653,0.105128125,0.08776999910649017,0.12248625089350984,0.07109114583333333,0.06219249742607435,0.0799897942405923,0.007300769489800495,Paired t contrast,1.0,All new prespecified primary confirmation contrasts; no stars in figures
xor3,all_columns,100000,512,0.25,xor3_n100000_m512_all_columns,normalized_noise__fixed_tau_0p015,1.0,12,0,1,-0.5932212225995973,-0.9459337575812847,-0.24050868761790983,-0.04856041666666666,-0.07394716142469115,-0.023173671908642165,0.04856041666666666,0.023173671908642165,0.07394716142469115,0.0,0.0,0.0,-0.04856041666666666,-0.07394716142469115,-0.023173671908642165,0.09497760416666667,0.08103361119853797,0.10892159713479538,0.1435380208333333,0.12198108433987925,0.16509495732678736,0.003490647526145579,Paired t contrast,0.9354935370070151,All new prespecified primary confirmation contrasts; no stars in figures
xor3,all_columns,100000,512,0.25,xor3_n100000_m512_all_columns,normalized_noise__fixed_tau_0p03,0.0001,12,0,0,-0.036218598851911345,-0.09510619397782613,0.022668996274003442,-0.026519270833333348,-0.0738586518707792,0.020820110204112497,0.018490104166666688,-0.045301605689863286,0.08228181402319666,-0.008029166666666662,-0.041037889037757014,0.024979555704423687,-0.026519270833333348,-0.0738586518707792,0.020820110204112497,0.8400161458333333,0.8008142889402186,0.879218002726448,0.8665354166666667,0.8333898704877349,0.8996809628455984,0.20298998968204274,Paired t contrast,1.0,All new prespecified primary confirmation contrasts; no stars in figures
xor3,all_columns,100000,512,0.25,xor3_n100000_m512_all_columns,normalized_noise__fixed_tau_0p03,0.003,12,0,0,-0.29319510739034327,-0.4076347972113774,-0.17875541756930913,-0.11201093750000002,-0.153437618646932,-0.07058425635306803,0.12124114583333336,0.07182336647320683,0.17065892519345988,0.009230208333333328,-0.02763132609841157,0.04609174276507823,-0.11201093750000002,-0.153437618646932,-0.07058425635306803,0.39657031249999997,0.36615003208854824,0.4269905929114517,0.5085812500000001,0.4678061359610971,0.5493563640389031,0.00015128141643120814,Paired t contrast,0.053099777167354055,All new prespecified primary confirmation contrasts; no stars in figures
xor3,all_columns,100000,512,0.25,xor3_n100000_m512_all_columns,normalized_noise__fixed_tau_0p03,0.18,12,0,2,0.17733181884386093,-0.02039696252379833,0.3750606002115202,0.024673958333333343,0.002266053809256617,0.04708186285741007,-0.015900000000000004,-0.043392137188743365,0.011592137188743353,0.008773958333333337,-0.01152432037498157,0.02907223704164824,0.024673958333333343,0.002266053809256617,0.04708186285741007,0.105128125,0.08776999910649017,0.12248625089350984,0.08045416666666666,0.06775205108939615,0.09315628224393717,0.07403198337866707,Paired t contrast,1.0,All new prespecified primary confirmation contrasts; no stars in figures
xor3,all_columns,100000,512,0.25,xor3_n100000_m512_all_columns,normalized_noise__fixed_tau_0p03,1.0,12,0,1,-1.6821547647407005,-2.3842884004426415,-0.9800211290387597,-0.1445260416666667,-0.1922927660016182,-0.09675931733171517,0.15289062500000003,0.12683841393868334,0.17894283606131672,0.008364583333333323,-0.04175031836281235,0.05847948502947899,-0.1445260416666667,-0.1922927660016182,-0.09675931733171517,0.09497760416666667,0.08103361119853797,0.10892159713479538,0.23950364583333336,0.19649841218206376,0.28250887948460296,0.00026307396711781363,Paired t contrast,0.08628826121464286,All new prespecified primary confirmation contrasts; no stars in figures
xor3,all_columns,100000,512,0.25,xor3_n100000_m512_all_columns,normalized_noise__fixed_tau_0p06,0.0001,12,0,0,-0.11920910753888109,-0.22671007364064455,-0.011708141437117625,-0.09260104166666668,-0.17796625704692665,-0.0072358262864067185,0.09212447916666668,0.024361777696734824,0.1598871806365985,-0.00047656249999999956,-0.05895272691461403,0.05799960191461403,-0.09260104166666668,-0.17796625704692665,-0.0072358262864067185,0.8400161458333333,0.8008142889402186,0.879218002726448,0.9326171875,0.8707625796148976,0.9944717953851024,0.032782077028709895,Paired t contrast,1.0,All new prespecified primary confirmation contrasts; no stars in figures
xor3,all_columns,100000,512,0.25,xor3_n100000_m512_all_columns,normalized_noise__fixed_tau_0p06,0.003,12,0,0,-0.9140340686924224,-1.0954776809859461,-0.7325904563988987,-0.3539307291666667,-0.40766045307431537,-0.300201005259018,0.35391406250000007,0.2927522043399412,0.41507592066005894,-1.666666666666483e-05,-0.048858929428449355,0.048825596095116025,-0.3539307291666667,-0.40766045307431537,-0.300201005259018,0.39657031249999997,0.36615003208854824,0.4269905929114517,0.7505010416666668,0.6988702748672486,0.8021318084660849,2.610904277075181e-07,Paired t contrast,0.00012923976171522146,All new prespecified primary confirmation contrasts; no stars in figures
xor3,all_columns,100000,512,0.25,xor3_n100000_m512_all_columns,normalized_noise__fixed_tau_0p06,0.18,12,0,2,-1.5107446255690737,-2.1455127342715836,-0.875976516866564,-0.13676041666666666,-0.16864011084429423,-0.1048807224890391,0.13350468749999997,0.10945713535208076,0.15755223964791917,-0.0032557291666666702,-0.038847826544979404,0.03233636821164606,-0.13676041666666666,-0.16864011084429423,-0.1048807224890391,0.105128125,0.08776999910649017,0.12248625089350984,0.24188854166666665,0.21967350164397134,0.264103581689362,0.0002775358557212342,Paired t contrast,0.09047668896512234,All new prespecified primary confirmation contrasts; no stars in figures
xor3,all_columns,100000,512,0.25,xor3_n100000_m512_all_columns,normalized_noise__fixed_tau_0p06,1.0,12,0,1,-2.279699874582921,-3.210097108496184,-1.3493026406696584,-0.19116822916666668,-0.26084805299060443,-0.12148840534272894,0.19380520833333328,0.13662756701184373,0.25098284965482287,0.002636979166666669,-0.07454374674878667,0.07981770508212,-0.19116822916666668,-0.26084805299060443,-0.12148840534272894,0.09497760416666667,0.08103361119853797,0.10892159713479538,0.2861458333333334,0.2243309760327894,0.34796069063387736,0.00021899515983023467,Paired t contrast,0.07380136886278908,All new prespecified primary confirmation contrasts; no stars in figures
xor3,all_columns,100000,512,0.25,xor3_n100000_m512_all_columns,normalized_noise__matched_q_0p2,0.0001,12,0,0,-0.20226929491690973,-0.2841135674346951,-0.12042502239912435,-0.16613541666666667,-0.22696026077991074,-0.1053105725534226,0.1599838541666667,0.09330040480545584,0.22666730352787753,-0.006151562499999967,-0.07295573272491505,0.06065260772491512,-0.16613541666666667,-0.22696026077991074,-0.1053105725534226,0.8400161458333333,0.8008142889402186,0.879218002726448,1.0061515625000002,0.949467287135095,1.0628358378649052,0.00020405616948648316,Paired t contrast,0.06978720996437723,All new prespecified primary confirmation contrasts; no stars in figures
xor3,all_columns,100000,512,0.25,xor3_n100000_m512_all_columns,normalized_noise__matched_q_0p2,0.003,12,0,0,-1.4492745235565405,-1.6491295746877845,-1.2494194724252965,-0.5633906249999999,-0.6154340603333436,-0.5113471896666563,0.5969869791666667,0.5457249278385173,0.648249030494816,0.03359635416666667,-0.04131299821349987,0.1085057065468332,-0.5633906249999999,-0.6154340603333436,-0.5113471896666563,0.39657031249999997,0.36615003208854824,0.4269905929114517,0.9599609375,0.9116360080155236,1.0082858669844765,5.9188550050176685e-09,Paired t contrast,3.296802237794841e-06,All new prespecified primary confirmation contrasts; no stars in figures
xor3,all_columns,100000,512,0.25,xor3_n100000_m512_all_columns,normalized_noise__matched_q_0p2,0.18,12,0,2,-9.663999757847813,-11.838358313806971,-7.489641201888656,-0.9371895833333332,-0.9851253940458663,-0.8892537726208002,0.8924932291666666,0.8243919292842445,0.9605945290490887,-0.04469635416666665,-0.11382762207458175,0.024434913741248433,-0.9371895833333332,-0.9851253940458663,-0.8892537726208002,0.105128125,0.08776999910649017,0.12248625089350984,1.0423177083333333,0.9960202405108803,1.0886151761557863,9.207212268069426e-07,Paired t contrast,0.0004253732067848075,All new prespecified primary confirmation contrasts; no stars in figures
xor3,all_columns,100000,512,0.25,xor3_n100000_m512_all_columns,normalized_noise__matched_q_0p2,1.0,12,0,1,-9.939634354395729,-11.449295053617725,-8.429973655173733,-0.9008541666666665,-0.9593201882506543,-0.8423881450826787,0.8860421874999999,0.8431753802973027,0.928908994702697,-0.014811979166666675,-0.06990331158325493,0.04027935324992157,-0.9008541666666665,-0.9593201882506543,-0.8423881450826787,0.09497760416666667,0.08103361119853797,0.10892159713479538,0.9958317708333334,0.9316081040970541,1.0600554375696127,1.637780746109427e-08,Paired t contrast,8.827638221529811e-06,All new prespecified primary confirmation contrasts; no stars in figures
xor3,all_columns,100000,512,0.25,xor3_n100000_m512_all_columns,normalized_noise__public_selected,0.0001,12,12,0,0.0,0.0,0.0,0.0,0.0,0.0,0.0,0.0,0.0,0.0,0.0,0.0,0.0,0.0,0.0,0.8400161458333333,0.8008142889402186,0.879218002726448,0.8400161458333333,0.8008142889402186,0.879218002726448,1.0,Exact zero differences,1.0,All new prespecified primary confirmation contrasts; no stars in figures
xor3,all_columns,100000,512,0.25,xor3_n100000_m512_all_columns,normalized_noise__public_selected,0.003,12,0,0,-0.047088678754920656,-0.164642018819191,0.0704646613093497,-0.012856250000000019,-0.056767095296083266,0.031054595296083225,0.012856250000000019,-0.031054595296083225,0.056767095296083266,0.0,0.0,0.0,-0.012856250000000019,-0.056767095296083266,0.031054595296083225,0.39657031249999997,0.36615003208854824,0.4269905929114517,0.4094265625,0.3780182949775865,0.44083483002241347,0.3968197746907236,Paired t contrast,1.0,All new prespecified primary confirmation contrasts; no stars in figures
xor3,all_columns,100000,512,0.25,xor3_n100000_m512_all_columns,normalized_noise__public_selected,0.18,12,0,2,0.29005044952295056,0.11001588358886596,0.4700850154570352,0.036232291666666666,0.015593116960333924,0.056871466372999405,-0.036232291666666666,-0.056871466372999405,-0.015593116960333924,0.0,0.0,0.0,0.036232291666666666,0.015593116960333924,0.056871466372999405,0.105128125,0.08776999910649017,0.12248625089350984,0.06889583333333332,0.059610222264341775,0.07818144440232487,0.004584411733973806,Paired t contrast,1.0,All new prespecified primary confirmation contrasts; no stars in figures
xor3,all_columns,100000,512,0.25,xor3_n100000_m512_all_columns,normalized_noise__public_selected,1.0,12,0,1,-0.043142664315923555,-0.21796724338172588,0.13168191474987875,0.00041979166666666207,-0.015631363298431532,0.016470946631764856,-0.00041979166666666207,-0.016470946631764856,0.015631363298431532,0.0,0.0,0.0,0.00041979166666666207,-0.015631363298431532,0.016470946631764856,0.09497760416666667,0.08103361119853797,0.10892159713479538,0.0945578125,0.08500631112788189,0.10410931387211812,0.5978589979141072,Paired t contrast,1.0,All new prespecified primary confirmation contrasts; no stars in figures
xor3,all_columns,100000,512,0.25,xor3_n100000_m512_all_columns,public_selected,0.0001,12,0,0,0.12681326093626807,-0.005290282194574808,0.25891680406711093,0.03925260416666665,0.0010917325997365501,0.07741347573359675,-0.03925260416666665,-0.07741347573359675,-0.0010917325997365501,0.0,0.0,0.0,0.03925260416666665,0.0010917325997365501,0.07741347573359675,0.278909375,0.25531860731949,0.30250014268051,0.23965677083333337,0.20902052513804908,0.27029301652861765,0.05828887971905266,Paired t contrast,1.0,All new prespecified primary confirmation contrasts; no stars in figures
xor3,all_columns,100000,512,0.25,xor3_n100000_m512_all_columns,public_selected,0.003,12,0,1,0.3510313128313396,0.18831118730910892,0.5137514383535703,0.047239062500000005,0.020836497313401797,0.07364162768659821,-0.047239062500000005,-0.07364162768659821,-0.020836497313401797,0.0,0.0,0.0,0.047239062500000005,0.020836497313401797,0.07364162768659821,0.11790208333333334,0.09750998498758562,0.13829418167908106,0.07066302083333333,0.05711575962432603,0.08421028204234063,0.0006015108979739936,Paired t contrast,0.1798517584942241,All new prespecified primary confirmation contrasts; no stars in figures
xor3,all_columns,100000,512,0.25,xor3_n100000_m512_all_columns,public_selected,0.18,12,12,1,0.0,0.0,0.0,0.0,0.0,0.0,0.0,0.0,0.0,0.0,0.0,0.0,0.0,0.0,0.0,0.11109687500000003,0.09554530241092424,0.1266484475890758,0.11109687500000003,0.09554530241092424,0.1266484475890758,1.0,Exact zero differences,1.0,All new prespecified primary confirmation contrasts; no stars in figures
xor3,all_columns,100000,512,0.25,xor3_n100000_m512_all_columns,public_selected,1.0,12,12,2,0.0,0.0,0.0,0.0,0.0,0.0,0.0,0.0,0.0,0.0,0.0,0.0,0.0,0.0,0.0,0.10431927083333335,0.09083576800663043,0.11780277366003628,0.10431927083333335,0.09083576800663043,0.11780277366003628,1.0,Exact zero differences,1.0,All new prespecified primary confirmation contrasts; no stars in figures
xor3,x1,100000,512,0.03571428571428571,xor3_n100000_m512_x1,fixed_tau_0p015,0.0001,12,0,0,0.17865454384471632,0.05962628276964982,0.29768280491978283,0.054676562500000005,0.018695088615842084,0.09065803638415793,-0.015999479166666657,-0.05735519391923343,0.025356235585900118,0.03867708333333334,-0.0011518043754570953,0.07850597104212378,0.054676562500000005,0.018695088615842084,0.09065803638415793,0.278909375,0.25531860731949,0.30250014268051,0.22423281250000002,0.20180064803555894,0.2466649769644411,0.007033527881102158,Paired t contrast,1.0,All new prespecified primary confirmation contrasts; no stars in figures
xor3,x1,100000,512,0.03571428571428571,xor3_n100000_m512_x1,fixed_tau_0p015,0.003,12,0,0,0.2964411429155218,0.06946456479558744,0.5234177210354563,0.043514583333333336,0.012525888592062977,0.07450327807460369,-0.05190052083333333,-0.07361868714150384,-0.030182354525162824,-0.008385937500000004,-0.03086950586260717,0.014097630862607164,0.043514583333333336,0.012525888592062977,0.07450327807460369,0.11790208333333334,0.09750998498758562,0.13829418167908106,0.0743875,0.057968125941103704,0.09080687405889629,0.015117126678584574,Paired t contrast,1.0,All new prespecified primary confirmation contrasts; no stars in figures
xor3,x1,100000,512,0.03571428571428571,xor3_n100000_m512_x1,fixed_tau_0p015,0.18,12,0,0,-1.0314404002592357,-1.270071776762475,-0.7928090237559964,-0.10998281249999997,-0.13171200805004218,-0.08825361694995776,0.11671770833333332,0.07837094349294485,0.1550644731737218,0.006734895833333333,-0.04541264343021636,0.05888243509688302,-0.10998281249999997,-0.13171200805004218,-0.08825361694995776,0.11109687500000003,0.09554530241092424,0.1266484475890758,0.22107968749999998,0.19349098334487852,0.24866839165512145,1.2142705997391552e-06,Paired t contrast,0.0005512788522815765,All new prespecified primary confirmation contrasts; no stars in figures
xor3,x1,100000,512,0.03571428571428571,xor3_n100000_m512_x1,fixed_tau_0p015,1.0,12,0,0,-1.3284164559860991,-1.6840874223278528,-0.9727454896443455,-0.1319,-0.16224517108544176,-0.10155482891455823,0.1053328125,0.06375015469515721,0.14691547030484278,-0.026567187499999992,-0.07990352386139153,0.026769148861391548,-0.1319,-0.16224517108544176,-0.10155482891455823,0.10431927083333335,0.09083576800663043,0.11780277366003628,0.2362192708333333,0.2064073915516819,0.2660311501149847,5.038895742675754e-06,Paired t contrast,0.002166725169350574,All new prespecified primary confirmation contrasts; no stars in figures
xor3,x1,100000,512,0.03571428571428571,xor3_n100000_m512_x1,fixed_tau_0p03,0.0001,12,0,0,0.2780543039472006,0.16608364612614557,0.39002496176825563,0.08156718749999999,0.04699108124940037,0.11614329375059959,0.09761614583333333,0.052841334045658536,0.14239095762100812,0.17918333333333333,0.12743947608336367,0.230927190583303,0.08156718749999999,0.04699108124940037,0.11614329375059959,0.278909375,0.25531860731949,0.30250014268051,0.1973421875,0.17465152472565548,0.2200328502743445,0.0001961383678707905,Paired t contrast,0.06747159854755193,All new prespecified primary confirmation contrasts; no stars in figures
xor3,x1,100000,512,0.03571428571428571,xor3_n100000_m512_x1,fixed_tau_0p03,0.003,12,0,0,-0.8918397426327465,-1.2206466801156644,-0.5630328051498286,-0.09568229166666666,-0.11877813912674845,-0.07258644420658486,-0.03519427083333334,-0.060047245036713506,-0.010341296629953176,-0.13087656250000002,-0.16222972504063723,-0.0995233999593628,-0.09568229166666666,-0.11877813912674845,-0.07258644420658486,0.11790208333333334,0.09750998498758562,0.13829418167908106,0.21358437500000002,0.1849328789051817,0.24223587109481834,9.321777004449273e-05,Paired t contrast,0.034304139376373326,All new prespecified primary confirmation contrasts; no stars in figures
xor3,x1,100000,512,0.03571428571428571,xor3_n100000_m512_x1,fixed_tau_0p03,0.18,12,0,0,-3.765874903180224,-4.726400198270019,-2.8053496080904297,-0.39550572916666665,-0.4737305600452392,-0.3172808982880941,0.286475,0.2183775872354945,0.35457241276450546,-0.10903072916666667,-0.19404213626848038,-0.02401932206485298,-0.39550572916666665,-0.4737305600452392,-0.3172808982880941,0.11109687500000003,0.09554530241092424,0.1266484475890758,0.5066026041666666,0.4305121271812761,0.582693081152057,3.1573711308610705e-06,Paired t contrast,0.0013829285553171489,All new prespecified primary confirmation contrasts; no stars in figures
xor3,x1,100000,512,0.03571428571428571,xor3_n100000_m512_x1,fixed_tau_0p03,1.0,12,0,0,-4.1045921195705,-4.967899127973145,-3.241285111167856,-0.41660989583333335,-0.4943517227699884,-0.3388680688966783,0.35470625,0.2792291980960842,0.4301833019039158,-0.06190364583333333,-0.19268311521355874,0.06887582354689209,-0.41660989583333335,-0.4943517227699884,-0.3388680688966783,0.10431927083333335,0.09083576800663043,0.11780277366003628,0.5209291666666666,0.4402282976460391,0.601630035687294,4.687618960854826e-07,Paired t contrast,0.00022688075770537357,All new prespecified primary confirmation contrasts; no stars in figures
xor3,x1,100000,512,0.03571428571428571,xor3_n100000_m512_x1,fixed_tau_0p06,0.0001,12,0,0,-0.17229729998394827,-0.29114599245451156,-0.053448607513384955,-0.0424765625,-0.07108896300233902,-0.013864161997660985,0.44249479166666666,0.39537730419750766,0.48961227913582567,0.4000182291666667,0.34481436351419026,0.4552220948191431,-0.0424765625,-0.07108896300233902,-0.013864161997660985,0.278909375,0.25531860731949,0.30250014268051,0.32138593749999994,0.3048341046709242,0.3379377703290757,0.008594105277815416,Paired t contrast,1.0,All new prespecified primary confirmation contrasts; no stars in figures
xor3,x1,100000,512,0.03571428571428571,xor3_n100000_m512_x1,fixed_tau_0p06,0.003,12,0,0,-2.558390033215533,-3.1868353994054894,-1.9299446670255767,-0.2769703125,-0.3126464525706218,-0.2412941724293782,0.10842291666666666,0.06870520511402094,0.1481406282193124,-0.16854739583333334,-0.21328573521516986,-0.1238090564514968,-0.2769703125,-0.3126464525706218,-0.2412941724293782,0.11790208333333334,0.09750998498758562,0.13829418167908106,0.39487239583333333,0.35754253648505185,0.4322022551816148,2.1890776693894595e-06,Paired t contrast,0.0009741395628783095,All new prespecified primary confirmation contrasts; no stars in figures
xor3,x1,100000,512,0.03571428571428571,xor3_n100000_m512_x1,fixed_tau_0p06,0.18,12,0,0,-6.234948331618862,-7.835310341069544,-4.634586322168181,-0.6470057291666667,-0.7468975814936667,-0.5471138768396666,0.5341708333333334,0.4375005616915978,0.630841104975069,-0.11283489583333335,-0.22640378113260967,0.0007339894659429691,-0.6470057291666667,-0.7468975814936667,-0.5471138768396666,0.11109687500000003,0.09554530241092424,0.1266484475890758,0.7581026041666666,0.6636789977036798,0.8525262106296535,3.3564757822936693e-06,Paired t contrast,0.0014667799168623335,All new prespecified primary confirmation contrasts; no stars in figures
xor3,x1,100000,512,0.03571428571428571,xor3_n100000_m512_x1,fixed_tau_0p06,1.0,12,0,0,-6.758550805485602,-8.232068911536551,-5.285032699434653,-0.6727208333333333,-0.7776127913174353,-0.5678288753492313,0.6667723958333335,0.5336197941408214,0.7999249975258456,-0.0059484375000000145,-0.17736102170686197,0.16546414670686194,-0.6727208333333333,-0.7776127913174353,-0.5678288753492313,0.10431927083333335,0.09083576800663043,0.11780277366003628,0.7770401041666667,0.6760082065151496,0.8780720018181838,6.724546983383066e-07,Paired t contrast,0.0003173986176156807,All new prespecified primary confirmation contrasts; no stars in figures
xor3,x1,100000,512,0.03571428571428571,xor3_n100000_m512_x1,matched_q_0p2,0.0001,12,0,0,-1.13340523591535,-1.3793166457160742,-0.8874938261146258,-0.3051484375,-0.34754397277124766,-0.2627529022287523,0.5596322916666668,0.5070985760969039,0.6121660072364298,0.2544838541666667,0.19082175811255836,0.318145950220775,-0.3051484375,-0.34754397277124766,-0.2627529022287523,0.278909375,0.25531860731949,0.30250014268051,0.5840578125,0.5500887934227909,0.6180268315772091,6.405441268284761e-07,Paired t contrast,0.0003029773719898692,All new prespecified primary confirmation contrasts; no stars in figures
xor3,x1,100000,512,0.03571428571428571,xor3_n100000_m512_x1,matched_q_0p2,0.003,12,0,0,-2.4693401881175254,-2.9592981415724022,-1.9793822346626486,-0.2794270833333333,-0.3321627497211377,-0.22669141694552894,0.43679114583333334,0.36455065602792247,0.5090316356387442,0.1573640625,0.045704854281334945,0.26902327071866505,-0.2794270833333333,-0.3321627497211377,-0.22669141694552894,0.11790208333333334,0.09750998498758562,0.13829418167908106,0.3973291666666667,0.33382607270210013,0.4608322606312332,2.5986240476859096e-07,Paired t contrast,0.00012889175276522113,All new prespecified primary confirmation contrasts; no stars in figures
xor3,x1,100000,512,0.03571428571428571,xor3_n100000_m512_x1,matched_q_0p2,0.18,12,0,0,-7.786623507786763,-9.051393914446859,-6.521853101126668,-0.8289015625,-0.8958826683868415,-0.7619204566131585,0.4129161458333333,0.3405121838266903,0.4853201078399763,-0.4159854166666666,-0.5000234758528552,-0.33194735748047793,-0.8289015625,-0.8958826683868415,-0.7619204566131585,0.11109687500000003,0.09554530241092424,0.1266484475890758,0.9399984375,0.8689814923043113,1.0110153826956887,3.305394400200563e-08,Paired t contrast,1.7452482433058974e-05,All new prespecified primary confirmation contrasts; no stars in figures
xor3,x1,100000,512,0.03571428571428571,xor3_n100000_m512_x1,matched_q_0p2,1.0,12,0,0,-6.91281590490694,-8.329449584690074,-5.496182225123805,-0.6966572916666668,-0.7954214232709169,-0.5978931600624167,0.7375614583333331,0.6803964859669938,0.7947264306996724,0.04090416666666664,-0.06502429935607112,0.14683263268940439,-0.6966572916666668,-0.7954214232709169,-0.5978931600624167,0.10431927083333335,0.09083576800663043,0.11780277366003628,0.8009765625000002,0.7010717552674058,0.9008813697325945,3.6055001384743675e-07,Paired t contrast,0.00017703005679909145,All new prespecified primary confirmation contrasts; no stars in figures
xor3,x1,100000,512,0.03571428571428571,xor3_n100000_m512_x1,normalized_noise__fixed_tau_0p015,0.0001,12,0,0,0.03715779093917545,-0.039870666514995524,0.11418624839334643,0.037149479166666666,-0.026946061999395657,0.10124502033272899,-0.0005223958333333186,-0.06301454528753082,0.06196975362086418,0.036627083333333345,-0.01022414478686652,0.08347831145353321,0.037149479166666666,-0.026946061999395657,0.10124502033272899,0.8400161458333333,0.8008142889402186,0.879218002726448,0.8028666666666666,0.7669652972740026,0.8387680360593306,0.3111110967986527,Paired t contrast,1.0,All new prespecified primary confirmation contrasts; no stars in figures
xor3,x1,100000,512,0.03571428571428571,xor3_n100000_m512_x1,normalized_noise__fixed_tau_0p015,0.003,12,0,0,0.1482067648062624,0.06344180895793158,0.23297172065459323,0.06221458333333332,0.024822040303188346,0.0996071263634783,0.012856250000000019,-0.031054595296083225,0.056767095296083266,0.07507083333333335,0.03300180044313001,0.1171398662235367,0.06221458333333332,0.024822040303188346,0.0996071263634783,0.39657031249999997,0.36615003208854824,0.4269905929114517,0.3343557291666666,0.30573591988491483,0.3629755384484184,0.0027074399245792715,Paired t contrast,0.7445459792592997,All new prespecified primary confirmation contrasts; no stars in figures
xor3,x1,100000,512,0.03571428571428571,xor3_n100000_m512_x1,normalized_noise__fixed_tau_0p015,0.18,12,0,0,0.13143664434417443,-0.13085805842220136,0.39373134711055024,0.022256249999999995,-0.001888036689773092,0.04640053668977308,-0.03403697916666667,-0.05460358088152653,-0.013470377451806806,-0.011780729166666672,-0.022645307040710112,-0.0009161512926232317,0.022256249999999995,-0.001888036689773092,0.04640053668977308,0.105128125,0.08776999910649017,0.12248625089350984,0.08287187500000001,0.07036566296346425,0.09537808703653577,0.2936066404727522,Paired t contrast,1.0,All new prespecified primary confirmation contrasts; no stars in figures
xor3,x1,100000,512,0.03571428571428571,xor3_n100000_m512_x1,normalized_noise__fixed_tau_0p015,1.0,12,0,0,-0.9736474468545536,-1.529382812406723,-0.4179120813023842,-0.07741145833333334,-0.11257888464157623,-0.042244032025090444,0.04856041666666666,0.023173671908642165,0.07394716142469115,-0.028851041666666664,-0.06536293800598685,0.007660854672653521,-0.07741145833333334,-0.11257888464157623,-0.042244032025090444,0.09497760416666667,0.08103361119853797,0.10892159713479538,0.1723890625,0.14690730989094497,0.19787081510905502,0.002671120972877545,Paired t contrast,0.7372293885142024,All new prespecified primary confirmation contrasts; no stars in figures
xor3,x1,100000,512,0.03571428571428571,xor3_n100000_m512_x1,normalized_noise__fixed_tau_0p03,0.0001,12,0,0,0.06356069848783061,-0.01766880376153468,0.1447902007371959,0.05831510416666664,-0.011014601700316616,0.12764481003364989,0.018490104166666688,-0.045301605689863286,0.08228181402319666,0.07680520833333333,0.013074669164773234,0.14053574750189343,0.05831510416666664,-0.011014601700316616,0.12764481003364989,0.8400161458333333,0.8008142889402186,0.879218002726448,0.7817010416666667,0.7305617955018924,0.8328402878314409,0.11298778917468551,Paired t contrast,1.0,All new prespecified primary confirmation contrasts; no stars in figures
xor3,x1,100000,512,0.03571428571428571,xor3_n100000_m512_x1,normalized_noise__fixed_tau_0p03,0.003,12,0,0,0.21919158419639562,0.13025159770925482,0.3081315706835364,0.08945729166666665,0.052946259481839515,0.12596832385149379,0.12124114583333336,0.07182336647320683,0.17065892519345988,0.21069843749999997,0.1642936013643186,0.25710327363568136,0.08945729166666665,0.052946259481839515,0.12596832385149379,0.39657031249999997,0.36615003208854824,0.4269905929114517,0.3071130208333333,0.2764861698428604,0.3377398718238062,0.0002088101183562549,Paired t contrast,0.07120425035948291,All new prespecified primary confirmation contrasts; no stars in figures
xor3,x1,100000,512,0.03571428571428571,xor3_n100000_m512_x1,normalized_noise__fixed_tau_0p03,0.18,12,0,0,-0.7380400167817239,-1.1881651630134706,-0.2879148705499773,-0.06510416666666664,-0.09502607696913011,-0.03518225636420318,-0.015900000000000004,-0.043392137188743365,0.011592137188743353,-0.08100416666666664,-0.11391663258099913,-0.048091700752334154,-0.06510416666666664,-0.09502607696913011,-0.03518225636420318,0.105128125,0.08776999910649017,0.12248625089350984,0.17023229166666665,0.1462709182063805,0.1941936651269528,0.004106110201363856,Paired t contrast,1.0,All new prespecified primary confirmation contrasts; no stars in figures
xor3,x1,100000,512,0.03571428571428571,xor3_n100000_m512_x1,normalized_noise__fixed_tau_0p03,1.0,12,0,0,-2.9423654354074302,-3.606104399748014,-2.2786264710668465,-0.2655369791666667,-0.31669650149645284,-0.21437745683688053,0.15289062500000003,0.12683841393868334,0.17894283606131672,-0.11264635416666664,-0.18258354104725016,-0.04270916728608311,-0.2655369791666667,-0.31669650149645284,-0.21437745683688053,0.09497760416666667,0.08103361119853797,0.10892159713479538,0.36051458333333336,0.3081626123428037,0.41286655432386304,9.447911243381068e-07,Paired t contrast,0.00043554870831986724,All new prespecified primary confirmation contrasts; no stars in figures
xor3,x1,100000,512,0.03571428571428571,xor3_n100000_m512_x1,normalized_noise__fixed_tau_0p06,0.0001,12,0,0,-0.024005655354108885,-0.06950922164780897,0.021497910939591195,-0.019633333333333353,-0.05847342846180861,0.01920676179514191,0.09212447916666668,0.024361777696734824,0.1598871806365985,0.07249114583333333,0.0003965410482089926,0.14458575061845766,-0.019633333333333353,-0.05847342846180861,0.01920676179514191,0.8400161458333333,0.8008142889402186,0.879218002726448,0.8596494791666668,0.8072859040198862,0.9120130543134474,0.27016196653980795,Paired t contrast,1.0,All new prespecified primary confirmation contrasts; no stars in figures
xor3,x1,100000,512,0.03571428571428571,xor3_n100000_m512_x1,normalized_noise__fixed_tau_0p06,0.003,12,0,0,-0.15792558193422976,-0.27477303117106144,-0.0410781326973981,-0.05784114583333333,-0.0996217676451813,-0.01606052402148537,0.35391406250000007,0.2927522043399412,0.41507592066005894,0.29607291666666663,0.24976517015046032,0.3423806631828729,-0.05784114583333333,-0.0996217676451813,-0.01606052402148537,0.39657031249999997,0.36615003208854824,0.4269905929114517,0.45441145833333335,0.4170307084618983,0.4917922082047684,0.012637587096540748,Paired t contrast,1.0,All new prespecified primary confirmation contrasts; no stars in figures
xor3,x1,100000,512,0.03571428571428571,xor3_n100000_m512_x1,normalized_noise__fixed_tau_0p06,0.18,12,0,0,-3.1452755757217585,-4.258429904805848,-2.0321212466376695,-0.290365625,-0.3318281442823328,-0.24890310571766722,0.13350468749999997,0.10945713535208076,0.15755223964791917,-0.15686093750000002,-0.19847671140159084,-0.1152451635984092,-0.290365625,-0.3318281442823328,-0.24890310571766722,0.105128125,0.08776999910649017,0.12248625089350984,0.39549375000000003,0.36767853182793564,0.4233089681720644,6.538815750529173e-05,Paired t contrast,0.024324394591968525,All new prespecified primary confirmation contrasts; no stars in figures
xor3,x1,100000,512,0.03571428571428571,xor3_n100000_m512_x1,normalized_noise__fixed_tau_0p06,1.0,12,0,0,-5.82355306420745,-7.037704382347047,-4.609401746067852,-0.534234375,-0.6342072087286791,-0.434261541271321,0.19380520833333328,0.13662756701184373,0.25098284965482287,-0.3404291666666667,-0.4400292381208669,-0.24082909521246657,-0.534234375,-0.6342072087286791,-0.434261541271321,0.09497760416666667,0.08103361119853797,0.10892159713479538,0.6292119791666667,0.5244246942134614,0.733999264119872,4.2908587026532226e-07,Paired t contrast,0.00020939390468947727,All new prespecified primary confirmation contrasts; no stars in figures
xor3,x1,100000,512,0.03571428571428571,xor3_n100000_m512_x1,normalized_noise__matched_q_0p2,0.0001,12,0,0,-0.06701755186214321,-0.1573386472224264,0.02330354349813997,-0.05256979166666668,-0.1238339316757798,0.018694348342446453,0.15296927083333334,0.08346559801588052,0.22247294365078615,0.10039947916666665,0.041500453306586034,0.15929850502674728,-0.05256979166666668,-0.1238339316757798,0.018694348342446453,0.8400161458333333,0.8008142889402186,0.879218002726448,0.8925859374999999,0.8268044071760415,0.9583674678239583,0.13071395934806743,Paired t contrast,1.0,All new prespecified primary confirmation contrasts; no stars in figures
xor3,x1,100000,512,0.03571428571428571,xor3_n100000_m512_x1,normalized_noise__matched_q_0p2,0.003,12,0,0,-0.7379799197149604,-0.8477042717475376,-0.6282555676823831,-0.28702343750000003,-0.32166828248571855,-0.2523785925142815,0.4738723958333333,0.4194565480695851,0.5282882435970815,0.18684895833333334,0.12957561832167902,0.24412229834498766,-0.28702343750000003,-0.32166828248571855,-0.2523785925142815,0.39657031249999997,0.36615003208854824,0.4269905929114517,0.68359375,0.6461625426017694,0.7210249573982306,1.3094376102911036e-08,Paired t contrast,7.123340599983604e-06,All new prespecified primary confirmation contrasts; no stars in figures
xor3,x1,100000,512,0.03571428571428571,xor3_n100000_m512_x1,normalized_noise__matched_q_0p2,0.18,12,0,0,-3.1139100621928635,-3.826601467014486,-2.401218657371241,-0.3088385416666667,-0.35515568558772026,-0.2625213977456131,0.47264375,0.4268695888452228,0.5184179111547772,0.16380520833333334,0.09389994744804477,0.23371046921862193,-0.3088385416666667,-0.35515568558772026,-0.2625213977456131,0.105128125,0.08776999910649017,0.12248625089350984,0.41396666666666665,0.36027162075878527,0.467661712574548,1.0910966984936645e-06,Paired t contrast,0.000500813384608592,All new prespecified primary confirmation contrasts; no stars in figures
xor3,x1,100000,512,0.03571428571428571,xor3_n100000_m512_x1,normalized_noise__matched_q_0p2,1.0,12,0,0,-6.0486697781030685,-7.3387479906458495,-4.7585915655602875,-0.5442520833333334,-0.6089105564254527,-0.47959361024121416,0.3530026041666667,0.2991616259653136,0.40684358236801976,-0.19124947916666665,-0.27586371021081607,-0.10663524812251725,-0.5442520833333334,-0.6089105564254527,-0.47959361024121416,0.09497760416666667,0.08103361119853797,0.10892159713479538,0.6392296875000001,0.5721162540714076,0.7063431209285925,5.394201309768476e-07,Paired t contrast,0.0002562245622140026,All new prespecified primary confirmation contrasts; no stars in figures
xor3,x1,100000,512,0.03571428571428571,xor3_n100000_m512_x1,normalized_noise__public_selected,0.0001,12,0,0,0.06356069848783061,-0.01766880376153468,0.1447902007371959,0.05831510416666664,-0.011014601700316616,0.12764481003364989,0.018490104166666688,-0.045301605689863286,0.08228181402319666,0.07680520833333333,0.013074669164773234,0.14053574750189343,0.05831510416666664,-0.011014601700316616,0.12764481003364989,0.8400161458333333,0.8008142889402186,0.879218002726448,0.7817010416666667,0.7305617955018924,0.8328402878314409,0.11298778917468551,Paired t contrast,1.0,All new prespecified primary confirmation contrasts; no stars in figures
xor3,x1,100000,512,0.03571428571428571,xor3_n100000_m512_x1,normalized_noise__public_selected,0.003,12,0,0,0.21919158419639562,0.13025159770925482,0.3081315706835364,0.08945729166666665,0.052946259481839515,0.12596832385149379,0.12124114583333336,0.07182336647320683,0.17065892519345988,0.21069843749999997,0.1642936013643186,0.25710327363568136,0.08945729166666665,0.052946259481839515,0.12596832385149379,0.39657031249999997,0.36615003208854824,0.4269905929114517,0.3071130208333333,0.2764861698428604,0.3377398718238062,0.0002088101183562549,Paired t contrast,0.07120425035948291,All new prespecified primary confirmation contrasts; no stars in figures
xor3,x1,100000,512,0.03571428571428571,xor3_n100000_m512_x1,normalized_noise__public_selected,0.18,12,0,0,0.31641836214417013,0.1228803374779012,0.5099563868104391,0.038259375000000005,0.015728560769576908,0.060790189230423106,-0.038259375000000005,-0.060790189230423106,-0.015728560769576908,0.0,0.0,0.0,0.038259375000000005,0.015728560769576908,0.060790189230423106,0.105128125,0.08776999910649017,0.12248625089350984,0.06686874999999999,0.05292808819572875,0.08080941180427123,0.004181444856074716,Paired t contrast,1.0,All new prespecified primary confirmation contrasts; no stars in figures
xor3,x1,100000,512,0.03571428571428571,xor3_n100000_m512_x1,normalized_noise__public_selected,1.0,12,0,0,-0.043142664315923555,-0.21796724338172588,0.13168191474987875,0.00041979166666666207,-0.015631363298431532,0.016470946631764856,-0.00041979166666666207,-0.016470946631764856,0.015631363298431532,0.0,0.0,0.0,0.00041979166666666207,-0.015631363298431532,0.016470946631764856,0.09497760416666667,0.08103361119853797,0.10892159713479538,0.0945578125,0.08500631112788189,0.10410931387211812,0.5978589979141072,Paired t contrast,1.0,All new prespecified primary confirmation contrasts; no stars in figures
xor3,x1,100000,512,0.03571428571428571,xor3_n100000_m512_x1,public_selected,0.0001,12,0,0,0.2780543039472006,0.16608364612614557,0.39002496176825563,0.08156718749999999,0.04699108124940037,0.11614329375059959,0.09761614583333333,0.052841334045658536,0.14239095762100812,0.17918333333333333,0.12743947608336367,0.230927190583303,0.08156718749999999,0.04699108124940037,0.11614329375059959,0.278909375,0.25531860731949,0.30250014268051,0.1973421875,0.17465152472565548,0.2200328502743445,0.0001961383678707905,Paired t contrast,0.06747159854755193,All new prespecified primary confirmation contrasts; no stars in figures
xor3,x1,100000,512,0.03571428571428571,xor3_n100000_m512_x1,public_selected,0.003,12,0,0,0.3510313128313396,0.18831118730910892,0.5137514383535703,0.047239062500000005,0.020836497313401797,0.07364162768659821,-0.047239062500000005,-0.07364162768659821,-0.020836497313401797,0.0,0.0,0.0,0.047239062500000005,0.020836497313401797,0.07364162768659821,0.11790208333333334,0.09750998498758562,0.13829418167908106,0.07066302083333333,0.05711575962432603,0.08421028204234063,0.0006015108979739936,Paired t contrast,0.1798517584942241,All new prespecified primary confirmation contrasts; no stars in figures
xor3,x1,100000,512,0.03571428571428571,xor3_n100000_m512_x1,public_selected,0.18,12,12,0,0.0,0.0,0.0,0.0,0.0,0.0,0.0,0.0,0.0,0.0,0.0,0.0,0.0,0.0,0.0,0.11109687500000003,0.09554530241092424,0.1266484475890758,0.11109687500000003,0.09554530241092424,0.1266484475890758,1.0,Exact zero differences,1.0,All new prespecified primary confirmation contrasts; no stars in figures
xor3,x1,100000,512,0.03571428571428571,xor3_n100000_m512_x1,public_selected,1.0,12,12,0,0.0,0.0,0.0,0.0,0.0,0.0,0.0,0.0,0.0,0.0,0.0,0.0,0.0,0.0,0.0,0.10431927083333335,0.09083576800663043,0.11780277366003628,0.10431927083333335,0.09083576800663043,0.11780277366003628,1.0,Exact zero differences,1.0,All new prespecified primary confirmation contrasts; no stars in figures
xor3,all_columns,12000,2048,0.25,xor3_n12000_m2048_all_columns,fixed_tau_0p03,0.0001,12,0,0,-0.013654984156886847,-0.04889622397000823,0.021586255656234538,-0.011800130208333324,-0.04423535068308041,0.020635090266413768,0.031412760416666664,-0.009814637679998177,0.0726401585133315,0.019612630208333343,0.0007360362780163762,0.03848922413865031,-0.011800130208333324,-0.04423535068308041,0.020635090266413768,0.9319661458333334,0.9087615377562552,0.9551707539104115,0.9437662760416666,0.9148182656990115,0.9727142863843218,0.41194392320631823,Paired t contrast,1.0,All new prespecified primary confirmation contrasts; no stars in figures
xor3,all_columns,12000,2048,0.25,xor3_n12000_m2048_all_columns,fixed_tau_0p03,0.003,12,0,0,-0.1405943233730106,-0.2004223942553809,-0.08076625249064029,-0.10188802083333333,-0.14374602400700365,-0.060030017659663,0.08797200520833333,0.04595699661117992,0.12998701380548675,-0.013916015625,-0.04073347383926829,0.012901442589268293,-0.10188802083333333,-0.14374602400700365,-0.060030017659663,0.7410481770833334,0.7169345278920617,0.765161826274605,0.8429361979166666,0.8119316598920374,0.8739407359412958,0.0003074244434498776,Paired t contrast,0.09960551967776035,All new prespecified primary confirmation contrasts; no stars in figures
xor3,all_columns,12000,2048,0.25,xor3_n12000_m2048_all_columns,fixed_tau_0p03,0.18,12,0,0,0.13001854285748254,0.07579346277418773,0.18424362294077734,0.040019661458333335,0.023081227284440474,0.056958095632226195,-0.03133528645833334,-0.045152398390797786,-0.017518174525868895,0.008684374999999994,-0.007916528425112642,0.02528527842511263,0.040019661458333335,0.023081227284440474,0.056958095632226195,0.30340299479166666,0.29243669418228146,0.31436929540105185,0.26338333333333336,0.24851998203358924,0.2782466846330775,0.00026131599571233775,Paired t contrast,0.08597296258935912,All new prespecified primary confirmation contrasts; no stars in figures
xor3,all_columns,12000,2048,0.25,xor3_n12000_m2048_all_columns,fixed_tau_0p03,1.0,12,0,0,0.6985715656839142,0.6765956873269272,0.7205474440409012,0.18706223958333335,0.1731076988913536,0.20101678027531308,-0.18382786458333333,-0.19746595451361307,-0.1701897746530536,0.0032343750000000046,-0.004960247424120821,0.01142899742412083,0.18706223958333335,0.1731076988913536,0.20101678027531308,0.2671171875,0.25406310810503285,0.2801712668949672,0.08005494791666666,0.07597281258015026,0.08413708325318306,6.31535724828014e-16,Paired t contrast,4.2944429288304953e-13,All new prespecified primary confirmation contrasts; no stars in figures
xor3,all_columns,12000,2048,0.25,xor3_n12000_m2048_all_columns,matched_q_0p2,0.0001,12,0,0,-0.06334277291767051,-0.10914721419640724,-0.017538331638933778,-0.056966145833333336,-0.09912823756323383,-0.014804054103432843,0.06616210937499999,0.024665382064169315,0.10765883668583065,0.009195963541666657,-0.020437912244511306,0.03882983932784462,-0.056966145833333336,-0.09912823756323383,-0.014804054103432843,0.9319661458333334,0.9087615377562552,0.9551707539104115,0.9889322916666666,0.9633830877684839,1.0144814955648493,0.011171847383368171,Paired t contrast,1.0,All new prespecified primary confirmation contrasts; no stars in figures
xor3,all_columns,12000,2048,0.25,xor3_n12000_m2048_all_columns,matched_q_0p2,0.003,12,0,0,-0.3490671551469701,-0.399386930808439,-0.29874737948550123,-0.2564290364583333,-0.2897278731639312,-0.2231301997527354,0.24910481770833334,0.20345664874427388,0.2947529866723928,-0.0073242187500000095,-0.040181880830699505,0.025533443330699488,-0.2564290364583333,-0.2897278731639312,-0.2231301997527354,0.7410481770833334,0.7169345278920617,0.765161826274605,0.9974772135416666,0.9748682978806025,1.0200861292027308,9.455847470748988e-09,Paired t contrast,5.257451193736437e-06,All new prespecified primary confirmation contrasts; no stars in figures
xor3,all_columns,12000,2048,0.25,xor3_n12000_m2048_all_columns,matched_q_0p2,0.18,12,0,0,-2.2972525136694446,-2.514318392661811,-2.0801866346770783,-0.6927721354166666,-0.7443192126752151,-0.6412250581581181,0.6843899739583333,0.6614498756983629,0.7073300722183038,-0.008382161458333324,-0.06791601375133278,0.05115169083466614,-0.6927721354166666,-0.7443192126752151,-0.6412250581581181,0.30340299479166666,0.29243669418228146,0.31436929540105185,0.9961751302083334,0.949776379027144,1.042573881389523,1.0356471258419219e-10,Paired t contrast,6.617785134129881e-08,All new prespecified primary confirmation contrasts; no stars in figures
xor3,all_columns,12000,2048,0.25,xor3_n12000_m2048_all_columns,matched_q_0p2,1.0,12,0,0,-2.7619313467032978,-2.9573239018834503,-2.5665387915231452,-0.7326386718750001,-0.7593244758888014,-0.7059528678611988,0.7438691406250001,0.7197890395236536,0.7679492417263466,0.011230468750000009,-0.022815743298472017,0.04527668079847203,-0.7326386718750001,-0.7593244758888014,-0.7059528678611988,0.2671171875,0.25406310810503285,0.2801712668949672,0.999755859375,0.975143300280028,1.024368418469972,4.487324033685284e-12,Paired t contrast,2.9526592141649173e-09,All new prespecified primary confirmation contrasts; no stars in figures
xor3,all_columns,12000,2048,0.25,xor3_n12000_m2048_all_columns,public_selected,0.0001,12,12,0,0.0,0.0,0.0,0.0,0.0,0.0,0.0,0.0,0.0,0.0,0.0,0.0,0.0,0.0,0.0,0.9319661458333334,0.9087615377562552,0.9551707539104115,0.9319661458333334,0.9087615377562552,0.9551707539104115,1.0,Exact zero differences,1.0,All new prespecified primary confirmation contrasts; no stars in figures
xor3,all_columns,12000,2048,0.25,xor3_n12000_m2048_all_columns,public_selected,0.003,12,0,0,0.0049066659403787455,-0.042481540473807755,0.052294872354565244,0.005452473958333333,-0.02960462811893169,0.040509576035598356,-0.005452473958333333,-0.040509576035598356,0.02960462811893169,0.0,0.0,0.0,0.005452473958333333,-0.02960462811893169,0.040509576035598356,0.7410481770833334,0.7169345278920617,0.765161826274605,0.735595703125,0.711375909494645,0.759815496755355,0.8239091703184334,Paired t contrast,1.0,All new prespecified primary confirmation contrasts; no stars in figures
xor3,all_columns,12000,2048,0.25,xor3_n12000_m2048_all_columns,public_selected,0.18,12,0,0,0.5898650002982831,0.5584956012277467,0.6212343993688196,0.179276171875,0.16590353532215563,0.19264880842784438,-0.179276171875,-0.19264880842784438,-0.16590353532215563,0.0,0.0,0.0,0.179276171875,0.16590353532215563,0.19264880842784438,0.30340299479166666,0.29243669418228146,0.31436929540105185,0.12412682291666667,0.1155402895188533,0.13271335631448003,1.9926584775260876e-13,Paired t contrast,1.3350811799424786e-10,All new prespecified primary confirmation contrasts; no stars in figures
xor3,all_columns,12000,2048,0.25,xor3_n12000_m2048_all_columns,public_selected,1.0,12,0,0,0.8285188565235434,0.7986842767922366,0.8583534362548502,0.22189401041666668,0.20489038679389643,0.23889763403943692,-0.2210723958333333,-0.23786824419499908,-0.2042765474716675,0.0008216145833333336,-0.000986746921898209,0.002629976088564876,0.22189401041666668,0.20489038679389643,0.23889763403943692,0.2671171875,0.25406310810503285,0.2801712668949672,0.045223177083333344,0.03882250605871903,0.05162384810794766,2.7820735506206253e-15,Paired t contrast,1.8834637937701634e-12,All new prespecified primary confirmation contrasts; no stars in figures
xor3,all_inputs,12000,2048,0.03571428571428571,xor3_n12000_m2048_all_inputs,fixed_tau_0p03,0.0001,12,0,0,0.007035955147514658,-0.015324121276253547,0.02939603157128286,0.007161458333333333,-0.013516447549345771,0.027839364216012435,0.031412760416666664,-0.009814637679998177,0.0726401585133315,0.03857421875,0.004723889513305629,0.07242454798669437,0.007161458333333333,-0.013516447549345771,0.027839364216012435,0.9319661458333334,0.9087615377562552,0.9551707539104115,0.9248046875,0.9035316525025701,0.9460777224974299,0.5029352459011569,Paired t contrast,1.0,All new prespecified primary confirmation contrasts; no stars in figures
xor3,all_inputs,12000,2048,0.03571428571428571,xor3_n12000_m2048_all_inputs,fixed_tau_0p03,0.003,12,0,0,0.049307031603812716,0.029957417300666565,0.06865664590695887,0.037190755208333336,0.021915351197758413,0.05246615921890826,0.08797200520833333,0.04595699661117992,0.12998701380548675,0.12516276041666666,0.08778691669812727,0.16253860413520604,0.037190755208333336,0.021915351197758413,0.05246615921890826,0.7410481770833334,0.7169345278920617,0.765161826274605,0.703857421875,0.6861485761016736,0.7215662676483264,0.00015827177582871462,Paired t contrast,0.055078577988392684,All new prespecified primary confirmation contrasts; no stars in figures
xor3,all_inputs,12000,2048,0.03571428571428571,xor3_n12000_m2048_all_inputs,fixed_tau_0p03,0.18,12,0,0,0.6336328975049317,0.608091802217057,0.6591739927928063,0.19239934895833335,0.18080007403330844,0.20399862388335827,-0.03133528645833334,-0.045152398390797786,-0.017518174525868895,0.1610640625,0.14992230593077335,0.17220581906922663,0.19239934895833335,0.18080007403330844,0.20399862388335827,0.30340299479166666,0.29243669418228146,0.31436929540105185,0.11100364583333334,0.10326589493886283,0.11874139672780386,9.584251019443244e-15,Paired t contrast,6.46936943812419e-12,All new prespecified primary confirmation contrasts; no stars in figures
xor3,all_inputs,12000,2048,0.03571428571428571,xor3_n12000_m2048_all_inputs,fixed_tau_0p03,1.0,12,0,0,0.8148299197810083,0.7891789650488128,0.8404808745132037,0.21801705729166665,0.20284894449444232,0.23318517008889098,-0.18382786458333333,-0.19746595451361307,-0.1701897746530536,0.03418919270833334,0.023550185372370743,0.04482820004429593,0.21801705729166665,0.20284894449444232,0.23318517008889098,0.2671171875,0.25406310810503285,0.2801712668949672,0.049100130208333335,0.04288060470645275,0.05531965571021392,6.363624938255016e-16,Paired t contrast,4.3209013330751555e-13,All new prespecified primary confirmation contrasts; no stars in figures
xor3,all_inputs,12000,2048,0.03571428571428571,xor3_n12000_m2048_all_inputs,matched_q_0p2,0.0001,12,0,0,-0.037289612548730304,-0.07033550758634723,-0.004243717511113382,-0.033528645833333336,-0.06407200646654401,-0.002985285200122662,0.06583658854166667,0.03619562724310658,0.09547754984022677,0.032307942708333336,0.00015558899218164057,0.06446029642448503,-0.033528645833333336,-0.06407200646654401,-0.002985285200122662,0.9319661458333334,0.9087615377562552,0.9551707539104115,0.9654947916666666,0.9434044153414006,0.9875851679919326,0.030377054530249022,Paired t contrast,1.0,All new prespecified primary confirmation contrasts; no stars in figures
xor3,all_inputs,12000,2048,0.03571428571428571,xor3_n12000_m2048_all_inputs,matched_q_0p2,0.003,12,0,0,-0.159386449412356,-0.21556487126748078,-0.10320802755723121,-0.11539713541666667,-0.15572937613744184,-0.0750648946958915,0.21915690104166666,0.18788974831430627,0.25042405376902704,0.103759765625,0.06816894647653386,0.13935058477346612,-0.11539713541666667,-0.15572937613744184,-0.0750648946958915,0.7410481770833334,0.7169345278920617,0.765161826274605,0.8564453125,0.8338154435804372,0.8790751814195628,6.308587147841317e-05,Paired t contrast,0.023531030061448112,All new prespecified primary confirmation contrasts; no stars in figures
xor3,all_inputs,12000,2048,0.03571428571428571,xor3_n12000_m2048_all_inputs,matched_q_0p2,0.18,12,0,0,-0.7644944301874048,-0.8573868933626843,-0.6716019670121254,-0.229962890625,-0.2524537530989974,-0.20747202815100257,0.5133287760416666,0.4742488224529524,0.5524087296303808,0.2833658854166667,0.24882638206997088,0.3179053887633625,-0.229962890625,-0.2524537530989974,-0.20747202815100257,0.30340299479166666,0.29243669418228146,0.31436929540105185,0.5333658854166666,0.5172099660823357,0.5495218047509975,1.542434829912758e-09,Paired t contrast,9.115789844784399e-07,All new prespecified primary confirmation contrasts; no stars in figures
xor3,all_inputs,12000,2048,0.03571428571428571,xor3_n12000_m2048_all_inputs,matched_q_0p2,1.0,12,0,0,-0.7572813890551466,-0.8795091153812645,-0.6350536627290287,-0.199546484375,-0.22564619273673456,-0.17344677601326544,0.42494010416666667,0.4033830373134865,0.4464971710198468,0.22539361979166664,0.18977812550022247,0.2610091140831108,-0.199546484375,-0.22564619273673456,-0.17344677601326544,0.2671171875,0.25406310810503285,0.2801712668949672,0.4666636718749999,0.44512997941829757,0.48819736433170224,3.094157185014828e-08,Paired t contrast,1.636809150872844e-05,All new prespecified primary confirmation contrasts; no stars in figures
xor3,all_inputs,12000,2048,0.03571428571428571,xor3_n12000_m2048_all_inputs,public_selected,0.0001,12,0,0,-0.028368835728019445,-0.06959405332577526,0.012856381869736373,-0.024983723958333332,-0.0626595390998678,0.012692091183201127,0.03304036458333331,-0.0001799434838967301,0.06626067265056335,0.008056640624999972,-0.021396770872741833,0.03751005212274178,-0.024983723958333332,-0.0626595390998678,0.012692091183201127,0.9319661458333334,0.9087615377562552,0.9551707539104115,0.9569498697916666,0.9290534836961936,0.9848462558871397,0.15806863619265232,Paired t contrast,1.0,All new prespecified primary confirmation contrasts; no stars in figures
xor3,all_inputs,12000,2048,0.03571428571428571,xor3_n12000_m2048_all_inputs,public_selected,0.003,12,0,0,0.049307031603812716,0.029957417300666565,0.06865664590695887,0.037190755208333336,0.021915351197758413,0.05246615921890826,0.08797200520833333,0.04595699661117992,0.12998701380548675,0.12516276041666666,0.08778691669812727,0.16253860413520604,0.037190755208333336,0.021915351197758413,0.05246615921890826,0.7410481770833334,0.7169345278920617,0.765161826274605,0.703857421875,0.6861485761016736,0.7215662676483264,0.00015827177582871462,Paired t contrast,0.055078577988392684,All new prespecified primary confirmation contrasts; no stars in figures
xor3,all_inputs,12000,2048,0.03571428571428571,xor3_n12000_m2048_all_inputs,public_selected,0.18,12,0,0,0.6336328975049317,0.608091802217057,0.6591739927928063,0.19239934895833335,0.18080007403330844,0.20399862388335827,-0.03133528645833334,-0.045152398390797786,-0.017518174525868895,0.1610640625,0.14992230593077335,0.17220581906922663,0.19239934895833335,0.18080007403330844,0.20399862388335827,0.30340299479166666,0.29243669418228146,0.31436929540105185,0.11100364583333334,0.10326589493886283,0.11874139672780386,9.584251019443244e-15,Paired t contrast,6.46936943812419e-12,All new prespecified primary confirmation contrasts; no stars in figures
xor3,all_inputs,12000,2048,0.03571428571428571,xor3_n12000_m2048_all_inputs,public_selected,1.0,12,0,0,0.8297396893079201,0.7986556671131256,0.8608237115027145,0.22182187499999997,0.20667238620786246,0.23697136379213748,-0.2210723958333333,-0.23786824419499908,-0.2042765474716675,0.0007494791666666639,-0.008967542785770288,0.010466501119103615,0.22182187499999997,0.20667238620786246,0.23697136379213748,0.2671171875,0.25406310810503285,0.2801712668949672,0.0452953125,0.037046788586605234,0.05354383641339476,4.2933056537736695e-15,Paired t contrast,2.9022746219510007e-12,All new prespecified primary confirmation contrasts; no stars in figures
xor3,all_columns,12000,512,0.25,xor3_n12000_m512_all_columns,fixed_tau_0p015,0.0001,12,0,1,-0.051245481953331,-0.16208656775913596,0.059595603852473956,-0.03186562499999999,-0.1156709601180578,0.05193971011805782,0.03186562499999999,-0.05193971011805782,0.1156709601180578,0.0,0.0,0.0,-0.03186562499999999,-0.1156709601180578,0.05193971011805782,0.8554697916666667,0.798754830195668,0.9121847531376654,0.8873354166666667,0.8370654287922542,0.9376054045410792,0.33073330380471067,Paired t contrast,1.0,All new prespecified primary confirmation contrasts; no stars in figures
xor3,all_columns,12000,512,0.25,xor3_n12000_m512_all_columns,fixed_tau_0p015,0.003,12,0,1,-0.12055339319925011,-0.222884009115636,-0.018222777282864228,-0.044621875,-0.08356487848945182,-0.005678871510548175,0.044621875,0.005678871510548175,0.08356487848945182,0.0,0.0,0.0,-0.044621875,-0.08356487848945182,-0.005678871510548175,0.3887354166666667,0.36458301637683205,0.4128878169565014,0.43335729166666664,0.3948716913204049,0.4718428920129284,0.025007205950712923,Paired t contrast,1.0,All new prespecified primary confirmation contrasts; no stars in figures
xor3,all_columns,12000,512,0.25,xor3_n12000_m512_all_columns,fixed_tau_0p015,0.18,12,0,0,0.3042255154491936,0.15281167873645626,0.45563935216193086,0.034785937499999996,0.015611159311681999,0.05396071568831799,-0.034785937499999996,-0.05396071568831799,-0.015611159311681999,0.0,0.0,0.0,0.034785937499999996,0.015611159311681999,0.05396071568831799,0.10535052083333334,0.0914685460918184,0.11923249557484827,0.07056458333333333,0.0578686600352538,0.08326050663141286,0.001024620177789462,Paired t contrast,0.29816447173673344,All new prespecified primary confirmation contrasts; no stars in figures
xor3,all_columns,12000,512,0.25,xor3_n12000_m512_all_columns,fixed_tau_0p015,1.0,12,0,1,-0.43269040327188996,-1.1223839228733394,0.25700311632955947,-0.021122916666666654,-0.05268281696795438,0.010436983634621071,0.021122916666666654,-0.010436983634621071,0.05268281696795438,0.0,0.0,0.0,-0.021122916666666654,-0.05268281696795438,0.010436983634621071,0.10429166666666667,0.08602193295631252,0.12256140037702082,0.12541458333333333,0.10648619825559216,0.1443429684110745,0.19474248286938414,Paired t contrast,1.0,All new prespecified primary confirmation contrasts; no stars in figures
xor3,all_columns,12000,512,0.25,xor3_n12000_m512_all_columns,fixed_tau_0p03,0.0001,12,0,1,-0.01775059190318914,-0.1039221784899962,0.06842099468361791,-0.0055328124999999935,-0.07189802672809954,0.060832401728099554,-0.0016786458333333347,-0.059123430403284015,0.05576613873661735,-0.0072114583333333275,-0.048252762295423454,0.033829845628756794,-0.0055328124999999935,-0.07189802672809954,0.060832401728099554,0.8554697916666667,0.798754830195668,0.9121847531376654,0.8610026041666666,0.8246574527172246,0.8973477556161087,0.6590858054621195,Paired t contrast,1.0,All new prespecified primary confirmation contrasts; no stars in figures
xor3,all_columns,12000,512,0.25,xor3_n12000_m512_all_columns,fixed_tau_0p03,0.003,12,0,1,-0.3317901711444189,-0.4590563436713127,-0.20452399861752507,-0.12399999999999999,-0.1715382520794474,-0.07646174792055258,0.1324880208333333,0.07798569807971167,0.18699034358695493,0.008488020833333332,-0.02918703246970524,0.046163074136371905,-0.12399999999999999,-0.1715382520794474,-0.07646174792055258,0.3887354166666667,0.36458301637683205,0.4128878169565014,0.5127354166666667,0.4754933490001938,0.5499774843331395,0.00013063977677268165,Paired t contrast,0.04716095941493808,All new prespecified primary confirmation contrasts; no stars in figures
xor3,all_columns,12000,512,0.25,xor3_n12000_m512_all_columns,fixed_tau_0p03,0.18,12,0,0,-0.002378613486522447,-0.21687351298706764,0.21211628601402277,0.0053380208333333274,-0.01695247450530662,0.027628516171973278,-0.02560729166666666,-0.047255158347105614,-0.00395942498622771,-0.020269270833333335,-0.037095718430187045,-0.003442823236479625,0.0053380208333333274,-0.01695247450530662,0.027628516171973278,0.10535052083333334,0.0914685460918184,0.11923249557484827,0.10001249999999999,0.08734719111691405,0.11267780888308593,0.9809646800630014,Paired t contrast,1.0,All new prespecified primary confirmation contrasts; no stars in figures
xor3,all_columns,12000,512,0.25,xor3_n12000_m512_all_columns,fixed_tau_0p03,1.0,12,0,1,-1.641705100253464,-2.6862481734323245,-0.5971620270746036,-0.13783437499999998,-0.17511475071926663,-0.10055399928073333,0.126628125,0.08043777761751897,0.17281847238248105,-0.011206250000000003,-0.05586021828811653,0.033447718288116525,-0.13783437499999998,-0.17511475071926663,-0.10055399928073333,0.10429166666666667,0.08602193295631252,0.12256140037702082,0.24212604166666662,0.2079407521948948,0.2763113311384385,0.005339919972971655,Paired t contrast,1.0,All new prespecified primary confirmation contrasts; no stars in figures
xor3,all_columns,12000,512,0.25,xor3_n12000_m512_all_columns,fixed_tau_0p06,0.0001,12,0,1,-0.11989872508488549,-0.2153041796128884,-0.024493270556882565,-0.09334583333333334,-0.17016825939987523,-0.01652340726679144,0.09912291666666667,0.05291342439332949,0.14533240894000385,0.00577708333333334,-0.034015750660989184,0.04556991732765587,-0.09334583333333334,-0.17016825939987523,-0.01652340726679144,0.8554697916666667,0.798754830195668,0.9121847531376654,0.9488156249999999,0.8905400981098355,1.0070911518901644,0.018356523898584238,Paired t contrast,1.0,All new prespecified primary confirmation contrasts; no stars in figures
xor3,all_columns,12000,512,0.25,xor3_n12000_m512_all_columns,fixed_tau_0p06,0.003,12,0,1,-0.9135750216257347,-1.1061063555089965,-0.7210436877424728,-0.3475927083333334,-0.4029526628196949,-0.2922327538469719,0.36384322916666667,0.31544770433448094,0.4122387539988524,0.016250520833333337,-0.04661371137286048,0.07911475303952716,-0.3475927083333334,-0.4029526628196949,-0.2922327538469719,0.3887354166666667,0.36458301637683205,0.4128878169565014,0.736328125,0.6889112467485565,0.7837450032514435,4.782252906745152e-07,Paired t contrast,0.00023098281539579084,All new prespecified primary confirmation contrasts; no stars in figures
xor3,all_columns,12000,512,0.25,xor3_n12000_m512_all_columns,fixed_tau_0p06,0.18,12,0,0,-1.5014565197526795,-2.0491337679426382,-0.9537792715627206,-0.1431432291666667,-0.18151736388717282,-0.10476909444616056,0.13005885416666665,0.09823059449780815,0.16188711383552518,-0.013084374999999988,-0.03930273076938754,0.013133980769387564,-0.1431432291666667,-0.18151736388717282,-0.10476909444616056,0.10535052083333334,0.0914685460918184,0.11923249557484827,0.24849374999999996,0.2199842983640108,0.2770032016359891,8.501452355327283e-05,Paired t contrast,0.03154038823826422,All new prespecified primary confirmation contrasts; no stars in figures
xor3,all_columns,12000,512,0.25,xor3_n12000_m512_all_columns,fixed_tau_0p06,1.0,12,0,1,-1.852666712999217,-2.5669309782874556,-1.1384024477109782,-0.1722130208333333,-0.22282293759250116,-0.12160310407416547,0.17685520833333332,0.10605833277873893,0.2476520838879277,0.00464218750000001,-0.08497476301910908,0.0942591380191091,-0.1722130208333333,-0.22282293759250116,-0.12160310407416547,0.10429166666666667,0.08602193295631252,0.12256140037702082,0.2765046875,0.22362548950297767,0.32938388549702236,0.00013637816320241948,Paired t contrast,0.04882338242646617,All new prespecified primary confirmation contrasts; no stars in figures
xor3,all_columns,12000,512,0.25,xor3_n12000_m512_all_columns,matched_q_0p2,0.0001,12,0,1,-0.16628886818059604,-0.23826200473364406,-0.09431573162754803,-0.13505677083333334,-0.1851971229062141,-0.08491641876045258,0.14257708333333333,0.08368693730424101,0.20146722936242564,0.007520312500000015,-0.04856254090345936,0.06360316590345938,-0.13505677083333334,-0.1851971229062141,-0.08491641876045258,0.8554697916666667,0.798754830195668,0.9121847531376654,0.9905265625,0.9451714639142766,1.0358816610857233,0.0003520914451508292,Paired t contrast,0.11020462233220954,All new prespecified primary confirmation contrasts; no stars in figures
xor3,all_columns,12000,512,0.25,xor3_n12000_m512_all_columns,matched_q_0p2,0.003,12,0,1,-1.5760347227088658,-1.7710924076468402,-1.3809770377708914,-0.6041541666666667,-0.6564128148115952,-0.5518955185217381,0.6010578125,0.5568374321264148,0.6452781928735852,-0.003096354166666676,-0.06563771275649256,0.05944500442315921,-0.6041541666666667,-0.6564128148115952,-0.5518955185217381,0.3887354166666667,0.36458301637683205,0.4128878169565014,0.9928895833333332,0.9459254381402615,1.039853728526405,1.876847188045717e-09,Paired t contrast,1.0904482162545615e-06,All new prespecified primary confirmation contrasts; no stars in figures
xor3,all_columns,12000,512,0.25,xor3_n12000_m512_all_columns,matched_q_0p2,0.18,12,0,0,-9.069868968768303,-10.18777748994589,-7.951960447590714,-0.9245885416666666,-0.9823772905242614,-0.8667997928090718,0.8562890624999998,0.7946087344070384,0.9179693905929612,-0.06829947916666666,-0.14980745943116608,0.013208501097832767,-0.9245885416666666,-0.9823772905242614,-0.8667997928090718,0.10535052083333334,0.0914685460918184,0.11923249557484827,1.0299390625,0.9664315327086032,1.093446592291397,1.796081254568056e-09,Paired t contrast,1.054299696431449e-06,All new prespecified primary confirmation contrasts; no stars in figures
xor3,all_columns,12000,512,0.25,xor3_n12000_m512_all_columns,matched_q_0p2,1.0,12,0,1,-10.305445001274814,-13.46089880135359,-7.149991201196038,-0.9527901041666667,-1.027706312802137,-0.8778738955311963,0.853390625,0.8109137246003159,0.8958675253996841,-0.09939947916666665,-0.17309662113870802,-0.02570233719462528,-0.9527901041666667,-1.027706312802137,-0.8778738955311963,0.10429166666666667,0.08602193295631252,0.12256140037702082,1.0570817708333333,0.9832924099813093,1.1308711316853572,1.7791885961617644e-05,Paired t contrast,0.00709896249868544,All new prespecified primary confirmation contrasts; no stars in figures
xor3,all_columns,12000,512,0.25,xor3_n12000_m512_all_columns,normalized_noise__fixed_tau_0p015,0.0001,12,0,1,-0.051245481953331,-0.16208656775913596,0.059595603852473956,-0.03186562499999999,-0.1156709601180578,0.05193971011805782,0.03186562499999999,-0.05193971011805782,0.1156709601180578,0.0,0.0,0.0,-0.03186562499999999,-0.1156709601180578,0.05193971011805782,0.8554697916666667,0.798754830195668,0.9121847531376654,0.8873354166666667,0.8370654287922542,0.9376054045410792,0.33073330380471067,Paired t contrast,1.0,All new prespecified primary confirmation contrasts; no stars in figures
xor3,all_columns,12000,512,0.25,xor3_n12000_m512_all_columns,normalized_noise__fixed_tau_0p015,0.003,12,0,1,-0.12055339319925011,-0.222884009115636,-0.018222777282864228,-0.044621875,-0.08356487848945182,-0.005678871510548175,0.044621875,0.005678871510548175,0.08356487848945182,0.0,0.0,0.0,-0.044621875,-0.08356487848945182,-0.005678871510548175,0.3887354166666667,0.36458301637683205,0.4128878169565014,0.43335729166666664,0.3948716913204049,0.4718428920129284,0.025007205950712923,Paired t contrast,1.0,All new prespecified primary confirmation contrasts; no stars in figures
xor3,all_columns,12000,512,0.25,xor3_n12000_m512_all_columns,normalized_noise__fixed_tau_0p015,0.18,12,0,0,0.3042255154491936,0.15281167873645626,0.45563935216193086,0.034785937499999996,0.015611159311681999,0.05396071568831799,-0.034785937499999996,-0.05396071568831799,-0.015611159311681999,0.0,0.0,0.0,0.034785937499999996,0.015611159311681999,0.05396071568831799,0.10535052083333334,0.0914685460918184,0.11923249557484827,0.07056458333333333,0.0578686600352538,0.08326050663141286,0.001024620177789462,Paired t contrast,0.29816447173673344,All new prespecified primary confirmation contrasts; no stars in figures
xor3,all_columns,12000,512,0.25,xor3_n12000_m512_all_columns,normalized_noise__fixed_tau_0p015,1.0,12,0,1,-0.43269040327188996,-1.1223839228733394,0.25700311632955947,-0.021122916666666654,-0.05268281696795438,0.010436983634621071,0.021122916666666654,-0.010436983634621071,0.05268281696795438,0.0,0.0,0.0,-0.021122916666666654,-0.05268281696795438,0.010436983634621071,0.10429166666666667,0.08602193295631252,0.12256140037702082,0.12541458333333333,0.10648619825559216,0.1443429684110745,0.19474248286938414,Paired t contrast,1.0,All new prespecified primary confirmation contrasts; no stars in figures
xor3,all_columns,12000,512,0.25,xor3_n12000_m512_all_columns,normalized_noise__fixed_tau_0p03,0.0001,12,0,1,-0.01775059190318914,-0.1039221784899962,0.06842099468361791,-0.0055328124999999935,-0.07189802672809954,0.060832401728099554,-0.0016786458333333347,-0.059123430403284015,0.05576613873661735,-0.0072114583333333275,-0.048252762295423454,0.033829845628756794,-0.0055328124999999935,-0.07189802672809954,0.060832401728099554,0.8554697916666667,0.798754830195668,0.9121847531376654,0.8610026041666666,0.8246574527172246,0.8973477556161087,0.6590858054621195,Paired t contrast,1.0,All new prespecified primary confirmation contrasts; no stars in figures
xor3,all_columns,12000,512,0.25,xor3_n12000_m512_all_columns,normalized_noise__fixed_tau_0p03,0.003,12,0,1,-0.3317901711444189,-0.4590563436713127,-0.20452399861752507,-0.12399999999999999,-0.1715382520794474,-0.07646174792055258,0.1324880208333333,0.07798569807971167,0.18699034358695493,0.008488020833333332,-0.02918703246970524,0.046163074136371905,-0.12399999999999999,-0.1715382520794474,-0.07646174792055258,0.3887354166666667,0.36458301637683205,0.4128878169565014,0.5127354166666667,0.4754933490001938,0.5499774843331395,0.00013063977677268165,Paired t contrast,0.04716095941493808,All new prespecified primary confirmation contrasts; no stars in figures
xor3,all_columns,12000,512,0.25,xor3_n12000_m512_all_columns,normalized_noise__fixed_tau_0p03,0.18,12,0,0,-0.002378613486522447,-0.21687351298706764,0.21211628601402277,0.0053380208333333274,-0.01695247450530662,0.027628516171973278,-0.02560729166666666,-0.047255158347105614,-0.00395942498622771,-0.020269270833333335,-0.037095718430187045,-0.003442823236479625,0.0053380208333333274,-0.01695247450530662,0.027628516171973278,0.10535052083333334,0.0914685460918184,0.11923249557484827,0.10001249999999999,0.08734719111691405,0.11267780888308593,0.9809646800630014,Paired t contrast,1.0,All new prespecified primary confirmation contrasts; no stars in figures
xor3,all_columns,12000,512,0.25,xor3_n12000_m512_all_columns,normalized_noise__fixed_tau_0p03,1.0,12,0,1,-1.641705100253464,-2.6862481734323245,-0.5971620270746036,-0.13783437499999998,-0.17511475071926663,-0.10055399928073333,0.126628125,0.08043777761751897,0.17281847238248105,-0.011206250000000003,-0.05586021828811653,0.033447718288116525,-0.13783437499999998,-0.17511475071926663,-0.10055399928073333,0.10429166666666667,0.08602193295631252,0.12256140037702082,0.24212604166666662,0.2079407521948948,0.2763113311384385,0.005339919972971655,Paired t contrast,1.0,All new prespecified primary confirmation contrasts; no stars in figures
xor3,all_columns,12000,512,0.25,xor3_n12000_m512_all_columns,normalized_noise__fixed_tau_0p06,0.0001,12,0,1,-0.11989872508488549,-0.2153041796128884,-0.024493270556882565,-0.09334583333333334,-0.17016825939987523,-0.01652340726679144,0.09912291666666667,0.05291342439332949,0.14533240894000385,0.00577708333333334,-0.034015750660989184,0.04556991732765587,-0.09334583333333334,-0.17016825939987523,-0.01652340726679144,0.8554697916666667,0.798754830195668,0.9121847531376654,0.9488156249999999,0.8905400981098355,1.0070911518901644,0.018356523898584238,Paired t contrast,1.0,All new prespecified primary confirmation contrasts; no stars in figures
xor3,all_columns,12000,512,0.25,xor3_n12000_m512_all_columns,normalized_noise__fixed_tau_0p06,0.003,12,0,1,-0.9135750216257347,-1.1061063555089965,-0.7210436877424728,-0.3475927083333334,-0.4029526628196949,-0.2922327538469719,0.36384322916666667,0.31544770433448094,0.4122387539988524,0.016250520833333337,-0.04661371137286048,0.07911475303952716,-0.3475927083333334,-0.4029526628196949,-0.2922327538469719,0.3887354166666667,0.36458301637683205,0.4128878169565014,0.736328125,0.6889112467485565,0.7837450032514435,4.782252906745152e-07,Paired t contrast,0.00023098281539579084,All new prespecified primary confirmation contrasts; no stars in figures
xor3,all_columns,12000,512,0.25,xor3_n12000_m512_all_columns,normalized_noise__fixed_tau_0p06,0.18,12,0,0,-1.5014565197526795,-2.0491337679426382,-0.9537792715627206,-0.1431432291666667,-0.18151736388717282,-0.10476909444616056,0.13005885416666665,0.09823059449780815,0.16188711383552518,-0.013084374999999988,-0.03930273076938754,0.013133980769387564,-0.1431432291666667,-0.18151736388717282,-0.10476909444616056,0.10535052083333334,0.0914685460918184,0.11923249557484827,0.24849374999999996,0.2199842983640108,0.2770032016359891,8.501452355327283e-05,Paired t contrast,0.03154038823826422,All new prespecified primary confirmation contrasts; no stars in figures
xor3,all_columns,12000,512,0.25,xor3_n12000_m512_all_columns,normalized_noise__fixed_tau_0p06,1.0,12,0,1,-1.852666712999217,-2.5669309782874556,-1.1384024477109782,-0.1722130208333333,-0.22282293759250116,-0.12160310407416547,0.17685520833333332,0.10605833277873893,0.2476520838879277,0.00464218750000001,-0.08497476301910908,0.0942591380191091,-0.1722130208333333,-0.22282293759250116,-0.12160310407416547,0.10429166666666667,0.08602193295631252,0.12256140037702082,0.2765046875,0.22362548950297767,0.32938388549702236,0.00013637816320241948,Paired t contrast,0.04882338242646617,All new prespecified primary confirmation contrasts; no stars in figures
xor3,all_columns,12000,512,0.25,xor3_n12000_m512_all_columns,normalized_noise__matched_q_0p2,0.0001,12,0,1,-0.16628886818059604,-0.23826200473364406,-0.09431573162754803,-0.13505677083333334,-0.1851971229062141,-0.08491641876045258,0.14257708333333333,0.08368693730424101,0.20146722936242564,0.007520312500000015,-0.04856254090345936,0.06360316590345938,-0.13505677083333334,-0.1851971229062141,-0.08491641876045258,0.8554697916666667,0.798754830195668,0.9121847531376654,0.9905265625,0.9451714639142766,1.0358816610857233,0.0003520914451508292,Paired t contrast,0.11020462233220954,All new prespecified primary confirmation contrasts; no stars in figures
xor3,all_columns,12000,512,0.25,xor3_n12000_m512_all_columns,normalized_noise__matched_q_0p2,0.003,12,0,1,-1.5760347227088658,-1.7710924076468402,-1.3809770377708914,-0.6041541666666667,-0.6564128148115952,-0.5518955185217381,0.6010578125,0.5568374321264148,0.6452781928735852,-0.003096354166666676,-0.06563771275649256,0.05944500442315921,-0.6041541666666667,-0.6564128148115952,-0.5518955185217381,0.3887354166666667,0.36458301637683205,0.4128878169565014,0.9928895833333332,0.9459254381402615,1.039853728526405,1.876847188045717e-09,Paired t contrast,1.0904482162545615e-06,All new prespecified primary confirmation contrasts; no stars in figures
xor3,all_columns,12000,512,0.25,xor3_n12000_m512_all_columns,normalized_noise__matched_q_0p2,0.18,12,0,0,-9.069868968768303,-10.18777748994589,-7.951960447590714,-0.9245885416666666,-0.9823772905242614,-0.8667997928090718,0.8562890624999998,0.7946087344070384,0.9179693905929612,-0.06829947916666666,-0.14980745943116608,0.013208501097832767,-0.9245885416666666,-0.9823772905242614,-0.8667997928090718,0.10535052083333334,0.0914685460918184,0.11923249557484827,1.0299390625,0.9664315327086032,1.093446592291397,1.796081254568056e-09,Paired t contrast,1.054299696431449e-06,All new prespecified primary confirmation contrasts; no stars in figures
xor3,all_columns,12000,512,0.25,xor3_n12000_m512_all_columns,normalized_noise__matched_q_0p2,1.0,12,0,1,-10.305445001274814,-13.46089880135359,-7.149991201196038,-0.9527901041666667,-1.027706312802137,-0.8778738955311963,0.853390625,0.8109137246003159,0.8958675253996841,-0.09939947916666665,-0.17309662113870802,-0.02570233719462528,-0.9527901041666667,-1.027706312802137,-0.8778738955311963,0.10429166666666667,0.08602193295631252,0.12256140037702082,1.0570817708333333,0.9832924099813093,1.1308711316853572,1.7791885961617644e-05,Paired t contrast,0.00709896249868544,All new prespecified primary confirmation contrasts; no stars in figures
xor3,all_columns,12000,512,0.25,xor3_n12000_m512_all_columns,normalized_noise__public_selected,0.0001,12,12,1,0.0,0.0,0.0,0.0,0.0,0.0,0.0,0.0,0.0,0.0,0.0,0.0,0.0,0.0,0.0,0.8554697916666667,0.798754830195668,0.9121847531376654,0.8554697916666667,0.798754830195668,0.9121847531376654,1.0,Exact zero differences,1.0,All new prespecified primary confirmation contrasts; no stars in figures
xor3,all_columns,12000,512,0.25,xor3_n12000_m512_all_columns,normalized_noise__public_selected,0.003,12,0,1,-0.12055339319925011,-0.222884009115636,-0.018222777282864228,-0.044621875,-0.08356487848945182,-0.005678871510548175,0.044621875,0.005678871510548175,0.08356487848945182,0.0,0.0,0.0,-0.044621875,-0.08356487848945182,-0.005678871510548175,0.3887354166666667,0.36458301637683205,0.4128878169565014,0.43335729166666664,0.3948716913204049,0.4718428920129284,0.025007205950712923,Paired t contrast,1.0,All new prespecified primary confirmation contrasts; no stars in figures
xor3,all_columns,12000,512,0.25,xor3_n12000_m512_all_columns,normalized_noise__public_selected,0.18,12,0,0,0.33827644284144337,0.20608052371319507,0.47047236196969167,0.039110416666666654,0.021297524163907896,0.05692330916942541,-0.039110416666666654,-0.05692330916942541,-0.021297524163907896,0.0,0.0,0.0,0.039110416666666654,0.021297524163907896,0.05692330916942541,0.10535052083333334,0.0914685460918184,0.11923249557484827,0.06624010416666667,0.05885713210094114,0.07362307623239221,0.00015282555717917974,Paired t contrast,0.05348894501271291,All new prespecified primary confirmation contrasts; no stars in figures
xor3,all_columns,12000,512,0.25,xor3_n12000_m512_all_columns,normalized_noise__public_selected,1.0,12,0,1,0.04055537472287787,-0.40018512503128567,0.48129587447704136,0.019338020833333337,-0.005123475156839696,0.04379951682350637,-0.019338020833333337,-0.04379951682350637,0.005123475156839696,0.0,0.0,0.0,0.019338020833333337,-0.005123475156839696,0.04379951682350637,0.10429166666666667,0.08602193295631252,0.12256140037702082,0.08495364583333333,0.07424217975224223,0.09566511191442442,0.8432021210497564,Paired t contrast,1.0,All new prespecified primary confirmation contrasts; no stars in figures
xor3,all_columns,12000,512,0.25,xor3_n12000_m512_all_columns,public_selected,0.0001,12,12,1,0.0,0.0,0.0,0.0,0.0,0.0,0.0,0.0,0.0,0.0,0.0,0.0,0.0,0.0,0.0,0.8554697916666667,0.798754830195668,0.9121847531376654,0.8554697916666667,0.798754830195668,0.9121847531376654,1.0,Exact zero differences,1.0,All new prespecified primary confirmation contrasts; no stars in figures
xor3,all_columns,12000,512,0.25,xor3_n12000_m512_all_columns,public_selected,0.003,12,0,1,-0.12055339319925011,-0.222884009115636,-0.018222777282864228,-0.044621875,-0.08356487848945182,-0.005678871510548175,0.044621875,0.005678871510548175,0.08356487848945182,0.0,0.0,0.0,-0.044621875,-0.08356487848945182,-0.005678871510548175,0.3887354166666667,0.36458301637683205,0.4128878169565014,0.43335729166666664,0.3948716913204049,0.4718428920129284,0.025007205950712923,Paired t contrast,1.0,All new prespecified primary confirmation contrasts; no stars in figures
xor3,all_columns,12000,512,0.25,xor3_n12000_m512_all_columns,public_selected,0.18,12,0,0,0.33827644284144337,0.20608052371319507,0.47047236196969167,0.039110416666666654,0.021297524163907896,0.05692330916942541,-0.039110416666666654,-0.05692330916942541,-0.021297524163907896,0.0,0.0,0.0,0.039110416666666654,0.021297524163907896,0.05692330916942541,0.10535052083333334,0.0914685460918184,0.11923249557484827,0.06624010416666667,0.05885713210094114,0.07362307623239221,0.00015282555717917974,Paired t contrast,0.05348894501271291,All new prespecified primary confirmation contrasts; no stars in figures
xor3,all_columns,12000,512,0.25,xor3_n12000_m512_all_columns,public_selected,1.0,12,0,1,0.04055537472287787,-0.40018512503128567,0.48129587447704136,0.019338020833333337,-0.005123475156839696,0.04379951682350637,-0.019338020833333337,-0.04379951682350637,0.005123475156839696,0.0,0.0,0.0,0.019338020833333337,-0.005123475156839696,0.04379951682350637,0.10429166666666667,0.08602193295631252,0.12256140037702082,0.08495364583333333,0.07424217975224223,0.09566511191442442,0.8432021210497564,Paired t contrast,1.0,All new prespecified primary confirmation contrasts; no stars in figures
xor3,all_inputs,12000,512,0.03571428571428571,xor3_n12000_m512_all_inputs,fixed_tau_0p03,0.0001,12,0,0,0.06147998665832666,0.0041835507934403285,0.118776422523213,0.05615729166666667,0.005194822316228712,0.10711976101710463,-0.0016786458333333347,-0.059123430403284015,0.05576613873661735,0.05447864583333334,-0.0034101581872780784,0.11236744985394476,0.05615729166666667,0.005194822316228712,0.10711976101710463,0.8554697916666667,0.798754830195668,0.9121847531376654,0.7993125,0.74507044787262,0.85355455212738,0.03770105977587191,Paired t contrast,1.0,All new prespecified primary confirmation contrasts; no stars in figures
xor3,all_inputs,12000,512,0.03571428571428571,xor3_n12000_m512_all_inputs,fixed_tau_0p03,0.003,12,0,0,0.2283147743749332,0.15446002216066257,0.3021695265892038,0.0922015625,0.05999919821016049,0.12440392678983951,0.1324880208333333,0.07798569807971167,0.18699034358695493,0.22468958333333336,0.1861557089185795,0.26322345774808725,0.0922015625,0.05999919821016049,0.12440392678983951,0.3887354166666667,0.36458301637683205,0.4128878169565014,0.29653385416666667,0.2820686283661993,0.31099907996713405,2.9376028354716254e-05,Paired t contrast,0.011427275029984623,All new prespecified primary confirmation contrasts; no stars in figures
xor3,all_inputs,12000,512,0.03571428571428571,xor3_n12000_m512_all_inputs,fixed_tau_0p03,0.18,12,0,0,-0.558629983392001,-0.799141753834801,-0.31811821294920095,-0.05346875000000001,-0.07298545168244122,-0.0339520483175588,-0.02560729166666666,-0.047255158347105614,-0.00395942498622771,-0.07907604166666667,-0.10373063368236668,-0.05442144965096665,-0.05346875000000001,-0.07298545168244122,-0.0339520483175588,0.10535052083333334,0.0914685460918184,0.11923249557484827,0.15881927083333333,0.141273402319118,0.17636513934754866,0.0003375707737122476,Paired t contrast,0.10836021836163148,All new prespecified primary confirmation contrasts; no stars in figures
xor3,all_inputs,12000,512,0.03571428571428571,xor3_n12000_m512_all_inputs,fixed_tau_0p03,1.0,12,0,0,-3.044859384926554,-4.548935286074343,-1.5407834837787648,-0.26967395833333324,-0.3243249357914397,-0.2150229808752268,0.126628125,0.08043777761751897,0.17281847238248105,-0.14304583333333334,-0.2155849139107308,-0.07050675275593586,-0.26967395833333324,-0.3243249357914397,-0.2150229808752268,0.10429166666666667,0.08602193295631252,0.12256140037702082,0.373965625,0.31824948311487405,0.429681766885126,0.0009695416151842596,Paired t contrast,0.2860147764793566,All new prespecified primary confirmation contrasts; no stars in figures
xor3,all_inputs,12000,512,0.03571428571428571,xor3_n12000_m512_all_inputs,matched_q_0p2,0.0001,12,0,0,-0.10881482323119823,-0.2060664596188339,-0.01156318684356257,-0.0843265625,-0.16191079029716443,-0.006742334702835556,0.1225015625,0.040311601331177144,0.20469152366882284,0.038175000000000014,-0.04611844583511597,0.122468445835116,-0.0843265625,-0.16191079029716443,-0.006742334702835556,0.8554697916666667,0.798754830195668,0.9121847531376654,0.9397963541666666,0.8787306895567266,1.0008620187766066,0.031528358286670825,Paired t contrast,1.0,All new prespecified primary confirmation contrasts; no stars in figures
xor3,all_inputs,12000,512,0.03571428571428571,xor3_n12000_m512_all_inputs,matched_q_0p2,0.003,12,0,0,-0.7916883210357831,-0.9590463954261345,-0.6243302466454318,-0.3000244791666667,-0.35148238719104385,-0.24856657114228953,0.48437812499999994,0.41006047144936464,0.5586957785506352,0.18435364583333333,0.11553043611790664,0.25317685554876,-0.3000244791666667,-0.35148238719104385,-0.24856657114228953,0.3887354166666667,0.36458301637683205,0.4128878169565014,0.6887598958333333,0.6502374133834912,0.7272823782831754,4.932570490367033e-07,Paired t contrast,0.00023676338353761757,All new prespecified primary confirmation contrasts; no stars in figures
xor3,all_inputs,12000,512,0.03571428571428571,xor3_n12000_m512_all_inputs,matched_q_0p2,0.18,12,0,0,-3.175808340720653,-4.1253145521504315,-2.226302129290874,-0.3167432291666667,-0.3899945404748744,-0.24349191785845897,0.5131390625000001,0.46581027005039216,0.5604678549496079,0.19639583333333335,0.11009543789946279,0.2826962287672039,-0.3167432291666667,-0.3899945404748744,-0.24349191785845897,0.10535052083333334,0.0914685460918184,0.11923249557484827,0.42209375,0.3496272723807133,0.4945602276192867,1.4271882726976736e-05,Paired t contrast,0.005880015683514415,All new prespecified primary confirmation contrasts; no stars in figures
xor3,all_inputs,12000,512,0.03571428571428571,xor3_n12000_m512_all_inputs,matched_q_0p2,1.0,12,0,0,-5.835728987775476,-8.023171059013759,-3.6482869165371934,-0.5337828125,-0.6479529161174834,-0.41961270888251667,0.3474369791666667,0.29174898557102774,0.4031249727623057,-0.18634583333333335,-0.31905818872846026,-0.053633477938206414,-0.5337828125,-0.6479529161174834,-0.41961270888251667,0.10429166666666667,0.08602193295631252,0.12256140037702082,0.6380744791666667,0.5240779850180131,0.7520709733153204,0.00010741772805685868,Paired t contrast,0.039314888468810275,All new prespecified primary confirmation contrasts; no stars in figures
xor3,all_inputs,12000,512,0.03571428571428571,xor3_n12000_m512_all_inputs,public_selected,0.0001,12,0,0,0.06147998665832666,0.0041835507934403285,0.118776422523213,0.05615729166666667,0.005194822316228712,0.10711976101710463,-0.0016786458333333347,-0.059123430403284015,0.05576613873661735,0.05447864583333334,-0.0034101581872780784,0.11236744985394476,0.05615729166666667,0.005194822316228712,0.10711976101710463,0.8554697916666667,0.798754830195668,0.9121847531376654,0.7993125,0.74507044787262,0.85355455212738,0.03770105977587191,Paired t contrast,1.0,All new prespecified primary confirmation contrasts; no stars in figures
xor3,all_inputs,12000,512,0.03571428571428571,xor3_n12000_m512_all_inputs,public_selected,0.003,12,0,0,0.2283147743749332,0.15446002216066257,0.3021695265892038,0.0922015625,0.05999919821016049,0.12440392678983951,0.1324880208333333,0.07798569807971167,0.18699034358695493,0.22468958333333336,0.1861557089185795,0.26322345774808725,0.0922015625,0.05999919821016049,0.12440392678983951,0.3887354166666667,0.36458301637683205,0.4128878169565014,0.29653385416666667,0.2820686283661993,0.31099907996713405,2.9376028354716254e-05,Paired t contrast,0.011427275029984623,All new prespecified primary confirmation contrasts; no stars in figures
xor3,all_inputs,12000,512,0.03571428571428571,xor3_n12000_m512_all_inputs,public_selected,0.18,12,0,0,0.30939056674401794,0.17591836492193827,0.44286276856609763,0.03480520833333333,0.018620943055073152,0.050989473611593505,-0.03480520833333333,-0.050989473611593505,-0.018620943055073152,0.0,0.0,0.0,0.03480520833333333,0.018620943055073152,0.050989473611593505,0.10535052083333334,0.0914685460918184,0.11923249557484827,0.0705453125,0.058916986801124865,0.08217363819887513,0.00034301841410453614,Paired t contrast,0.10873683727113796,All new prespecified primary confirmation contrasts; no stars in figures
xor3,all_inputs,12000,512,0.03571428571428571,xor3_n12000_m512_all_inputs,public_selected,1.0,12,0,0,0.04055537472287787,-0.40018512503128567,0.48129587447704136,0.019338020833333337,-0.005123475156839696,0.04379951682350637,-0.019338020833333337,-0.04379951682350637,0.005123475156839696,0.0,0.0,0.0,0.019338020833333337,-0.005123475156839696,0.04379951682350637,0.10429166666666667,0.08602193295631252,0.12256140037702082,0.08495364583333333,0.07424217975224223,0.09566511191442442,0.8432021210497564,Paired t contrast,1.0,All new prespecified primary confirmation contrasts; no stars in figures
xor3,x1,12000,512,0.03571428571428571,xor3_n12000_m512_x1,fixed_tau_0p015,0.0001,12,0,0,0.017484112178774255,-0.048488440739651056,0.08345666509719957,0.020459895833333335,-0.03603469450082862,0.07695448616749528,0.03186562499999999,-0.05193971011805782,0.1156709601180578,0.052325520833333326,-0.025588662414122117,0.13023970408078878,0.020459895833333335,-0.03603469450082862,0.07695448616749528,0.8554697916666667,0.798754830195668,0.9121847531376654,0.8350098958333333,0.7839346746670348,0.8860851169996318,0.5714519248652943,Paired t contrast,1.0,All new prespecified primary confirmation contrasts; no stars in figures
xor3,x1,12000,512,0.03571428571428571,xor3_n12000_m512_x1,fixed_tau_0p015,0.003,12,0,0,0.10516511381965987,0.022007586879071422,0.18832264076024832,0.044428645833333336,0.00933224058198416,0.07952505108468251,0.044621875,0.005678871510548175,0.08356487848945182,0.08905052083333333,0.042334696075787354,0.1357663455908793,0.044428645833333336,0.00933224058198416,0.07952505108468251,0.3887354166666667,0.36458301637683205,0.4128878169565014,0.34430677083333333,0.3226258226017308,0.3659877190649359,0.01779299861655539,Paired t contrast,1.0,All new prespecified primary confirmation contrasts; no stars in figures
xor3,x1,12000,512,0.03571428571428571,xor3_n12000_m512_x1,fixed_tau_0p015,0.18,12,0,0,0.21644773387746127,0.041595308124798,0.39130015963012454,0.026272395833333323,0.006155595116200927,0.04638919655046572,-0.034785937499999996,-0.05396071568831799,-0.015611159311681999,-0.008513541666666673,-0.026393400083404916,0.00936631675007157,0.026272395833333323,0.006155595116200927,0.04638919655046572,0.10535052083333334,0.0914685460918184,0.11923249557484827,0.07907812500000001,0.06490939215277448,0.09324685784722554,0.019769187522825055,Paired t contrast,1.0,All new prespecified primary confirmation contrasts; no stars in figures
xor3,x1,12000,512,0.03571428571428571,xor3_n12000_m512_x1,fixed_tau_0p015,1.0,12,0,0,-0.3992301296071284,-0.7035113263531211,-0.0949489328611357,-0.03135520833333332,-0.057142900380349665,-0.005567516286316982,0.021122916666666654,-0.010436983634621071,0.05268281696795438,-0.010232291666666664,-0.048222972274828725,0.027758388941495397,-0.03135520833333332,-0.057142900380349665,-0.005567516286316982,0.10429166666666667,0.08602193295631252,0.12256140037702082,0.13564687499999997,0.11389345050517785,0.1574002994948221,0.014764150975061709,Paired t contrast,1.0,All new prespecified primary confirmation contrasts; no stars in figures
xor3,x1,12000,512,0.03571428571428571,xor3_n12000_m512_x1,fixed_tau_0p03,0.0001,12,0,0,0.06147998665832666,0.0041835507934403285,0.118776422523213,0.05615729166666667,0.005194822316228712,0.10711976101710463,-0.0016786458333333347,-0.059123430403284015,0.05576613873661735,0.05447864583333334,-0.0034101581872780784,0.11236744985394476,0.05615729166666667,0.005194822316228712,0.10711976101710463,0.8554697916666667,0.798754830195668,0.9121847531376654,0.7993125,0.74507044787262,0.85355455212738,0.03770105977587191,Paired t contrast,1.0,All new prespecified primary confirmation contrasts; no stars in figures
xor3,x1,12000,512,0.03571428571428571,xor3_n12000_m512_x1,fixed_tau_0p03,0.003,12,0,0,0.2283147743749332,0.15446002216066257,0.3021695265892038,0.0922015625,0.05999919821016049,0.12440392678983951,0.1324880208333333,0.07798569807971167,0.18699034358695493,0.22468958333333336,0.1861557089185795,0.26322345774808725,0.0922015625,0.05999919821016049,0.12440392678983951,0.3887354166666667,0.36458301637683205,0.4128878169565014,0.29653385416666667,0.2820686283661993,0.31099907996713405,2.9376028354716254e-05,Paired t contrast,0.011427275029984623,All new prespecified primary confirmation contrasts; no stars in figures
xor3,x1,12000,512,0.03571428571428571,xor3_n12000_m512_x1,fixed_tau_0p03,0.18,12,0,0,-0.558629983392001,-0.799141753834801,-0.31811821294920095,-0.05346875000000001,-0.07298545168244122,-0.0339520483175588,-0.02560729166666666,-0.047255158347105614,-0.00395942498622771,-0.07907604166666667,-0.10373063368236668,-0.05442144965096665,-0.05346875000000001,-0.07298545168244122,-0.0339520483175588,0.10535052083333334,0.0914685460918184,0.11923249557484827,0.15881927083333333,0.141273402319118,0.17636513934754866,0.0003375707737122476,Paired t contrast,0.10836021836163148,All new prespecified primary confirmation contrasts; no stars in figures
xor3,x1,12000,512,0.03571428571428571,xor3_n12000_m512_x1,fixed_tau_0p03,1.0,12,0,0,-3.044859384926554,-4.548935286074343,-1.5407834837787648,-0.26967395833333324,-0.3243249357914397,-0.2150229808752268,0.126628125,0.08043777761751897,0.17281847238248105,-0.14304583333333334,-0.2155849139107308,-0.07050675275593586,-0.26967395833333324,-0.3243249357914397,-0.2150229808752268,0.10429166666666667,0.08602193295631252,0.12256140037702082,0.373965625,0.31824948311487405,0.429681766885126,0.0009695416151842596,Paired t contrast,0.2860147764793566,All new prespecified primary confirmation contrasts; no stars in figures
xor3,x1,12000,512,0.03571428571428571,xor3_n12000_m512_x1,fixed_tau_0p06,0.0001,12,0,0,0.01583731372258264,-0.04917147958393786,0.08084610702910314,0.01768593750000001,-0.03504716138460495,0.07041903638460496,0.09912291666666667,0.05291342439332949,0.14533240894000385,0.11680885416666668,0.07598509656240245,0.1576326117709309,0.01768593750000001,-0.03504716138460495,0.07041903638460496,0.8554697916666667,0.798754830195668,0.9121847531376654,0.8377838541666667,0.782370436784557,0.8931972715487764,0.6024948940474528,Paired t contrast,1.0,All new prespecified primary confirmation contrasts; no stars in figures
xor3,x1,12000,512,0.03571428571428571,xor3_n12000_m512_x1,fixed_tau_0p06,0.003,12,0,0,-0.16217854728134115,-0.24431320962960407,-0.08004388493307824,-0.06211093749999999,-0.09287405436481028,-0.031347820635189705,0.36384322916666667,0.31544770433448094,0.4122387539988524,0.30173229166666665,0.2323037804785253,0.371160802854808,-0.06211093749999999,-0.09287405436481028,-0.031347820635189705,0.3887354166666667,0.36458301637683205,0.4128878169565014,0.4508463541666667,0.4135281445418264,0.48816456379150697,0.001163216419295918,Paired t contrast,0.33500632875722436,All new prespecified primary confirmation contrasts; no stars in figures
xor3,x1,12000,512,0.03571428571428571,xor3_n12000_m512_x1,fixed_tau_0p06,0.18,12,0,0,-2.7072978647228934,-3.5181972118476947,-1.896398517598092,-0.2655046875,-0.32120164875467283,-0.20980772624532718,0.13005885416666665,0.09823059449780815,0.16188711383552518,-0.13544583333333335,-0.18132618001273582,-0.08956548665393087,-0.2655046875,-0.32120164875467283,-0.20980772624532718,0.10535052083333334,0.0914685460918184,0.11923249557484827,0.37085520833333335,0.32088257367361434,0.42082784299305237,1.4514056693936504e-05,Paired t contrast,0.0059217351311260935,All new prespecified primary confirmation contrasts; no stars in figures
xor3,x1,12000,512,0.03571428571428571,xor3_n12000_m512_x1,fixed_tau_0p06,1.0,12,0,0,-6.57532913911533,-9.704942991803435,-3.445715286427224,-0.5755536458333333,-0.6825430795803107,-0.468564212086356,0.17685520833333332,0.10605833277873893,0.2476520838879277,-0.3986984375,-0.49693584588610623,-0.3004610291138938,-0.5755536458333333,-0.6825430795803107,-0.468564212086356,0.10429166666666667,0.08602193295631252,0.12256140037702082,0.6798453125,0.5791760132431529,0.7805146117568471,0.0007352297318649219,Paired t contrast,0.2183632303638818,All new prespecified primary confirmation contrasts; no stars in figures
xor3,x1,12000,512,0.03571428571428571,xor3_n12000_m512_x1,matched_q_0p2,0.0001,12,0,0,-0.10881482323119823,-0.2060664596188339,-0.01156318684356257,-0.0843265625,-0.16191079029716443,-0.006742334702835556,0.1225015625,0.040311601331177144,0.20469152366882284,0.038175000000000014,-0.04611844583511597,0.122468445835116,-0.0843265625,-0.16191079029716443,-0.006742334702835556,0.8554697916666667,0.798754830195668,0.9121847531376654,0.9397963541666666,0.8787306895567266,1.0008620187766066,0.031528358286670825,Paired t contrast,1.0,All new prespecified primary confirmation contrasts; no stars in figures
xor3,x1,12000,512,0.03571428571428571,xor3_n12000_m512_x1,matched_q_0p2,0.003,12,0,0,-0.7916883210357831,-0.9590463954261345,-0.6243302466454318,-0.3000244791666667,-0.35148238719104385,-0.24856657114228953,0.48437812499999994,0.41006047144936464,0.5586957785506352,0.18435364583333333,0.11553043611790664,0.25317685554876,-0.3000244791666667,-0.35148238719104385,-0.24856657114228953,0.3887354166666667,0.36458301637683205,0.4128878169565014,0.6887598958333333,0.6502374133834912,0.7272823782831754,4.932570490367033e-07,Paired t contrast,0.00023676338353761757,All new prespecified primary confirmation contrasts; no stars in figures
xor3,x1,12000,512,0.03571428571428571,xor3_n12000_m512_x1,matched_q_0p2,0.18,12,0,0,-3.175808340720653,-4.1253145521504315,-2.226302129290874,-0.3167432291666667,-0.3899945404748744,-0.24349191785845897,0.5131390625000001,0.46581027005039216,0.5604678549496079,0.19639583333333335,0.11009543789946279,0.2826962287672039,-0.3167432291666667,-0.3899945404748744,-0.24349191785845897,0.10535052083333334,0.0914685460918184,0.11923249557484827,0.42209375,0.3496272723807133,0.4945602276192867,1.4271882726976736e-05,Paired t contrast,0.005880015683514415,All new prespecified primary confirmation contrasts; no stars in figures
xor3,x1,12000,512,0.03571428571428571,xor3_n12000_m512_x1,matched_q_0p2,1.0,12,0,0,-5.835728987775476,-8.023171059013759,-3.6482869165371934,-0.5337828125,-0.6479529161174834,-0.41961270888251667,0.3474369791666667,0.29174898557102774,0.4031249727623057,-0.18634583333333335,-0.31905818872846026,-0.053633477938206414,-0.5337828125,-0.6479529161174834,-0.41961270888251667,0.10429166666666667,0.08602193295631252,0.12256140037702082,0.6380744791666667,0.5240779850180131,0.7520709733153204,0.00010741772805685868,Paired t contrast,0.039314888468810275,All new prespecified primary confirmation contrasts; no stars in figures
xor3,x1,12000,512,0.03571428571428571,xor3_n12000_m512_x1,normalized_noise__fixed_tau_0p015,0.0001,12,0,0,0.017484112178774255,-0.048488440739651056,0.08345666509719957,0.020459895833333335,-0.03603469450082862,0.07695448616749528,0.03186562499999999,-0.05193971011805782,0.1156709601180578,0.052325520833333326,-0.025588662414122117,0.13023970408078878,0.020459895833333335,-0.03603469450082862,0.07695448616749528,0.8554697916666667,0.798754830195668,0.9121847531376654,0.8350098958333333,0.7839346746670348,0.8860851169996318,0.5714519248652943,Paired t contrast,1.0,All new prespecified primary confirmation contrasts; no stars in figures
xor3,x1,12000,512,0.03571428571428571,xor3_n12000_m512_x1,normalized_noise__fixed_tau_0p015,0.003,12,0,0,0.10516511381965987,0.022007586879071422,0.18832264076024832,0.044428645833333336,0.00933224058198416,0.07952505108468251,0.044621875,0.005678871510548175,0.08356487848945182,0.08905052083333333,0.042334696075787354,0.1357663455908793,0.044428645833333336,0.00933224058198416,0.07952505108468251,0.3887354166666667,0.36458301637683205,0.4128878169565014,0.34430677083333333,0.3226258226017308,0.3659877190649359,0.01779299861655539,Paired t contrast,1.0,All new prespecified primary confirmation contrasts; no stars in figures
xor3,x1,12000,512,0.03571428571428571,xor3_n12000_m512_x1,normalized_noise__fixed_tau_0p015,0.18,12,0,0,0.21644773387746127,0.041595308124798,0.39130015963012454,0.026272395833333323,0.006155595116200927,0.04638919655046572,-0.034785937499999996,-0.05396071568831799,-0.015611159311681999,-0.008513541666666673,-0.026393400083404916,0.00936631675007157,0.026272395833333323,0.006155595116200927,0.04638919655046572,0.10535052083333334,0.0914685460918184,0.11923249557484827,0.07907812500000001,0.06490939215277448,0.09324685784722554,0.019769187522825055,Paired t contrast,1.0,All new prespecified primary confirmation contrasts; no stars in figures
xor3,x1,12000,512,0.03571428571428571,xor3_n12000_m512_x1,normalized_noise__fixed_tau_0p015,1.0,12,0,0,-0.3992301296071284,-0.7035113263531211,-0.0949489328611357,-0.03135520833333332,-0.057142900380349665,-0.005567516286316982,0.021122916666666654,-0.010436983634621071,0.05268281696795438,-0.010232291666666664,-0.048222972274828725,0.027758388941495397,-0.03135520833333332,-0.057142900380349665,-0.005567516286316982,0.10429166666666667,0.08602193295631252,0.12256140037702082,0.13564687499999997,0.11389345050517785,0.1574002994948221,0.014764150975061709,Paired t contrast,1.0,All new prespecified primary confirmation contrasts; no stars in figures
xor3,x1,12000,512,0.03571428571428571,xor3_n12000_m512_x1,normalized_noise__fixed_tau_0p03,0.0001,12,0,0,0.06147998665832666,0.0041835507934403285,0.118776422523213,0.05615729166666667,0.005194822316228712,0.10711976101710463,-0.0016786458333333347,-0.059123430403284015,0.05576613873661735,0.05447864583333334,-0.0034101581872780784,0.11236744985394476,0.05615729166666667,0.005194822316228712,0.10711976101710463,0.8554697916666667,0.798754830195668,0.9121847531376654,0.7993125,0.74507044787262,0.85355455212738,0.03770105977587191,Paired t contrast,1.0,All new prespecified primary confirmation contrasts; no stars in figures
xor3,x1,12000,512,0.03571428571428571,xor3_n12000_m512_x1,normalized_noise__fixed_tau_0p03,0.003,12,0,0,0.2283147743749332,0.15446002216066257,0.3021695265892038,0.0922015625,0.05999919821016049,0.12440392678983951,0.1324880208333333,0.07798569807971167,0.18699034358695493,0.22468958333333336,0.1861557089185795,0.26322345774808725,0.0922015625,0.05999919821016049,0.12440392678983951,0.3887354166666667,0.36458301637683205,0.4128878169565014,0.29653385416666667,0.2820686283661993,0.31099907996713405,2.9376028354716254e-05,Paired t contrast,0.011427275029984623,All new prespecified primary confirmation contrasts; no stars in figures
xor3,x1,12000,512,0.03571428571428571,xor3_n12000_m512_x1,normalized_noise__fixed_tau_0p03,0.18,12,0,0,-0.558629983392001,-0.799141753834801,-0.31811821294920095,-0.05346875000000001,-0.07298545168244122,-0.0339520483175588,-0.02560729166666666,-0.047255158347105614,-0.00395942498622771,-0.07907604166666667,-0.10373063368236668,-0.05442144965096665,-0.05346875000000001,-0.07298545168244122,-0.0339520483175588,0.10535052083333334,0.0914685460918184,0.11923249557484827,0.15881927083333333,0.141273402319118,0.17636513934754866,0.0003375707737122476,Paired t contrast,0.10836021836163148,All new prespecified primary confirmation contrasts; no stars in figures
xor3,x1,12000,512,0.03571428571428571,xor3_n12000_m512_x1,normalized_noise__fixed_tau_0p03,1.0,12,0,0,-3.044859384926554,-4.548935286074343,-1.5407834837787648,-0.26967395833333324,-0.3243249357914397,-0.2150229808752268,0.126628125,0.08043777761751897,0.17281847238248105,-0.14304583333333334,-0.2155849139107308,-0.07050675275593586,-0.26967395833333324,-0.3243249357914397,-0.2150229808752268,0.10429166666666667,0.08602193295631252,0.12256140037702082,0.373965625,0.31824948311487405,0.429681766885126,0.0009695416151842596,Paired t contrast,0.2860147764793566,All new prespecified primary confirmation contrasts; no stars in figures
xor3,x1,12000,512,0.03571428571428571,xor3_n12000_m512_x1,normalized_noise__fixed_tau_0p06,0.0001,12,0,0,0.01583731372258264,-0.04917147958393786,0.08084610702910314,0.01768593750000001,-0.03504716138460495,0.07041903638460496,0.09912291666666667,0.05291342439332949,0.14533240894000385,0.11680885416666668,0.07598509656240245,0.1576326117709309,0.01768593750000001,-0.03504716138460495,0.07041903638460496,0.8554697916666667,0.798754830195668,0.9121847531376654,0.8377838541666667,0.782370436784557,0.8931972715487764,0.6024948940474528,Paired t contrast,1.0,All new prespecified primary confirmation contrasts; no stars in figures
xor3,x1,12000,512,0.03571428571428571,xor3_n12000_m512_x1,normalized_noise__fixed_tau_0p06,0.003,12,0,0,-0.16217854728134115,-0.24431320962960407,-0.08004388493307824,-0.06211093749999999,-0.09287405436481028,-0.031347820635189705,0.36384322916666667,0.31544770433448094,0.4122387539988524,0.30173229166666665,0.2323037804785253,0.371160802854808,-0.06211093749999999,-0.09287405436481028,-0.031347820635189705,0.3887354166666667,0.36458301637683205,0.4128878169565014,0.4508463541666667,0.4135281445418264,0.48816456379150697,0.001163216419295918,Paired t contrast,0.33500632875722436,All new prespecified primary confirmation contrasts; no stars in figures
xor3,x1,12000,512,0.03571428571428571,xor3_n12000_m512_x1,normalized_noise__fixed_tau_0p06,0.18,12,0,0,-2.7072978647228934,-3.5181972118476947,-1.896398517598092,-0.2655046875,-0.32120164875467283,-0.20980772624532718,0.13005885416666665,0.09823059449780815,0.16188711383552518,-0.13544583333333335,-0.18132618001273582,-0.08956548665393087,-0.2655046875,-0.32120164875467283,-0.20980772624532718,0.10535052083333334,0.0914685460918184,0.11923249557484827,0.37085520833333335,0.32088257367361434,0.42082784299305237,1.4514056693936504e-05,Paired t contrast,0.0059217351311260935,All new prespecified primary confirmation contrasts; no stars in figures
xor3,x1,12000,512,0.03571428571428571,xor3_n12000_m512_x1,normalized_noise__fixed_tau_0p06,1.0,12,0,0,-6.57532913911533,-9.704942991803435,-3.445715286427224,-0.5755536458333333,-0.6825430795803107,-0.468564212086356,0.17685520833333332,0.10605833277873893,0.2476520838879277,-0.3986984375,-0.49693584588610623,-0.3004610291138938,-0.5755536458333333,-0.6825430795803107,-0.468564212086356,0.10429166666666667,0.08602193295631252,0.12256140037702082,0.6798453125,0.5791760132431529,0.7805146117568471,0.0007352297318649219,Paired t contrast,0.2183632303638818,All new prespecified primary confirmation contrasts; no stars in figures
xor3,x1,12000,512,0.03571428571428571,xor3_n12000_m512_x1,normalized_noise__matched_q_0p2,0.0001,12,0,0,-0.10881482323119823,-0.2060664596188339,-0.01156318684356257,-0.0843265625,-0.16191079029716443,-0.006742334702835556,0.1225015625,0.040311601331177144,0.20469152366882284,0.038175000000000014,-0.04611844583511597,0.122468445835116,-0.0843265625,-0.16191079029716443,-0.006742334702835556,0.8554697916666667,0.798754830195668,0.9121847531376654,0.9397963541666666,0.8787306895567266,1.0008620187766066,0.031528358286670825,Paired t contrast,1.0,All new prespecified primary confirmation contrasts; no stars in figures
xor3,x1,12000,512,0.03571428571428571,xor3_n12000_m512_x1,normalized_noise__matched_q_0p2,0.003,12,0,0,-0.7916883210357831,-0.9590463954261345,-0.6243302466454318,-0.3000244791666667,-0.35148238719104385,-0.24856657114228953,0.48437812499999994,0.41006047144936464,0.5586957785506352,0.18435364583333333,0.11553043611790664,0.25317685554876,-0.3000244791666667,-0.35148238719104385,-0.24856657114228953,0.3887354166666667,0.36458301637683205,0.4128878169565014,0.6887598958333333,0.6502374133834912,0.7272823782831754,4.932570490367033e-07,Paired t contrast,0.00023676338353761757,All new prespecified primary confirmation contrasts; no stars in figures
xor3,x1,12000,512,0.03571428571428571,xor3_n12000_m512_x1,normalized_noise__matched_q_0p2,0.18,12,0,0,-3.175808340720653,-4.1253145521504315,-2.226302129290874,-0.3167432291666667,-0.3899945404748744,-0.24349191785845897,0.5131390625000001,0.46581027005039216,0.5604678549496079,0.19639583333333335,0.11009543789946279,0.2826962287672039,-0.3167432291666667,-0.3899945404748744,-0.24349191785845897,0.10535052083333334,0.0914685460918184,0.11923249557484827,0.42209375,0.3496272723807133,0.4945602276192867,1.4271882726976736e-05,Paired t contrast,0.005880015683514415,All new prespecified primary confirmation contrasts; no stars in figures
xor3,x1,12000,512,0.03571428571428571,xor3_n12000_m512_x1,normalized_noise__matched_q_0p2,1.0,12,0,0,-5.835728987775476,-8.023171059013759,-3.6482869165371934,-0.5337828125,-0.6479529161174834,-0.41961270888251667,0.3474369791666667,0.29174898557102774,0.4031249727623057,-0.18634583333333335,-0.31905818872846026,-0.053633477938206414,-0.5337828125,-0.6479529161174834,-0.41961270888251667,0.10429166666666667,0.08602193295631252,0.12256140037702082,0.6380744791666667,0.5240779850180131,0.7520709733153204,0.00010741772805685868,Paired t contrast,0.039314888468810275,All new prespecified primary confirmation contrasts; no stars in figures
xor3,x1,12000,512,0.03571428571428571,xor3_n12000_m512_x1,normalized_noise__public_selected,0.0001,12,0,0,0.06147998665832666,0.0041835507934403285,0.118776422523213,0.05615729166666667,0.005194822316228712,0.10711976101710463,-0.0016786458333333347,-0.059123430403284015,0.05576613873661735,0.05447864583333334,-0.0034101581872780784,0.11236744985394476,0.05615729166666667,0.005194822316228712,0.10711976101710463,0.8554697916666667,0.798754830195668,0.9121847531376654,0.7993125,0.74507044787262,0.85355455212738,0.03770105977587191,Paired t contrast,1.0,All new prespecified primary confirmation contrasts; no stars in figures
xor3,x1,12000,512,0.03571428571428571,xor3_n12000_m512_x1,normalized_noise__public_selected,0.003,12,0,0,0.2283147743749332,0.15446002216066257,0.3021695265892038,0.0922015625,0.05999919821016049,0.12440392678983951,0.1324880208333333,0.07798569807971167,0.18699034358695493,0.22468958333333336,0.1861557089185795,0.26322345774808725,0.0922015625,0.05999919821016049,0.12440392678983951,0.3887354166666667,0.36458301637683205,0.4128878169565014,0.29653385416666667,0.2820686283661993,0.31099907996713405,2.9376028354716254e-05,Paired t contrast,0.011427275029984623,All new prespecified primary confirmation contrasts; no stars in figures
xor3,x1,12000,512,0.03571428571428571,xor3_n12000_m512_x1,normalized_noise__public_selected,0.18,12,0,0,0.30939056674401794,0.17591836492193827,0.44286276856609763,0.03480520833333333,0.018620943055073152,0.050989473611593505,-0.03480520833333333,-0.050989473611593505,-0.018620943055073152,0.0,0.0,0.0,0.03480520833333333,0.018620943055073152,0.050989473611593505,0.10535052083333334,0.0914685460918184,0.11923249557484827,0.0705453125,0.058916986801124865,0.08217363819887513,0.00034301841410453614,Paired t contrast,0.10873683727113796,All new prespecified primary confirmation contrasts; no stars in figures
xor3,x1,12000,512,0.03571428571428571,xor3_n12000_m512_x1,normalized_noise__public_selected,1.0,12,0,0,0.04055537472287787,-0.40018512503128567,0.48129587447704136,0.019338020833333337,-0.005123475156839696,0.04379951682350637,-0.019338020833333337,-0.04379951682350637,0.005123475156839696,0.0,0.0,0.0,0.019338020833333337,-0.005123475156839696,0.04379951682350637,0.10429166666666667,0.08602193295631252,0.12256140037702082,0.08495364583333333,0.07424217975224223,0.09566511191442442,0.8432021210497564,Paired t contrast,1.0,All new prespecified primary confirmation contrasts; no stars in figures
xor3,x1,12000,512,0.03571428571428571,xor3_n12000_m512_x1,public_selected,0.0001,12,0,0,0.06147998665832666,0.0041835507934403285,0.118776422523213,0.05615729166666667,0.005194822316228712,0.10711976101710463,-0.0016786458333333347,-0.059123430403284015,0.05576613873661735,0.05447864583333334,-0.0034101581872780784,0.11236744985394476,0.05615729166666667,0.005194822316228712,0.10711976101710463,0.8554697916666667,0.798754830195668,0.9121847531376654,0.7993125,0.74507044787262,0.85355455212738,0.03770105977587191,Paired t contrast,1.0,All new prespecified primary confirmation contrasts; no stars in figures
xor3,x1,12000,512,0.03571428571428571,xor3_n12000_m512_x1,public_selected,0.003,12,0,0,0.2283147743749332,0.15446002216066257,0.3021695265892038,0.0922015625,0.05999919821016049,0.12440392678983951,0.1324880208333333,0.07798569807971167,0.18699034358695493,0.22468958333333336,0.1861557089185795,0.26322345774808725,0.0922015625,0.05999919821016049,0.12440392678983951,0.3887354166666667,0.36458301637683205,0.4128878169565014,0.29653385416666667,0.2820686283661993,0.31099907996713405,2.9376028354716254e-05,Paired t contrast,0.011427275029984623,All new prespecified primary confirmation contrasts; no stars in figures
xor3,x1,12000,512,0.03571428571428571,xor3_n12000_m512_x1,public_selected,0.18,12,0,0,0.30939056674401794,0.17591836492193827,0.44286276856609763,0.03480520833333333,0.018620943055073152,0.050989473611593505,-0.03480520833333333,-0.050989473611593505,-0.018620943055073152,0.0,0.0,0.0,0.03480520833333333,0.018620943055073152,0.050989473611593505,0.10535052083333334,0.0914685460918184,0.11923249557484827,0.0705453125,0.058916986801124865,0.08217363819887513,0.00034301841410453614,Paired t contrast,0.10873683727113796,All new prespecified primary confirmation contrasts; no stars in figures
xor3,x1,12000,512,0.03571428571428571,xor3_n12000_m512_x1,public_selected,1.0,12,0,0,0.04055537472287787,-0.40018512503128567,0.48129587447704136,0.019338020833333337,-0.005123475156839696,0.04379951682350637,-0.019338020833333337,-0.04379951682350637,0.005123475156839696,0.0,0.0,0.0,0.019338020833333337,-0.005123475156839696,0.04379951682350637,0.10429166666666667,0.08602193295631252,0.12256140037702082,0.08495364583333333,0.07424217975224223,0.09566511191442442,0.8432021210497564,Paired t contrast,1.0,All new prespecified primary confirmation contrasts; no stars in figures
xor3,x1_x2,12000,512,0.03571428571428571,xor3_n12000_m512_x1_x2,fixed_tau_0p03,0.0001,12,0,0,0.06147998665832666,0.0041835507934403285,0.118776422523213,0.05615729166666667,0.005194822316228712,0.10711976101710463,-0.0016786458333333347,-0.059123430403284015,0.05576613873661735,0.05447864583333334,-0.0034101581872780784,0.11236744985394476,0.05615729166666667,0.005194822316228712,0.10711976101710463,0.8554697916666667,0.798754830195668,0.9121847531376654,0.7993125,0.74507044787262,0.85355455212738,0.03770105977587191,Paired t contrast,1.0,All new prespecified primary confirmation contrasts; no stars in figures
xor3,x1_x2,12000,512,0.03571428571428571,xor3_n12000_m512_x1_x2,fixed_tau_0p03,0.003,12,0,0,0.2283147743749332,0.15446002216066257,0.3021695265892038,0.0922015625,0.05999919821016049,0.12440392678983951,0.1324880208333333,0.07798569807971167,0.18699034358695493,0.22468958333333336,0.1861557089185795,0.26322345774808725,0.0922015625,0.05999919821016049,0.12440392678983951,0.3887354166666667,0.36458301637683205,0.4128878169565014,0.29653385416666667,0.2820686283661993,0.31099907996713405,2.9376028354716254e-05,Paired t contrast,0.011427275029984623,All new prespecified primary confirmation contrasts; no stars in figures
xor3,x1_x2,12000,512,0.03571428571428571,xor3_n12000_m512_x1_x2,fixed_tau_0p03,0.18,12,0,0,-0.558629983392001,-0.799141753834801,-0.31811821294920095,-0.05346875000000001,-0.07298545168244122,-0.0339520483175588,-0.02560729166666666,-0.047255158347105614,-0.00395942498622771,-0.07907604166666667,-0.10373063368236668,-0.05442144965096665,-0.05346875000000001,-0.07298545168244122,-0.0339520483175588,0.10535052083333334,0.0914685460918184,0.11923249557484827,0.15881927083333333,0.141273402319118,0.17636513934754866,0.0003375707737122476,Paired t contrast,0.10836021836163148,All new prespecified primary confirmation contrasts; no stars in figures
xor3,x1_x2,12000,512,0.03571428571428571,xor3_n12000_m512_x1_x2,fixed_tau_0p03,1.0,12,0,0,-3.044859384926554,-4.548935286074343,-1.5407834837787648,-0.26967395833333324,-0.3243249357914397,-0.2150229808752268,0.126628125,0.08043777761751897,0.17281847238248105,-0.14304583333333334,-0.2155849139107308,-0.07050675275593586,-0.26967395833333324,-0.3243249357914397,-0.2150229808752268,0.10429166666666667,0.08602193295631252,0.12256140037702082,0.373965625,0.31824948311487405,0.429681766885126,0.0009695416151842596,Paired t contrast,0.2860147764793566,All new prespecified primary confirmation contrasts; no stars in figures
xor3,x1_x2,12000,512,0.03571428571428571,xor3_n12000_m512_x1_x2,matched_q_0p2,0.0001,12,0,0,-0.10881482323119823,-0.2060664596188339,-0.01156318684356257,-0.0843265625,-0.16191079029716443,-0.006742334702835556,0.1225015625,0.040311601331177144,0.20469152366882284,0.038175000000000014,-0.04611844583511597,0.122468445835116,-0.0843265625,-0.16191079029716443,-0.006742334702835556,0.8554697916666667,0.798754830195668,0.9121847531376654,0.9397963541666666,0.8787306895567266,1.0008620187766066,0.031528358286670825,Paired t contrast,1.0,All new prespecified primary confirmation contrasts; no stars in figures
xor3,x1_x2,12000,512,0.03571428571428571,xor3_n12000_m512_x1_x2,matched_q_0p2,0.003,12,0,0,-0.7916883210357831,-0.9590463954261345,-0.6243302466454318,-0.3000244791666667,-0.35148238719104385,-0.24856657114228953,0.48437812499999994,0.41006047144936464,0.5586957785506352,0.18435364583333333,0.11553043611790664,0.25317685554876,-0.3000244791666667,-0.35148238719104385,-0.24856657114228953,0.3887354166666667,0.36458301637683205,0.4128878169565014,0.6887598958333333,0.6502374133834912,0.7272823782831754,4.932570490367033e-07,Paired t contrast,0.00023676338353761757,All new prespecified primary confirmation contrasts; no stars in figures
xor3,x1_x2,12000,512,0.03571428571428571,xor3_n12000_m512_x1_x2,matched_q_0p2,0.18,12,0,0,-3.175808340720653,-4.1253145521504315,-2.226302129290874,-0.3167432291666667,-0.3899945404748744,-0.24349191785845897,0.5131390625000001,0.46581027005039216,0.5604678549496079,0.19639583333333335,0.11009543789946279,0.2826962287672039,-0.3167432291666667,-0.3899945404748744,-0.24349191785845897,0.10535052083333334,0.0914685460918184,0.11923249557484827,0.42209375,0.3496272723807133,0.4945602276192867,1.4271882726976736e-05,Paired t contrast,0.005880015683514415,All new prespecified primary confirmation contrasts; no stars in figures
xor3,x1_x2,12000,512,0.03571428571428571,xor3_n12000_m512_x1_x2,matched_q_0p2,1.0,12,0,0,-5.835728987775476,-8.023171059013759,-3.6482869165371934,-0.5337828125,-0.6479529161174834,-0.41961270888251667,0.3474369791666667,0.29174898557102774,0.4031249727623057,-0.18634583333333335,-0.31905818872846026,-0.053633477938206414,-0.5337828125,-0.6479529161174834,-0.41961270888251667,0.10429166666666667,0.08602193295631252,0.12256140037702082,0.6380744791666667,0.5240779850180131,0.7520709733153204,0.00010741772805685868,Paired t contrast,0.039314888468810275,All new prespecified primary confirmation contrasts; no stars in figures
xor3,x1_x2,12000,512,0.03571428571428571,xor3_n12000_m512_x1_x2,public_selected,0.0001,12,0,0,0.06147998665832666,0.0041835507934403285,0.118776422523213,0.05615729166666667,0.005194822316228712,0.10711976101710463,-0.0016786458333333347,-0.059123430403284015,0.05576613873661735,0.05447864583333334,-0.0034101581872780784,0.11236744985394476,0.05615729166666667,0.005194822316228712,0.10711976101710463,0.8554697916666667,0.798754830195668,0.9121847531376654,0.7993125,0.74507044787262,0.85355455212738,0.03770105977587191,Paired t contrast,1.0,All new prespecified primary confirmation contrasts; no stars in figures
xor3,x1_x2,12000,512,0.03571428571428571,xor3_n12000_m512_x1_x2,public_selected,0.003,12,0,0,0.2283147743749332,0.15446002216066257,0.3021695265892038,0.0922015625,0.05999919821016049,0.12440392678983951,0.1324880208333333,0.07798569807971167,0.18699034358695493,0.22468958333333336,0.1861557089185795,0.26322345774808725,0.0922015625,0.05999919821016049,0.12440392678983951,0.3887354166666667,0.36458301637683205,0.4128878169565014,0.29653385416666667,0.2820686283661993,0.31099907996713405,2.9376028354716254e-05,Paired t contrast,0.011427275029984623,All new prespecified primary confirmation contrasts; no stars in figures
xor3,x1_x2,12000,512,0.03571428571428571,xor3_n12000_m512_x1_x2,public_selected,0.18,12,0,0,0.30939056674401794,0.17591836492193827,0.44286276856609763,0.03480520833333333,0.018620943055073152,0.050989473611593505,-0.03480520833333333,-0.050989473611593505,-0.018620943055073152,0.0,0.0,0.0,0.03480520833333333,0.018620943055073152,0.050989473611593505,0.10535052083333334,0.0914685460918184,0.11923249557484827,0.0705453125,0.058916986801124865,0.08217363819887513,0.00034301841410453614,Paired t contrast,0.10873683727113796,All new prespecified primary confirmation contrasts; no stars in figures
xor3,x1_x2,12000,512,0.03571428571428571,xor3_n12000_m512_x1_x2,public_selected,1.0,12,0,0,0.04055537472287787,-0.40018512503128567,0.48129587447704136,0.019338020833333337,-0.005123475156839696,0.04379951682350637,-0.019338020833333337,-0.04379951682350637,0.005123475156839696,0.0,0.0,0.0,0.019338020833333337,-0.005123475156839696,0.04379951682350637,0.10429166666666667,0.08602193295631252,0.12256140037702082,0.08495364583333333,0.07424217975224223,0.09566511191442442,0.8432021210497564,Paired t contrast,1.0,All new prespecified primary confirmation contrasts; no stars in figures
xor3,all_columns,3000,512,0.25,xor3_n3000_m512_all_columns,fixed_tau_0p015,0.0001,12,0,0,0.02475442540450036,-0.04962881225605481,0.09913766306505553,0.027510416666666676,-0.04312804431766222,0.09814887765099557,-0.027510416666666676,-0.09814887765099557,0.04312804431766222,0.0,0.0,0.0,0.027510416666666676,-0.04312804431766222,0.09814887765099557,0.9516807291666667,0.9092760847533263,0.994085373580007,0.9241703124999999,0.864978282717133,0.9833623422828669,0.4791937799295879,Paired t contrast,1.0,All new prespecified primary confirmation contrasts; no stars in figures
xor3,all_columns,3000,512,0.25,xor3_n3000_m512_all_columns,fixed_tau_0p015,0.003,12,0,0,-0.007418125187836605,-0.0879084381204202,0.07307218774474698,-0.00013124999999999942,-0.060531175010068064,0.060268675010068065,0.00013124999999999942,-0.060268675010068065,0.060531175010068064,0.0,0.0,0.0,-0.00013124999999999942,-0.060531175010068064,0.060268675010068065,0.7870515625,0.7457938600938417,0.8283092649061582,0.7871828124999999,0.7477985550732764,0.8265670699267234,0.8429582535599656,Paired t contrast,1.0,All new prespecified primary confirmation contrasts; no stars in figures
xor3,all_columns,3000,512,0.25,xor3_n3000_m512_all_columns,fixed_tau_0p015,0.18,12,0,1,0.13834097928303166,-0.018932535388399452,0.29561449395446276,0.040400520833333335,-4.163098503479762e-05,0.08084267265170147,-0.040400520833333335,-0.08084267265170147,4.163098503479762e-05,0.0,0.0,0.0,0.040400520833333335,-4.163098503479762e-05,0.08084267265170147,0.24499583333333338,0.22002308808011092,0.2699685785865558,0.20459531250000004,0.17835812820986532,0.23083249679013476,0.07897276151448376,Paired t contrast,1.0,All new prespecified primary confirmation contrasts; no stars in figures
xor3,all_columns,3000,512,0.25,xor3_n3000_m512_all_columns,fixed_tau_0p015,1.0,12,0,2,0.3929521541042605,0.30724899722902044,0.47865531097950054,0.06016927083333332,0.041553512664976935,0.07878502900168971,-0.06158229166666666,-0.08212269617378357,-0.04104188715954975,-0.0014130208333333338,-0.004523058718400322,0.0016970170517336546,0.06016927083333332,0.041553512664976935,0.07878502900168971,0.14745364583333334,0.12895448646715849,0.1659528051995082,0.08728437499999998,0.07656166072356092,0.09800708927643904,6.748651685668285e-07,Paired t contrast,0.0003178614943949762,All new prespecified primary confirmation contrasts; no stars in figures
xor3,all_columns,3000,512,0.25,xor3_n3000_m512_all_columns,fixed_tau_0p03,0.0001,12,0,0,-0.0073253201450611686,-0.06637540967294814,0.051724769382825796,-0.004649479166666665,-0.06168290395764381,0.05238394562431048,-0.009998958333333335,-0.07325027964369056,0.05325236297702389,-0.0146484375,-0.033494491076199735,0.004197616076199735,-0.004649479166666665,-0.06168290395764381,0.05238394562431048,0.9516807291666667,0.9092760847533263,0.994085373580007,0.9563302083333333,0.9003017404715693,1.0123586761950971,0.7898819828312648,Paired t contrast,1.0,All new prespecified primary confirmation contrasts; no stars in figures
xor3,all_columns,3000,512,0.25,xor3_n3000_m512_all_columns,fixed_tau_0p03,0.003,12,0,0,-0.11402956321488698,-0.2105072103425663,-0.01755191608720766,-0.0833578125,-0.15717351587283726,-0.009542109127162746,0.03977135416666666,-0.017850125873427332,0.09739283420676065,-0.04358645833333333,-0.10848345710633965,0.021310540439672995,-0.0833578125,-0.15717351587283726,-0.009542109127162746,0.7870515625,0.7457938600938417,0.8283092649061582,0.8704093749999999,0.8152125627764031,0.9256061872235968,0.024632230843400306,Paired t contrast,1.0,All new prespecified primary confirmation contrasts; no stars in figures
xor3,all_columns,3000,512,0.25,xor3_n3000_m512_all_columns,fixed_tau_0p03,0.18,12,0,1,-0.3506731781853853,-0.5777204842151032,-0.12362587215566734,-0.077346875,-0.12556585288176564,-0.029127897118234353,0.04668333333333333,0.01800866739796315,0.0753579992687035,-0.03066354166666668,-0.0791449869639502,0.017817903630616843,-0.077346875,-0.12556585288176564,-0.029127897118234353,0.24499583333333338,0.22002308808011092,0.2699685785865558,0.32234270833333334,0.28281792201278705,0.36186749465387963,0.005935316496690271,Paired t contrast,1.0,All new prespecified primary confirmation contrasts; no stars in figures
xor3,all_columns,3000,512,0.25,xor3_n3000_m512_all_columns,fixed_tau_0p03,1.0,12,0,2,0.04042216840742537,-0.16400044907288042,0.24484478588773118,0.011138541666666663,-0.01884746008214852,0.04112454341548185,-0.014708333333333332,-0.03704035956597735,0.007623692899310688,-0.0035697916666666656,-0.02810405555760241,0.02096447222426908,0.011138541666666663,-0.01884746008214852,0.04112454341548185,0.14745364583333334,0.12895448646715849,0.1659528051995082,0.13631510416666667,0.11261989152612238,0.16001031680721095,0.6718196472592501,Paired t contrast,1.0,All new prespecified primary confirmation contrasts; no stars in figures
xor3,all_columns,3000,512,0.25,xor3_n3000_m512_all_columns,fixed_tau_0p06,0.0001,12,0,0,-0.04405036939537899,-0.0878271800059213,-0.00027355878483669577,-0.03980572916666667,-0.0806696294177865,0.0010581710844531633,0.013913020833333336,-0.017559391730600935,0.04538543339726761,-0.025892708333333337,-0.053097200231041086,0.0013117835643744087,-0.03980572916666667,-0.0806696294177865,0.0010581710844531633,0.9516807291666667,0.9092760847533263,0.994085373580007,0.9914864583333333,0.948273919455386,1.0346989972112806,0.048812466850191305,Paired t contrast,1.0,All new prespecified primary confirmation contrasts; no stars in figures
xor3,all_columns,3000,512,0.25,xor3_n3000_m512_all_columns,fixed_tau_0p06,0.003,12,0,0,-0.20343374247705515,-0.28604532565691915,-0.12082215929719113,-0.157284375,-0.21983570025672483,-0.09473304974327516,0.133796875,0.0723236615585342,0.19527008844146582,-0.023487499999999994,-0.10210692916016156,0.055131929160161575,-0.157284375,-0.21983570025672483,-0.09473304974327516,0.7870515625,0.7457938600938417,0.8283092649061582,0.9443359375,0.8790984751528135,1.0095733998471865,0.00021017813226677503,Paired t contrast,0.07125038683843674,All new prespecified primary confirmation contrasts; no stars in figures
xor3,all_columns,3000,512,0.25,xor3_n3000_m512_all_columns,fixed_tau_0p06,0.18,12,0,1,-1.629241251574774,-2.060046047562024,-1.1984364555875242,-0.3803296875,-0.4419808197185979,-0.31867855528140215,0.37301718750000007,0.3306320608671304,0.41540231413286977,-0.00731249999999999,-0.07570950746862393,0.06108450746862395,-0.3803296875,-0.4419808197185979,-0.31867855528140215,0.24499583333333338,0.22002308808011092,0.2699685785865558,0.6253255208333334,0.5717331456845557,0.678917895982111,4.4705253794585655e-06,Paired t contrast,0.0019357374893055588,All new prespecified primary confirmation contrasts; no stars in figures
xor3,all_columns,3000,512,0.25,xor3_n3000_m512_all_columns,fixed_tau_0p06,1.0,12,0,2,-1.5931906888164808,-1.92405631586601,-1.2623250617669517,-0.22318125,-0.24503758760790859,-0.2013249123920914,0.22399791666666666,0.19322673519884537,0.25476909813448795,0.0008166666666666647,-0.02751563810417964,0.029148971437512966,-0.22318125,-0.24503758760790859,-0.2013249123920914,0.14745364583333334,0.12895448646715849,0.1659528051995082,0.37063489583333337,0.3493753642479054,0.39189442741876135,4.1246012381641085e-07,Paired t contrast,0.0002016930005462249,All new prespecified primary confirmation contrasts; no stars in figures
xor3,all_columns,3000,512,0.25,xor3_n3000_m512_all_columns,matched_q_0p2,0.0001,12,0,0,-0.0754337764241835,-0.15202923886293074,0.0011616860145637342,-0.06785833333333334,-0.13965121525314977,0.00393454858648308,0.09718072916666669,0.03669217201826122,0.15766928631507215,0.029322395833333348,-0.05707753712939041,0.11572232879605711,-0.06785833333333334,-0.13965121525314977,0.00393454858648308,0.9516807291666667,0.9092760847533263,0.994085373580007,1.0195390625,0.9569166875319837,1.0821614374680164,0.052997870219092136,Paired t contrast,1.0,All new prespecified primary confirmation contrasts; no stars in figures
xor3,all_columns,3000,512,0.25,xor3_n3000_m512_all_columns,matched_q_0p2,0.003,12,0,0,-0.2693333690051432,-0.3363283631350897,-0.20233837487519674,-0.20724791666666667,-0.2508736882765714,-0.16362214505676195,0.18496145833333333,0.12258662213046925,0.2473362945361974,-0.022286458333333342,-0.09496391832734352,0.05039100166067684,-0.20724791666666667,-0.2508736882765714,-0.16362214505676195,0.7870515625,0.7457938600938417,0.8283092649061582,0.9942994791666666,0.9579508332039588,1.0306481251293744,2.474419086364292e-06,Paired t contrast,0.0010912188170866528,All new prespecified primary confirmation contrasts; no stars in figures
xor3,all_columns,3000,512,0.25,xor3_n3000_m512_all_columns,matched_q_0p2,0.18,12,0,1,-3.1020635769607536,-3.505250168445993,-2.6988769854755144,-0.7397223958333332,-0.7828474193158624,-0.696597372350804,0.7574416666666667,0.7196230049246017,0.7952603284087316,0.0177192708333333,-0.021905377534395788,0.05734391920106239,-0.7397223958333332,-0.7828474193158624,-0.696597372350804,0.24499583333333338,0.22002308808011092,0.2699685785865558,0.9847182291666666,0.9395683869559758,1.0298680713773576,3.159773661586453e-09,Paired t contrast,1.8042307607658645e-06,All new prespecified primary confirmation contrasts; no stars in figures
xor3,all_columns,3000,512,0.25,xor3_n3000_m512_all_columns,matched_q_0p2,1.0,12,0,2,-5.959319394686472,-6.868916389384859,-5.0497223999880845,-0.8470125,-0.9032042389249053,-0.7908207610750946,0.8251015625,0.781072089435792,0.869131035564208,-0.021910937499999995,-0.1087687106378849,0.06494683563788492,-0.8470125,-0.9032042389249053,-0.7908207610750946,0.14745364583333334,0.12895448646715849,0.1659528051995082,0.9944661458333334,0.9337137941615957,1.0552184975050711,1.7248222980526526e-08,Paired t contrast,9.262295740542744e-06,All new prespecified primary confirmation contrasts; no stars in figures
xor3,all_columns,3000,512,0.25,xor3_n3000_m512_all_columns,normalized_noise__fixed_tau_0p015,0.0001,12,0,0,-0.08103920385250579,-0.18626431225732226,0.024185904552310677,-0.056370833333333335,-0.13569001909158604,0.022948352424919362,0.056370833333333335,-0.022948352424919362,0.13569001909158604,0.0,0.0,0.0,-0.056370833333333335,-0.13569001909158604,0.022948352424919362,0.7996312499999999,0.7583908172639817,0.8408716827360181,0.8560020833333333,0.8065802218710529,0.9054239447956136,0.11814445717411538,Paired t contrast,1.0,All new prespecified primary confirmation contrasts; no stars in figures
xor3,all_columns,3000,512,0.25,xor3_n3000_m512_all_columns,normalized_noise__fixed_tau_0p015,0.003,12,0,0,0.04316455938705599,-0.03798116365470651,0.12431028242881849,0.02176093750000001,-0.011677568424663814,0.05519944342466383,-0.02176093750000001,-0.05519944342466383,0.011677568424663814,0.0,0.0,0.0,0.02176093750000001,-0.011677568424663814,0.05519944342466383,0.4072697916666667,0.38151509762454267,0.43302448570879076,0.38550885416666664,0.36870934686244106,0.4023083614708922,0.26642204843593376,Paired t contrast,1.0,All new prespecified primary confirmation contrasts; no stars in figures
xor3,all_columns,3000,512,0.25,xor3_n3000_m512_all_columns,normalized_noise__fixed_tau_0p015,0.18,12,0,1,0.3497967145605166,0.2385006390179155,0.46109279010311766,0.04532916666666667,0.028148460497696735,0.06250987283563661,-0.04532916666666667,-0.06250987283563661,-0.028148460497696735,0.0,0.0,0.0,0.04532916666666667,0.028148460497696735,0.06250987283563661,0.12549791666666668,0.11029231167757758,0.14070352165575578,0.08016875000000001,0.06581599421788,0.09452150578212003,2.5284380522358242e-05,Paired t contrast,0.009936761545286788,All new prespecified primary confirmation contrasts; no stars in figures
xor3,all_columns,3000,512,0.25,xor3_n3000_m512_all_columns,normalized_noise__fixed_tau_0p015,1.0,12,0,1,-0.3769624472710272,-0.6648228197180124,-0.08910207482404198,-0.03600729166666667,-0.059261457135613954,-0.012753126197719383,0.03600729166666667,0.012753126197719383,0.059261457135613954,0.0,0.0,0.0,-0.03600729166666667,-0.059261457135613954,-0.012753126197719383,0.11017239583333333,0.09288430289042494,0.12746048877624172,0.1461796875,0.12232219663475895,0.17003717836524102,0.01491084985621068,Paired t contrast,1.0,All new prespecified primary confirmation contrasts; no stars in figures
xor3,all_columns,3000,512,0.25,xor3_n3000_m512_all_columns,normalized_noise__fixed_tau_0p03,0.0001,12,0,0,-0.13992604799958827,-0.22606232345077626,-0.0537897725484003,-0.10504114583333334,-0.1682083293429898,-0.04187396232367688,0.11774427083333333,0.053637261655528914,0.18185128001113776,0.01270312499999999,-0.0195501332417368,0.04495638324173678,-0.10504114583333334,-0.1682083293429898,-0.04187396232367688,0.7996312499999999,0.7583908172639817,0.8408716827360181,0.9046723958333334,0.8667722303908376,0.9425725612758291,0.004353321754931927,Paired t contrast,1.0,All new prespecified primary confirmation contrasts; no stars in figures
xor3,all_columns,3000,512,0.25,xor3_n3000_m512_all_columns,normalized_noise__fixed_tau_0p03,0.003,12,0,0,-0.2373256681379737,-0.3685900646743957,-0.10606127160155168,-0.09566302083333335,-0.14950306966963098,-0.041822971997035725,0.10055625,0.03881298841655323,0.16229951158344677,0.004893229166666656,-0.054724557022491,0.06451101535582432,-0.09566302083333335,-0.14950306966963098,-0.041822971997035725,0.4072697916666667,0.38151509762454267,0.43302448570879076,0.5029328125,0.44293120223769405,0.5629344227623059,0.0021611203437127114,Paired t contrast,0.6126903472220643,All new prespecified primary confirmation contrasts; no stars in figures
xor3,all_columns,3000,512,0.25,xor3_n3000_m512_all_columns,normalized_noise__fixed_tau_0p03,0.18,12,0,1,0.14089928560357098,0.044292318415762186,0.23750625279137977,0.018867708333333334,0.005397328524471147,0.03233808814219552,-0.03574895833333334,-0.05844278317034863,-0.013055133496318046,-0.016881250000000004,-0.034699167879910994,0.0009366678799109865,0.018867708333333334,0.005397328524471147,0.03233808814219552,0.12549791666666668,0.11029231167757758,0.14070352165575578,0.10663020833333332,0.09325032244661897,0.12001009422004767,0.008304177988987499,Paired t contrast,1.0,All new prespecified primary confirmation contrasts; no stars in figures
xor3,all_columns,3000,512,0.25,xor3_n3000_m512_all_columns,normalized_noise__fixed_tau_0p03,1.0,12,0,1,-1.3016800966478221,-1.6619810838722637,-0.9413791094233805,-0.13219427083333332,-0.1623734019223446,-0.10201513974432205,0.11512916666666667,0.08198190191451254,0.1482764314188208,-0.017065104166666668,-0.049681683479900485,0.015551475146567153,-0.13219427083333332,-0.1623734019223446,-0.10201513974432205,0.11017239583333333,0.09288430289042494,0.12746048877624172,0.2423666666666667,0.21432682405459869,0.2704065092787347,6.9196720866873916e-06,Paired t contrast,0.0029408606368421415,All new prespecified primary confirmation contrasts; no stars in figures
xor3,all_columns,3000,512,0.25,xor3_n3000_m512_all_columns,normalized_noise__fixed_tau_0p06,0.0001,12,0,0,-0.2011653278224134,-0.28398597290152794,-0.11834468274329882,-0.1568234375,-0.21594106646720918,-0.09770580853279082,0.16053645833333333,0.09203730895437846,0.2290356077122882,0.003713020833333349,-0.045396219005128094,0.052822260671794796,-0.1568234375,-0.21594106646720918,-0.09770580853279082,0.7996312499999999,0.7583908172639817,0.8408716827360181,0.9564546875000001,0.9002250672325139,1.012684307767486,0.0002352327506808221,Paired t contrast,0.07786204047535211,All new prespecified primary confirmation contrasts; no stars in figures
xor3,all_columns,3000,512,0.25,xor3_n3000_m512_all_columns,normalized_noise__fixed_tau_0p06,0.003,12,0,0,-0.9168596245110386,-1.0763872227631417,-0.7573320262589356,-0.3661677083333333,-0.4126787091884624,-0.3196567074782042,0.39255260416666665,0.3446582053436296,0.4404470029897037,0.026384895833333328,-0.021209930734680447,0.0739797224013471,-0.3661677083333333,-0.4126787091884624,-0.3196567074782042,0.4072697916666667,0.38151509762454267,0.43302448570879076,0.7734375,0.7333898819466216,0.8134851180533784,6.752810246595696e-08,Paired t contrast,3.470944466750188e-05,All new prespecified primary confirmation contrasts; no stars in figures
xor3,all_columns,3000,512,0.25,xor3_n3000_m512_all_columns,normalized_noise__fixed_tau_0p06,0.18,12,0,1,-0.9546901190980659,-1.1525633703246894,-0.7568168678714425,-0.11639322916666667,-0.14114046079448567,-0.09164599753884768,0.13585885416666665,0.11733631698670213,0.15438139134663117,0.019465624999999997,-0.008504726472492868,0.04743597647249286,-0.11639322916666667,-0.14114046079448567,-0.09164599753884768,0.12549791666666668,0.11029231167757758,0.14070352165575578,0.2418911458333333,0.21229478247168582,0.27148750919498077,4.043039592461901e-07,Paired t contrast,0.00019810894003063315,All new prespecified primary confirmation contrasts; no stars in figures
xor3,all_columns,3000,512,0.25,xor3_n3000_m512_all_columns,normalized_noise__fixed_tau_0p06,1.0,12,0,1,-1.8447468826337776,-2.4035116039392843,-1.2859821613282707,-0.20327031249999997,-0.26485560855559864,-0.14168501644440132,0.21422291666666668,0.1747931931448375,0.25365264018849587,0.01095260416666668,-0.0794820902399531,0.10138729857328647,-0.20327031249999997,-0.26485560855559864,-0.14168501644440132,0.11017239583333333,0.09288430289042494,0.12746048877624172,0.3134427083333334,0.24231658012128054,0.3845688365453862,1.609957067655867e-05,Paired t contrast,0.006472027411976586,All new prespecified primary confirmation contrasts; no stars in figures
xor3,all_columns,3000,512,0.25,xor3_n3000_m512_all_columns,normalized_noise__matched_q_0p2,0.0001,12,0,0,-0.2656294146296088,-0.34554026742421745,-0.18571856183500018,-0.20622812499999998,-0.2598588557328708,-0.15259739426712915,0.21106093750000002,0.13075245623133785,0.2913694187686622,0.004832812500000024,-0.06399814567171878,0.07366377067171882,-0.20622812499999998,-0.2598588557328708,-0.15259739426712915,0.7996312499999999,0.7583908172639817,0.8408716827360181,1.005859375,0.9715097143207961,1.040209035679204,1.5114482717179554e-05,Paired t contrast,0.0061364799831748985,All new prespecified primary confirmation contrasts; no stars in figures
xor3,all_columns,3000,512,0.25,xor3_n3000_m512_all_columns,normalized_noise__matched_q_0p2,0.003,12,0,0,-1.473469405638398,-1.653676091712071,-1.2932627195647248,-0.591428125,-0.6324998302703354,-0.5503564197296645,0.5881729166666666,0.5416491937323462,0.634696639600987,-0.0032552083333333426,-0.04537245000122424,0.03886203333455755,-0.591428125,-0.6324998302703354,-0.5503564197296645,0.4072697916666667,0.38151509762454267,0.43302448570879076,0.9986979166666666,0.9606239391413253,1.036771894192008,1.6532193686113144e-09,Paired t contrast,9.753994274806755e-07,All new prespecified primary confirmation contrasts; no stars in figures
xor3,all_columns,3000,512,0.25,xor3_n3000_m512_all_columns,normalized_noise__matched_q_0p2,0.18,12,0,1,-7.371875270965656,-8.593740123247565,-6.150010418683747,-0.8862119791666666,-0.961088430224137,-0.8113355281091962,0.8439453125000002,0.7599565944705446,0.9279340305294557,-0.042266666666666675,-0.10874485463618463,0.024211521302851285,-0.8862119791666666,-0.961088430224137,-0.8113355281091962,0.12549791666666668,0.11029231167757758,0.14070352165575578,1.0117098958333333,0.945676891606667,1.0777429000599994,4.080296486956259e-08,Paired t contrast,2.1217541732172546e-05,All new prespecified primary confirmation contrasts; no stars in figures
xor3,all_columns,3000,512,0.25,xor3_n3000_m512_all_columns,normalized_noise__matched_q_0p2,1.0,12,0,1,-9.158380212714578,-11.158494366934208,-7.158266058494947,-0.9353671874999999,-1.0267259097634327,-0.8440084652365671,0.8693197916666667,0.8320020011361646,0.9066375821971688,-0.06604739583333333,-0.15649717218592077,0.024402380519254113,-0.9353671874999999,-1.0267259097634327,-0.8440084652365671,0.11017239583333333,0.09288430289042494,0.12746048877624172,1.0455395833333334,0.9635151912948148,1.127563975371852,6.839294078755481e-07,Paired t contrast,0.0003214468217015076,All new prespecified primary confirmation contrasts; no stars in figures
xor3,all_columns,3000,512,0.25,xor3_n3000_m512_all_columns,normalized_noise__public_selected,0.0001,12,12,0,0.0,0.0,0.0,0.0,0.0,0.0,0.0,0.0,0.0,0.0,0.0,0.0,0.0,0.0,0.0,0.7996312499999999,0.7583908172639817,0.8408716827360181,0.7996312499999999,0.7583908172639817,0.8408716827360181,1.0,Exact zero differences,1.0,All new prespecified primary confirmation contrasts; no stars in figures
xor3,all_columns,3000,512,0.25,xor3_n3000_m512_all_columns,normalized_noise__public_selected,0.003,12,0,0,0.04316455938705599,-0.03798116365470651,0.12431028242881849,0.02176093750000001,-0.011677568424663814,0.05519944342466383,-0.02176093750000001,-0.05519944342466383,0.011677568424663814,0.0,0.0,0.0,0.02176093750000001,-0.011677568424663814,0.05519944342466383,0.4072697916666667,0.38151509762454267,0.43302448570879076,0.38550885416666664,0.36870934686244106,0.4023083614708922,0.26642204843593376,Paired t contrast,1.0,All new prespecified primary confirmation contrasts; no stars in figures
xor3,all_columns,3000,512,0.25,xor3_n3000_m512_all_columns,normalized_noise__public_selected,0.18,12,0,1,0.3893013402976122,0.26663089331909495,0.5119717872761295,0.04930104166666666,0.030237772816362706,0.06836431051697062,-0.04930104166666666,-0.06836431051697062,-0.030237772816362706,0.0,0.0,0.0,0.04930104166666666,0.030237772816362706,0.06836431051697062,0.12549791666666668,0.11029231167757758,0.14070352165575578,0.076196875,0.05834436666564187,0.09404938333435812,2.3146546525636435e-05,Paired t contrast,0.009119739331100754,All new prespecified primary confirmation contrasts; no stars in figures
xor3,all_columns,3000,512,0.25,xor3_n3000_m512_all_columns,normalized_noise__public_selected,1.0,12,0,1,0.05459055498551494,-0.2054449595277986,0.3146260694988285,0.012605729166666671,-0.010782327131889187,0.03599378546522253,-0.012605729166666671,-0.03599378546522253,0.010782327131889187,0.0,0.0,0.0,0.012605729166666671,-0.010782327131889187,0.03599378546522253,0.11017239583333333,0.09288430289042494,0.12746048877624172,0.09756666666666668,0.08131713981722265,0.1138161935161107,0.6530401195150882,Paired t contrast,1.0,All new prespecified primary confirmation contrasts; no stars in figures
xor3,all_columns,3000,512,0.25,xor3_n3000_m512_all_columns,public_selected,0.0001,12,12,0,0.0,0.0,0.0,0.0,0.0,0.0,0.0,0.0,0.0,0.0,0.0,0.0,0.0,0.0,0.0,0.9516807291666667,0.9092760847533263,0.994085373580007,0.9516807291666667,0.9092760847533263,0.994085373580007,1.0,Exact zero differences,1.0,All new prespecified primary confirmation contrasts; no stars in figures
xor3,all_columns,3000,512,0.25,xor3_n3000_m512_all_columns,public_selected,0.003,12,0,0,-0.007418125187836605,-0.0879084381204202,0.07307218774474698,-0.00013124999999999942,-0.060531175010068064,0.060268675010068065,0.00013124999999999942,-0.060268675010068065,0.060531175010068064,0.0,0.0,0.0,-0.00013124999999999942,-0.060531175010068064,0.060268675010068065,0.7870515625,0.7457938600938417,0.8283092649061582,0.7871828124999999,0.7477985550732764,0.8265670699267234,0.8429582535599656,Paired t contrast,1.0,All new prespecified primary confirmation contrasts; no stars in figures
xor3,all_columns,3000,512,0.25,xor3_n3000_m512_all_columns,public_selected,0.18,12,0,1,0.24758547117481378,0.12251101598919392,0.37265992636043366,0.0660921875,0.03269811200905592,0.09948626299094407,-0.0660921875,-0.09948626299094407,-0.03269811200905592,0.0,0.0,0.0,0.0660921875,0.03269811200905592,0.09948626299094407,0.24499583333333338,0.22002308808011092,0.2699685785865558,0.17890364583333337,0.16090154710938928,0.19690574455727747,0.0011422506379457937,Paired t contrast,0.33011043436633436,All new prespecified primary confirmation contrasts; no stars in figures
xor3,all_columns,3000,512,0.25,xor3_n3000_m512_all_columns,public_selected,1.0,12,0,2,0.4724446930019033,0.38269394143669716,0.5621954445671093,0.07023437499999999,0.054762508276634064,0.08570624172336591,-0.07023437499999999,-0.08570624172336591,-0.054762508276634064,0.0,0.0,0.0,0.07023437499999999,0.054762508276634064,0.08570624172336591,0.14745364583333334,0.12895448646715849,0.1659528051995082,0.07721927083333333,0.06373475969933634,0.09070378196733031,1.6675723395905963e-07,Paired t contrast,8.437916038328417e-05,All new prespecified primary confirmation contrasts; no stars in figures
xor3,x1,3000,512,0.03571428571428571,xor3_n3000_m512_x1,fixed_tau_0p015,0.0001,12,0,0,0.005295705967587084,-0.06071324798304304,0.0713046599182172,0.007473437499999995,-0.05705752375712075,0.07200439875712074,-0.027510416666666676,-0.09814887765099557,0.04312804431766222,-0.02003697916666668,-0.0835002392073063,0.04342628087397295,0.007473437499999995,-0.05705752375712075,0.07200439875712074,0.9516807291666667,0.9092760847533263,0.994085373580007,0.9442072916666667,0.8824285075945917,1.0059860757387418,0.8630484592454619,Paired t contrast,1.0,All new prespecified primary confirmation contrasts; no stars in figures
xor3,x1,3000,512,0.03571428571428571,xor3_n3000_m512_x1,fixed_tau_0p015,0.003,12,0,0,0.03445400256720189,-0.05372133982228159,0.12262934495668537,0.03285312500000001,-0.037312663793187956,0.10301891379318798,0.00013124999999999942,-0.060268675010068065,0.060531175010068064,0.03298437500000001,-0.02857626746908512,0.09454501746908514,0.03285312500000001,-0.037312663793187956,0.10301891379318798,0.7870515625,0.7457938600938417,0.8283092649061582,0.7541984374999999,0.7040079214150026,0.8043889535849973,0.4081299771135362,Paired t contrast,1.0,All new prespecified primary confirmation contrasts; no stars in figures
xor3,x1,3000,512,0.03571428571428571,xor3_n3000_m512_x1,fixed_tau_0p015,0.18,12,0,0,0.31612870199108656,0.21404080753140356,0.4182165964507696,0.08122708333333334,0.05253385785797468,0.109920308808692,-0.040400520833333335,-0.08084267265170147,4.163098503479762e-05,0.040826562500000003,0.004193911901720755,0.07745921309827924,0.08122708333333334,0.05253385785797468,0.109920308808692,0.24499583333333338,0.22002308808011092,0.2699685785865558,0.16376875,0.14667243420820086,0.18086506579179912,2.893012005425604e-05,Paired t contrast,0.011311676941214112,All new prespecified primary confirmation contrasts; no stars in figures
xor3,x1,3000,512,0.03571428571428571,xor3_n3000_m512_x1,fixed_tau_0p015,1.0,12,0,0,0.39729348156546984,0.28421014519476023,0.5103768179361794,0.060835416666666677,0.03921237535481528,0.08245845797851807,-0.06158229166666666,-0.08212269617378357,-0.04104188715954975,-0.0007468749999999871,-0.015062689064129718,0.013568939064129744,0.060835416666666677,0.03921237535481528,0.08245845797851807,0.14745364583333334,0.12895448646715849,0.1659528051995082,0.08661822916666666,0.07177291758805311,0.1014635407452802,9.010582470360344e-06,Paired t contrast,0.003748402307669903,All new prespecified primary confirmation contrasts; no stars in figures
xor3,x1,3000,512,0.03571428571428571,xor3_n3000_m512_x1,fixed_tau_0p03,0.0001,12,0,0,0.03356909842477921,-0.020641084418467633,0.08777928126802606,0.03302760416666665,-0.01814117940802902,0.08419638774136232,-0.009998958333333335,-0.07325027964369056,0.05325236297702389,0.023028645833333316,-0.03410995401301602,0.08016724567968266,0.03302760416666665,-0.01814117940802902,0.08419638774136232,0.9516807291666667,0.9092760847533263,0.994085373580007,0.918653125,0.8608260309012458,0.9764802190987542,0.2001506916689303,Paired t contrast,1.0,All new prespecified primary confirmation contrasts; no stars in figures
xor3,x1,3000,512,0.03571428571428571,xor3_n3000_m512_x1,fixed_tau_0p03,0.003,12,0,0,0.059875231457289395,-0.025992787709475697,0.1457432506240545,0.05080677083333333,-0.016016458213765954,0.1176299998804326,0.03977135416666666,-0.017850125873427332,0.09739283420676065,0.090578125,0.004811468613675415,0.1763447813863246,0.05080677083333333,-0.016016458213765954,0.1176299998804326,0.7870515625,0.7457938600938417,0.8283092649061582,0.7362447916666666,0.6761540159339123,0.7963355673994208,0.15309575582131782,Paired t contrast,1.0,All new prespecified primary confirmation contrasts; no stars in figures
xor3,x1,3000,512,0.03571428571428571,xor3_n3000_m512_x1,fixed_tau_0p03,0.18,12,0,0,0.3199905740048769,0.2344459010141376,0.4055352469956162,0.08174739583333336,0.05570038182134982,0.10779440984531691,0.04668333333333333,0.01800866739796315,0.0753579992687035,0.12843072916666667,0.10708989272354522,0.14977156560978813,0.08174739583333336,0.05570038182134982,0.10779440984531691,0.24499583333333338,0.22002308808011092,0.2699685785865558,0.1632484375,0.1478907614040379,0.17860611359596212,4.966257911562275e-06,Paired t contrast,0.002145423417794903,All new prespecified primary confirmation contrasts; no stars in figures
xor3,x1,3000,512,0.03571428571428571,xor3_n3000_m512_x1,fixed_tau_0p03,1.0,12,0,0,0.31527680253097023,0.18078039370856688,0.44977321135337356,0.04757604166666666,0.026071350812976637,0.06908073252035668,-0.014708333333333332,-0.03704035956597735,0.007623692899310688,0.03286770833333334,0.00950856920918761,0.05622684745747908,0.04757604166666666,0.026071350812976637,0.06908073252035668,0.14745364583333334,0.12895448646715849,0.1659528051995082,0.09987760416666668,0.0783234736990716,0.12143173463426175,0.00031362957449753776,Paired t contrast,0.10098872298820716,All new prespecified primary confirmation contrasts; no stars in figures
xor3,x1,3000,512,0.03571428571428571,xor3_n3000_m512_x1,fixed_tau_0p06,0.0001,12,0,0,-0.046238464650844247,-0.12533715192937772,0.032860222627689215,-0.04299427083333333,-0.11962485000319034,0.033636308336523695,0.013913020833333336,-0.017559391730600935,0.04538543339726761,-0.029081249999999993,-0.10344875711924809,0.04528625711924811,-0.04299427083333333,-0.11962485000319034,0.033636308336523695,0.9516807291666667,0.9092760847533263,0.994085373580007,0.994675,0.9105931831105466,1.0787568168894535,0.22464400260510492,Paired t contrast,1.0,All new prespecified primary confirmation contrasts; no stars in figures
xor3,x1,3000,512,0.03571428571428571,xor3_n3000_m512_x1,fixed_tau_0p06,0.003,12,0,0,-0.027390345342557108,-0.09025814635978126,0.03547745567466705,-0.019163541666666655,-0.06559604555891264,0.02726896222557933,0.133796875,0.0723236615585342,0.19527008844146582,0.11463333333333336,0.044593097879976826,0.1846735687866899,-0.019163541666666655,-0.06559604555891264,0.02726896222557933,0.7870515625,0.7457938600938417,0.8283092649061582,0.8062151041666666,0.7567200754831749,0.8557101328501584,0.3581977214591481,Paired t contrast,1.0,All new prespecified primary confirmation contrasts; no stars in figures
xor3,x1,3000,512,0.03571428571428571,xor3_n3000_m512_x1,fixed_tau_0p06,0.18,12,0,0,-0.11014706947849268,-0.2651681479914789,0.044874009034493595,-0.02117239583333332,-0.053257733578924424,0.010912941912257789,0.37301718750000007,0.3306320608671304,0.41540231413286977,0.3518447916666667,0.2954953947987772,0.40819418853455625,-0.02117239583333332,-0.053257733578924424,0.010912941912257789,0.24499583333333338,0.22002308808011092,0.2699685785865558,0.26616822916666666,0.23939281710932042,0.2929436412240129,0.14614330329848385,Paired t contrast,1.0,All new prespecified primary confirmation contrasts; no stars in figures
xor3,x1,3000,512,0.03571428571428571,xor3_n3000_m512_x1,fixed_tau_0p06,1.0,12,0,0,-0.8844413337617746,-1.390559355982928,-0.37832331154062127,-0.11697135416666667,-0.17990934838941952,-0.05403335994391381,0.22399791666666666,0.19322673519884537,0.25476909813448795,0.10702656250000002,0.03803963643187151,0.17601348856812854,-0.11697135416666667,-0.17990934838941952,-0.05403335994391381,0.14745364583333334,0.12895448646715849,0.1659528051995082,0.26442499999999997,0.20851329093657534,0.3203367090634246,0.0027171676618811037,Paired t contrast,0.7445459792592997,All new prespecified primary confirmation contrasts; no stars in figures
xor3,x1,3000,512,0.03571428571428571,xor3_n3000_m512_x1,matched_q_0p2,0.0001,12,0,0,-0.020977762932219413,-0.06879267942676072,0.02683715356232189,-0.017077083333333336,-0.06290215060203797,0.02874798393537129,0.04962031250000001,0.002594062140749802,0.09664656285925022,0.03254322916666668,0.007001377364006314,0.058085080969327046,-0.017077083333333336,-0.06290215060203797,0.02874798393537129,0.9516807291666667,0.9092760847533263,0.994085373580007,0.9687578124999999,0.9294246686161821,1.0080909563838176,0.3549771329718109,Paired t contrast,1.0,All new prespecified primary confirmation contrasts; no stars in figures
xor3,x1,3000,512,0.03571428571428571,xor3_n3000_m512_x1,matched_q_0p2,0.003,12,0,0,-0.12187262711144727,-0.19860260353819836,-0.04514265068469617,-0.09084479166666666,-0.14711696535254562,-0.03457261798078771,0.19161302083333331,0.15029889880057848,0.23292714286608815,0.10076822916666667,0.056216263075819346,0.145320195257514,-0.09084479166666666,-0.14711696535254562,-0.03457261798078771,0.7870515625,0.7457938600938417,0.8283092649061582,0.8778963541666668,0.8357520549216336,0.9200406534116999,0.005006345104475164,Paired t contrast,1.0,All new prespecified primary confirmation contrasts; no stars in figures
xor3,x1,3000,512,0.03571428571428571,xor3_n3000_m512_x1,matched_q_0p2,0.18,12,0,0,-1.3140127776928878,-1.6223999939779048,-1.0056255614078708,-0.31022500000000003,-0.3612413006927249,-0.25920869930727514,0.5801994791666667,0.546478434508869,0.6139205238244644,0.26997447916666667,0.20881895945227805,0.3311299988810553,-0.31022500000000003,-0.3612413006927249,-0.25920869930727514,0.24499583333333338,0.22002308808011092,0.2699685785865558,0.5552208333333334,0.5030964278007409,0.6073452388659258,1.3987148193294062e-06,Paired t contrast,0.0006294216686982328,All new prespecified primary confirmation contrasts; no stars in figures
xor3,x1,3000,512,0.03571428571428571,xor3_n3000_m512_x1,matched_q_0p2,1.0,12,0,0,-2.608110921119178,-3.2372974215851293,-1.978924420653227,-0.35996458333333337,-0.4105718532132797,-0.309357313453387,0.535865625,0.49056463870532335,0.5811666112946766,0.17590104166666673,0.13160788814229177,0.2201941951910417,-0.35996458333333337,-0.4105718532132797,-0.309357313453387,0.14745364583333334,0.12895448646715849,0.1659528051995082,0.5074182291666666,0.46875136407486934,0.5460850942584637,1.834013680885368e-06,Paired t contrast,0.0008216381290366448,All new prespecified primary confirmation contrasts; no stars in figures
xor3,x1,3000,512,0.03571428571428571,xor3_n3000_m512_x1,normalized_noise__fixed_tau_0p015,0.0001,12,0,0,-0.02008028471799028,-0.11254708968570092,0.07238652024972035,-0.009771354166666671,-0.08139566313262099,0.061852954799287645,0.056370833333333335,-0.022948352424919362,0.13569001909158604,0.04659947916666666,-0.0050027390775269145,0.09820169741086024,-0.009771354166666671,-0.08139566313262099,0.061852954799287645,0.7996312499999999,0.7583908172639817,0.8408716827360181,0.8094026041666668,0.7584094117434739,0.8603957965898597,0.6420286147084903,Paired t contrast,1.0,All new prespecified primary confirmation contrasts; no stars in figures
xor3,x1,3000,512,0.03571428571428571,xor3_n3000_m512_x1,normalized_noise__fixed_tau_0p015,0.003,12,0,0,0.18063756451854251,0.060793276817223185,0.30048185221986184,0.07872343750000001,0.029549959984202553,0.12789691501579747,-0.02176093750000001,-0.05519944342466383,0.011677568424663814,0.0569625,0.02621023568762821,0.0877147643123718,0.07872343750000001,0.029549959984202553,0.12789691501579747,0.4072697916666667,0.38151509762454267,0.43302448570879076,0.32854635416666667,0.29507723309070505,0.3620154752426283,0.006861932301849407,Paired t contrast,1.0,All new prespecified primary confirmation contrasts; no stars in figures
xor3,x1,3000,512,0.03571428571428571,xor3_n3000_m512_x1,normalized_noise__fixed_tau_0p015,0.18,12,0,0,0.41882290112421977,0.33105294532025037,0.5065928569281892,0.05283541666666667,0.0390275559650684,0.06664327736826493,-0.04532916666666667,-0.06250987283563661,-0.028148460497696735,0.007506250000000003,-0.01222527915806874,0.027237779158068746,0.05283541666666667,0.0390275559650684,0.06664327736826493,0.12549791666666668,0.11029231167757758,0.14070352165575578,0.07266249999999998,0.05936896085927161,0.08595603914072834,4.5189273624167304e-07,Paired t contrast,0.00021916797707721141,All new prespecified primary confirmation contrasts; no stars in figures
xor3,x1,3000,512,0.03571428571428571,xor3_n3000_m512_x1,normalized_noise__fixed_tau_0p015,1.0,12,0,0,-0.5610559948740944,-0.8740837985485936,-0.24802819119959524,-0.05395885416666666,-0.08091606477349159,-0.027001643559841727,0.03600729166666667,0.012753126197719383,0.059261457135613954,-0.017951562499999987,-0.0543427478774713,0.018439622877471324,-0.05395885416666666,-0.08091606477349159,-0.027001643559841727,0.11017239583333333,0.09288430289042494,0.12746048877624172,0.16413125,0.13855581069294653,0.18970668930705348,0.002292512689830266,Paired t contrast,0.6350260150829836,All new prespecified primary confirmation contrasts; no stars in figures
xor3,x1,3000,512,0.03571428571428571,xor3_n3000_m512_x1,normalized_noise__fixed_tau_0p03,0.0001,12,0,0,0.047671451821181744,-0.037180209428333326,0.1325231130706968,0.04409739583333333,-0.025067275781516712,0.11326206744818337,0.11774427083333333,0.053637261655528914,0.18185128001113776,0.16184166666666666,0.1060744170873595,0.21760891624597384,0.04409739583333333,-0.025067275781516712,0.11326206744818337,0.7996312499999999,0.7583908172639817,0.8408716827360181,0.7555338541666666,0.7088794337807267,0.8021882745526066,0.2420020477696688,Paired t contrast,1.0,All new prespecified primary confirmation contrasts; no stars in figures
xor3,x1,3000,512,0.03571428571428571,xor3_n3000_m512_x1,normalized_noise__fixed_tau_0p03,0.003,12,0,0,0.19311846347459968,0.10447173492551871,0.28176519202368067,0.08211666666666667,0.04386455723367823,0.12036877609965511,0.10055625,0.03881298841655323,0.16229951158344677,0.18267291666666666,0.11645541733679501,0.2488904159965383,0.08211666666666667,0.04386455723367823,0.12036877609965511,0.4072697916666667,0.38151509762454267,0.43302448570879076,0.325153125,0.29848779395955755,0.35181845604044243,0.0005579090885097034,Paired t contrast,0.17016227199545952,All new prespecified primary confirmation contrasts; no stars in figures
xor3,x1,3000,512,0.03571428571428571,xor3_n3000_m512_x1,normalized_noise__fixed_tau_0p03,0.18,12,0,0,-0.4871677305549002,-0.7894361231014142,-0.1848993380083862,-0.05814947916666666,-0.0933050854200838,-0.022993872913249516,-0.03574895833333334,-0.05844278317034863,-0.013055133496318046,-0.0938984375,-0.13094819915528647,-0.056848675844713537,-0.05814947916666666,-0.0933050854200838,-0.022993872913249516,0.12549791666666668,0.11029231167757758,0.14070352165575578,0.18364739583333334,0.1482785737327156,0.21901621793395107,0.004573371101931332,Paired t contrast,1.0,All new prespecified primary confirmation contrasts; no stars in figures
xor3,x1,3000,512,0.03571428571428571,xor3_n3000_m512_x1,normalized_noise__fixed_tau_0p03,1.0,12,0,0,-2.7682353267409527,-3.5457604776444356,-1.99071017583747,-0.2782140625,-0.32013831621517386,-0.23628980878482617,0.11512916666666667,0.08198190191451254,0.1482764314188208,-0.16308489583333333,-0.1961206750665515,-0.13004911660011514,-0.2782140625,-0.32013831621517386,-0.23628980878482617,0.11017239583333333,0.09288430289042494,0.12746048877624172,0.38838645833333335,0.35471609728627135,0.42205681938039535,7.947790929487706e-06,Paired t contrast,0.003353967772243812,All new prespecified primary confirmation contrasts; no stars in figures
xor3,x1,3000,512,0.03571428571428571,xor3_n3000_m512_x1,normalized_noise__fixed_tau_0p06,0.0001,12,0,0,-0.08598624193126396,-0.1733489245075196,0.0013764406449916777,-0.064234375,-0.1292840296967891,0.0008152796967891007,0.16053645833333333,0.09203730895437846,0.2290356077122882,0.09630208333333334,0.022244925584848987,0.1703592410818177,-0.064234375,-0.1292840296967891,0.0008152796967891007,0.7996312499999999,0.7583908172639817,0.8408716827360181,0.863865625,0.8067655759936971,0.9209656740063028,0.05311767148536753,Paired t contrast,1.0,All new prespecified primary confirmation contrasts; no stars in figures
xor3,x1,3000,512,0.03571428571428571,xor3_n3000_m512_x1,normalized_noise__fixed_tau_0p06,0.003,12,0,0,-0.07570014774393863,-0.19182885536088157,0.04042855987300431,-0.02562083333333334,-0.07103726053819845,0.019795593871531767,0.39255260416666665,0.3446582053436296,0.4404470029897037,0.3669317708333333,0.3155756371187506,0.418287904547916,-0.02562083333333334,-0.07103726053819845,0.019795593871531767,0.4072697916666667,0.38151509762454267,0.43302448570879076,0.43289062500000003,0.4005366494403316,0.46524460055966843,0.1791748712560911,Paired t contrast,1.0,All new prespecified primary confirmation contrasts; no stars in figures
xor3,x1,3000,512,0.03571428571428571,xor3_n3000_m512_x1,normalized_noise__fixed_tau_0p06,0.18,12,0,0,-2.060314924008643,-2.708267805322478,-1.412362042694808,-0.2428177083333333,-0.3078920060244003,-0.1777434106422663,0.13585885416666665,0.11733631698670213,0.15438139134663117,-0.10695885416666667,-0.1704707001956246,-0.04344700813770874,-0.2428177083333333,-0.3078920060244003,-0.1777434106422663,0.12549791666666668,0.11029231167757758,0.14070352165575578,0.368315625,0.30976978134279476,0.4268614686572052,2.2739330994144376e-05,Paired t contrast,0.008982035742687028,All new prespecified primary confirmation contrasts; no stars in figures
xor3,x1,3000,512,0.03571428571428571,xor3_n3000_m512_x1,normalized_noise__fixed_tau_0p06,1.0,12,0,0,-5.538063085501412,-6.593933186211633,-4.482192984791192,-0.5830583333333333,-0.6566773454848963,-0.5094393211817704,0.21422291666666668,0.1747931931448375,0.25365264018849587,-0.3688354166666667,-0.44080452499976547,-0.2968663083335679,-0.5830583333333333,-0.6566773454848963,-0.5094393211817704,0.11017239583333333,0.09288430289042494,0.12746048877624172,0.6932307291666665,0.6105925088727227,0.7758689494606104,1.7301985714882354e-07,Paired t contrast,8.720200800300707e-05,All new prespecified primary confirmation contrasts; no stars in figures
xor3,x1,3000,512,0.03571428571428571,xor3_n3000_m512_x1,normalized_noise__matched_q_0p2,0.0001,12,0,0,-0.20154218966806656,-0.28960167388085517,-0.11348270545527796,-0.15504791666666665,-0.21849551367075107,-0.09160031966258222,0.16494479166666667,0.09508473343827814,0.2348048498950552,0.009896875000000019,-0.07750107463852401,0.09729482463852404,-0.15504791666666665,-0.21849551367075107,-0.09160031966258222,0.7996312499999999,0.7583908172639817,0.8408716827360181,0.9546791666666667,0.9073560317250369,1.0020023016082966,0.00037950954591525494,Paired t contrast,0.11764795923372903,All new prespecified primary confirmation contrasts; no stars in figures
xor3,x1,3000,512,0.03571428571428571,xor3_n3000_m512_x1,normalized_noise__matched_q_0p2,0.003,12,0,0,-0.7648345382248601,-0.9586957850317064,-0.5709732914180139,-0.3017145833333333,-0.36045758860220106,-0.2429715780644655,0.471303125,0.4439176969752467,0.4986885530247533,0.16958854166666668,0.11076361538589075,0.2284134679474426,-0.3017145833333333,-0.36045758860220106,-0.2429715780644655,0.4072697916666667,0.38151509762454267,0.43302448570879076,0.708984375,0.6666593421837913,0.7513094078162087,2.9713369559606583e-06,Paired t contrast,0.001304416923666729,All new prespecified primary confirmation contrasts; no stars in figures
xor3,x1,3000,512,0.03571428571428571,xor3_n3000_m512_x1,normalized_noise__matched_q_0p2,0.18,12,0,0,-2.5004465111093226,-3.2746527731994006,-1.7262402490192446,-0.30381875,-0.3889126332148525,-0.21872486678514755,0.4852625,0.4394658201717338,0.5310591798282661,0.18144375000000001,0.08465743837772768,0.2782300616222724,-0.30381875,-0.3889126332148525,-0.21872486678514755,0.12549791666666668,0.11029231167757758,0.14070352165575578,0.4293166666666666,0.3442137829528864,0.5144195503804468,1.9714026200612858e-05,Paired t contrast,0.007826468401643305,All new prespecified primary confirmation contrasts; no stars in figures
xor3,x1,3000,512,0.03571428571428571,xor3_n3000_m512_x1,normalized_noise__matched_q_0p2,1.0,12,0,0,-5.682659606980347,-7.114664334726665,-4.250654879234029,-0.5758276041666667,-0.6354878138471213,-0.5161673944862121,0.31352708333333335,0.27406810800839265,0.35298605865827404,-0.26230052083333333,-0.335098347467448,-0.18950269419921867,-0.5758276041666667,-0.6354878138471213,-0.5161673944862121,0.11017239583333333,0.09288430289042494,0.12746048877624172,0.686,0.6363483425268509,0.7356516574731492,2.8078486045295355e-06,Paired t contrast,0.0012354533859929957,All new prespecified primary confirmation contrasts; no stars in figures
xor3,x1,3000,512,0.03571428571428571,xor3_n3000_m512_x1,normalized_noise__public_selected,0.0001,12,0,0,0.047671451821181744,-0.037180209428333326,0.1325231130706968,0.04409739583333333,-0.025067275781516712,0.11326206744818337,0.11774427083333333,0.053637261655528914,0.18185128001113776,0.16184166666666666,0.1060744170873595,0.21760891624597384,0.04409739583333333,-0.025067275781516712,0.11326206744818337,0.7996312499999999,0.7583908172639817,0.8408716827360181,0.7555338541666666,0.7088794337807267,0.8021882745526066,0.2420020477696688,Paired t contrast,1.0,All new prespecified primary confirmation contrasts; no stars in figures
xor3,x1,3000,512,0.03571428571428571,xor3_n3000_m512_x1,normalized_noise__public_selected,0.003,12,0,0,0.19311846347459968,0.10447173492551871,0.28176519202368067,0.08211666666666667,0.04386455723367823,0.12036877609965511,0.10055625,0.03881298841655323,0.16229951158344677,0.18267291666666666,0.11645541733679501,0.2488904159965383,0.08211666666666667,0.04386455723367823,0.12036877609965511,0.4072697916666667,0.38151509762454267,0.43302448570879076,0.325153125,0.29848779395955755,0.35181845604044243,0.0005579090885097034,Paired t contrast,0.17016227199545952,All new prespecified primary confirmation contrasts; no stars in figures
xor3,x1,3000,512,0.03571428571428571,xor3_n3000_m512_x1,normalized_noise__public_selected,0.18,12,0,0,0.37044856438839374,0.2520486143714562,0.4888485144053313,0.0478046875,0.02943262576548501,0.06617674923451498,-0.0478046875,-0.06617674923451498,-0.02943262576548501,0.0,0.0,0.0,0.0478046875,0.02943262576548501,0.06617674923451498,0.12549791666666668,0.11029231167757758,0.14070352165575578,0.07769322916666667,0.06279721122255526,0.09258924711077808,2.6343036531830853e-05,Paired t contrast,0.010326470320477694,All new prespecified primary confirmation contrasts; no stars in figures
xor3,x1,3000,512,0.03571428571428571,xor3_n3000_m512_x1,normalized_noise__public_selected,1.0,12,0,0,0.05459055498551494,-0.2054449595277986,0.3146260694988285,0.012605729166666671,-0.010782327131889187,0.03599378546522253,-0.012605729166666671,-0.03599378546522253,0.010782327131889187,0.0,0.0,0.0,0.012605729166666671,-0.010782327131889187,0.03599378546522253,0.11017239583333333,0.09288430289042494,0.12746048877624172,0.09756666666666668,0.08131713981722265,0.1138161935161107,0.6530401195150882,Paired t contrast,1.0,All new prespecified primary confirmation contrasts; no stars in figures
xor3,x1,3000,512,0.03571428571428571,xor3_n3000_m512_x1,public_selected,0.0001,12,0,0,0.03356909842477921,-0.020641084418467633,0.08777928126802606,0.03302760416666665,-0.01814117940802902,0.08419638774136232,-0.009998958333333335,-0.07325027964369056,0.05325236297702389,0.023028645833333316,-0.03410995401301602,0.08016724567968266,0.03302760416666665,-0.01814117940802902,0.08419638774136232,0.9516807291666667,0.9092760847533263,0.994085373580007,0.918653125,0.8608260309012458,0.9764802190987542,0.2001506916689303,Paired t contrast,1.0,All new prespecified primary confirmation contrasts; no stars in figures
xor3,x1,3000,512,0.03571428571428571,xor3_n3000_m512_x1,public_selected,0.003,12,0,0,0.059875231457289395,-0.025992787709475697,0.1457432506240545,0.05080677083333333,-0.016016458213765954,0.1176299998804326,0.03977135416666666,-0.017850125873427332,0.09739283420676065,0.090578125,0.004811468613675415,0.1763447813863246,0.05080677083333333,-0.016016458213765954,0.1176299998804326,0.7870515625,0.7457938600938417,0.8283092649061582,0.7362447916666666,0.6761540159339123,0.7963355673994208,0.15309575582131782,Paired t contrast,1.0,All new prespecified primary confirmation contrasts; no stars in figures
xor3,x1,3000,512,0.03571428571428571,xor3_n3000_m512_x1,public_selected,0.18,12,0,0,0.3199905740048769,0.2344459010141376,0.4055352469956162,0.08174739583333336,0.05570038182134982,0.10779440984531691,0.04668333333333333,0.01800866739796315,0.0753579992687035,0.12843072916666667,0.10708989272354522,0.14977156560978813,0.08174739583333336,0.05570038182134982,0.10779440984531691,0.24499583333333338,0.22002308808011092,0.2699685785865558,0.1632484375,0.1478907614040379,0.17860611359596212,4.966257911562275e-06,Paired t contrast,0.002145423417794903,All new prespecified primary confirmation contrasts; no stars in figures
xor3,x1,3000,512,0.03571428571428571,xor3_n3000_m512_x1,public_selected,1.0,12,0,0,0.4724446930019033,0.38269394143669716,0.5621954445671093,0.07023437499999999,0.054762508276634064,0.08570624172336591,-0.07023437499999999,-0.08570624172336591,-0.054762508276634064,0.0,0.0,0.0,0.07023437499999999,0.054762508276634064,0.08570624172336591,0.14745364583333334,0.12895448646715849,0.1659528051995082,0.07721927083333333,0.06373475969933634,0.09070378196733031,1.6675723395905963e-07,Paired t contrast,8.437916038328417e-05,All new prespecified primary confirmation contrasts; no stars in figures
xor3,all_columns,48000,512,0.25,xor3_n48000_m512_all_columns,fixed_tau_0p015,0.0001,12,0,1,-0.022450873604594263,-0.13965464008404077,0.09475289287485224,-0.00123124999999998,-0.062311313873161085,0.05984881387316112,0.00123124999999998,-0.05984881387316112,0.062311313873161085,0.0,0.0,0.0,-0.00123124999999998,-0.062311313873161085,0.05984881387316112,0.5040885416666666,0.46010918862272276,0.5480678947106105,0.5053197916666666,0.47209961360115327,0.53853996973218,0.6814324631379584,Paired t contrast,1.0,All new prespecified primary confirmation contrasts; no stars in figures
xor3,all_columns,48000,512,0.25,xor3_n48000_m512_all_columns,fixed_tau_0p015,0.003,12,0,0,0.3599829209620313,0.2578346500135055,0.4621311919105572,0.05318072916666664,0.03309787143651294,0.07326358689682035,-0.051969791666666654,-0.07238850061622626,-0.03155108271710704,0.0012109374999999974,-0.001454317967298466,0.0038761929672984606,0.05318072916666664,0.03309787143651294,0.07326358689682035,0.14057864583333332,0.12263942128567357,0.15851787038099308,0.08739791666666669,0.07696938113065077,0.0978264522026826,8.752732227310418e-06,Paired t contrast,0.003658642071015755,All new prespecified primary confirmation contrasts; no stars in figures
xor3,all_columns,48000,512,0.25,xor3_n48000_m512_all_columns,fixed_tau_0p015,0.18,12,0,1,-1.122841493618827,-1.5717898998808277,-0.6738930873568261,-0.09961354166666664,-0.13369095969691303,-0.06553612363642027,0.09961354166666664,0.06553612363642027,0.13369095969691303,0.0,0.0,0.0,-0.09961354166666664,-0.13369095969691303,-0.06553612363642027,0.09799166666666669,0.08599892033341744,0.10998441299991593,0.19760520833333337,0.1716138080608638,0.22359660860580294,0.00018490403041830105,Paired t contrast,0.06379189049431386,All new prespecified primary confirmation contrasts; no stars in figures
xor3,all_columns,48000,512,0.25,xor3_n48000_m512_all_columns,fixed_tau_0p015,1.0,12,0,1,-1.1523427519498741,-1.4893935256335322,-0.815291978266216,-0.1243296875,-0.15861268185231864,-0.09004669314768136,0.1243296875,0.09004669314768136,0.15861268185231864,0.0,0.0,0.0,-0.1243296875,-0.15861268185231864,-0.09004669314768136,0.11018229166666667,0.0994998881329174,0.12086469520041594,0.23451197916666663,0.19861686960627545,0.2704070887270578,1.163364266144426e-05,Paired t contrast,0.004816328061837924,All new prespecified primary confirmation contrasts; no stars in figures
xor3,all_columns,48000,512,0.25,xor3_n48000_m512_all_columns,fixed_tau_0p03,0.0001,12,0,1,-0.21207492131523376,-0.3662336209568737,-0.05791622167359384,-0.09430885416666666,-0.16650820843220993,-0.02210949990112339,0.10735520833333334,0.04360276940483743,0.17110764726182925,0.013046354166666677,-0.031084781614148668,0.05717748994748202,-0.09430885416666666,-0.16650820843220993,-0.02210949990112339,0.5040885416666666,0.46010918862272276,0.5480678947106105,0.5983973958333334,0.5517256917139115,0.6450690999527553,0.011492798184159086,Paired t contrast,1.0,All new prespecified primary confirmation contrasts; no stars in figures
xor3,all_columns,48000,512,0.25,xor3_n48000_m512_all_columns,fixed_tau_0p03,0.003,12,0,0,0.033927114433457986,-0.1523338623911929,0.2201880912581089,0.009420312499999986,-0.016109132370516258,0.03494975737051623,-0.01015572916666666,-0.0274586675163788,0.007147209183045481,-0.0007354166666666712,-0.024321034802295086,0.02285020146896174,0.009420312499999986,-0.016109132370516258,0.03494975737051623,0.14057864583333332,0.12263942128567357,0.15851787038099308,0.13115833333333335,0.11274492599895831,0.14957174066770837,0.6961669508033399,Paired t contrast,1.0,All new prespecified primary confirmation contrasts; no stars in figures
xor3,all_columns,48000,512,0.25,xor3_n48000_m512_all_columns,fixed_tau_0p03,0.18,12,0,1,-2.8361067838613203,-3.367573524111555,-2.3046400436110854,-0.27151093750000005,-0.3166114335589096,-0.22641044144109052,0.22218072916666665,0.16474723094674548,0.2796142273865878,-0.04933020833333335,-0.12877730664926026,0.03011688998259357,-0.27151093750000005,-0.3166114335589096,-0.22641044144109052,0.09799166666666669,0.08599892033341744,0.10998441299991593,0.3695026041666667,0.31922325184061445,0.41978195649271893,1.4498556072204253e-07,Paired t contrast,7.350767928607556e-05,All new prespecified primary confirmation contrasts; no stars in figures
xor3,all_columns,48000,512,0.25,xor3_n48000_m512_all_columns,fixed_tau_0p03,1.0,12,0,1,-3.1022454904836585,-3.817902255597472,-2.386588725369845,-0.33423437500000003,-0.40088305785508793,-0.2675856921449121,0.3406229166666666,0.28860833768384775,0.39263749564948547,0.006388541666666664,-0.08821020193622811,0.10098728526956144,-0.33423437500000003,-0.40088305785508793,-0.2675856921449121,0.11018229166666667,0.0994998881329174,0.12086469520041594,0.44441666666666674,0.37627439729660167,0.5125589360367317,1.180026179957624e-06,Paired t contrast,0.0005390437119368608,All new prespecified primary confirmation contrasts; no stars in figures
xor3,all_columns,48000,512,0.25,xor3_n48000_m512_all_columns,fixed_tau_0p06,0.0001,12,0,1,-0.6654254771772804,-0.8920599482428107,-0.43879100611175015,-0.3148208333333333,-0.3996320842883775,-0.23000958237828917,0.32116458333333336,0.2345122803312245,0.4078168863354422,0.006343749999999991,-0.05706452251088278,0.06975202251088276,-0.3148208333333333,-0.3996320842883775,-0.23000958237828917,0.5040885416666666,0.46010918862272276,0.5480678947106105,0.818909375,0.7685033263258186,0.8693154236741815,4.6622984943432866e-05,Paired t contrast,0.017530242338730757,All new prespecified primary confirmation contrasts; no stars in figures
xor3,all_columns,48000,512,0.25,xor3_n48000_m512_all_columns,fixed_tau_0p06,0.003,12,0,0,-2.0388748652446105,-2.513257917675058,-1.564491812814163,-0.27284739583333334,-0.31013429960055366,-0.23556049206611301,0.26624375000000006,0.2117866056866041,0.320700894313396,-0.006603645833333334,-0.052152256754652807,0.038944965087986144,-0.27284739583333334,-0.31013429960055366,-0.23556049206611301,0.14057864583333332,0.12263942128567357,0.15851787038099308,0.4134260416666667,0.3773461118563062,0.4495059714770272,1.284115062574862e-06,Paired t contrast,0.0005817041233464125,All new prespecified primary confirmation contrasts; no stars in figures
xor3,all_columns,48000,512,0.25,xor3_n48000_m512_all_columns,fixed_tau_0p06,0.18,12,0,1,-3.516519726582045,-4.200201268335153,-2.8328381848289372,-0.33048697916666664,-0.3743465157274883,-0.286627442605845,0.3507374999999999,0.31480069292753465,0.3866743070724652,0.02025052083333331,-0.032352692515133466,0.07285373418180008,-0.33048697916666664,-0.3743465157274883,-0.286627442605845,0.09799166666666669,0.08599892033341744,0.10998441299991593,0.4284786458333334,0.3859140459924237,0.4710432456742431,2.1123654212361393e-07,Paired t contrast,0.00010540703451968335,All new prespecified primary confirmation contrasts; no stars in figures
xor3,all_columns,48000,512,0.25,xor3_n48000_m512_all_columns,fixed_tau_0p06,1.0,12,0,1,-5.6280368539465435,-6.805757954635076,-4.450315753258011,-0.6039083333333334,-0.7050570916184091,-0.5027595750482576,0.5764447916666667,0.45866630505414585,0.6942232782791876,-0.027463541666666685,-0.21855106301827137,0.16362397968493803,-0.6039083333333334,-0.7050570916184091,-0.5027595750482576,0.11018229166666667,0.0994998881329174,0.12086469520041594,0.714090625,0.6128787192146212,0.8153025307853787,4.4533403710271594e-07,Paired t contrast,0.00021643234203191995,All new prespecified primary confirmation contrasts; no stars in figures
xor3,all_columns,48000,512,0.25,xor3_n48000_m512_all_columns,matched_q_0p2,0.0001,12,0,1,-1.009522379721817,-1.255115880067919,-0.7639288793757149,-0.48674583333333327,-0.5688467130705244,-0.4046449535961421,0.49537708333333336,0.42851586730201446,0.5622382993646522,0.008631249999999988,-0.07181375921094868,0.08907625921094867,-0.48674583333333327,-0.5688467130705244,-0.4046449535961421,0.5040885416666666,0.46010918862272276,0.5480678947106105,0.990834375,0.938435511390064,1.043233238609936,1.991429232672914e-06,Paired t contrast,0.0008901688670047926,All new prespecified primary confirmation contrasts; no stars in figures
xor3,all_columns,48000,512,0.25,xor3_n48000_m512_all_columns,matched_q_0p2,0.003,12,0,0,-6.354911603378475,-7.436781260807159,-5.273041945949791,-0.8532442708333333,-0.9136278661836984,-0.7928606754829682,0.8704890624999999,0.8107280265672615,0.9302500984327383,0.01724479166666666,-0.05315126036317726,0.08764084369651058,-0.8532442708333333,-0.9136278661836984,-0.7928606754829682,0.14057864583333332,0.12263942128567357,0.15851787038099308,0.9938229166666667,0.9416080626445049,1.0460377706888284,5.3877114839066156e-08,Paired t contrast,2.7800591256958136e-05,All new prespecified primary confirmation contrasts; no stars in figures
xor3,all_columns,48000,512,0.25,xor3_n48000_m512_all_columns,matched_q_0p2,0.18,12,0,1,-9.774074356899465,-11.228208867315583,-8.319939846483347,-0.9234828125,-0.9846044723088133,-0.8623611526911866,0.9544848958333333,0.887220578768174,1.0217492128984926,0.03100208333333332,-0.044044870101438885,0.10604903676810552,-0.9234828125,-0.9846044723088133,-0.8623611526911866,0.09799166666666669,0.08599892033341744,0.10998441299991593,1.0214744791666668,0.960952229931747,1.0819967284015866,1.3180397118174644e-08,Paired t contrast,7.143775238050657e-06,All new prespecified primary confirmation contrasts; no stars in figures
xor3,all_columns,48000,512,0.25,xor3_n48000_m512_all_columns,matched_q_0p2,1.0,12,0,1,-8.80894718613821,-10.119120112328375,-7.498774259948047,-0.9423776041666668,-1.0176795138008718,-0.8670756945324617,0.9215421874999999,0.8505539378666654,0.9925304371333344,-0.02083541666666668,-0.07851879652214847,0.0368479631888151,-0.9423776041666668,-1.0176795138008718,-0.8670756945324617,0.11018229166666667,0.0994998881329174,0.12086469520041594,1.0525598958333333,0.9808421342877445,1.1242776573789222,1.314078501722315e-08,Paired t contrast,7.1354462643521705e-06,All new prespecified primary confirmation contrasts; no stars in figures
xor3,all_columns,48000,512,0.25,xor3_n48000_m512_all_columns,normalized_noise__fixed_tau_0p015,0.0001,12,0,0,-0.07755788473932192,-0.16522652325178275,0.010110753773138914,-0.060363541666666666,-0.13076728369575766,0.010040200362424333,0.060363541666666666,-0.010040200362424333,0.13076728369575766,0.0,0.0,0.0,-0.060363541666666666,-0.13076728369575766,0.010040200362424333,0.8267307291666667,0.7979288580783648,0.8555326002549686,0.8870942708333334,0.8312588080542938,0.942929733612373,0.07749313631428512,Paired t contrast,1.0,All new prespecified primary confirmation contrasts; no stars in figures
xor3,all_columns,48000,512,0.25,xor3_n48000_m512_all_columns,normalized_noise__fixed_tau_0p015,0.003,12,0,0,-0.02513411709958231,-0.16242044081819332,0.11215220661902871,-0.0022562500000000013,-0.047465503610793824,0.04295300361079382,0.004209375000000001,-0.039408509787258995,0.047827259787259,0.001953125,-0.002345674140803982,0.006251924140803982,-0.0022562500000000013,-0.047465503610793824,0.04295300361079382,0.3931583333333333,0.360009565032438,0.4263071016342286,0.39541458333333335,0.3625178666342124,0.42831130003245427,0.6947044141387716,Paired t contrast,1.0,All new prespecified primary confirmation contrasts; no stars in figures
xor3,all_columns,48000,512,0.25,xor3_n48000_m512_all_columns,normalized_noise__fixed_tau_0p015,0.18,12,0,3,0.3505606909751684,0.1293032363661479,0.5718181455841889,0.04885312500000002,0.023704871471890106,0.07400137852810992,-0.04885312500000002,-0.07400137852810992,-0.023704871471890106,0.0,0.0,0.0,0.04885312500000002,0.023704871471890106,0.07400137852810992,0.12024531250000002,0.10197129617622763,0.1385193288237724,0.0713921875,0.05777223594528249,0.0850121390547175,0.005083167860030514,Paired t contrast,1.0,All new prespecified primary confirmation contrasts; no stars in figures
xor3,all_columns,48000,512,0.25,xor3_n48000_m512_all_columns,normalized_noise__fixed_tau_0p015,1.0,12,0,0,-0.39253529800358195,-0.722850858710075,-0.062219737297088795,-0.03347395833333333,-0.06223024618416893,-0.004717670482497733,0.03347395833333333,0.004717670482497733,0.06223024618416893,0.0,0.0,0.0,-0.03347395833333333,-0.06223024618416893,-0.004717670482497733,0.09983906250000002,0.08388711290213498,0.11579101209786506,0.13331302083333335,0.1079347632594078,0.15869127840725888,0.024017576281275214,Paired t contrast,1.0,All new prespecified primary confirmation contrasts; no stars in figures
xor3,all_columns,48000,512,0.25,xor3_n48000_m512_all_columns,normalized_noise__fixed_tau_0p03,0.0001,12,0,0,-0.09379593988866326,-0.15086239863374434,-0.03672948114358219,-0.07478541666666666,-0.11927999397464545,-0.030290839358687878,0.07872708333333332,0.027217081850251477,0.13023708481641516,0.003941666666666667,-0.03650940202042363,0.04439273535375697,-0.07478541666666666,-0.11927999397464545,-0.030290839358687878,0.8267307291666667,0.7979288580783648,0.8555326002549686,0.9015161458333333,0.870303106723129,0.9327291849435375,0.004043426257519835,Paired t contrast,1.0,All new prespecified primary confirmation contrasts; no stars in figures
xor3,all_columns,48000,512,0.25,xor3_n48000_m512_all_columns,normalized_noise__fixed_tau_0p03,0.003,12,0,0,-0.30114888861040123,-0.4888411061589365,-0.11345667106186594,-0.10798489583333333,-0.16768992934588556,-0.04827986232078109,0.15505208333333334,0.10659660816904584,0.20350755849762084,0.047067187499999996,0.01731540294541795,0.07681897205458205,-0.10798489583333333,-0.16768992934588556,-0.04827986232078109,0.3931583333333333,0.360009565032438,0.4263071016342286,0.5011432291666666,0.4544495423807852,0.547836915952548,0.004702902200971552,Paired t contrast,1.0,All new prespecified primary confirmation contrasts; no stars in figures
xor3,all_columns,48000,512,0.25,xor3_n48000_m512_all_columns,normalized_noise__fixed_tau_0p03,0.18,12,0,3,0.31606418275786224,0.1352532616845982,0.4968751038311263,0.044163541666666695,0.02077514644662667,0.06755193688670671,-0.027166666666666662,-0.053058285140714014,-0.0012750481926193102,0.01699687500000002,0.0036483532129243344,0.030345396787075703,0.044163541666666695,0.02077514644662667,0.06755193688670671,0.12024531250000002,0.10197129617622763,0.1385193288237724,0.07608177083333333,0.06629784914376084,0.08586569252290581,0.00271162923793652,Paired t contrast,0.7445459792592997,All new prespecified primary confirmation contrasts; no stars in figures
xor3,all_columns,48000,512,0.25,xor3_n48000_m512_all_columns,normalized_noise__fixed_tau_0p03,1.0,12,0,0,-1.550881831500865,-2.0189352710968484,-1.0828283919048818,-0.14460312499999997,-0.18234791617492602,-0.10685833382507391,0.13764479166666665,0.09587576902925862,0.1794138143040747,-0.006958333333333328,-0.05745598500535611,0.04353931833868945,-0.14460312499999997,-0.18234791617492602,-0.10685833382507391,0.09983906250000002,0.08388711290213498,0.11579101209786506,0.2444421875,0.20831585276098397,0.280568522239016,1.556824019098761e-05,Paired t contrast,0.006305137277349982,All new prespecified primary confirmation contrasts; no stars in figures
xor3,all_columns,48000,512,0.25,xor3_n48000_m512_all_columns,normalized_noise__fixed_tau_0p06,0.0001,12,0,0,-0.15524093267464686,-0.24563840891714453,-0.0648434564321492,-0.12371249999999999,-0.19695049129218428,-0.050474508707815696,0.12216249999999997,0.06029478630202129,0.18403021369797865,-0.0015500000000000143,-0.06022496974718943,0.0571249697471894,-0.12371249999999999,-0.19695049129218428,-0.050474508707815696,0.8267307291666667,0.7979288580783648,0.8555326002549686,0.9504432291666666,0.8958682396799161,1.005018218653417,0.0030482152744894103,Paired t contrast,0.8260663393866302,All new prespecified primary confirmation contrasts; no stars in figures
xor3,all_columns,48000,512,0.25,xor3_n48000_m512_all_columns,normalized_noise__fixed_tau_0p06,0.003,12,0,0,-0.9463004320607258,-1.1384147121501569,-0.7541861519712946,-0.3607479166666667,-0.41222849572225584,-0.3092673376110776,0.37670625,0.329125337274233,0.42428716272576705,0.015958333333333335,-0.033851832173999064,0.06576849884066573,-0.3607479166666667,-0.41222849572225584,-0.3092673376110776,0.3931583333333333,0.360009565032438,0.4263071016342286,0.75390625,0.7040316459859802,0.8037808540140198,3.2790356991310834e-07,Paired t contrast,0.00016132855639724932,All new prespecified primary confirmation contrasts; no stars in figures
xor3,all_columns,48000,512,0.25,xor3_n48000_m512_all_columns,normalized_noise__fixed_tau_0p06,0.18,12,0,3,-0.8641217728398316,-1.187137707519359,-0.5411058381603042,-0.09173177083333334,-0.11363773709301188,-0.0698258045736548,0.11750937500000001,0.08397681431320375,0.15104193568679627,0.025777604166666673,-0.001707707161361878,0.05326291549469522,-0.09173177083333334,-0.11363773709301188,-0.0698258045736548,0.12024531250000002,0.10197129617622763,0.1385193288237724,0.21197708333333334,0.1987640648387981,0.22519010182786858,0.00010492773625677458,Paired t contrast,0.03850847920623627,All new prespecified primary confirmation contrasts; no stars in figures
xor3,all_columns,48000,512,0.25,xor3_n48000_m512_all_columns,normalized_noise__fixed_tau_0p06,1.0,12,0,0,-2.4100587654012133,-3.0862102901294017,-1.7339072406730247,-0.21858541666666667,-0.2656867249078876,-0.17148410842544573,0.1775947916666666,0.12406688199120355,0.23112270134212967,-0.04099062500000002,-0.10321785024384739,0.02123660024384736,-0.21858541666666667,-0.2656867249078876,-0.17148410842544573,0.09983906250000002,0.08388711290213498,0.11579101209786506,0.31842447916666666,0.283853452092841,0.3529955062404923,7.862582755047143e-06,Paired t contrast,0.003333735088139989,All new prespecified primary confirmation contrasts; no stars in figures
xor3,all_columns,48000,512,0.25,xor3_n48000_m512_all_columns,normalized_noise__matched_q_0p2,0.0001,12,0,0,-0.23818506259921304,-0.33256496881545083,-0.14380515638297525,-0.19419479166666664,-0.2667877977330453,-0.12160178560028802,0.18303489583333335,0.09998707042731315,0.26608272123935356,-0.011159895833333313,-0.09308635122505024,0.07076655955838362,-0.19419479166666664,-0.2667877977330453,-0.12160178560028802,0.8267307291666667,0.7979288580783648,0.8555326002549686,1.0209255208333334,0.9533432531037899,1.0885077885628769,0.00017157383714931767,Paired t contrast,0.05936454765366392,All new prespecified primary confirmation contrasts; no stars in figures
xor3,all_columns,48000,512,0.25,xor3_n48000_m512_all_columns,normalized_noise__matched_q_0p2,0.003,12,0,0,-1.617884320134549,-1.9649410734710948,-1.2708275667980031,-0.6134598958333334,-0.6843647862366931,-0.5425550054299737,0.6084692708333334,0.5727197401605801,0.6442188015060866,-0.004990625000000008,-0.06844103825248496,0.05845978825248494,-0.6134598958333334,-0.6843647862366931,-0.5425550054299737,0.3931583333333333,0.360009565032438,0.4263071016342286,1.0066182291666668,0.9496358495857217,1.063600608747612,5.7148420058422e-07,Paired t contrast,0.0002708835110769203,All new prespecified primary confirmation contrasts; no stars in figures
xor3,all_columns,48000,512,0.25,xor3_n48000_m512_all_columns,normalized_noise__matched_q_0p2,0.18,12,0,3,-8.216022219265119,-10.095813825311637,-6.336230613218599,-0.9204447916666666,-0.9750948710572641,-0.8657947122760691,0.8538218749999998,0.7739440835972176,0.9336996664027821,-0.06662291666666666,-0.1415040466153068,0.008258213281973487,-0.9204447916666666,-0.9750948710572641,-0.8657947122760691,0.12024531250000002,0.10197129617622763,0.1385193288237724,1.0406901041666667,0.9907654672544461,1.0906147410788873,1.0874305329696475e-06,Paired t contrast,0.0005002180451660379,All new prespecified primary confirmation contrasts; no stars in figures
xor3,all_columns,48000,512,0.25,xor3_n48000_m512_all_columns,normalized_noise__matched_q_0p2,1.0,12,0,0,-9.44928343200061,-11.022730303822467,-7.875836560178755,-0.8940161458333332,-0.9539624035032803,-0.8340698881633861,0.8733749999999999,0.8158174503747575,0.9309325496252423,-0.020641145833333346,-0.1054305498386152,0.06414825817194851,-0.8940161458333332,-0.9539624035032803,-0.8340698881633861,0.09983906250000002,0.08388711290213498,0.11579101209786506,0.9938552083333333,0.9364052868282494,1.051305129838417,4.281310147883195e-08,Paired t contrast,2.2219999667513782e-05,All new prespecified primary confirmation contrasts; no stars in figures
xor3,all_columns,48000,512,0.25,xor3_n48000_m512_all_columns,normalized_noise__public_selected,0.0001,12,12,0,0.0,0.0,0.0,0.0,0.0,0.0,0.0,0.0,0.0,0.0,0.0,0.0,0.0,0.0,0.0,0.8267307291666667,0.7979288580783648,0.8555326002549686,0.8267307291666667,0.7979288580783648,0.8555326002549686,1.0,Exact zero differences,1.0,All new prespecified primary confirmation contrasts; no stars in figures
xor3,all_columns,48000,512,0.25,xor3_n48000_m512_all_columns,normalized_noise__public_selected,0.003,12,0,0,-0.02513411709958231,-0.16242044081819332,0.11215220661902871,-0.0022562500000000013,-0.047465503610793824,0.04295300361079382,0.004209375000000001,-0.039408509787258995,0.047827259787259,0.001953125,-0.002345674140803982,0.006251924140803982,-0.0022562500000000013,-0.047465503610793824,0.04295300361079382,0.3931583333333333,0.360009565032438,0.4263071016342286,0.39541458333333335,0.3625178666342124,0.42831130003245427,0.6947044141387716,Paired t contrast,1.0,All new prespecified primary confirmation contrasts; no stars in figures
xor3,all_columns,48000,512,0.25,xor3_n48000_m512_all_columns,normalized_noise__public_selected,0.18,12,0,3,0.37600482246401357,0.23770582903489312,0.514303815893134,0.04960416666666667,0.02766974257546263,0.07153859075787071,-0.04960416666666667,-0.07153859075787071,-0.02766974257546263,0.0,0.0,0.0,0.04960416666666667,0.02766974257546263,0.07153859075787071,0.12024531250000002,0.10197129617622763,0.1385193288237724,0.07064114583333332,0.0602393198668178,0.08104297179984885,9.133781261136708e-05,Paired t contrast,0.03370365285359445,All new prespecified primary confirmation contrasts; no stars in figures
xor3,all_columns,48000,512,0.25,xor3_n48000_m512_all_columns,normalized_noise__public_selected,1.0,12,0,0,0.089519062166963,-0.1196074237040504,0.2986455480379764,0.011900520833333336,-0.00802307502337468,0.03182411669004135,-0.011900520833333336,-0.03182411669004135,0.00802307502337468,0.0,0.0,0.0,0.011900520833333336,-0.00802307502337468,0.03182411669004135,0.09983906250000002,0.08388711290213498,0.11579101209786506,0.08793854166666666,0.07002814051926104,0.10584894281407228,0.36634374481870513,Paired t contrast,1.0,All new prespecified primary confirmation contrasts; no stars in figures
xor3,all_columns,48000,512,0.25,xor3_n48000_m512_all_columns,public_selected,0.0001,12,0,1,0.03297890305874801,-0.09802580974025354,0.16398361585774957,0.025297395833333347,-0.04182359053984168,0.09241838220650837,-0.025297395833333347,-0.09241838220650837,0.04182359053984168,0.0,0.0,0.0,0.025297395833333347,-0.04182359053984168,0.09241838220650837,0.5040885416666666,0.46010918862272276,0.5480678947106105,0.4787911458333334,0.43012402439816144,0.5274582672685053,0.5906152237352728,Paired t contrast,1.0,All new prespecified primary confirmation contrasts; no stars in figures
xor3,all_columns,48000,512,0.25,xor3_n48000_m512_all_columns,public_selected,0.003,12,0,0,0.3599829209620313,0.2578346500135055,0.4621311919105572,0.05318072916666664,0.03309787143651294,0.07326358689682035,-0.051969791666666654,-0.07238850061622626,-0.03155108271710704,0.0012109374999999974,-0.001454317967298466,0.0038761929672984606,0.05318072916666664,0.03309787143651294,0.07326358689682035,0.14057864583333332,0.12263942128567357,0.15851787038099308,0.08739791666666669,0.07696938113065077,0.0978264522026826,8.752732227310418e-06,Paired t contrast,0.003658642071015755,All new prespecified primary confirmation contrasts; no stars in figures
xor3,all_columns,48000,512,0.25,xor3_n48000_m512_all_columns,public_selected,0.18,12,12,1,0.0,0.0,0.0,0.0,0.0,0.0,0.0,0.0,0.0,0.0,0.0,0.0,0.0,0.0,0.0,0.09799166666666669,0.08599892033341744,0.10998441299991593,0.09799166666666669,0.08599892033341744,0.10998441299991593,1.0,Exact zero differences,1.0,All new prespecified primary confirmation contrasts; no stars in figures
xor3,all_columns,48000,512,0.25,xor3_n48000_m512_all_columns,public_selected,1.0,12,12,1,0.0,0.0,0.0,0.0,0.0,0.0,0.0,0.0,0.0,0.0,0.0,0.0,0.0,0.0,0.0,0.11018229166666667,0.0994998881329174,0.12086469520041594,0.11018229166666667,0.0994998881329174,0.12086469520041594,1.0,Exact zero differences,1.0,All new prespecified primary confirmation contrasts; no stars in figures
xor3,x1,48000,512,0.03571428571428571,xor3_n48000_m512_x1,fixed_tau_0p015,0.0001,12,0,0,0.04087044295125521,-0.08593188857476863,0.16767277447727907,0.029340104166666683,-0.032633315539777774,0.09131352387311113,0.00123124999999998,-0.05984881387316112,0.062311313873161085,0.03057135416666666,-0.020132340987219964,0.0812750493205533,0.029340104166666683,-0.032633315539777774,0.09131352387311113,0.5040885416666666,0.46010918862272276,0.5480678947106105,0.47474843749999995,0.4339472110521788,0.5155496639478211,0.49283128826129285,Paired t contrast,1.0,All new prespecified primary confirmation contrasts; no stars in figures
xor3,x1,48000,512,0.03571428571428571,xor3_n48000_m512_x1,fixed_tau_0p015,0.003,12,0,0,0.4618388946359273,0.3223386585260948,0.6013391307457598,0.06956249999999999,0.043547993835222294,0.09557700616477768,-0.051969791666666654,-0.07238850061622626,-0.03155108271710704,0.017592708333333328,0.003639127115265447,0.03154628955140121,0.06956249999999999,0.043547993835222294,0.09557700616477768,0.14057864583333332,0.12263942128567357,0.15851787038099308,0.07101614583333335,0.06026634518099935,0.08176594648566735,1.5690713333487562e-05,Paired t contrast,0.006339048186728975,All new prespecified primary confirmation contrasts; no stars in figures
xor3,x1,48000,512,0.03571428571428571,xor3_n48000_m512_x1,fixed_tau_0p015,0.18,12,0,0,-1.0925852066194943,-1.4654454342933945,-0.7197249789455942,-0.10162031249999998,-0.13073770884286384,-0.07250291615713611,0.09961354166666664,0.06553612363642027,0.13369095969691303,-0.002006770833333322,-0.04723068296429568,0.04321714129762903,-0.10162031249999998,-0.13073770884286384,-0.07250291615713611,0.09799166666666669,0.08599892033341744,0.10998441299991593,0.19961197916666662,0.17126174175079442,0.22796221658253882,4.74536202563659e-05,Paired t contrast,0.017795107596137213,All new prespecified primary confirmation contrasts; no stars in figures
xor3,x1,48000,512,0.03571428571428571,xor3_n48000_m512_x1,fixed_tau_0p015,1.0,12,0,0,-1.0866153082189554,-1.4586437479598324,-0.7145868684780783,-0.11428593749999998,-0.14803372167650514,-0.08053815332349482,0.1243296875,0.09004669314768136,0.15861268185231864,0.010043749999999999,-0.03951246061571038,0.05959996061571037,-0.11428593749999998,-0.14803372167650514,-0.08053815332349482,0.11018229166666667,0.0994998881329174,0.12086469520041594,0.22446822916666667,0.19268956997956693,0.2562468883537664,4.883891749520748e-05,Paired t contrast,0.0182657551432076,All new prespecified primary confirmation contrasts; no stars in figures
xor3,x1,48000,512,0.03571428571428571,xor3_n48000_m512_x1,fixed_tau_0p03,0.0001,12,0,0,0.16769782843115352,0.06921026279903537,0.2661853940632717,0.0919135416666667,0.03241184936515076,0.15141523396818263,0.10735520833333334,0.04360276940483743,0.17110764726182925,0.19926875000000002,0.15033772174121357,0.24819977825878647,0.0919135416666667,0.03241184936515076,0.15141523396818263,0.5040885416666666,0.46010918862272276,0.5480678947106105,0.412175,0.37522244267269783,0.4491275573273022,0.0032228528627983653,Paired t contrast,0.8701702729555586,All new prespecified primary confirmation contrasts; no stars in figures
xor3,x1,48000,512,0.03571428571428571,xor3_n48000_m512_x1,fixed_tau_0p03,0.003,12,0,0,0.3736711177589492,0.25186996798725525,0.4954722675306431,0.05569583333333331,0.0311566795315425,0.08023498713512413,-0.01015572916666666,-0.0274586675163788,0.007147209183045481,0.04554010416666667,0.03181084519418472,0.05926936313914862,0.05569583333333331,0.0311566795315425,0.08023498713512413,0.14057864583333332,0.12263942128567357,0.15851787038099308,0.0848828125,0.07061345504270526,0.09915216995729474,3.147478629029514e-05,Paired t contrast,0.011991893576602448,All new prespecified primary confirmation contrasts; no stars in figures
xor3,x1,48000,512,0.03571428571428571,xor3_n48000_m512_x1,fixed_tau_0p03,0.18,12,0,0,-3.891756315336798,-4.946564624027866,-2.83694800664573,-0.36732708333333336,-0.44596843443374745,-0.28868573223291927,0.22218072916666665,0.16474723094674548,0.2796142273865878,-0.14514635416666669,-0.19546296183610518,-0.0948297464972282,-0.36732708333333336,-0.44596843443374745,-0.28868573223291927,0.09799166666666669,0.08599892033341744,0.10998441299991593,0.46531875,0.38686619674231565,0.5437713032576843,5.6642332407525975e-06,Paired t contrast,0.0024299560602828642,All new prespecified primary confirmation contrasts; no stars in figures
xor3,x1,48000,512,0.03571428571428571,xor3_n48000_m512_x1,fixed_tau_0p03,1.0,12,0,0,-3.573971054225479,-4.1863246675053105,-2.961617440945648,-0.38560052083333335,-0.4468886423590303,-0.3243123993076364,0.3406229166666666,0.28860833768384775,0.39263749564948547,-0.04497760416666668,-0.13580168250025057,0.04584647416691721,-0.38560052083333335,-0.4468886423590303,-0.3243123993076364,0.11018229166666667,0.0994998881329174,0.12086469520041594,0.49578281250000006,0.4334635580757359,0.5581020669242642,5.7582445306951345e-08,Paired t contrast,2.9654959333079943e-05,All new prespecified primary confirmation contrasts; no stars in figures
xor3,x1,48000,512,0.03571428571428571,xor3_n48000_m512_x1,fixed_tau_0p06,0.0001,12,0,0,-0.04988718009133789,-0.1927274477555719,0.09295308757289614,-0.012829687499999992,-0.08258190634505638,0.0569225313450564,0.32116458333333336,0.2345122803312245,0.4078168863354422,0.30833489583333334,0.2582244165499715,0.35844537511669516,-0.012829687499999992,-0.08258190634505638,0.0569225313450564,0.5040885416666666,0.46010918862272276,0.5480678947106105,0.5169182291666666,0.47909049387156033,0.5547459644617729,0.458259530732188,Paired t contrast,1.0,All new prespecified primary confirmation contrasts; no stars in figures
xor3,x1,48000,512,0.03571428571428571,xor3_n48000_m512_x1,fixed_tau_0p06,0.003,12,0,0,-0.24832192255520089,-0.557844536393947,0.0612006912835453,-0.02486770833333335,-0.06589339499879271,0.016157978332126004,0.26624375000000006,0.2117866056866041,0.320700894313396,0.2413760416666667,0.18941658260079905,0.29333550073253434,-0.02486770833333335,-0.06589339499879271,0.016157978332126004,0.14057864583333332,0.12263942128567357,0.15851787038099308,0.16544635416666667,0.13665766516627284,0.1942350431670605,0.10513384877841907,Paired t contrast,1.0,All new prespecified primary confirmation contrasts; no stars in figures
xor3,x1,48000,512,0.03571428571428571,xor3_n48000_m512_x1,fixed_tau_0p06,0.18,12,0,0,-6.409885850793447,-7.908055375626562,-4.911716325960333,-0.5962984375,-0.6962013938715704,-0.49639548112842957,0.3507374999999999,0.31480069292753465,0.3866743070724652,-0.24556093749999997,-0.35646299393158726,-0.13465888106841267,-0.5962984375,-0.6962013938715704,-0.49639548112842957,0.09799166666666669,0.08599892033341744,0.10998441299991593,0.6942901041666668,0.5992469070187048,0.7893333013146289,1.3430529600381696e-06,Paired t contrast,0.0006057168849772145,All new prespecified primary confirmation contrasts; no stars in figures
xor3,x1,48000,512,0.03571428571428571,xor3_n48000_m512_x1,fixed_tau_0p06,1.0,12,0,0,-5.985961349929934,-7.23786810611265,-4.734054593747217,-0.6437270833333334,-0.7479805948898183,-0.5394735717768485,0.5764447916666667,0.45866630505414585,0.6942232782791876,-0.06728229166666662,-0.2370936775291358,0.10252909419580254,-0.6437270833333334,-0.7479805948898183,-0.5394735717768485,0.11018229166666667,0.0994998881329174,0.12086469520041594,0.7539093750000001,0.6488470120031242,0.858971737996876,4.427833660598754e-07,Paired t contrast,0.00021563549927115932,All new prespecified primary confirmation contrasts; no stars in figures
xor3,x1,48000,512,0.03571428571428571,xor3_n48000_m512_x1,matched_q_0p2,0.0001,12,0,0,-0.5313207243422763,-0.7061287420107153,-0.3565127066738373,-0.25538489583333335,-0.326943752456925,-0.1838260392097417,0.4154567708333334,0.3689865196271617,0.46192702203950503,0.160071875,0.1096764580903772,0.21046729190962282,-0.25538489583333335,-0.326943752456925,-0.1838260392097417,0.5040885416666666,0.46010918862272276,0.5480678947106105,0.7594734375,0.7001753386687446,0.8187715363312553,3.422751659027448e-05,Paired t contrast,0.013006456304304302,All new prespecified primary confirmation contrasts; no stars in figures
xor3,x1,48000,512,0.03571428571428571,xor3_n48000_m512_x1,matched_q_0p2,0.003,12,0,0,-2.480074139296415,-3.0949166488539204,-1.8652316297389095,-0.32923281249999997,-0.39318379213170207,-0.2652818328682979,0.5840307291666667,0.5378193832485534,0.6302420750847799,0.2547979166666667,0.18147217999405874,0.3281236533392746,-0.32923281249999997,-0.39318379213170207,-0.2652818328682979,0.14057864583333332,0.12263942128567357,0.15851787038099308,0.4698114583333333,0.4126649919533508,0.5269579247133158,2.3949983815599785e-06,Paired t contrast,0.0010609842830310704,All new prespecified primary confirmation contrasts; no stars in figures
xor3,x1,48000,512,0.03571428571428571,xor3_n48000_m512_x1,matched_q_0p2,0.18,12,0,0,-7.8841443560436915,-8.770573687897981,-6.997715024189402,-0.7545885416666667,-0.8130059365494893,-0.6961711467838441,0.4107624999999999,0.3570084661789538,0.464516533821046,-0.3438260416666666,-0.41639717613091126,-0.2712549072024219,-0.7545885416666667,-0.8130059365494893,-0.6961711467838441,0.09799166666666669,0.08599892033341744,0.10998441299991593,0.8525802083333333,0.7869445561734492,0.9182158604932174,6.724151021531988e-10,Paired t contrast,4.128628727220641e-07,All new prespecified primary confirmation contrasts; no stars in figures
xor3,x1,48000,512,0.03571428571428571,xor3_n48000_m512_x1,matched_q_0p2,1.0,12,0,0,-6.400021511906343,-7.751140647963357,-5.0489023758493285,-0.6825744791666666,-0.7769500847160925,-0.5881988736172407,0.4742994791666666,0.3917201152204126,0.5568788431129206,-0.20827500000000002,-0.3642465335846513,-0.05230346641534875,-0.6825744791666666,-0.7769500847160925,-0.5881988736172407,0.11018229166666667,0.0994998881329174,0.12086469520041594,0.7927567708333333,0.7001904967071771,0.8853230449594894,4.866688006669457e-07,Paired t contrast,0.0002340876931208009,All new prespecified primary confirmation contrasts; no stars in figures
xor3,x1,48000,512,0.03571428571428571,xor3_n48000_m512_x1,normalized_noise__fixed_tau_0p015,0.0001,12,0,0,-0.015090202712522349,-0.09692612529783379,0.0667457198727891,-0.00935572916666666,-0.07825020866470883,0.05953875033137551,0.060363541666666666,-0.010040200362424333,0.13076728369575766,0.051007812500000006,-0.007407004801998941,0.10942262980199896,-0.00935572916666666,-0.07825020866470883,0.05953875033137551,0.8267307291666667,0.7979288580783648,0.8555326002549686,0.8360864583333333,0.7788595847360315,0.8933133319306351,0.692633912880609,Paired t contrast,1.0,All new prespecified primary confirmation contrasts; no stars in figures
xor3,x1,48000,512,0.03571428571428571,xor3_n48000_m512_x1,normalized_noise__fixed_tau_0p015,0.003,12,0,0,0.12138653387745679,0.017017943050694706,0.22575512470421888,0.05381874999999999,0.010691455445730587,0.09694604455426939,0.004209375000000001,-0.039408509787258995,0.047827259787259,0.05802812500000001,0.014170115600417116,0.1018861343995829,0.05381874999999999,0.010691455445730587,0.09694604455426939,0.3931583333333333,0.360009565032438,0.4263071016342286,0.3393395833333333,0.31114391624583804,0.3675352504208286,0.026524777631101094,Paired t contrast,1.0,All new prespecified primary confirmation contrasts; no stars in figures
xor3,x1,48000,512,0.03571428571428571,xor3_n48000_m512_x1,normalized_noise__fixed_tau_0p015,0.18,12,0,0,0.3601666211116714,0.2132532367903538,0.507080005432989,0.04789895833333335,0.024978821346649492,0.0708190953200172,-0.04885312500000002,-0.07400137852810992,-0.023704871471890106,-0.0009541666666666703,-0.02020744144628786,0.018299108112954522,0.04789895833333335,0.024978821346649492,0.0708190953200172,0.12024531250000002,0.10197129617622763,0.1385193288237724,0.07234635416666667,0.059968953165092764,0.08472375516824057,0.00021803396941423846,Paired t contrast,0.0736954816620126,All new prespecified primary confirmation contrasts; no stars in figures
xor3,x1,48000,512,0.03571428571428571,xor3_n48000_m512_x1,normalized_noise__fixed_tau_0p015,1.0,12,0,0,-0.6442605011099057,-1.0562480545153745,-0.23227294770443685,-0.05664427083333331,-0.09079492273995052,-0.022493618926716093,0.03347395833333333,0.004717670482497733,0.06223024618416893,-0.023170312499999984,-0.05756199368406361,0.011221368684063641,-0.05664427083333331,-0.09079492273995052,-0.022493618926716093,0.09983906250000002,0.08388711290213498,0.11579101209786506,0.15648333333333334,0.12549032165725088,0.1874763450094158,0.005506465348010413,Paired t contrast,1.0,All new prespecified primary confirmation contrasts; no stars in figures
xor3,x1,48000,512,0.03571428571428571,xor3_n48000_m512_x1,normalized_noise__fixed_tau_0p03,0.0001,12,0,0,0.04738282437816263,-0.03032279410862314,0.1250884428649484,0.0425609375,-0.022413824925142982,0.10753569992514297,0.07872708333333332,0.027217081850251477,0.13023708481641516,0.12128802083333333,0.06944740727586976,0.1731286343907969,0.0425609375,-0.022413824925142982,0.10753569992514297,0.8267307291666667,0.7979288580783648,0.8555326002549686,0.7841697916666667,0.7340665988023274,0.834272984531006,0.2066075614915643,Paired t contrast,1.0,All new prespecified primary confirmation contrasts; no stars in figures
xor3,x1,48000,512,0.03571428571428571,xor3_n48000_m512_x1,normalized_noise__fixed_tau_0p03,0.003,12,0,0,0.21657762124510235,0.11829790693022954,0.3148573355599752,0.08913385416666665,0.05031848231202612,0.12794922602130718,0.15505208333333334,0.10659660816904584,0.20350755849762084,0.24418593749999998,0.19859250357978686,0.2897793714202131,0.08913385416666665,0.05031848231202612,0.12794922602130718,0.3931583333333333,0.360009565032438,0.4263071016342286,0.3040244791666667,0.27358318598893516,0.3344657723443982,0.0005105333632213993,Paired t contrast,0.1567337425089696,All new prespecified primary confirmation contrasts; no stars in figures
xor3,x1,48000,512,0.03571428571428571,xor3_n48000_m512_x1,normalized_noise__fixed_tau_0p03,0.18,12,0,0,-0.5139212921746875,-0.8926730832476887,-0.13516950110168635,-0.05317499999999997,-0.08705199604547112,-0.019298003954528832,-0.027166666666666662,-0.053058285140714014,-0.0012750481926193102,-0.08034166666666666,-0.10677991191759814,-0.053903421415735175,-0.05317499999999997,-0.08705199604547112,-0.019298003954528832,0.12024531250000002,0.10197129617622763,0.1385193288237724,0.1734203125,0.1397155558781187,0.2071250691218813,0.012375409344909355,Paired t contrast,1.0,All new prespecified primary confirmation contrasts; no stars in figures
xor3,x1,48000,512,0.03571428571428571,xor3_n48000_m512_x1,normalized_noise__fixed_tau_0p03,1.0,12,0,0,-2.8398994444513277,-3.6379163810543,-2.0418825078483556,-0.26948802083333334,-0.3401225474932698,-0.19885349417339687,0.13764479166666665,0.09587576902925862,0.1794138143040747,-0.1318432291666667,-0.2082469556191223,-0.05543950271421108,-0.26948802083333334,-0.3401225474932698,-0.19885349417339687,0.09983906250000002,0.08388711290213498,0.11579101209786506,0.3693270833333333,0.29954934193568605,0.43910482473098056,7.982070738967299e-06,Paired t contrast,0.0033604517811052326,All new prespecified primary confirmation contrasts; no stars in figures
xor3,x1,48000,512,0.03571428571428571,xor3_n48000_m512_x1,normalized_noise__fixed_tau_0p06,0.0001,12,0,0,-0.05880580820828407,-0.11669099759185611,-0.0009206188247120328,-0.04573072916666666,-0.09404548324374529,0.0025840249104119653,0.12216249999999997,0.06029478630202129,0.18403021369797865,0.07643177083333332,0.02066925050182749,0.13219429116483913,-0.04573072916666666,-0.09404548324374529,0.0025840249104119653,0.8267307291666667,0.7979288580783648,0.8555326002549686,0.8724614583333333,0.8393539247855661,0.9055689918811005,0.04703045531099795,Paired t contrast,1.0,All new prespecified primary confirmation contrasts; no stars in figures
xor3,x1,48000,512,0.03571428571428571,xor3_n48000_m512_x1,normalized_noise__fixed_tau_0p06,0.003,12,0,0,-0.10455078596345169,-0.22154084058512513,0.012439268658221744,-0.03613802083333333,-0.07649012395349235,0.004214082286825682,0.37670625,0.329125337274233,0.42428716272576705,0.3405682291666667,0.2784739742366793,0.40266248409665406,-0.03613802083333333,-0.07649012395349235,0.004214082286825682,0.3931583333333333,0.360009565032438,0.4263071016342286,0.4292963541666667,0.3917173412172298,0.46687536711610367,0.07491957125266847,Paired t contrast,1.0,All new prespecified primary confirmation contrasts; no stars in figures
xor3,x1,48000,512,0.03571428571428571,xor3_n48000_m512_x1,normalized_noise__fixed_tau_0p06,0.18,12,0,0,-2.321758445423315,-2.919017481713578,-1.724499409133052,-0.258275,-0.29624558625576336,-0.2203044137442366,0.11750937500000001,0.08397681431320375,0.15104193568679627,-0.140765625,-0.18241034390113392,-0.09912090609886609,-0.258275,-0.29624558625576336,-0.2203044137442366,0.12024531250000002,0.10197129617622763,0.1385193288237724,0.3785203125,0.3423985155143295,0.41464210948567054,3.429050008624476e-06,Paired t contrast,0.0014950658037602715,All new prespecified primary confirmation contrasts; no stars in figures
xor3,x1,48000,512,0.03571428571428571,xor3_n48000_m512_x1,normalized_noise__fixed_tau_0p06,1.0,12,0,0,-5.4799431583319205,-6.841002548794748,-4.118883767869093,-0.5185052083333334,-0.6171558355814347,-0.419854581085232,0.1775947916666666,0.12406688199120355,0.23112270134212967,-0.3409104166666666,-0.44688213274217314,-0.23493870059116007,-0.5185052083333334,-0.6171558355814347,-0.419854581085232,0.09983906250000002,0.08388711290213498,0.11579101209786506,0.6183442708333332,0.5212779328141888,0.7154106088524776,2.4385124458954372e-06,Paired t contrast,0.0010778225010857833,All new prespecified primary confirmation contrasts; no stars in figures
xor3,x1,48000,512,0.03571428571428571,xor3_n48000_m512_x1,normalized_noise__matched_q_0p2,0.0001,12,0,0,-0.09696065945442622,-0.19821087747894411,0.004289558570091653,-0.07713385416666665,-0.15511826169249265,0.000850553359159345,0.18606354166666664,0.10975142190270024,0.26237566143063307,0.1089296875,-0.006703564760171268,0.22456293976017128,-0.07713385416666665,-0.15511826169249265,0.000850553359159345,0.8267307291666667,0.7979288580783648,0.8555326002549686,0.9038645833333333,0.8337123105037256,0.974016856162941,0.05880685380429121,Paired t contrast,1.0,All new prespecified primary confirmation contrasts; no stars in figures
xor3,x1,48000,512,0.03571428571428571,xor3_n48000_m512_x1,normalized_noise__matched_q_0p2,0.003,12,0,0,-0.789014113870471,-0.9449948913652912,-0.6330333363756508,-0.3021953125,-0.3438022631259418,-0.26058836187405815,0.5192765625,0.4685764296683593,0.5699766953316407,0.21708125,0.1504223298867125,0.2837401701132875,-0.3021953125,-0.3438022631259418,-0.26058836187405815,0.3931583333333333,0.360009565032438,0.4263071016342286,0.6953536458333334,0.6479986906107932,0.7427086010558736,2.5035654510741647e-07,Paired t contrast,0.00012442720291838599,All new prespecified primary confirmation contrasts; no stars in figures
xor3,x1,48000,512,0.03571428571428571,xor3_n48000_m512_x1,normalized_noise__matched_q_0p2,0.18,12,0,0,-3.058818221291,-3.9176875531208144,-2.199948889461185,-0.33964791666666666,-0.4094874798417388,-0.26980835349159454,0.49885416666666677,0.45592521119121443,0.5417831221421191,0.15920625000000002,0.08888534180635796,0.22952715819364208,-0.33964791666666666,-0.4094874798417388,-0.26980835349159454,0.12024531250000002,0.10197129617622763,0.1385193288237724,0.45989322916666664,0.39470936536356716,0.5250770929697661,7.923945950987024e-06,Paired t contrast,0.0033518291372675113,All new prespecified primary confirmation contrasts; no stars in figures
xor3,x1,48000,512,0.03571428571428571,xor3_n48000_m512_x1,normalized_noise__matched_q_0p2,1.0,12,0,0,-5.958783820908221,-6.919408095272614,-4.998159546543828,-0.5706822916666666,-0.6319565352819858,-0.5094080480513474,0.3505177083333333,0.31247425524673,0.3885611614199366,-0.22016458333333333,-0.30570385761678165,-0.134625309049885,-0.5706822916666666,-0.6319565352819858,-0.5094080480513474,0.09983906250000002,0.08388711290213498,0.11579101209786506,0.6705213541666666,0.6035156517644231,0.73752705656891,3.056000262967678e-08,Paired t contrast,1.6196801393728693e-05,All new prespecified primary confirmation contrasts; no stars in figures
xor3,x1,48000,512,0.03571428571428571,xor3_n48000_m512_x1,normalized_noise__public_selected,0.0001,12,0,0,0.04738282437816263,-0.03032279410862314,0.1250884428649484,0.0425609375,-0.022413824925142982,0.10753569992514297,0.07872708333333332,0.027217081850251477,0.13023708481641516,0.12128802083333333,0.06944740727586976,0.1731286343907969,0.0425609375,-0.022413824925142982,0.10753569992514297,0.8267307291666667,0.7979288580783648,0.8555326002549686,0.7841697916666667,0.7340665988023274,0.834272984531006,0.2066075614915643,Paired t contrast,1.0,All new prespecified primary confirmation contrasts; no stars in figures
xor3,x1,48000,512,0.03571428571428571,xor3_n48000_m512_x1,normalized_noise__public_selected,0.003,12,0,0,0.21657762124510235,0.11829790693022954,0.3148573355599752,0.08913385416666665,0.05031848231202612,0.12794922602130718,0.15505208333333334,0.10659660816904584,0.20350755849762084,0.24418593749999998,0.19859250357978686,0.2897793714202131,0.08913385416666665,0.05031848231202612,0.12794922602130718,0.3931583333333333,0.360009565032438,0.4263071016342286,0.3040244791666667,0.27358318598893516,0.3344657723443982,0.0005105333632213993,Paired t contrast,0.1567337425089696,All new prespecified primary confirmation contrasts; no stars in figures
xor3,x1,48000,512,0.03571428571428571,xor3_n48000_m512_x1,normalized_noise__public_selected,0.18,12,0,0,0.32796999477537975,0.18920859728330372,0.46673139226745575,0.04444687500000002,0.02236760718049016,0.06652614281950987,-0.04444687500000002,-0.06652614281950987,-0.02236760718049016,0.0,0.0,0.0,0.04444687500000002,0.02236760718049016,0.06652614281950987,0.12024531250000002,0.10197129617622763,0.1385193288237724,0.0757984375,0.06671064323794389,0.0848862317620561,0.0002935020208480147,Paired t contrast,0.09538815677560478,All new prespecified primary confirmation contrasts; no stars in figures
xor3,x1,48000,512,0.03571428571428571,xor3_n48000_m512_x1,normalized_noise__public_selected,1.0,12,0,0,0.089519062166963,-0.1196074237040504,0.2986455480379764,0.011900520833333336,-0.00802307502337468,0.03182411669004135,-0.011900520833333336,-0.03182411669004135,0.00802307502337468,0.0,0.0,0.0,0.011900520833333336,-0.00802307502337468,0.03182411669004135,0.09983906250000002,0.08388711290213498,0.11579101209786506,0.08793854166666666,0.07002814051926104,0.10584894281407228,0.36634374481870513,Paired t contrast,1.0,All new prespecified primary confirmation contrasts; no stars in figures
xor3,x1,48000,512,0.03571428571428571,xor3_n48000_m512_x1,public_selected,0.0001,12,0,0,0.16769782843115352,0.06921026279903537,0.2661853940632717,0.0919135416666667,0.03241184936515076,0.15141523396818263,0.10735520833333334,0.04360276940483743,0.17110764726182925,0.19926875000000002,0.15033772174121357,0.24819977825878647,0.0919135416666667,0.03241184936515076,0.15141523396818263,0.5040885416666666,0.46010918862272276,0.5480678947106105,0.412175,0.37522244267269783,0.4491275573273022,0.0032228528627983653,Paired t contrast,0.8701702729555586,All new prespecified primary confirmation contrasts; no stars in figures
xor3,x1,48000,512,0.03571428571428571,xor3_n48000_m512_x1,public_selected,0.003,12,0,0,0.4618388946359273,0.3223386585260948,0.6013391307457598,0.06956249999999999,0.043547993835222294,0.09557700616477768,-0.051969791666666654,-0.07238850061622626,-0.03155108271710704,0.017592708333333328,0.003639127115265447,0.03154628955140121,0.06956249999999999,0.043547993835222294,0.09557700616477768,0.14057864583333332,0.12263942128567357,0.15851787038099308,0.07101614583333335,0.06026634518099935,0.08176594648566735,1.5690713333487562e-05,Paired t contrast,0.006339048186728975,All new prespecified primary confirmation contrasts; no stars in figures
xor3,x1,48000,512,0.03571428571428571,xor3_n48000_m512_x1,public_selected,0.18,12,12,0,0.0,0.0,0.0,0.0,0.0,0.0,0.0,0.0,0.0,0.0,0.0,0.0,0.0,0.0,0.0,0.09799166666666669,0.08599892033341744,0.10998441299991593,0.09799166666666669,0.08599892033341744,0.10998441299991593,1.0,Exact zero differences,1.0,All new prespecified primary confirmation contrasts; no stars in figures
xor3,x1,48000,512,0.03571428571428571,xor3_n48000_m512_x1,public_selected,1.0,12,12,0,0.0,0.0,0.0,0.0,0.0,0.0,0.0,0.0,0.0,0.0,0.0,0.0,0.0,0.0,0.0,0.11018229166666667,0.0994998881329174,0.12086469520041594,0.11018229166666667,0.0994998881329174,0.12086469520041594,1.0,Exact zero differences,1.0,All new prespecified primary confirmation contrasts; no stars in figures
xor6,all_columns,12000,2048,0.14285714285714285,xor6_n12000_m2048_all_columns,fixed_tau_0p03,0.0001,12,0,2,-0.013653432530824195,-0.05883743094129977,0.031530565879651376,-0.011268359375000018,-0.056839919593975705,0.03430320084397567,-0.013180208333333276,-0.04838167709805682,0.022021260431390265,-0.024448567708333296,-0.05099534037301979,0.0020982049563531974,-0.011268359375000018,-0.056839919593975705,0.03430320084397567,1.001077734375,0.9652722736866007,1.036883195063399,1.01234609375,0.9769086783097867,1.0477835091902132,0.5196996277155694,Paired t contrast,1.0,All new prespecified primary confirmation contrasts; no stars in figures
xor6,all_columns,12000,2048,0.14285714285714285,xor6_n12000_m2048_all_columns,fixed_tau_0p03,0.003,12,0,0,-0.05470057279279688,-0.09090051603351855,-0.01850062955207521,-0.050700520833333325,-0.08356118982673802,-0.017839851839928624,0.076864453125,0.056362834255404254,0.09736607199459574,0.026163932291666664,0.0006184906935272072,0.05170937388980612,-0.050700520833333325,-0.08356118982673802,-0.017839851839928624,0.9364397135416667,0.9193033726304023,0.953576054452931,0.987140234375,0.9558396274423637,1.0184408413076362,0.006760950108884601,Paired t contrast,1.0,All new prespecified primary confirmation contrasts; no stars in figures
xor6,all_columns,12000,2048,0.14285714285714285,xor6_n12000_m2048_all_columns,fixed_tau_0p03,0.18,12,0,0,-0.4818247579977574,-0.5587880768940386,-0.4048614391014762,-0.2925102864583334,-0.3317172877174561,-0.25330328519921064,0.2834236979166666,0.25914430081317574,0.30770309502015747,-0.009086588541666699,-0.041048954542994565,0.02287577745966117,-0.2925102864583334,-0.3317172877174561,-0.25330328519921064,0.612899609375,0.5942685376667772,0.6315306810832227,0.9054098958333333,0.8787664794027609,0.9320533122639058,2.7757819857815695e-08,Paired t contrast,1.4739402344500133e-05,All new prespecified primary confirmation contrasts; no stars in figures
xor6,all_columns,12000,2048,0.14285714285714285,xor6_n12000_m2048_all_columns,fixed_tau_0p03,1.0,12,0,5,-0.7255843823149587,-0.7919280593093416,-0.6592407053205758,-0.3402276041666667,-0.3662615641635791,-0.3141936441697543,0.3314083333333333,0.30075388418510496,0.36206278248156165,-0.008819270833333337,-0.04534340917473814,0.027704867508071468,-0.3402276041666667,-0.3662615641635791,-0.3141936441697543,0.4706764322916667,0.45848877450810305,0.4828640900752304,0.8109040364583334,0.7882613965055901,0.8335466764110767,7.261353355231845e-11,Paired t contrast,4.6545275007036127e-08,All new prespecified primary confirmation contrasts; no stars in figures
xor6,all_columns,12000,2048,0.14285714285714285,xor6_n12000_m2048_all_columns,matched_q_0p2,0.0001,12,0,2,-0.006951949114349386,-0.04839447369991776,0.034490575471219,-0.004087630208333332,-0.04438044992244887,0.036205189505782207,-0.008792057291666674,-0.04464502996074431,0.02706091537741096,-0.012879687500000006,-0.0376273632401717,0.011867988240171686,-0.004087630208333332,-0.04438044992244887,0.036205189505782207,1.001077734375,0.9652722736866007,1.036883195063399,1.0051653645833334,0.9843157904860534,1.0260149386806134,0.7189772367301389,Paired t contrast,1.0,All new prespecified primary confirmation contrasts; no stars in figures
xor6,all_columns,12000,2048,0.14285714285714285,xor6_n12000_m2048_all_columns,matched_q_0p2,0.003,12,0,0,-0.08577399181720814,-0.12229681915524193,-0.04925116447917436,-0.07964453124999997,-0.11271737660988201,-0.04657168589011793,0.07591901041666664,0.0381008360812526,0.11373718475208068,-0.003725520833333329,-0.033936280180321056,0.026485238513654398,-0.07964453124999997,-0.11271737660988201,-0.04657168589011793,0.9364397135416667,0.9193033726304023,0.953576054452931,1.0160842447916665,0.9862847538169327,1.0458837357664001,0.0003089716780779416,Paired t contrast,0.09979785201917514,All new prespecified primary confirmation contrasts; no stars in figures
xor6,all_columns,12000,2048,0.14285714285714285,xor6_n12000_m2048_all_columns,matched_q_0p2,0.18,12,0,0,-0.6697101140621645,-0.7487520953674315,-0.5906681327568976,-0.40797109375,-0.44810036808540427,-0.36784181941459576,0.39654140624999995,0.3717557450160026,0.4213270674839973,-0.011429687500000008,-0.04115390891943607,0.01829453391943606,-0.40797109375,-0.44810036808540427,-0.36784181941459576,0.612899609375,0.5942685376667772,0.6315306810832227,1.0208707031250002,0.9882473564157028,1.0534940498342975,1.1304922933282526e-09,Paired t contrast,6.726429145303102e-07,All new prespecified primary confirmation contrasts; no stars in figures
xor6,all_columns,12000,2048,0.14285714285714285,xor6_n12000_m2048_all_columns,matched_q_0p2,1.0,12,0,5,-1.1705481573327619,-1.248037367062202,-1.0930589476033217,-0.5490302083333333,-0.5727320685890691,-0.5253283480775974,0.5396184895833334,0.5177832675457202,0.5614537116209465,-0.009411718750000048,-0.03796094595642232,0.019137508456422224,-0.5490302083333333,-0.5727320685890691,-0.5253283480775974,0.4706764322916667,0.45848877450810305,0.4828640900752304,1.0197066406250002,1.0028202494146095,1.0365930318353909,2.1766899390516443e-12,Paired t contrast,1.4496754994083952e-09,All new prespecified primary confirmation contrasts; no stars in figures
xor6,all_columns,12000,2048,0.14285714285714285,xor6_n12000_m2048_all_columns,public_selected,0.0001,12,0,2,-0.006951949114349386,-0.04839447369991776,0.034490575471219,-0.004087630208333332,-0.04438044992244887,0.036205189505782207,-0.008792057291666674,-0.04464502996074431,0.02706091537741096,-0.012879687500000006,-0.0376273632401717,0.011867988240171686,-0.004087630208333332,-0.04438044992244887,0.036205189505782207,1.001077734375,0.9652722736866007,1.036883195063399,1.0051653645833334,0.9843157904860534,1.0260149386806134,0.7189772367301389,Paired t contrast,1.0,All new prespecified primary confirmation contrasts; no stars in figures
xor6,all_columns,12000,2048,0.14285714285714285,xor6_n12000_m2048_all_columns,public_selected,0.003,12,12,0,0.0,0.0,0.0,0.0,0.0,0.0,0.0,0.0,0.0,0.0,0.0,0.0,0.0,0.0,0.0,0.9364397135416667,0.9193033726304023,0.953576054452931,0.9364397135416667,0.9193033726304023,0.953576054452931,1.0,Exact zero differences,1.0,All new prespecified primary confirmation contrasts; no stars in figures
xor6,all_columns,12000,2048,0.14285714285714285,xor6_n12000_m2048_all_columns,public_selected,0.18,12,0,0,0.055976234668742963,0.03164965384970877,0.08030281548777715,0.03496562499999999,0.019275872202424132,0.050655377797575854,-0.03496562499999999,-0.050655377797575854,-0.019275872202424132,0.0,0.0,0.0,0.03496562499999999,0.019275872202424132,0.050655377797575854,0.612899609375,0.5942685376667772,0.6315306810832227,0.577933984375,0.5640642162088874,0.5918037525411126,0.000363685988880761,Paired t contrast,0.11310634254191668,All new prespecified primary confirmation contrasts; no stars in figures
xor6,all_columns,12000,2048,0.14285714285714285,xor6_n12000_m2048_all_columns,public_selected,1.0,12,0,5,0.15362633934779807,0.11311497003382744,0.19413770866176872,0.07282174479166667,0.05339587065151381,0.09224761893181953,-0.07282174479166667,-0.09224761893181953,-0.05339587065151381,0.0,0.0,0.0,0.07282174479166667,0.05339587065151381,0.09224761893181953,0.4706764322916667,0.45848877450810305,0.4828640900752304,0.39785468749999997,0.38091929481287373,0.4147900801871262,4.3549328444463005e-06,Paired t contrast,0.0018900408544896944,All new prespecified primary confirmation contrasts; no stars in figures
xor6,all_inputs,12000,2048,0.02040816326530612,xor6_n12000_m2048_all_inputs,fixed_tau_0p03,0.0001,12,0,0,-0.010306145733035761,-0.04198155148794737,0.02136926002187585,-0.008687630208333361,-0.04050432614779067,0.02312906573112395,-0.013180208333333276,-0.04838167709805682,0.022021260431390265,-0.02186783854166664,-0.047676046083173856,0.0039403689998405746,-0.008687630208333361,-0.04050432614779067,0.02312906573112395,1.001077734375,0.9652722736866007,1.036883195063399,1.0097653645833335,0.9803753438948816,1.0391553852717854,0.4888361944932568,Paired t contrast,1.0,All new prespecified primary confirmation contrasts; no stars in figures
xor6,all_inputs,12000,2048,0.02040816326530612,xor6_n12000_m2048_all_inputs,fixed_tau_0p03,0.003,12,0,0,-0.045726695290871894,-0.08813012160055672,-0.0033232689811870594,-0.04156536458333331,-0.08013833908623465,-0.002992390080431978,0.076864453125,0.056362834255404254,0.09736607199459574,0.03529908854166668,-0.012506942423581482,0.08310511950691485,-0.04156536458333331,-0.08013833908623465,-0.002992390080431978,0.9364397135416667,0.9193033726304023,0.953576054452931,0.9780050781249998,0.9497965068552031,1.0062136493947966,0.036923993701799114,Paired t contrast,1.0,All new prespecified primary confirmation contrasts; no stars in figures
xor6,all_inputs,12000,2048,0.02040816326530612,xor6_n12000_m2048_all_inputs,fixed_tau_0p03,0.18,12,0,0,-0.2508485875198943,-0.3069604414553285,-0.19473673358446011,-0.1515854166666666,-0.18202912549188113,-0.12114170784145209,0.2834236979166666,0.25914430081317574,0.30770309502015747,0.13183828125000002,0.10703579521806379,0.15664076728193627,-0.1515854166666666,-0.18202912549188113,-0.12114170784145209,0.612899609375,0.5942685376667772,0.6315306810832227,0.7644850260416666,0.7478074056258701,0.781162646457463,8.688063543792398e-07,Paired t contrast,0.00040399495478634647,All new prespecified primary confirmation contrasts; no stars in figures
xor6,all_inputs,12000,2048,0.02040816326530612,xor6_n12000_m2048_all_inputs,fixed_tau_0p03,1.0,12,0,1,-0.24303097486647776,-0.3008482143090676,-0.18521373542388794,-0.11403476562500002,-0.14014005792219364,-0.08792947332780642,0.3314083333333333,0.30075388418510496,0.36206278248156165,0.2173735677083333,0.1783335243723732,0.2564136110442934,-0.11403476562500002,-0.14014005792219364,-0.08792947332780642,0.4706764322916667,0.45848877450810305,0.4828640900752304,0.5847111979166667,0.5568232010392334,0.6125991947941,1.5990779076254128e-06,Paired t contrast,0.0007179859805238103,All new prespecified primary confirmation contrasts; no stars in figures
xor6,all_inputs,12000,2048,0.02040816326530612,xor6_n12000_m2048_all_inputs,matched_q_0p2,0.0001,12,0,0,-0.019216879847784845,-0.053473768023988594,0.0150400083284189,-0.016924739583333338,-0.050676209411874354,0.016826730245207675,0.010678776041666718,-0.03244102974118272,0.05379858182451616,-0.0062459635416666215,-0.0436856454865676,0.031193718403234358,-0.016924739583333338,-0.050676209411874354,0.016826730245207675,1.001077734375,0.9652722736866007,1.036883195063399,1.0180024739583333,0.9967222186848466,1.03928272923182,0.2426766754732894,Paired t contrast,1.0,All new prespecified primary confirmation contrasts; no stars in figures
xor6,all_inputs,12000,2048,0.02040816326530612,xor6_n12000_m2048_all_inputs,matched_q_0p2,0.003,12,0,0,-0.06189016617613419,-0.08719050673911945,-0.03658982561314893,-0.05736432291666666,-0.08004093801133255,-0.03468770782200077,0.0765194010416666,0.05018585331606665,0.10285294876726656,0.019155078124999936,-0.01092569181733596,0.04923584806733583,-0.05736432291666666,-0.08004093801133255,-0.03468770782200077,0.9364397135416667,0.9193033726304023,0.953576054452931,0.9938040364583333,0.9747745923724199,1.0128334805442467,0.00022196752588228016,Paired t contrast,0.07458108869644613,All new prespecified primary confirmation contrasts; no stars in figures
xor6,all_inputs,12000,2048,0.02040816326530612,xor6_n12000_m2048_all_inputs,matched_q_0p2,0.18,12,0,0,-0.5954663976849567,-0.6493755862745102,-0.5415572090954032,-0.36313502604166664,-0.38756661426584066,-0.3387034378174926,0.377534375,0.3395420044300505,0.41552674556994945,0.014399348958333308,-0.016428411451068825,0.04522710936773544,-0.36313502604166664,-0.38756661426584066,-0.3387034378174926,0.612899609375,0.5942685376667772,0.6315306810832227,0.9760346354166667,0.9565435768647605,0.9955256939685728,6.523153284387817e-11,Paired t contrast,4.187864408576978e-08,All new prespecified primary confirmation contrasts; no stars in figures
xor6,all_inputs,12000,2048,0.02040816326530612,xor6_n12000_m2048_all_inputs,matched_q_0p2,1.0,12,0,1,-1.1184979585326273,-1.2030296344127491,-1.0339662826525056,-0.5250424479166667,-0.5576548313075069,-0.4924300645258264,0.5288653645833334,0.513315681154898,0.5444150480117689,0.003822916666666685,-0.040236366295788265,0.04788219962912163,-0.5250424479166667,-0.5576548313075069,-0.4924300645258264,0.4706764322916667,0.45848877450810305,0.4828640900752304,0.9957188802083335,0.9642309362586434,1.0272068241580237,9.206001001616566e-12,Paired t contrast,6.0023126530540014e-09,All new prespecified primary confirmation contrasts; no stars in figures
xor6,all_inputs,12000,2048,0.02040816326530612,xor6_n12000_m2048_all_inputs,public_selected,0.0001,12,0,0,-0.015796827203694446,-0.0659481928535124,0.0343545384461235,-0.012471614583333337,-0.06204239439832685,0.037099165231660174,-0.007348437499999981,-0.04426547976677035,0.029568604766770392,-0.019820052083333317,-0.05978441792020018,0.020144313753533545,-0.012471614583333337,-0.06204239439832685,0.037099165231660174,1.001077734375,0.9652722736866007,1.036883195063399,1.0135493489583334,0.9843585670613105,1.042740130855356,0.5025140722442825,Paired t contrast,1.0,All new prespecified primary confirmation contrasts; no stars in figures
xor6,all_inputs,12000,2048,0.02040816326530612,xor6_n12000_m2048_all_inputs,public_selected,0.003,12,0,0,0.02210892545751376,-0.0035762974001614344,0.04779414831518895,0.021142578125000023,-0.0034556792894014886,0.04574083553940153,0.007041536458333312,-0.01769428715256985,0.031777360069236475,0.028184114583333336,0.0043651903758300074,0.05200303879083666,0.021142578125000023,-0.0034556792894014886,0.04574083553940153,0.9364397135416667,0.9193033726304023,0.953576054452931,0.9152971354166669,0.8922298291884453,0.9383644416448885,0.08473099572026126,Paired t contrast,1.0,All new prespecified primary confirmation contrasts; no stars in figures
xor6,all_inputs,12000,2048,0.02040816326530612,xor6_n12000_m2048_all_inputs,public_selected,0.18,12,0,0,0.117580380567142,0.0689093340711521,0.1662514270631319,0.07307070312500004,0.042000429128685235,0.10414097712131484,0.06620481770833332,0.038700795125779466,0.09370884029088718,0.13927552083333336,0.11242876153278458,0.16612228013388214,0.07307070312500004,0.042000429128685235,0.10414097712131484,0.612899609375,0.5942685376667772,0.6315306810832227,0.5398289062499999,0.5135770753340557,0.5660807371659441,0.0002458493917978904,Paired t contrast,0.08113029929330383,All new prespecified primary confirmation contrasts; no stars in figures
xor6,all_inputs,12000,2048,0.02040816326530612,xor6_n12000_m2048_all_inputs,public_selected,1.0,12,0,1,0.250188103538491,0.2178121899270712,0.28256401714991086,0.11840065104166668,0.10113316446596209,0.1356681376173713,-0.016712239583333333,-0.03684519618609933,0.003420717019432664,0.10168841145833334,0.08275152149902178,0.1206253014176449,0.11840065104166668,0.10113316446596209,0.1356681376173713,0.4706764322916667,0.45848877450810305,0.4828640900752304,0.35227578125,0.34159558079557784,0.3629559817044221,3.0162397617805022e-09,Paired t contrast,1.7252891437384473e-06,All new prespecified primary confirmation contrasts; no stars in figures
xor6,all_columns,12000,512,0.14285714285714285,xor6_n12000_m512_all_columns,fixed_tau_0p03,0.0001,12,0,2,-0.034780018980679256,-0.09046317467325482,0.020903136711896315,-0.03378072916666669,-0.0941330727719336,0.02657161443860022,0.029107812500000052,-0.03047623066444651,0.08869185566444662,-0.004672916666666638,-0.05454844257461694,0.045202609241283664,-0.03378072916666669,-0.0941330727719336,0.02657161443860022,1.1122401041666665,1.066477992469064,1.158002215864269,1.1460208333333333,1.1133814192887976,1.178660247377869,0.1965657244704492,Paired t contrast,1.0,All new prespecified primary confirmation contrasts; no stars in figures
xor6,all_columns,12000,512,0.14285714285714285,xor6_n12000_m512_all_columns,fixed_tau_0p03,0.003,12,0,1,-0.08714257118431296,-0.13735197721252954,-0.036933165156096376,-0.08360104166666667,-0.1315366910203894,-0.03566539231294393,0.08821718750000007,0.03859080715392615,0.137843567846074,0.004616145833333381,-0.04351523394939178,0.05274752561605855,-0.08360104166666667,-0.1315366910203894,-0.03566539231294393,0.9940203125,0.959982041563769,1.028058583436231,1.0776213541666666,1.0468990626396157,1.1083436456937175,0.002843183790617448,Paired t contrast,0.7733459910479458,All new prespecified primary confirmation contrasts; no stars in figures
xor6,all_columns,12000,512,0.14285714285714285,xor6_n12000_m512_all_columns,fixed_tau_0p03,0.18,12,0,3,-0.30688612018305433,-0.38282068564834293,-0.2309515547177657,-0.21649895833333332,-0.2621395454244409,-0.17085837124222575,0.23072135416666661,0.17495761014631533,0.2864850981870179,0.014222395833333299,-0.023435669751279344,0.05188046141794594,-0.21649895833333332,-0.2621395454244409,-0.17085837124222575,0.7177557291666666,0.6911691341496644,0.7443423241836689,0.9342546875000001,0.9031299812806229,0.9653793937193772,2.3503856876850547e-06,Paired t contrast,0.0010435712453321642,All new prespecified primary confirmation contrasts; no stars in figures
xor6,all_columns,12000,512,0.14285714285714285,xor6_n12000_m512_all_columns,fixed_tau_0p03,1.0,12,0,4,-0.3250423107118366,-0.4041296392743425,-0.2459549821493307,-0.22253749999999997,-0.2680786992047253,-0.1769963007952746,0.23424010416666663,0.18525051301027784,0.2832296953230554,0.011702604166666667,-0.034863066620476994,0.058268274953810324,-0.22253749999999997,-0.2680786992047253,-0.1769963007952746,0.6988666666666666,0.6688947848600195,0.7288385484733138,0.9214041666666667,0.8941254355421688,0.9486828977911645,1.9944000032739957e-06,Paired t contrast,0.0008901688670047926,All new prespecified primary confirmation contrasts; no stars in figures
xor6,all_columns,12000,512,0.14285714285714285,xor6_n12000_m512_all_columns,matched_q_0p2,0.0001,12,0,2,-0.04009805388708685,-0.10104696861847949,0.02085086084430579,-0.03970989583333336,-0.10699865816008144,0.027578866493414712,0.040201041666666736,-0.017746015569989684,0.09814809890332316,0.0004911458333333729,-0.05204040006917252,0.05302269173583927,-0.03970989583333336,-0.10699865816008144,0.027578866493414712,1.1122401041666665,1.066477992469064,1.158002215864269,1.15195,1.1092800548539097,1.1946199451460904,0.17550754135217736,Paired t contrast,1.0,All new prespecified primary confirmation contrasts; no stars in figures
xor6,all_columns,12000,512,0.14285714285714285,xor6_n12000_m512_all_columns,matched_q_0p2,0.003,12,0,1,-0.1468022156635365,-0.20260878763256826,-0.09099564369450472,-0.14232239583333334,-0.1939763809671629,-0.09066841069950375,0.16957343749999998,0.12583562668302417,0.2133112483169758,0.02725104166666666,-0.009727229426521055,0.06422931275985437,-0.14232239583333334,-0.1939763809671629,-0.09066841069950375,0.9940203125,0.959982041563769,1.028058583436231,1.1363427083333335,1.105217195643696,1.167468221022971,0.00012108325116272142,Paired t contrast,0.04383213692090515,All new prespecified primary confirmation contrasts; no stars in figures
xor6,all_columns,12000,512,0.14285714285714285,xor6_n12000_m512_all_columns,matched_q_0p2,0.18,12,0,3,-0.7029969711838296,-0.7624479812198441,-0.6435459611478151,-0.5019817708333333,-0.533074238973926,-0.47088930269274054,0.40064687500000007,0.3452397049010144,0.4560540450989857,-0.10133489583333327,-0.16869351901243798,-0.03397627265422856,-0.5019817708333333,-0.533074238973926,-0.47088930269274054,0.7177557291666666,0.6911691341496644,0.7443423241836689,1.2197375,1.1864346974604603,1.2530403025395396,3.1188948867375216e-11,Paired t contrast,2.014806096832439e-08,All new prespecified primary confirmation contrasts; no stars in figures
xor6,all_columns,12000,512,0.14285714285714285,xor6_n12000_m512_all_columns,matched_q_0p2,1.0,12,0,4,-0.8565521401879965,-0.9455312929015683,-0.7675729874744247,-0.5936973958333335,-0.6359224358891375,-0.5514723557775294,0.43975416666666667,0.3974590676016847,0.48204926573164864,-0.15394322916666667,-0.1973073593392972,-0.11057909899403615,-0.5936973958333335,-0.6359224358891375,-0.5514723557775294,0.6988666666666666,0.6688947848600195,0.7288385484733138,1.2925640625,1.2572252476692307,1.3279028773307695,2.875775109381963e-10,Paired t contrast,1.8117383189106365e-07,All new prespecified primary confirmation contrasts; no stars in figures
xor6,all_columns,12000,512,0.14285714285714285,xor6_n12000_m512_all_columns,public_selected,0.0001,12,12,2,0.0,0.0,0.0,0.0,0.0,0.0,0.0,0.0,0.0,0.0,0.0,0.0,0.0,0.0,0.0,1.1122401041666665,1.066477992469064,1.158002215864269,1.1122401041666665,1.066477992469064,1.158002215864269,1.0,Exact zero differences,1.0,All new prespecified primary confirmation contrasts; no stars in figures
xor6,all_columns,12000,512,0.14285714285714285,xor6_n12000_m512_all_columns,public_selected,0.003,12,0,1,-0.029153534035223333,-0.0853131869350155,0.027006118864568836,-0.025714583333333364,-0.07991122140509783,0.028482054738431104,0.025714583333333364,-0.028482054738431104,0.07991122140509783,0.0,0.0,0.0,-0.025714583333333364,-0.07991122140509783,0.028482054738431104,0.9940203125,0.959982041563769,1.028058583436231,1.0197348958333332,0.9841812038068029,1.0552885878598637,0.2774755721328785,Paired t contrast,1.0,All new prespecified primary confirmation contrasts; no stars in figures
xor6,all_columns,12000,512,0.14285714285714285,xor6_n12000_m512_all_columns,public_selected,0.18,12,0,3,0.025808474865406526,-0.028542486822588007,0.08015943655340106,0.02040989583333334,-0.018843268165292904,0.05966305983195959,-0.02040989583333334,-0.05966305983195959,0.018843268165292904,0.0,0.0,0.0,0.02040989583333334,-0.018843268165292904,0.05966305983195959,0.7177557291666666,0.6911691341496644,0.7443423241836689,0.6973458333333333,0.6643576314988393,0.7303340351678274,0.3183844159721925,Paired t contrast,1.0,All new prespecified primary confirmation contrasts; no stars in figures
xor6,all_columns,12000,512,0.14285714285714285,xor6_n12000_m512_all_columns,public_selected,1.0,12,0,4,0.023708522215602695,-0.03990002672773946,0.08731707115894485,0.019297916666666654,-0.02408947788704201,0.06268531122037532,-0.019297916666666654,-0.06268531122037532,0.02408947788704201,0.0,0.0,0.0,0.019297916666666654,-0.02408947788704201,0.06268531122037532,0.6988666666666666,0.6688947848600195,0.7288385484733138,0.6795687499999999,0.6463918350905169,0.712745664909483,0.4294281914064325,Paired t contrast,1.0,All new prespecified primary confirmation contrasts; no stars in figures
xor6,all_inputs,12000,512,0.02040816326530612,xor6_n12000_m512_all_inputs,fixed_tau_0p03,0.0001,12,0,0,-0.0009898636488660038,-0.04006019114053582,0.038080463842803815,0.0012385416666665927,-0.04457223440087422,0.0470493177342074,0.029107812500000052,-0.03047623066444651,0.08869185566444662,0.030346354166666645,-0.019446274150984155,0.08013898248431744,0.0012385416666665927,-0.04457223440087422,0.0470493177342074,1.1122401041666665,1.066477992469064,1.158002215864269,1.1110015625,1.069884633601549,1.152118491398451,0.9565306469466355,Paired t contrast,1.0,All new prespecified primary confirmation contrasts; no stars in figures
xor6,all_inputs,12000,512,0.02040816326530612,xor6_n12000_m512_all_inputs,fixed_tau_0p03,0.003,12,0,0,-0.056674691777603335,-0.1130693866387549,-0.00027999691645175934,-0.05288177083333335,-0.10703104684156532,0.0012675051748986255,0.08821718750000007,0.03859080715392615,0.137843567846074,0.03533541666666671,0.004641824330984725,0.06602900900234869,-0.05288177083333335,-0.10703104684156532,0.0012675051748986255,0.9940203125,0.959982041563769,1.028058583436231,1.0469020833333333,1.0127882497469547,1.081015916919712,0.04905425270652745,Paired t contrast,1.0,All new prespecified primary confirmation contrasts; no stars in figures
xor6,all_inputs,12000,512,0.02040816326530612,xor6_n12000_m512_all_inputs,fixed_tau_0p03,0.18,12,0,0,-0.33580397797522493,-0.4141879482162617,-0.25742000773418816,-0.23679322916666665,-0.2835121201739468,-0.19007433815938649,0.23072135416666661,0.17495761014631533,0.2864850981870179,-0.006071874999999977,-0.043573408498740744,0.03142965849874079,-0.23679322916666665,-0.2835121201739468,-0.19007433815938649,0.7177557291666666,0.6911691341496644,0.7443423241836689,0.9545489583333332,0.9263144723682097,0.9827834442984567,1.3257736099831723e-06,Paired t contrast,0.0005992496717123939,All new prespecified primary confirmation contrasts; no stars in figures
xor6,all_inputs,12000,512,0.02040816326530612,xor6_n12000_m512_all_inputs,fixed_tau_0p03,1.0,12,0,1,-0.5128806005000202,-0.5887406586335612,-0.43702054236647914,-0.35522604166666666,-0.4018125678923481,-0.3086395154409852,0.23424010416666663,0.18525051301027784,0.2832296953230554,-0.12098593749999997,-0.17604851483840483,-0.06592336016159511,-0.35522604166666666,-0.4018125678923481,-0.3086395154409852,0.6988666666666666,0.6688947848600195,0.7288385484733138,1.0540927083333334,1.0094639536256507,1.098721463041016,1.239653050708022e-08,Paired t contrast,6.78090218737288e-06,All new prespecified primary confirmation contrasts; no stars in figures
xor6,all_inputs,12000,512,0.02040816326530612,xor6_n12000_m512_all_inputs,matched_q_0p2,0.0001,12,0,0,-0.0004278443496236658,-0.04782275450014664,0.04696706580089931,0.002517187499999962,-0.05075477474890128,0.0557891497489012,0.03489166666666669,-0.006292892020170894,0.07607622535350428,0.03740885416666665,-0.007175828538527107,0.08199353687186041,0.002517187499999962,-0.05075477474890128,0.0557891497489012,1.1122401041666665,1.066477992469064,1.158002215864269,1.109722916666667,1.0659931478836118,1.153452685449722,0.9845038705239944,Paired t contrast,1.0,All new prespecified primary confirmation contrasts; no stars in figures
xor6,all_inputs,12000,512,0.02040816326530612,xor6_n12000_m512_all_inputs,matched_q_0p2,0.003,12,0,0,-0.09882386791514569,-0.13688471503757949,-0.060763020792711904,-0.09744270833333335,-0.1340607481818522,-0.060824668484814506,0.11528124999999993,0.060485690858800616,0.17007680914119924,0.017838541666666586,-0.04560497390498701,0.08128205723832017,-0.09744270833333335,-0.1340607481818522,-0.060824668484814506,0.9940203125,0.959982041563769,1.028058583436231,1.0914630208333334,1.0464300129544444,1.1364960287122223,0.00013520494599807338,Paired t contrast,0.04853857561330834,All new prespecified primary confirmation contrasts; no stars in figures
xor6,all_inputs,12000,512,0.02040816326530612,xor6_n12000_m512_all_inputs,matched_q_0p2,0.18,12,0,0,-0.6329805120958835,-0.72922865678718,-0.536732367404587,-0.45116874999999995,-0.5127812534129559,-0.389556246587044,0.3931291666666667,0.3411980102051944,0.445060323128139,-0.05803958333333332,-0.1450653860972729,0.028986219430606273,-0.45116874999999995,-0.5127812534129559,-0.389556246587044,0.7177557291666666,0.6911691341496644,0.7443423241836689,1.1689244791666669,1.109851418154636,1.2279975401786978,1.6574105776144386e-08,Paired t contrast,8.91686890756568e-06,All new prespecified primary confirmation contrasts; no stars in figures
xor6,all_inputs,12000,512,0.02040816326530612,xor6_n12000_m512_all_inputs,matched_q_0p2,1.0,12,0,1,-0.8244953505733266,-0.9054660921920176,-0.7435246089546356,-0.5732411458333334,-0.6202141577612994,-0.5262681339053674,0.4008114583333333,0.3412123074017565,0.4604106092649101,-0.17242968749999998,-0.2514585792245836,-0.09340079577541635,-0.5732411458333334,-0.6202141577612994,-0.5262681339053674,0.6988666666666666,0.6688947848600195,0.7288385484733138,1.2721078125,1.2200943165168139,1.3241213084831862,1.570460163799738e-10,Paired t contrast,9.988126641766334e-08,All new prespecified primary confirmation contrasts; no stars in figures
xor6,all_inputs,12000,512,0.02040816326530612,xor6_n12000_m512_all_inputs,public_selected,0.0001,12,0,0,-0.0009898636488660038,-0.04006019114053582,0.038080463842803815,0.0012385416666665927,-0.04457223440087422,0.0470493177342074,0.029107812500000052,-0.03047623066444651,0.08869185566444662,0.030346354166666645,-0.019446274150984155,0.08013898248431744,0.0012385416666665927,-0.04457223440087422,0.0470493177342074,1.1122401041666665,1.066477992469064,1.158002215864269,1.1110015625,1.069884633601549,1.152118491398451,0.9565306469466355,Paired t contrast,1.0,All new prespecified primary confirmation contrasts; no stars in figures
xor6,all_inputs,12000,512,0.02040816326530612,xor6_n12000_m512_all_inputs,public_selected,0.003,12,0,0,0.0059650096962597515,-0.04484538112307982,0.056775400515599324,0.008467708333333296,-0.042530643345100254,0.059466060011766846,0.035157291666666694,-0.011789092794508974,0.08210367612784236,0.04362499999999999,-0.011383290723067353,0.09863329072306734,0.008467708333333296,-0.042530643345100254,0.059466060011766846,0.9940203125,0.959982041563769,1.028058583436231,0.9855526041666667,0.9473426968854974,1.023762511447836,0.8008767661176976,Paired t contrast,1.0,All new prespecified primary confirmation contrasts; no stars in figures
xor6,all_inputs,12000,512,0.02040816326530612,xor6_n12000_m512_all_inputs,public_selected,0.18,12,0,0,0.03624712397316359,-0.02074126968416528,0.09323551763049245,0.02884322916666666,-0.01096296022127936,0.06864941855461268,-0.020718749999999998,-0.06739033468082883,0.025952834680828835,0.008124479166666662,-0.028973327718669818,0.045222286052003145,0.02884322916666666,-0.01096296022127936,0.06864941855461268,0.7177557291666666,0.6911691341496644,0.7443423241836689,0.6889124999999999,0.6655887534777343,0.7122362465222656,0.18910289364320645,Paired t contrast,1.0,All new prespecified primary confirmation contrasts; no stars in figures
xor6,all_inputs,12000,512,0.02040816326530612,xor6_n12000_m512_all_inputs,public_selected,1.0,12,0,1,0.036604106826799564,-0.03922108957878576,0.1124293032323849,0.028561979166666668,-0.023639271674215638,0.08076323000754898,-0.028561979166666668,-0.08076323000754898,0.023639271674215638,0.0,0.0,0.0,0.028561979166666668,-0.023639271674215638,0.08076323000754898,0.6988666666666666,0.6688947848600195,0.7288385484733138,0.6703046874999999,0.6281721004328997,0.7124372745671002,0.31077386309186816,Paired t contrast,1.0,All new prespecified primary confirmation contrasts; no stars in figures
