dataset,phase,seed,data_seed,n,nout,rounds,expansion,tau,rho,policy,theta,theta2,adjacency,calibration,selection,squared,family,backend,q_target,graph,roles,l1_1way,l1_1way_age,l1_1way_other,l1_2way,l1_2way_age,l1_2way_other,l1_3way,l1_3way_age,l1_3way_other,range_1d_primary_mae,range_1d_primary_p95,range_1d_secondary_mae,range_1d_secondary_p95,range_2d_mae,range_2d_p95,range_combined_mae,apd,unique_fraction,auc_lr,f1_lr,accuracy_lr,auc_tree,f1_tree,accuracy_tree,id,q,q_actual,reach,sensitivity,job_hierarchy_mae,parity_validity,hoerr_bits
adult,common_temperature_study,1200,0,0,512,8,2,0.0,0.0001,global,7.0,,B,global,hybrid,False,budget,cuda,1.0,hard,common-temperature-hard,0.47710334323751613,0.28417446908973654,0.5253355617744611,0.7068984024706713,0.6543359231043856,0.7419400553815286,0.9778668866316567,0.9801358514142252,0.9744634394578036,0.07124239957253709,0.13745988422087096,0.1650978760116233,0.36595523539708863,0.09905046853057298,0.28730767459001294,0.10071304846635622,0.42496584805443227,0.974609375,0.6311708664566928,0.524419187971768,0.6993427922117806,0.6348571385557473,0.5796132971506105,0.7055463423622628,5b808fccb5bd9ba3,1.0,1.0,1.0,1.4142135623730951,,,
adult,common_temperature_study,1200,0,0,512,8,2,0.00025,0.0001,age,7.0,,B,analytic,hybrid,False,budget,cuda,1.0,age-local,common-temperature-soft,0.45167958433142924,0.35448696908973654,0.4759777381418524,0.6705052332857317,0.6662927405795099,0.6733135617565464,0.9230734828941711,0.9301887073122043,0.9124006462671213,0.0905141286329961,0.16598491435569074,0.1543091855354328,0.31712711039708863,0.09672461979821924,0.279579748825318,0.09895827521439274,0.4237979733066189,0.98046875,0.665523060005633,0.5241686195542605,0.7486640869725447,0.6203617939651241,0.5902499265228288,0.7007554818500092,bf4e2a27b3c7dca9,1.0,1.0,0.01917808219178082,1.4142135623730951,,,
adult,common_temperature_study,1200,0,0,512,8,2,0.0005,0.0001,age,7.0,,B,analytic,hybrid,False,budget,cuda,1.0,age-local,common-temperature-soft,0.45502047056384737,0.27491976844174193,0.5000456460943737,0.6928929091041705,0.660776820949266,0.7143036345407734,0.9568709068469381,0.9485603505748008,0.969336741255144,0.0670814614464421,0.12450910954486827,0.16633402514543685,0.34321004449204595,0.09416882370206442,0.2744126829202753,0.09612872975370573,0.42008256947928363,0.978515625,0.49333610175930964,0.46445434166072624,0.7316503900251827,0.6519510084786182,0.5891024187754519,0.675879859959462,f85d8f78097f4e58,1.0,1.0,0.01917808219178082,1.4142135623730951,,,
adult,common_temperature_study,1200,0,0,512,8,2,0.001,0.0001,age,7.0,,B,analytic,hybrid,False,budget,cuda,0.9999999906223348,age-local,common-temperature-soft,0.4494329567440575,0.23339321908973654,0.5034428911576376,0.6814764670090903,0.6283476401748971,0.7168956848985525,0.9240315830185493,0.9158866242987737,0.9362490210982127,0.05852008101394848,0.10739116435569074,0.16168372752638924,0.34321004449204595,0.09258281271479171,0.27242980698360064,0.09410621198047671,0.4190875058396344,0.98046875,0.6376652926993638,0.5207713131216907,0.7232970947730484,0.6832128210741619,0.6225947592264081,0.699281370923162,848766c520818034,0.9999999906223348,0.9999999906223348,0.01917808219178082,1.4142135491110739,,,
adult,common_temperature_study,1200,0,0,512,8,2,0.0015,0.0001,age,7.0,,B,analytic,hybrid,False,budget,cuda,0.9999943971981148,age-local,common-temperature-soft,0.42995141959953315,0.35448696908973654,0.4488175322269823,0.6779729823106688,0.6671777109821264,0.6851698298630305,0.9641830152862234,0.9764297404438712,0.9458129275497513,0.08835549481063232,0.16870988422087096,0.16279979895496066,0.34711629449204595,0.10152922632696797,0.29196105698360064,0.10362039333182262,0.4229055697370093,0.986328125,0.47767985830008186,0.4381626399254949,0.759719918923899,0.6332444363315345,0.573574120386114,0.6712732633130644,5455bf8f80f4bd8b,0.9999943971981148,0.9999943971981148,0.01917808219178082,1.4142056388146818,,,
adult,common_temperature_study,1200,0,0,512,8,2,0.002,0.0001,age,7.0,,B,analytic,hybrid,False,budget,cuda,0.9998630592747317,age-local,common-temperature-soft,0.47562400190405996,0.2959061751428045,0.5205534585943737,0.69285468874762,0.681242106404705,0.7005964103095632,0.9674328252641115,0.9879466719258644,0.9366620552714822,0.07998619300616261,0.14795308757140224,0.1639158703835321,0.35883504449204595,0.09591026108173754,0.2744126829202753,0.09817467591766013,0.4276387452583103,0.986328125,0.5578503590485396,0.45749455944469364,0.7543762668140778,0.6869971067439401,0.6051486202681728,0.68361894232541,684f95ff785ff8ea,0.9998630592747317,0.9998630592747317,0.01917808219178082,1.4140198989421795,,,
adult,common_temperature_study,1200,0,0,512,8,2,0.0025,0.0001,age,7.0,,B,analytic,hybrid,False,budget,cuda,0.9990683483977406,age-local,common-temperature-soft,0.4838974974663718,0.3593265347644494,0.5150402381418524,0.691882552899085,0.6757585169254038,0.7026319102148721,0.9371645581889935,0.9443883015478165,0.9263289431507586,0.09353537966765234,0.1796632673822247,0.1628657331544804,0.32298648539708863,0.09655479235077936,0.26988430244610273,0.0993065979212391,0.42591628988002467,0.98046875,0.6786612694905866,0.5448583422063078,0.7479270315091211,0.6655745184371107,0.6087264355206559,0.7259382101836497,531ce83bb268d927,0.9990683483977406,0.9990683483977406,0.01917808219178082,1.4128960080417734,,,
adult,common_temperature_study,1200,0,0,512,8,2,0.003,0.0001,age,7.0,,B,analytic,hybrid,False,budget,cuda,0.9966581115419719,age-local,common-temperature-soft,0.47646936037405563,0.33104946908973654,0.5128243331951354,0.6920528530188564,0.6391343341164548,0.7273318656204574,0.955802536315337,0.956242970141576,0.9551418855759781,0.07637722387109133,0.14645366435569074,0.15072490602177244,0.33861148539708863,0.09148242848006266,0.25428977316350354,0.09340144034670347,0.42662618031054195,0.984375,0.527601520626969,0.4384449071651896,0.7444260180578589,0.6227717045955662,0.5538146237232151,0.6714575271789203,c343664b02cde3fd,0.9966581115419719,0.9966581115419719,0.01917808219178082,1.4094874183918138,,,
adult,common_temperature_study,1200,0,0,512,8,2,0.004,0.0001,age,7.0,,B,analytic,hybrid,False,budget,cuda,0.983585895493744,age-local,common-temperature-soft,0.4523192294699342,0.27101351844174193,0.4976456572269823,0.6979528476444936,0.6564678536330694,0.7256095103187765,0.9811559486518027,0.9859412028719571,0.9739780673215711,0.06522134239882306,0.11598198724740494,0.17191438228829398,0.35688191949204595,0.09960988776896015,0.2884317321571157,0.10125840729718609,0.4213970951605449,0.97265625,0.7326446141882668,0.5498809856424873,0.7639579878385848,0.6744225981343235,0.589828021627002,0.6838032061912659,9f8c791145badb53,0.983585895493744,0.983585895493744,0.01917808219178082,1.3910005131661385,,,
adult,common_temperature_study,1200,0,0,512,8,2,0.006,0.0001,age,7.0,,B,analytic,hybrid,False,budget,cuda,0.9213931558048658,age-local,common-temperature-soft,0.47589108853878753,0.31490262806338676,0.5161382036576377,0.7145182891483938,0.6649354740571832,0.7475734992092008,0.9783179972053315,0.9763418072318449,0.9812822821655612,0.08211874334602708,0.14527238422087096,0.18363313228829398,0.39203816949204595,0.10598756881778366,0.308876623825318,0.10832568786120775,0.43165974732385515,0.970703125,0.6487509568738198,0.5110516243766109,0.7506909894969597,0.6366927367082621,0.5886168221458931,0.7088016706590504,4a93411a99e34d98,0.9213931558048658,0.9213931558048658,0.01917808219178082,1.3030466972169876,,,
adult,common_temperature_study,1200,0,0,512,8,2,0.008,0.0001,age,7.0,,B,analytic,hybrid,False,budget,cuda,0.8332362939521463,age-local,common-temperature-soft,0.3856732924881764,0.2680276280633868,0.41508470859437374,0.5960552177384681,0.5400821893618328,0.6333705699895584,0.8588465129982803,0.855189435090494,0.8643321298599594,0.05322052975495829,0.10739116435569074,0.16131170371686543,0.34906941949204595,0.08936660284110372,0.25626149249892516,0.09092308231021745,0.3944428654056521,0.974609375,0.7158840322249802,0.5271174023556852,0.7287021681714883,0.6701329806308457,0.6026613022237661,0.6947976168540015,610b6d45c1846cf9,0.8332362939521463,0.8332362939521463,0.01917808219178082,1.1783740675686203,,,
adult,common_temperature_study,1200,0,0,512,8,2,0.012,0.0001,age,7.0,,B,analytic,hybrid,False,budget,cuda,0.6635259079449397,age-local,common-temperature-soft,0.34877047056384736,0.35304476844174193,0.3477018960943738,0.5774257570173822,0.5682930951914809,0.5835141982346498,0.8453810951031878,0.8589136205546343,0.825082306926018,0.08014842929678474,0.17333723454486827,0.13880426324067494,0.31781941949204595,0.0903515702636213,0.25270157699158524,0.09201459426406551,0.38018418577236407,0.984375,0.7052897845708762,0.4689371791768306,0.7646950433020084,0.6680586789213426,0.5896045915742361,0.712241262821694,3059d35d4be7afc4,0.6635259079449397,0.6635259079449397,0.01917808219178082,0.9383673380016556,,,
adult,common_temperature_study,1200,0,0,512,8,2,0.016,0.0001,age,7.0,,B,analytic,hybrid,False,budget,cuda,0.5365620056995036,age-local,common-temperature-soft,0.36099119564215953,0.20995571908973654,0.3987500647802653,0.5534176148578098,0.49745281597414165,0.5907274807802552,0.8003056908743321,0.7836028432298384,0.8253599623410726,0.05301323290587042,0.10035050922087096,0.13149974563177647,0.27124168893188383,0.07652252056028892,0.22676247907837366,0.0778906917523354,0.3872572946448974,0.986328125,0.7339523399995107,0.5297395317113804,0.7711442786069652,0.6966339996583378,0.6068241734028715,0.7097229899883299,827d602a69bc4570,0.5365620056995036,0.5365620056995036,0.01917808219178082,0.758813265514348,,,
adult,common_temperature_study,1200,0,0,512,8,2,0.023,0.0001,age,7.0,,B,analytic,hybrid,False,budget,cuda,0.39432816390346925,age-local,common-temperature-soft,0.2516478180087218,0.11279683757140223,0.2863605631180517,0.4509704323674836,0.4082228589882378,0.47946881462031404,0.7075548904781648,0.7082512783305694,0.7065103086995578,0.027785432588673317,0.05567731846170376,0.10867033466924637,0.20844441949204595,0.06113712430209888,0.18084406766322714,0.06175371206965201,0.33530940542684906,0.9765625,0.7738896238599845,0.5741983186625982,0.7814630550948959,0.6818971182651086,0.6202950542113903,0.7448559670781894,2ef0651e8b5ffaea,0.39432816390346925,0.39432816390346925,0.01917808219178082,0.557664237417967,,,
adult,common_temperature_study,1200,0,0,512,8,2,0.032,0.0001,age,7.0,,B,analytic,hybrid,False,budget,cuda,0.29099917812507753,age-local,common-temperature-soft,0.23752423261777533,0.1313088780633868,0.26407807125637245,0.4323883092254775,0.39292691874347396,0.45869590288014656,0.6887953173945089,0.6880040864351084,0.6899821638336097,0.025199100488884223,0.05271014238222471,0.13192182276448447,0.28656941949204595,0.068894673423287,0.2146228972805727,0.06973517674532154,0.3332716613481372,0.970703125,0.7505101201233413,0.5639247983449884,0.7591671273263313,0.7132551357542842,0.6305933967913527,0.7196732387445489,224876b27b9fe6f0,0.29099917812507753,0.29099917812507753,0.01917808219178082,0.4115349843439087,,,
adult,common_temperature_study,1200,0,0,512,8,2,0.05,0.0001,age,7.0,,B,analytic,hybrid,False,budget,cuda,0.1894636801989758,age-local,common-temperature-soft,0.20295585152939005,0.09622700540507338,0.22963806306046924,0.44023427902923656,0.41102772451400416,0.45970531537272485,0.7087829083747926,0.6991854401475134,0.7231791107157115,0.01980907393514498,0.045164081214298935,0.10545807896510977,0.24164754449204595,0.05239208498951453,0.16840673657177077,0.05328264946435044,0.2932624166659599,0.974609375,0.7565630409695681,0.5257400257400258,0.7702843805663043,0.6827463810253255,0.6124966749801934,0.7251397334316074,0b38a2db890a36ad,0.1894636801989758,0.1894636801989758,0.01917808219178082,0.2679421061145104,,,
adult,common_temperature_study,1200,0,0,512,8,2,0.08,0.0001,age,7.0,,B,analytic,hybrid,False,budget,cuda,0.1192922638438342,age-local,common-temperature-soft,0.2966074335114551,0.1567344124285977,0.3315756887821694,0.5084982830830416,0.43412746740832875,0.5580788268661835,0.7614512314968368,0.7522602714309112,0.775237671595725,0.038087905471905596,0.07836720621429882,0.10829831085972257,0.2112203738253179,0.06441148244789187,0.18594899249892516,0.06517510207553727,0.24254907462794115,0.970703125,0.7778244688291754,0.5388134107071871,0.7777163564891592,0.7180026517506217,0.6318460677684772,0.7613168724279835,b2ca37a9fde55047,0.1192922638438342,0.1192922638438342,0.01917808219178082,0.16870473741413994,,,
adult,common_temperature_study,1200,0,0,512,8,2,0.12,0.0001,age,7.0,,B,analytic,hybrid,False,budget,cuda,0.07973902623905978,age-local,common-temperature-soft,0.3989666348043731,0.21879846523555058,0.44400867719657877,0.6384689928060316,0.5876203473373872,0.6723680897851279,0.888930948075978,0.8898365601903034,0.8875725299044898,0.045952389635450015,0.10939923261777529,0.10811229895496066,0.27094441949204595,0.07474878825703656,0.22689347917050562,0.07494735834731212,0.20935474629327105,0.974609375,0.737916939275078,0.4330338487254492,0.7637737239727289,0.5742153321034329,0.525092034998815,0.6587433204348627,627a98b2394e8848,0.07973902623905978,0.07973902623905978,0.01917808219178082,0.11276801235770244,,,
adult,common_temperature_study,1200,0,0,512,8,2,0.18,0.0001,age,7.0,,B,analytic,hybrid,False,budget,cuda,0.05322211275336612,age-local,common-temperature-soft,0.40631041359560227,0.17385463692340763,0.4644243577636509,0.650853563970272,0.5569813212103065,0.7134350591435824,0.9032809284979424,0.8843474323981941,0.9316811726475647,0.04213948262801218,0.08032033121429882,0.15033700133591305,0.31000691949204595,0.08875740012929811,0.24058742744610273,0.08940790811648634,0.21322891605875655,0.96484375,0.5660247640303682,0.4330338487254492,0.7637737239727289,0.4238117984711346,0.44774784343798557,0.6455991646704747,4c2ffdd0cdaa3947,0.05322211275336612,0.05322211275336612,0.01917808219178082,0.07526743367396044,,,
adult,common_temperature_study,1200,0,0,512,8,2,0.3,0.0001,age,7.0,,B,analytic,hybrid,False,budget,cuda,0.031952589463283214,age-local,common-temperature-soft,0.35264308281125245,0.09622700540507338,0.41674710216279715,0.6280311885787113,0.5488782697239114,0.6807998011485781,0.8965514105782815,0.8769648814185246,0.9259312043179166,0.012983598962126456,0.02588151545513173,0.16335783466924636,0.3225484988253179,0.08044483641428649,0.2431304127510595,0.08111665210136473,0.2269483974434813,0.970703125,0.49445407329763236,0.4330338487254492,0.7637737239727289,0.46132480683224114,0.4513869009827283,0.7508138320741969,cdd32e26659312a8,0.031952589463283214,0.031952589463283214,0.01917808219178082,0.04518778537191478,,,
adult,common_temperature_study,1200,0,0,512,8,2,0.4,0.0001,age,7.0,,B,analytic,hybrid,False,budget,cuda,0.023968011557931847,age-local,common-temperature-soft,0.4009698805355937,0.20505161307659237,0.449949447400344,0.6882635433941403,0.6763932435622811,0.6961770766153799,0.9620467300841471,0.9771872296823494,0.9393359806868435,0.05384558505239824,0.09741404378570118,0.16800813228829398,0.3420797488253179,0.0860819234858225,0.24390417703150924,0.0882423526323028,0.18789873876946023,0.970703125,0.488411000854992,0.4330338487254492,0.7637737239727289,0.4444593634167562,0.46473498125615853,0.6562250476014987,591693a16122e8a9,0.023968011557931847,0.023968011557931847,0.01917808219178082,0.03389588700834232,,,
adult,common_temperature_study,1201,0,0,512,8,2,0.0,0.0001,global,7.0,,B,global,hybrid,False,budget,cuda,1.0,hard,common-temperature-hard,0.4744696175757017,0.28808071908973654,0.521066842197193,0.6886475704041521,0.6431328959945642,0.7189906866772108,0.9715514105782814,0.9715544656475851,0.9715468279743259,0.07023883101394848,0.13473491435569074,0.15591735847877017,0.34516316949204595,0.0912854272700215,0.2571817321571157,0.09318044183318133,0.42343551102232563,0.96484375,0.64822869874988,0.4561422973064616,0.7616239788710767,0.6251187610833746,0.5428663479901932,0.6414839383330262,6c18507c7bf92f13,1.0,1.0,1.0,1.4142135623730951,,,
adult,common_temperature_study,1201,0,0,512,8,2,0.00025,0.0001,age,7.0,,B,analytic,hybrid,False,budget,cuda,1.0,age-local,common-temperature-soft,0.5266246410693446,0.37792446908973654,0.5637996840642466,0.7719983944091273,0.7474949831283398,0.7883340019296522,1.0396833348688657,1.0382579850874232,1.0418213595410293,0.08593734004872756,0.16748433757140224,0.20688462038353206,0.40180379449204595,0.11438868841227504,0.33633961749892516,0.1171732355256537,0.4334419986185705,0.96484375,0.4962594466786311,0.43388757284561874,0.7543762668140778,0.6153607390777336,0.5591132712376673,0.6993427922117806,fbd73d28d57a34bf,1.0,1.0,0.01917808219178082,1.4142135623730951,,,
adult,common_temperature_study,1201,0,0,512,8,2,0.0005,0.0001,age,7.0,,B,analytic,hybrid,False,budget,cuda,1.0,age-local,common-temperature-soft,0.4896723942018304,0.23976351844174193,0.5521496131418525,0.7229385240080461,0.6722642214275844,0.7567213923950208,0.9799518754606596,0.9778156782317834,0.983156171303974,0.0592689614464421,0.11402886224740494,0.1550532331544804,0.32884586039708863,0.08678480704644943,0.24902205792027532,0.08855665837288523,0.4329349800213493,0.958984375,0.681757285570876,0.5226261251509601,0.7593513911921872,0.6054393715756672,0.545855320699431,0.6961488852036116,988869f1cf312c46,1.0,1.0,0.01917808219178082,1.4142135623730951,,,
adult,common_temperature_study,1201,0,0,512,8,2,0.001,0.0001,age,7.0,,B,analytic,hybrid,False,budget,cuda,0.9999999906223348,age-local,common-temperature-soft,0.4451411442018304,0.30226351844174193,0.48086055064185246,0.6567908192448253,0.6141578229608132,0.6852128167674999,0.9271277198114367,0.9317605884543333,0.9201784168470917,0.059687119772975215,0.13036848454486827,0.14575263791638518,0.29759586039708863,0.08563037016267312,0.24726411346047542,0.08711641439589113,0.414053624604749,0.958984375,0.5703992534450071,0.5399227227292474,0.7431975922854861,0.5814545151166722,0.5330272965536418,0.704993550764695,ba567c2d93ed6f5f,0.9999999906223348,0.9999999906223348,0.01917808219178082,1.4142135491110739,,,
adult,common_temperature_study,1201,0,0,512,8,2,0.0015,0.0001,age,7.0,,B,analytic,hybrid,False,budget,cuda,0.9999943971981148,age-local,common-temperature-soft,0.4935901606934464,0.27636196908973654,0.5478972085943739,0.7534495731220442,0.7020846169422947,0.7876928772418772,1.0460305052668757,1.0434328886048154,1.0499269302599656,0.06287186385825137,0.12256246257140224,0.17861081085972255,0.36664754449204595,0.10334438274547174,0.29470750030710646,0.10485716140751652,0.42461488335901476,0.96875,0.5178494264820854,0.5099479682844893,0.7325102880658436,0.6599231657243773,0.6058548345494156,0.7030280695288987,1d63123543d2a013,0.9999943971981148,0.9999943971981148,0.01917808219178082,1.4142056388146818,,,
adult,common_temperature_study,1201,0,0,512,8,2,0.002,0.0001,age,7.0,,B,analytic,hybrid,False,budget,cuda,0.9998630592747317,age-local,common-temperature-soft,0.49777592554204286,0.26074992514280454,0.5570324256418524,0.718588433219704,0.6708055857863461,0.7504436648419426,0.9899848990003683,0.9973689615195626,0.9789088052215773,0.0718016691966388,0.13037496257140224,0.189093411725909,0.3544908079202752,0.10392781806895927,0.30193781766322714,0.10623388088568228,0.43095826443966595,0.962890625,0.6538214837801393,0.5298721956849082,0.7118727350899822,0.6589615663436348,0.5865865221710556,0.6845402616546895,317917ab6939c125,0.9998630592747317,0.9998630592747317,0.01917808219178082,1.4140198989421795,,,
adult,common_temperature_study,1201,0,0,512,8,2,0.0025,0.0001,age,7.0,,B,analytic,hybrid,False,budget,cuda,0.9990683483977406,age-local,common-temperature-soft,0.4898192294699342,0.31007601844174193,0.5347550322269823,0.718676606358639,0.6624202602919048,0.756180837069795,1.0075213726890242,1.020337244461847,0.9882975650297895,0.06415140548726092,0.13036848454486827,0.17117033466924636,0.34711629449204595,0.09586703180212569,0.2802720579202753,0.09776214817396292,0.43156407669275654,0.962890625,0.653993736749872,0.47671143123283927,0.7486640869725447,0.6595789106996528,0.5696039446788579,0.7017382224679074,e0e5f791c7cecf2b,0.9990683483977406,0.9990683483977406,0.01917808219178082,1.4128960080417734,,,
adult,common_temperature_study,1201,0,0,512,8,2,0.003,0.0001,age,7.0,,B,analytic,hybrid,False,budget,cuda,0.9966581115419719,age-local,common-temperature-soft,0.4724184344481297,0.23731242514280454,0.531194936774461,0.7129860199388858,0.6694637345679013,0.7420008768528755,0.9712272933173638,0.9742447660744632,0.966701084181715,0.05933887157759118,0.11865621257140224,0.17012019744019471,0.33665836039708863,0.0944840544728835,0.27913708367882806,0.09624453099775389,0.425958380839133,0.95703125,0.5880513982119397,0.46776562418197604,0.7361341440943431,0.6353722247000053,0.5857959430132414,0.6947976168540015,7b7b7774f6127da8,0.9966581115419719,0.9966581115419719,0.01917808219178082,1.4094874183918138,,,
adult,common_temperature_study,1201,0,0,512,8,2,0.004,0.0001,age,7.0,,B,analytic,hybrid,False,budget,cuda,0.983585895493744,age-local,common-temperature-soft,0.5153871844481297,0.4052811751428045,0.542913686774461,0.7444548092868988,0.7403875083494564,0.7471663432451939,1.0068598462164489,1.0135191215348156,0.9968709332388981,0.10788797872044832,0.20264058757140224,0.1768166260116233,0.35033023539708863,0.1049407372483625,0.30080680221577294,0.10819391682381235,0.4379037244706477,0.9609375,0.705300699362112,0.5034957955961787,0.7492782998587311,0.6789450331531557,0.5985384659341997,0.7368711995577667,2b28b6c916d0d5c5,0.983585895493744,0.983585895493744,0.01917808219178082,1.3910005131661385,,,
adult,common_temperature_study,1201,0,0,512,8,2,0.006,0.0001,age,7.0,,B,analytic,hybrid,False,budget,cuda,0.9213931558048658,age-local,common-temperature-soft,0.5085753236134144,0.27636196908973654,0.5666286622443338,0.760610215703888,0.7260647716279713,0.7836405117544992,1.0145194887829374,1.0206704229623489,1.0052930875138197,0.07384656623920376,0.13745988422087096,0.17588656648781376,0.35423648539708863,0.10344334742680318,0.29725852316350354,0.10530623602999498,0.4340420895885296,0.962890625,0.6683953855942737,0.5044845120087174,0.7579387015539586,0.6521526916565203,0.5773408318399856,0.7183219703949388,d25bac1b3771206d,0.9213931558048658,0.9213931558048658,0.01917808219178082,1.3030466972169876,,,
adult,common_temperature_study,1201,0,0,512,8,2,0.008,0.0001,age,7.0,,B,analytic,hybrid,False,budget,cuda,0.8332362939521463,age-local,common-temperature-soft,0.45907964997543144,0.30761196908973654,0.4969465701968552,0.6679945421426817,0.6236000264879308,0.6975908859125157,0.9225253458786316,0.9233263578583419,0.9213238279090658,0.0757066852868228,0.14209371257140224,0.17098432276448447,0.34906941949204595,0.09628912253613237,0.28414855698360064,0.09864185136130814,0.4174384144951911,0.962890625,0.674236952590287,0.5410001822792954,0.7565874332043486,0.6351740752380397,0.5757805318721041,0.7139610589030158,8bc281a9ae84ff41,0.8332362939521463,0.8332362939521463,0.01917808219178082,1.1783740675686203,,,
adult,common_temperature_study,1201,0,0,512,8,2,0.012,0.0001,age,7.0,,B,analytic,hybrid,False,budget,cuda,0.6635259079449397,age-local,common-temperature-soft,0.35388432068054787,0.15383897449480993,0.40389565722698234,0.5257338404428475,0.48942516151879495,0.5499396263922159,0.7798964283520669,0.7905366509146653,0.763936094508169,0.03955293345149619,0.07691948724740494,0.1135066441930559,0.22602254449204595,0.06422578554920731,0.18365493136171007,0.06529569887730025,0.3860763809057186,0.958984375,0.752648812828267,0.5239820595546636,0.7650021497451016,0.6280390741162416,0.5893211638084397,0.6944905104109084,aeaab542e2f2093e,0.6635259079449397,0.6635259079449397,0.01917808219178082,0.9383673380016556,,,
adult,common_temperature_study,1201,0,0,512,8,2,0.016,0.0001,age,7.0,,B,analytic,hybrid,False,budget,cuda,0.5365620056995036,age-local,common-temperature-soft,0.32616278177016156,0.1938088780633868,0.3592512576968552,0.5245819753470303,0.48232650405380506,0.5527522895425138,0.7914694707404336,0.8024434636232419,0.7750084814162215,0.045102374298408035,0.09058488422087096,0.1293176560978178,0.29242879449204595,0.07462737599236818,0.21544212771021443,0.07572151853199816,0.37060542646792927,0.958984375,0.7202295618965892,0.44108323062572535,0.7645107794361525,0.6607164326782159,0.5966587210714961,0.7317118113138014,4fc368ea4f6e476a,0.5365620056995036,0.5365620056995036,0.01917808219178082,0.758813265514348,,,
adult,common_temperature_study,1201,0,0,512,8,2,0.023,0.0001,age,7.0,,B,analytic,hybrid,False,budget,cuda,0.39432816390346925,age-local,common-temperature-soft,0.26032045597629133,0.15382601844174193,0.2869440653599287,0.4744334845832565,0.4274745941396413,0.5057394115456667,0.7321474705945581,0.7198865737541715,0.7505388158551378,0.03988073073418913,0.07130231846170376,0.13154979895496066,0.30610066949204595,0.07179169618039673,0.21072312530710646,0.07300244128162961,0.3379543381360466,0.96484375,0.7403293172338071,0.5016826122679566,0.7712671211842025,0.6558054875472059,0.5882030548273631,0.7552975861433573,a11aa3d6c01c8311,0.39432816390346925,0.39432816390346925,0.01917808219178082,0.557664237417967,,,
adult,common_temperature_study,1201,0,0,512,8,2,0.032,0.0001,age,7.0,,B,analytic,hybrid,False,budget,cuda,0.29099917812507753,age-local,common-temperature-soft,0.1970156451538603,0.13869838692340763,0.21159495971147346,0.39256116216755726,0.39058583193216023,0.3938780489911553,0.6537481861525706,0.6705578812470568,0.6285336435108408,0.027352273117803083,0.058351543785701065,0.10643819181210351,0.21625691949204595,0.06269220375997175,0.1750440745731222,0.06305768451692667,0.3228605450981628,0.966796875,0.7771340560096067,0.5607162701298352,0.7752595049444138,0.7156102842424916,0.6400467020784784,0.7409250046065966,bb6825b53281579d,0.29099917812507753,0.29099917812507753,0.01917808219178082,0.4115349843439087,,,
adult,common_temperature_study,1201,0,0,512,8,2,0.05,0.0001,age,7.0,,B,analytic,hybrid,False,budget,cuda,0.1894636801989758,age-local,common-temperature-soft,0.2084129410816289,0.06447963692340768,0.2443962671211842,0.4117211732617775,0.3518157428520976,0.45165812686823087,0.6548496186121859,0.6351478285655058,0.6844023036822062,0.013070201151064206,0.029054668785701177,0.10681021562162732,0.21821004449204595,0.05763753735504196,0.16108032848872939,0.057837769618633586,0.2873469779410102,0.96484375,0.7649297093717283,0.5390791115968764,0.7756894539647442,0.6873368034842021,0.5977950435810955,0.7451016522326639,0f609cf4a7c31b74,0.1894636801989758,0.1894636801989758,0.01917808219178082,0.2679421061145104,,,
adult,common_temperature_study,1201,0,0,512,8,2,0.08,0.0001,age,7.0,,B,analytic,hybrid,False,budget,cuda,0.1192922638438342,age-local,common-temperature-soft,0.27533373832995517,0.2133401280633868,0.29083214089659726,0.5069283453488729,0.47921099316304283,0.5254065801394262,0.7489997207250783,0.7534402319677332,0.7423389538610957,0.03918050976379127,0.07325544346170376,0.12503938228829398,0.25922566949204595,0.0772047100170044,0.22481367276272957,0.0776312522786599,0.25147669284888174,0.96484375,0.7409000019027702,0.4840859662330218,0.7672133161353725,0.6191353436204194,0.5529756796518221,0.7306062281186659,eb1475a89f4bdff7,0.1192922638438342,0.1192922638438342,0.01917808219178082,0.16870473741413994,,,
adult,common_temperature_study,1201,0,0,512,8,2,0.12,0.0001,age,7.0,,B,analytic,hybrid,False,budget,cuda,0.07973902623905978,age-local,common-temperature-soft,0.36185315705423504,0.1273496042165715,0.4204790452636509,0.5885141230575518,0.511348362834746,0.6399579632060889,0.8491020255589337,0.8402042801680895,0.8624486436451999,0.021265258894387563,0.052952348596523535,0.1488489060978178,0.32758504449204595,0.07945302917069007,0.24433892459001294,0.07994033815550855,0.22154583997365931,0.94921875,0.7394501328907197,0.43812931524425225,0.7638965665499662,0.6027888337085554,0.5217469896134116,0.7080646151956268,3ce17230b4f19653,0.07973902623905978,0.07973902623905978,0.01917808219178082,0.11276801235770244,,,
adult,common_temperature_study,1201,0,0,512,8,2,0.18,0.0001,age,7.0,,B,analytic,hybrid,False,budget,cuda,0.05322211275336612,age-local,common-temperature-soft,0.390149992706222,0.14446982871138142,0.45157003370493215,0.6555797401879491,0.5680129205438855,0.7139576199506582,0.934943746736994,0.9196919450458613,0.9578214492736932,0.031497913047197894,0.06442889238222471,0.1802849180025797,0.38422566949204595,0.09551206293303925,0.30563809041213685,0.09641461533233053,0.19872735272415676,0.970703125,0.6412885433792904,0.4330338487254492,0.7637737239727289,0.5602527631463119,0.4880496038638655,0.7342300841471654,d3313d2183dc97b3,0.05322211275336612,0.05322211275336612,0.01917808219178082,0.07526743367396044,,,
adult,common_temperature_study,1201,0,0,512,8,2,0.3,0.0001,age,7.0,,B,analytic,hybrid,False,budget,cuda,0.031952589463283214,age-local,common-temperature-soft,0.4100033685737977,0.15968479362447024,0.47258301231112954,0.6819609994011424,0.6210636991546895,0.7225591995654442,0.9758161353725201,0.9861439411097802,0.9603244267666298,0.03454946342289142,0.07178121257140224,0.17532853077352803,0.37572086039708863,0.09987492593929657,0.29196105698360064,0.1003152799531151,0.2318485469317408,0.951171875,0.6233590750948093,0.4330338487254492,0.7637737239727289,0.5047543429682503,0.49078902734591107,0.6909280756710275,919b27bf8480f28e,0.031952589463283214,0.031952589463283214,0.01917808219178082,0.04518778537191478,,,
adult,common_temperature_study,1201,0,0,512,8,2,0.4,0.0001,age,7.0,,B,analytic,hybrid,False,budget,cuda,0.023968011557931847,age-local,common-temperature-soft,0.36796112032430445,0.2471530273017628,0.3981631435799398,0.677696778453412,0.6404428354945949,0.7025327404259567,0.9873482222375776,1.008794480849354,0.9551788343199128,0.03888664500103831,0.08206196064430926,0.16726408466924636,0.35102254449204595,0.09399379457395841,0.30118336749892516,0.09478349633580051,0.26910288679682526,0.94921875,0.5913002004599686,0.4330338487254492,0.7637737239727289,0.5048981171148735,0.5026833691191955,0.7262453166267429,2a95d1a31c72c074,0.023968011557931847,0.023968011557931847,0.01917808219178082,0.03389588700834232,,,
adult,common_temperature_study,1202,0,0,512,8,2,0.0,0.0001,global,7.0,,B,global,hybrid,False,budget,cuda,1.0,hard,common-temperature-hard,0.4792479059179412,0.36231242514280454,0.5084817761117253,0.679234613967201,0.6572714288319207,0.6938767373907213,0.9025239591010996,0.9179240836071699,0.8794237723419938,0.08753917206662162,0.18115621257140224,0.1511469831544804,0.32884586039708863,0.09287742446086802,0.26016774249892516,0.09517878560431872,0.4169247142123812,0.9921875,0.7518144167664575,0.5797668219604054,0.7638965665499662,0.7105056433861697,0.6332790490740896,0.7515508875376206,e7ec8edc4b53d6a0,1.0,1.0,1.0,1.4142135623730951,,,
adult,common_temperature_study,1202,0,0,512,8,2,0.00025,0.0001,age,7.0,,B,analytic,hybrid,False,budget,cuda,1.0,age-local,common-temperature-soft,0.4376170843314292,0.32714321908973654,0.4652355506418524,0.6738285088830539,0.6391103414255882,0.6969739538546977,0.9142174687903077,0.9219299032742665,0.9026488170643694,0.08649537576301328,0.16285050922087096,0.15691335220209948,0.31322086039708863,0.08978782798846258,0.2646966028269149,0.09256317894447072,0.42003613941304074,0.986328125,0.7388457001890851,0.47509154566158546,0.7693016399484062,0.7277098112472952,0.64203900511824,0.729746330078005,e2f6a73a1d6fa94a,1.0,1.0,0.01917808219178082,1.4142135623730951,,,
adult,common_temperature_study,1202,0,0,512,8,2,0.0005,0.0001,age,7.0,,B,analytic,hybrid,False,budget,cuda,1.0,age-local,common-temperature-soft,0.43371342554204284,0.3310624251428045,0.4593761756418524,0.6595582081874578,0.6422551833809349,0.6710935580584731,0.9060175588108839,0.9112026112365129,0.8982399801724402,0.08872875252997213,0.16553121257140224,0.17309638791638518,0.36790836039708863,0.09952806344422176,0.28411520714329586,0.10225715099021801,0.4098257558106614,0.986328125,0.6095622562337154,0.5043454167628723,0.7376082550211903,0.6168586687174765,0.5748726713284298,0.7231742521958111,33f5aa9c59fa75ab,1.0,1.0,0.01917808219178082,1.4142135623730951,,,
adult,common_temperature_study,1202,0,0,512,8,2,0.001,0.0001,age,7.0,,B,analytic,hybrid,False,budget,cuda,0.9999999906223348,age-local,common-temperature-soft,0.45025240310791714,0.43898226844174193,0.45306993677446095,0.675970192440575,0.6800723427615012,0.6732354255599575,0.9352505412751061,0.9500752890639396,0.9130134195918554,0.10409783049406116,0.18896223454486827,0.1589594831544804,0.33275211039708863,0.10097752011303468,0.28802145714329586,0.10363414069662044,0.41613162182748337,0.978515625,0.6702442717732835,0.4800359312556106,0.7509980959400528,0.676236502616518,0.5736964569844596,0.7469442908912229,4e5d5aca4b08301f,0.9999999906223348,0.9999999906223348,0.01917808219178082,1.4142135491110739,,,
adult,common_temperature_study,1202,0,0,512,8,2,0.0015,0.0001,age,7.0,,B,analytic,hybrid,False,budget,cuda,0.9999943971981148,age-local,common-temperature-soft,0.46758717024445673,0.35695101844174193,0.49524620819513543,0.7104208653875684,0.6601702257424299,0.7439212918176606,0.9660122180378968,0.9670607546117149,0.9644394131771697,0.07754426263011807,0.15771223454486827,0.16988413221224863,0.35814273539708863,0.10000173574333202,0.29918117744610273,0.10206368893271041,0.4178765273291245,0.974609375,0.7405460448413916,0.5698780550745325,0.7723727043793379,0.6463009939778371,0.568744103054585,0.7362569866715803,b27bd04534d4e0f0,0.9999943971981148,0.9999943971981148,0.01917808219178082,1.4142056388146818,,,
adult,common_temperature_study,1202,0,0,512,8,2,0.002,0.0001,age,7.0,,B,analytic,hybrid,False,budget,cuda,0.9998630592747317,age-local,common-temperature-soft,0.46978365310791714,0.41163851844174193,0.48431993677446095,0.712803339590627,0.679239316534611,0.7351793549613047,0.9709075187334932,0.9694203157949963,0.9731383231412383,0.0905189614464421,0.17333723454486827,0.17960680458305184,0.36400211039708863,0.10575035019970974,0.32509868193753466,0.1082992660966695,0.42444212915409035,0.978515625,0.7500035023515939,0.5583115449481532,0.7403107917204103,0.6723204448885636,0.585688290617721,0.7099686751428045,c0de2e8a42c62506,0.9998630592747317,0.9998630592747317,0.01917808219178082,1.4140198989421795,,,
adult,common_temperature_study,1202,0,0,512,8,2,0.0025,0.0001,age,7.0,,B,analytic,hybrid,False,budget,cuda,0.9990683483977406,age-local,common-temperature-soft,0.4614144746944291,0.4350889744948099,0.46799584974433384,0.6885516716187581,0.6807596133913765,0.6937463771036793,0.9203295827958972,0.9349301428812726,0.8984287426678337,0.11191156440387715,0.21754448724740494,0.1507749593449566,0.31126773539708863,0.0952085891247968,0.27327770867882806,0.0983507345812855,0.41736124278830505,0.9765625,0.6849161139746756,0.5104864544588588,0.7654935200540507,0.6807507933610468,0.5871196040935415,0.7600270253669922,0b8d68ecbdd3e27c,0.9990683483977406,0.9990683483977406,0.01917808219178082,1.4128960080417734,,,
adult,common_temperature_study,1202,0,0,512,8,2,0.003,0.0001,age,7.0,,B,analytic,hybrid,False,budget,cuda,0.9966581115419719,age-local,common-temperature-soft,0.44877047056384745,0.42726351844174193,0.4541472085943738,0.6964039275075241,0.6975435803236903,0.6956441589634134,0.9382532025443769,0.9529752856089923,0.9161700779474541,0.1139564614464421,0.20973198724740494,0.13173581085972255,0.26313191949204595,0.08950118279504747,0.25447475681008547,0.09240074395661572,0.4140212703542064,0.990234375,0.7834888063797583,0.4757276799075554,0.7688102696394571,0.6471488453426355,0.5515253152633581,0.7236042012161416,8c592b40f800d1b0,0.9966581115419719,0.9966581115419719,0.01917808219178082,1.4094874183918138,,,
adult,common_temperature_study,1202,0,0,512,8,2,0.004,0.0001,age,7.0,,B,analytic,hybrid,False,budget,cuda,0.983585895493744,age-local,common-temperature-soft,0.4300897614550703,0.2944639744948099,0.46399620819513543,0.6793842083947547,0.6335760673868313,0.7099229690667036,0.9389974558150606,0.9396221535071557,0.9380604092769178,0.07898745726102001,0.14723198724740494,0.16727996554558194,0.32884586039708863,0.09530177815065796,0.28100731393188394,0.09772194625958343,0.41474156749546054,0.98828125,0.7086833437149307,0.4648227280767934,0.7684417419077453,0.6668241993049244,0.5814090348235549,0.7310361771389964,7c967cb3caa48912,0.983585895493744,0.983585895493744,0.01917808219178082,1.3910005131661385,,,
adult,common_temperature_study,1202,0,0,512,8,2,0.006,0.0001,age,7.0,,B,analytic,hybrid,False,budget,cuda,0.9213931558048658,age-local,common-temperature-soft,0.4027206271881334,0.32323696908973654,0.42259154171273255,0.6018519958079971,0.5603595520660587,0.6295136249692893,0.8319092231742522,0.822610799845935,0.8458568581667281,0.06968079529966277,0.14840678935569074,0.1443846203835321,0.32758504449204595,0.08101519109681014,0.22366310327221928,0.08327758385722642,0.399537448777396,0.9765625,0.7430290134806037,0.5235959949254073,0.7672747374239911,0.6770885358936674,0.5802004298423257,0.7169707020453289,8196713526bbe62b,0.9213931558048658,0.9213931558048658,0.01917808219178082,1.3030466972169876,,,
adult,common_temperature_study,1202,0,0,512,8,2,0.008,0.0001,age,7.0,,B,analytic,hybrid,False,budget,cuda,0.8332362939521463,age-local,common-temperature-soft,0.3753329705638474,0.28663851844174193,0.39750658359437374,0.6126467872827221,0.5860061790776059,0.6304071927527998,0.8543522021451384,0.8607104331736379,0.8448148556023892,0.06615140192263258,0.14013410954486827,0.1337819418121035,0.29828816949204595,0.07910394259125555,0.21915211749892516,0.08091809296309142,0.3881692310708764,0.990234375,0.4147659561388487,0.4330338487254492,0.7637737239727289,0.5914571267209353,0.5481568126011628,0.7161722252932866,bf8c4f35bfe4c016,0.8332362939521463,0.8332362939521463,0.01917808219178082,1.1783740675686203,,,
adult,common_temperature_study,1202,0,0,512,8,2,0.012,0.0001,age,7.0,,B,analytic,hybrid,False,budget,cuda,0.6635259079449397,age-local,common-temperature-soft,0.2998731746360789,0.17385463692340763,0.33137780906424663,0.4806762867759965,0.43320290906578224,0.5123252052494728,0.7137934699573122,0.7119160818848146,0.7166095520660585,0.04371378017686405,0.08569529378570107,0.12410932276448447,0.24946004449204595,0.07107962086212372,0.19537368136171007,0.07219544091504115,0.3670050757918105,0.974609375,0.761382966778261,0.539775168952658,0.7705914870093975,0.7014226343078653,0.5922322568890506,0.7273508998218783,17aac14ded358c7e,0.6635259079449397,0.6635259079449397,0.01917808219178082,0.9383673380016556,,,
adult,common_temperature_study,1202,0,0,512,8,2,0.016,0.0001,age,7.0,,B,analytic,hybrid,False,budget,cuda,0.5365620056995036,age-local,common-temperature-soft,0.2986863042042872,0.2616702847644494,0.30794030906424663,0.49973576849548557,0.47814511787129166,0.5141295355782814,0.7390109397073276,0.7404437912034477,0.7368616624631472,0.07018962314749007,0.1308351423822247,0.1136926560978178,0.26508504449204595,0.06994440750984587,0.19160454959001294,0.07185716682400309,0.36697760387915856,0.978515625,0.7478982649454752,0.4758179627556965,0.768994533505313,0.6967193524894193,0.5762544656249188,0.7273508998218783,57d441c45d61c7bd,0.5365620056995036,0.5365620056995036,0.01917808219178082,0.758813265514348,,,
adult,common_temperature_study,1202,0,0,512,8,2,0.023,0.0001,age,7.0,,B,analytic,hybrid,False,budget,cuda,0.39432816390346925,age-local,common-temperature-soft,0.2908361836650083,0.15773226844174193,0.32411216247082486,0.4685555152478349,0.3997846296104355,0.5144027723394344,0.7016623095940053,0.6788788263543394,0.7358375344535041,0.032297235255965916,0.07177473454486827,0.11704087038353209,0.24360066949204595,0.06289493166080799,0.18399586749892516,0.0639187682833246,0.3520716420540349,0.984375,0.7719761271351537,0.5286275606984477,0.7725569682451938,0.7016141658935355,0.6103701871877967,0.7303605429641914,9532092acb7b84b8,0.39432816390346925,0.39432816390346925,0.01917808219178082,0.557664237417967,,,
adult,common_temperature_study,1202,0,0,512,8,2,0.032,0.0001,age,7.0,,B,analytic,hybrid,False,budget,cuda,0.29099917812507753,age-local,common-temperature-soft,0.22005150750875252,0.15432338692340763,0.23648353765508873,0.4160754387783306,0.38247660232786684,0.43847466307863975,0.6864022864074689,0.6892369908431096,0.6821502297540079,0.03395203399522082,0.06274220621429882,0.11257658466924637,0.25141316949204595,0.062031000563063335,0.17678810327221928,0.06300781002125205,0.3199360041001562,0.98046875,0.7547850382049058,0.5188302925578414,0.7713285424728211,0.6214908057520532,0.5566585460816487,0.6623671764633622,4544271a1496b7ad,0.29099917812507753,0.29099917812507753,0.01917808219178082,0.4115349843439087,,,
adult,common_temperature_study,1202,0,0,512,8,2,0.05,0.0001,age,7.0,,B,analytic,hybrid,False,budget,cuda,0.1894636801989758,age-local,common-temperature-soft,0.2088438018242123,0.13571249654505252,0.22712662814400225,0.39743002291781837,0.3727257328327498,0.4138995496411973,0.6489242637123026,0.6490203624367872,0.6487801156255758,0.02548898932000782,0.060789081214298823,0.11164652514543685,0.22992879449204595,0.05962239989740141,0.17610587110742584,0.06040025705699453,0.2790971234702631,0.978515625,0.7695771312959475,0.4941572483626905,0.7732326024199988,0.6018282379867772,0.5500869203791278,0.7483569805294515,d9e0bc43a399ba18,0.1894636801989758,0.1894636801989758,0.01917808219178082,0.2679421061145104,,,
adult,common_temperature_study,1202,0,0,512,8,2,0.08,0.0001,age,7.0,,B,analytic,hybrid,False,budget,cuda,0.1192922638438342,age-local,common-temperature-soft,0.2931059402063755,0.2622031624285977,0.30083163465081997,0.4770828054941342,0.4376399973512069,0.5033780109227525,0.6973949695964621,0.6896771367570583,0.7089717188555679,0.052203902317483696,0.13110158121429882,0.0930059409558615,0.20258504449204595,0.06067811420296271,0.16237929277224983,0.06171522789285053,0.24055804337926895,0.97265625,0.7551387652611049,0.5187311610641016,0.7694859038142621,0.6895196362739914,0.6187705644368546,0.7365640931146735,cce88df47e48972b,0.1192922638438342,0.1192922638438342,0.01917808219178082,0.16870473741413994,,,
adult,common_temperature_study,1202,0,0,512,8,2,0.12,0.0001,age,7.0,,B,analytic,hybrid,False,budget,cuda,0.07973902623905978,age-local,common-temperature-soft,0.37023682705300665,0.152330793946932,0.4247133353295252,0.6181009497266753,0.553416127310976,0.6612241646704748,0.8670592830600086,0.8698696828998013,0.8628436833003194,0.030995768877540568,0.076165396973466,0.13620009657400828,0.28656941949204595,0.08418631919400647,0.2336378245731222,0.08413515515329066,0.22183410819760443,0.970703125,0.743180356888582,0.4961026830289561,0.7705300657207789,0.5858267881177652,0.5591855653726011,0.6904981266506971,62015b8821c911d1,0.07973902623905978,0.07973902623905978,0.01917808219178082,0.11276801235770244,,,
adult,common_temperature_study,1202,0,0,512,8,2,0.18,0.0001,age,7.0,,B,analytic,hybrid,False,budget,cuda,0.05322211275336612,age-local,common-temperature-soft,0.4067054292580308,0.14067346523555058,0.4732134202636509,0.6447902510979056,0.562631000092132,0.6995630851017545,0.8913300012284259,0.8743631140209446,0.9167803320396475,0.03272247713885011,0.07033673261777529,0.1213191441930559,0.27289754449204595,0.07063690675095871,0.19682823824550105,0.07119202883052343,0.20082276448967923,0.970703125,0.7049073277768265,0.4330338487254492,0.7637737239727289,0.5309223667700227,0.5004575340318498,0.7215772986917266,669d53ed0b222b5f,0.05322211275336612,0.05322211275336612,0.01917808219178082,0.07526743367396044,,,
adult,common_temperature_study,1202,0,0,512,8,2,0.3,0.0001,age,7.0,,B,analytic,hybrid,False,budget,cuda,0.031952589463283214,age-local,common-temperature-soft,0.42543604316381056,0.23432653476444942,0.47321342026365093,0.7204110139886984,0.6649039236686937,0.7574157408687018,1.0076832273816105,1.0067831735740025,1.0090333080930225,0.05514572612028045,0.11716326738222471,0.16261378705019874,0.3479391238253179,0.09468751956410804,0.2857546277102144,0.09592162713116296,0.25084985259752773,0.9765625,0.5540783786558539,0.4330338487254492,0.7637737239727289,0.4683540892098088,0.45618402015848003,0.5703580861126466,96c3aaa161c22839,0.031952589463283214,0.031952589463283214,0.01917808219178082,0.04518778537191478,,,
adult,common_temperature_study,1202,0,0,512,8,2,0.4,0.0001,age,7.0,,B,analytic,hybrid,False,budget,cuda,0.023968011557931847,age-local,common-temperature-soft,0.4870676037252012,0.28857808757140224,0.5366899827636509,0.8014331314108469,0.747004032691481,0.8377191972237578,1.0823257362876972,1.0760120037031917,1.0917963351644557,0.06751718013767145,0.14428904378570118,0.18214503705019874,0.3694234988253179,0.10279899297464415,0.29693618136171007,0.10471482911545209,0.2365185141231049,0.962890625,0.5498419550774793,0.4330338487254492,0.7637737239727289,0.5251382069758062,0.5218741316737143,0.6097291321171918,8c5826c05a655881,0.023968011557931847,0.023968011557931847,0.01917808219178082,0.03389588700834232,,,
adult,common_temperature_study,1203,0,0,512,8,2,0.0,0.0001,global,7.0,,B,global,hybrid,False,budget,cuda,1.0,hard,common-temperature-hard,0.52796775190406,0.3193436751428045,0.5801237710943737,0.7396561751428046,0.6892657420843314,0.7732497971817867,0.9958658914148394,0.98857276119403,1.006805586746054,0.08753917206662162,0.15967183757140224,0.1760066441930559,0.36469441949204595,0.10164997811257258,0.2900054127510595,0.10426936333146528,0.43845601371278625,0.96875,0.7193672515698376,0.5465014031705864,0.7556661138750691,0.6444928709894676,0.580194305394093,0.7099072538541858,de88374b92969396,1.0,1.0,1.0,1.4142135623730951,,,
adult,common_temperature_study,1203,0,0,512,8,2,0.00025,0.0001,age,7.0,,B,analytic,hybrid,False,budget,cuda,1.0,age-local,common-temperature-soft,0.49799531470732755,0.36620571908973654,0.5309427136117253,0.7085139743028683,0.6521671038134943,0.7460785546291179,0.9400846606089921,0.9467011169717258,0.9301599760648915,0.08110103052491804,0.16480363422087096,0.17830472124971852,0.35228336039708863,0.09968214167589728,0.29885367721577294,0.10229264030297737,0.424094688156909,0.966796875,0.7272977674233628,0.5402172160994755,0.763589460106873,0.7110210327190731,0.6332529903363142,0.7441803329033844,e4f098a574c2fc53,1.0,1.0,0.01917808219178082,1.4142135623730951,,,
adult,common_temperature_study,1203,0,0,512,8,2,0.0005,0.0001,age,7.0,,B,analytic,hybrid,False,budget,cuda,1.0,age-local,common-temperature-soft,0.42692325409987103,0.2524026280633868,0.47055341060899203,0.6420609145629875,0.5964663324964683,0.6724573026073336,0.8765931866516186,0.8812662110614622,0.8695836500368528,0.06537767191745565,0.12106951738222471,0.15945158466924636,0.31977254449204595,0.09103710237549968,0.2703411232802039,0.09289601767270415,0.4105513524187655,0.974609375,0.67433698393372,0.5085544002197913,0.7573859099563909,0.6962459809208613,0.6148050010019379,0.7328788157975554,4bd51917692d693e,1.0,1.0,0.01917808219178082,1.4142135623730951,,,
adult,common_temperature_study,1203,0,0,512,8,2,0.001,0.0001,age,7.0,,B,analytic,hybrid,False,budget,cuda,0.9999999906223348,age-local,common-temperature-soft,0.49615848227995824,0.34668742514280454,0.5335262465642466,0.6959745063263927,0.6539687149706713,0.723978367230207,0.9480908536023586,0.949683488422087,0.9457019013727659,0.08977131492376447,0.17334371257140224,0.16689206085972255,0.33539754449204595,0.10136711952070923,0.29021906766322714,0.10371186459645135,0.42496901600056425,0.96875,0.7169148945290341,0.5230025768068497,0.7492168785701124,0.7140013771037371,0.643278284373422,0.7064062404029237,2039cc7be8d12242,0.9999999906223348,0.9999999906223348,0.01917808219178082,1.4142135491110739,,,
adult,common_temperature_study,1203,0,0,512,8,2,0.0015,0.0001,age,7.0,,B,analytic,hybrid,False,budget,cuda,0.9999943971981148,age-local,common-temperature-soft,0.49643281470732753,0.40136196908973654,0.5202005261117253,0.7112651201937842,0.6632429096799952,0.7432799272029769,0.9717884343713532,0.9649920648173742,0.9819829887023218,0.0917498436133559,0.18139841878570107,0.1502169236306709,0.30736148539708863,0.09458075154569949,0.26653708214329586,0.09687663259581374,0.42752855455592015,0.97265625,0.699283136584812,0.46734217590857885,0.7650635710337202,0.7159018053524715,0.6371261848751194,0.7293778023462932,20951b8629dc9f7e,0.9999943971981148,0.9999943971981148,0.01917808219178082,1.4142056388146818,,,
adult,common_temperature_study,1203,0,0,512,8,2,0.002,0.0001,age,7.0,,B,analytic,hybrid,False,budget,cuda,0.9998630592747317,age-local,common-temperature-soft,0.4918598558135249,0.35304476844174193,0.5265636276564707,0.7272677171626436,0.691706398562742,0.7509752628959115,0.9707255101805785,0.9610872543788261,0.9851828938832073,0.09368116382739448,0.17262261224740494,0.18407109029733756,0.38158023539708863,0.10205798606192883,0.29217219266322714,0.10525956354022774,0.4284293623522647,0.966796875,0.7086017336954034,0.4727543584905552,0.7517351514034765,0.7004612126583978,0.6151371012622197,0.7302991216755728,17bcb283b863e9d5,0.9998630592747317,0.9998630592747317,0.01917808219178082,1.4140198989421795,,,
adult,common_temperature_study,1203,0,0,512,8,2,0.0025,0.0001,age,7.0,,B,analytic,hybrid,False,budget,cuda,0.9990683483977406,age-local,common-temperature-soft,0.5256098942018304,0.29835726844174193,0.5824230506418524,0.7685701267965727,0.6813974590780665,0.8266852386089102,1.0308302958586695,1.011045315155191,1.0605077669138874,0.06638354834440378,0.13818098454486827,0.20118418553543277,0.41087711039708863,0.11267165557079252,0.32815055221577294,0.11450750003767302,0.4275713290377741,0.962890625,0.6381517118344565,0.5334216924427636,0.7485412443953074,0.7011897854281682,0.6171828057705231,0.7019224863337633,5ae0af6da1337cb0,0.9990683483977406,0.9990683483977406,0.01917808219178082,1.4128960080417734,,,
adult,common_temperature_study,1203,0,0,512,8,2,0.003,0.0001,age,7.0,,B,analytic,hybrid,False,budget,cuda,0.9966581115419719,age-local,common-temperature-soft,0.479864182175542,0.38820101844174193,0.502779973108992,0.7077847644493582,0.6659621812810946,0.7356664865615339,0.9875498568116209,0.989308217144729,0.9849123163119586,0.08386866739202284,0.17138410954486827,0.1957239060978178,0.40961629449204595,0.1078632999800764,0.31341208214329586,0.11064008143788893,0.4245611253835568,0.97265625,0.6942342301653465,0.5318886124877817,0.7484184018180702,0.6586442219248883,0.5978872151367103,0.7187519194152693,172a6bfa354794be,0.9966581115419719,0.9966581115419719,0.01917808219178082,1.4094874183918138,,,
adult,common_temperature_study,1203,0,0,512,8,2,0.004,0.0001,age,7.0,,B,analytic,hybrid,False,budget,cuda,0.983585895493744,age-local,common-temperature-soft,0.44092615625575826,0.40618857871138137,0.4496105506418524,0.6508083617406794,0.6235141326546281,0.6690045144647137,0.901902044561145,0.9041257271384845,0.8985665206951354,0.0994865267102173,0.20263410954486827,0.1582154355354328,0.34056461039708863,0.1014743418224936,0.27630270714329586,0.10385491915295722,0.4044177971633658,0.9765625,0.7012178356052617,0.5533710723929939,0.7679503715987961,0.6191694052965174,0.5673438984369177,0.6949818807198574,af16bae2acde4799,0.983585895493744,0.983585895493744,0.01917808219178082,1.3910005131661385,,,
adult,common_temperature_study,1203,0,0,512,8,2,0.006,0.0001,age,7.0,,B,analytic,hybrid,False,budget,cuda,0.9213931558048658,age-local,common-temperature-soft,0.5003037474663719,0.3358890347644494,0.5414074256418524,0.7222459749861803,0.6900009980959401,0.7437426262463404,0.9565017313125731,0.9564830969893333,0.9565296827974327,0.08907109395336663,0.1679445173822247,0.1931856736306709,0.37181461039708863,0.10501448076953077,0.2962245581506051,0.10815482016279059,0.42865467917993133,0.96875,0.7019126603423607,0.5248853328990828,0.7187519194152693,0.6922248526450909,0.6245355538933343,0.7151894846753885,080a18b9efb61f30,0.9213931558048658,0.9213931558048658,0.01917808219178082,1.3030466972169876,,,
adult,common_temperature_study,1203,0,0,512,8,2,0.008,0.0001,age,7.0,,B,analytic,hybrid,False,budget,cuda,0.8332362939521463,age-local,common-temperature-soft,0.4253329705638474,0.34132601844174193,0.44633470859437374,0.6263506445396475,0.5868782534088816,0.6526655719601581,0.8813533605122537,0.8822619077324285,0.8799905396819914,0.07191777097025162,0.14599348454486827,0.16558997752638924,0.32172566949204595,0.09489052873980092,0.27930359295344265,0.09696560226228089,0.42143303472838073,0.970703125,0.7005049031876835,0.4846101896310667,0.7638965665499662,0.6811575575206362,0.6086139432936902,0.702475277931331,d3c0472d6468b74a,0.8332362939521463,0.8332362939521463,0.01917808219178082,1.1783740675686203,,,
adult,common_temperature_study,1203,0,0,512,8,2,0.012,0.0001,age,7.0,,B,analytic,hybrid,False,budget,cuda,0.6635259079449397,age-local,common-temperature-soft,0.38540865310791717,0.29054476844174193,0.409124624274461,0.5779136004007739,0.5556209956198944,0.5927753369213602,0.8274163758752534,0.8364013986779067,0.8139388416712733,0.06261717573215639,0.13427473454486827,0.1381261498211471,0.31126773539708863,0.08117599109029199,0.22496242744610273,0.08284517993258411,0.3993408850971024,0.970703125,0.6994347936362166,0.5495998810072257,0.7651864136109575,0.6600651521034706,0.6012843038518138,0.7150052208095325,09c8844d6342be14,0.6635259079449397,0.6635259079449397,0.01917808219178082,0.9383673380016556,,,
adult,common_temperature_study,1203,0,0,512,8,2,0.016,0.0001,age,7.0,,B,analytic,hybrid,False,budget,cuda,0.5365620056995036,age-local,common-temperature-soft,0.307463790230944,0.29054476844174193,0.31169354567824453,0.49965349755850375,0.47175022601114797,0.5182556785900743,0.7487600817287021,0.7481695576259648,0.7496458678828082,0.05559485786821331,0.11279035954486827,0.1332239060978178,0.29438191949204595,0.07910062822679388,0.2239589331506051,0.08043182420559578,0.3611385436635516,0.966796875,0.7674292802029732,0.5323938566812447,0.7766107732940237,0.7341686389610791,0.6498473659782728,0.7447945457895707,ff396947ae98985a,0.5365620056995036,0.5365620056995036,0.01917808219178082,0.758813265514348,,,
adult,common_temperature_study,1203,0,0,512,8,2,0.023,0.0001,age,7.0,,B,analytic,hybrid,False,budget,cuda,0.39432816390346925,age-local,common-temperature-soft,0.29103201200786194,0.29927762806338676,0.2889706079939807,0.4814692692018304,0.47884336515723847,0.48321987189822496,0.7167532802806953,0.7284051386585592,0.6992754927138997,0.05333303262494114,0.11011613422087096,0.10824825753653833,0.25531941949204595,0.06589227215644158,0.19124645867882806,0.067187782845511,0.3403639066492345,0.970703125,0.7638357838294232,0.4969270315642505,0.7716356489159143,0.6778610919265883,0.5897945621232001,0.6892082795897058,189b6ec8457de48b,0.39432816390346925,0.39432816390346925,0.01917808219178082,0.557664237417967,,,
adult,common_temperature_study,1203,0,0,512,8,2,0.032,0.0001,age,7.0,,B,analytic,hybrid,False,budget,cuda,0.29099917812507753,age-local,common-temperature-soft,0.25926472959277685,0.29885463692340763,0.24936725276011912,0.44735353421933544,0.4724595099348935,0.4306162170756301,0.7073707945611449,0.7335205403026022,0.6681461759489589,0.06724816494760176,0.14086720621429882,0.0822566441930559,0.19672566949204595,0.06625370817102309,0.18606271785363315,0.0669927252492236,0.32300093349808084,0.9609375,0.7675451609942161,0.6013436949995367,0.7670290522695166,0.6688031429580464,0.6029724173983927,0.6957189361832812,e5459425bd54be5a,0.29099917812507753,0.29099917812507753,0.01917808219178082,0.4115349843439087,,,
adult,common_temperature_study,1203,0,0,512,8,2,0.05,0.0001,age,7.0,,B,analytic,hybrid,False,budget,cuda,0.1894636801989758,age-local,common-temperature-soft,0.23604815429027703,0.19288851844174193,0.24683806325241078,0.4443712667373011,0.4039849100370063,0.47129550453749763,0.7184552018073215,0.7092269011168438,0.7322976528430378,0.04071852122398003,0.08544660954486827,0.11927301324067494,0.24750691949204595,0.07045615147610959,0.193642248825318,0.07128568328099809,0.301105012553134,0.966796875,0.7771599211374969,0.5900507206136132,0.7775935139119219,0.6834765324670082,0.6124930213640173,0.7257539463177938,4addf8ab230fbb76,0.1894636801989758,0.1894636801989758,0.01917808219178082,0.2679421061145104,,,
adult,common_temperature_study,1203,0,0,512,8,2,0.08,0.0001,age,7.0,,B,analytic,hybrid,False,budget,cuda,0.1192922638438342,age-local,common-temperature-soft,0.2753417039033229,0.2504844124285977,0.2815560267720042,0.46966966383360964,0.479512701250691,0.4631076388888889,0.6902843037896935,0.7171857965189484,0.6499320646958111,0.062272377914220765,0.12524220621429882,0.10420604895496066,0.20453816949204595,0.07010103952136107,0.193642248825318,0.0712434894268593,0.23534230094203726,0.9609375,0.77951287412172,0.5549928467685344,0.7750138197899392,0.7095678181771419,0.6360563176392624,0.7312818622934709,efb7ae544a629445,0.1192922638438342,0.1192922638438342,0.01917808219178082,0.16870473741413994,,,
adult,common_temperature_study,1203,0,0,512,8,2,0.12,0.0001,age,7.0,,B,analytic,hybrid,False,budget,cuda,0.07973902623905978,age-local,common-temperature-soft,0.36114273347767334,0.14017609675388487,0.4163843926586205,0.5912253451108654,0.5115604582220072,0.6443352697034375,0.8202683534488054,0.8078681310525563,0.8388686870431792,0.027141503041084987,0.05666485761777529,0.1332239060978178,0.31000691949204595,0.07836410484617454,0.2337245581506051,0.07852224395254644,0.19318273947835443,0.96875,0.7401265153943511,0.5078571017446273,0.7623610343345003,0.6749131364530818,0.6099135308655805,0.7417234813586389,414da0a7a8c6c415,0.07973902623905978,0.07973902623905978,0.01917808219178082,0.11276801235770244,,,
adult,common_temperature_study,1203,0,0,512,8,2,0.18,0.0001,age,7.0,,B,analytic,hybrid,False,budget,cuda,0.05322211275336612,age-local,common-temperature-soft,0.42077810215895833,0.33642191242859776,0.4418671495915485,0.633398161584055,0.5638797596700141,0.6797437628600821,0.8531126197715129,0.8244000147794975,0.8961815272595357,0.07882743743803029,0.16821095621429882,0.14178045371686543,0.27094441949204595,0.09080301314422544,0.2512159495731222,0.09249874639928826,0.18368623149940885,0.94921875,0.7046375107919476,0.436201973085319,0.7641422517044407,0.710514122213461,0.5649176740859934,0.7728026533996684,30dbbd5c6bbdfe45,0.05322211275336612,0.05322211275336612,0.01917808219178082,0.07526743367396044,,,
adult,common_temperature_study,1203,0,0,512,8,2,0.3,0.0001,age,7.0,,B,analytic,hybrid,False,budget,cuda,0.031952589463283214,age-local,common-temperature-soft,0.3793341836342977,0.1816541808703397,0.42875418432528717,0.6206544918156133,0.5553543768426387,0.6641879017975963,0.8806903704855353,0.8702430491575047,0.8963613524775811,0.024528870382069686,0.047117206214298935,0.13475619358747126,0.30736148539708863,0.07510802902201155,0.24743350185799406,0.07550233362746886,0.21171581838610304,0.94921875,0.31435108952407953,0.4330338487254492,0.7637737239727289,0.3339260253160428,0.4158683626613521,0.6762483876911738,672ac1e080044f81,0.031952589463283214,0.031952589463283214,0.01917808219178082,0.04518778537191478,,,
adult,common_temperature_study,1203,0,0,512,8,2,0.4,0.0001,age,7.0,,B,analytic,hybrid,False,budget,cuda,0.023968011557931847,age-local,common-temperature-soft,0.44132328327498305,0.33495571908973654,0.46791517432129476,0.6867766443630612,0.6336359891322707,0.7222037478502549,0.9348283418939255,0.9327642427011034,0.9379244906831583,0.08003570935007501,0.16186716878570107,0.17105025696400422,0.35618961039708863,0.1022459984457002,0.2958459534887294,0.10427182320320798,0.23468991835920894,0.95703125,0.3604974886570855,0.4330338487254492,0.7637737239727289,0.4326835791565961,0.4592053533248912,0.6045697438732265,b77b29ae9a2bde7b,0.023968011557931847,0.023968011557931847,0.01917808219178082,0.03389588700834232,,,
adult,common_temperature_study,1204,0,0,512,8,2,0.0,0.0001,global,7.0,,B,global,hybrid,False,budget,cuda,1.0,hard,common-temperature-hard,0.48605458433142923,0.33886196908973654,0.5228527381418524,0.6927454980114859,0.6515639875468338,0.7201998383212539,0.9311677290630185,0.9329354705382551,0.9285161168501629,0.08828198577585325,0.16403178935569074,0.16695799505924233,0.36204898539708863,0.10060646743623643,0.29235537685799406,0.10295546943461133,0.42648182904303983,0.970703125,0.7328252937113865,0.5535802159183996,0.7743381856151342,0.6821948704244912,0.6281917837629563,0.7250783121429888,dbea44f52b893753,1.0,1.0,1.0,1.4142135623730951,,,
adult,common_temperature_study,1204,0,0,512,8,2,0.00025,0.0001,age,7.0,,B,analytic,hybrid,False,budget,cuda,1.0,age-local,common-temperature-soft,0.4504651223051409,0.30761196908973654,0.48617841060899203,0.650679952859161,0.6286623642973405,0.665358345233708,0.8973096755804312,0.9061746629506788,0.8840121945250599,0.08426323290587041,0.15308488422087096,0.14178045371686543,0.30219441949204595,0.08576531136710977,0.24509121541213685,0.08813544457965394,0.42029807297704624,0.962890625,0.6828760516725454,0.5384501195066377,0.7630366685093053,0.6386272370878752,0.5996694684418442,0.7076346661752964,b0e5c436063ece45,1.0,1.0,0.01917808219178082,1.4142135623730951,,,
adult,common_temperature_study,1204,0,0,512,8,2,0.0005,0.0001,age,7.0,,B,analytic,hybrid,False,budget,cuda,1.0,age-local,common-temperature-soft,0.43737519002211167,0.3623124251428045,0.4561408812419384,0.642846219327744,0.6601833017589522,0.6312881643736054,0.8979999932820466,0.9298730034882173,0.8501904779727903,0.08649660967282927,0.18115621257140224,0.15889354895496066,0.3225484988253179,0.09577796723407543,0.27935805636171007,0.09811858567579887,0.4221804185812598,0.9609375,0.6731781969308527,0.4693972042387348,0.758368650574289,0.687661947169483,0.6105930088311857,0.7360727228057244,c90b14f1e89fd8f5,1.0,1.0,0.01917808219178082,1.4142135623730951,,,
adult,common_temperature_study,1204,0,0,512,8,2,0.001,0.0001,age,7.0,,B,analytic,hybrid,False,budget,cuda,0.9999999906223348,age-local,common-temperature-soft,0.4321388812112278,0.32714321908973654,0.4583877967416006,0.6188915568761132,0.58086352573552,0.6442435776365087,0.8508128243811806,0.857376488826444,0.8409673277132854,0.07953942625204372,0.15185933757140224,0.14624473943115113,0.32172566949204595,0.09025431118514397,0.2568345579202753,0.09222281306831384,0.4020795406340766,0.958984375,0.7176310470191224,0.5501013714612877,0.7589214421718568,0.6584699825467888,0.5934087102527309,0.7414163749155457,c7bdc22aaa824805,0.9999999906223348,0.9999999906223348,0.01917808219178082,1.4142135491110739,,,
adult,common_temperature_study,1204,0,0,512,8,2,0.0015,0.0001,age,7.0,,B,analytic,hybrid,False,budget,cuda,0.9999943971981148,age-local,common-temperature-soft,0.37911407468828695,0.28026821908973654,0.4038255385879246,0.5715444766906209,0.5326341983178244,0.5974846622724853,0.8396767368788772,0.842910255819667,0.8348264584676924,0.06112424768061515,0.13473491435569074,0.12280723943115113,0.25922566949204595,0.07506839374956216,0.22130150271021443,0.07653772851532921,0.3960891946776499,0.970703125,0.7351863386960086,0.49060966256102273,0.7671518948467538,0.6462522851537302,0.5681337105135188,0.709047355813525,cf06d9ef67edbade,0.9999943971981148,0.9999943971981148,0.01917808219178082,1.4142056388146818,,,
adult,common_temperature_study,1204,0,0,512,8,2,0.002,0.0001,age,7.0,,B,analytic,hybrid,False,budget,cuda,0.9998630592747317,age-local,common-temperature-soft,0.42695271712425525,0.17726351844174193,0.4893750167948836,0.6383026514802531,0.5670751662213623,0.6857876416528468,0.8928097264449357,0.881163122466372,0.9102796324127818,0.03936568763691829,0.08739973454486827,0.15754141229844315,0.31196004449204595,0.08276180023429229,0.2450835377510595,0.08412630021110867,0.41221525734067177,0.962890625,0.6170351454186837,0.49940319607000017,0.7435046987285793,0.6376094223503559,0.571978091812632,0.6918493950003071,35319b1469f0dd53,0.9998630592747317,0.9998630592747317,0.01917808219178082,1.4140198989421795,,,
adult,common_temperature_study,1204,0,0,512,8,2,0.0025,0.0001,age,7.0,,B,analytic,hybrid,False,budget,cuda,0.9990683483977406,age-local,common-temperature-soft,0.4273390474325901,0.38573696908973654,0.4377395670183035,0.6203035987116885,0.5956271881334071,0.6367545390972095,0.8768975099425711,0.8879261021922282,0.8603546215680855,0.08221710195348947,0.17261613422087096,0.1628657331544804,0.33275211039708863,0.10025207199790222,0.29371720199158524,0.1021902759593007,0.415407878606634,0.974609375,0.6931372309174636,0.5642245863519455,0.7543148455254591,0.6489241821381742,0.576202744808007,0.7010011670044838,5854594c4e084e4f,0.9990683483977406,0.9990683483977406,0.01917808219178082,1.4128960080417734,,,
adult,common_temperature_study,1204,0,0,512,8,2,0.003,0.0001,age,7.0,,B,analytic,hybrid,False,budget,cuda,0.9966581115419719,age-local,common-temperature-soft,0.4535095548492107,0.36229946908973654,0.47631207628907923,0.6353157054234997,0.5954854513121123,0.6618692081644248,0.8727587467753823,0.8789647921657147,0.8634496786898839,0.08575132814396566,0.17066300922087096,0.1541231736306709,0.31126773539708863,0.0905212834601523,0.2596581377449173,0.09307919367121022,0.4152208308748398,0.962890625,0.6644987423944082,0.5389124149651904,0.7305448068300473,0.676447208270317,0.613930478909914,0.7164793317363798,7834bed80e444e1f,0.9966581115419719,0.9966581115419719,0.01917808219178082,1.4094874183918138,,,
adult,common_temperature_study,1204,0,0,512,8,2,0.004,0.0001,age,7.0,,B,analytic,hybrid,False,budget,cuda,0.983585895493744,age-local,common-temperature-soft,0.4293879272618389,0.31151821908973654,0.4588553543048645,0.614294989174498,0.586936015812143,0.6325343047494012,0.8382913749155458,0.8366474437227444,0.8407572717047478,0.08221710195348947,0.15185933757140224,0.14847688228829398,0.31977254449204595,0.08641501765827231,0.2528960377510595,0.08893084152458704,0.41566340471478663,0.96875,0.674194464360802,0.5369419463520906,0.761746821448314,0.6392607758994718,0.5697140648652027,0.6963945703580862,4fa75587edcc97f8,0.983585895493744,0.983585895493744,0.01917808219178082,1.3910005131661385,,,
adult,common_temperature_study,1204,0,0,512,8,2,0.006,0.0001,age,7.0,,B,analytic,hybrid,False,budget,cuda,0.9213931558048658,age-local,common-temperature-soft,0.4179442294699342,0.31007601844174193,0.4449112822269823,0.6231085602082181,0.6051630831183589,0.6350722116014578,0.8768459256572079,0.8794017790420326,0.8730121455799704,0.07656806858929925,0.14723198724740494,0.15442926324067494,0.30610066949204595,0.09345246016634448,0.26305850185799406,0.09536952153579166,0.4056667099467526,0.9609375,0.754201828708452,0.5138983336998083,0.7695473251028807,0.6974142399552034,0.628177181155132,0.7387138382163257,d883c6247d79843e,0.9213931558048658,0.9213931558048658,0.01917808219178082,1.3030466972169876,,,
adult,common_temperature_study,1204,0,0,512,8,2,0.008,0.0001,age,7.0,,B,analytic,hybrid,False,budget,cuda,0.8332362939521463,age-local,common-temperature-soft,0.36497998049874086,0.24512492514280454,0.39494374433772494,0.5715077918662859,0.5525110030480314,0.5841723177451222,0.8117040904658804,0.8259459838154904,0.7903412504414655,0.06473321681568642,0.12256246257140224,0.1347779355354328,0.31126773539708863,0.08257628559301003,0.2282947722805727,0.08407013694801435,0.3895395843585604,0.966796875,0.7030448922017999,0.5705182752938316,0.7448559670781894,0.6337632652873465,0.5806766502330067,0.7093544622566181,546d8c0d5c7b6749,0.8332362939521463,0.8332362939521463,0.01917808219178082,1.1783740675686203,,,
adult,common_temperature_study,1204,0,0,512,8,2,0.012,0.0001,age,7.0,,B,analytic,hybrid,False,budget,cuda,0.6635259079449397,age-local,common-temperature-soft,0.32392181645783424,0.1533900712486948,0.3665547527601191,0.5082174486364475,0.44216933753301396,0.5522495227054031,0.7574308482663841,0.7469570869930183,0.7731414901764326,0.02967692493587325,0.06005598454486827,0.1404783703835321,0.31196004449204595,0.07417596085841337,0.2107166472805727,0.07512393362374287,0.3717155552691681,0.96484375,0.7100800815305631,0.5262568146559318,0.740863583317978,0.6877767720278575,0.6065419414362156,0.68361894232541,6120f62571666316,0.6635259079449397,0.6635259079449397,0.01917808219178082,0.9383673380016556,,,
adult,common_temperature_study,1204,0,0,512,8,2,0.016,0.0001,age,7.0,,B,analytic,hybrid,False,budget,cuda,0.5365620056995036,age-local,common-temperature-soft,0.32023188455868806,0.18507601844174193,0.3540208510879246,0.5231893196056754,0.4621114023823783,0.5639079310878734,0.7740104694505867,0.7651321101539628,0.7873280083955224,0.04573622691583236,0.08935285954486827,0.12968967990734162,0.29633504449204595,0.07277459620551538,0.2141065745731222,0.07407358378865203,0.3541468832451286,0.95703125,0.7688679835090468,0.536127566906761,0.7707143295866348,0.6918749624934737,0.5987741238897523,0.701124009581721,39835559bd6701b8,0.5365620056995036,0.5365620056995036,0.01917808219178082,0.758813265514348,,,
adult,common_temperature_study,1204,0,0,512,8,2,0.023,0.0001,age,7.0,,B,analytic,hybrid,False,budget,cuda,0.39432816390346925,age-local,common-temperature-soft,0.2880477531324857,0.2158900712486948,0.3060871736034334,0.4847317233278054,0.43975687246637185,0.5147149572354277,0.7487596018748849,0.7408705012105111,0.7605932528714452,0.030653118976692074,0.06131871986518023,0.12782956085972255,0.29047566949204595,0.06940294851433605,0.20735587110742584,0.07025846081032486,0.3405675261460842,0.9609375,0.7570889582668147,0.5296286914516058,0.7667219458264234,0.6708118722818877,0.5910377844973006,0.726061052760887,d94601d50c850e92,0.39432816390346925,0.39432816390346925,0.01917808219178082,0.557664237417967,,,
adult,common_temperature_study,1204,0,0,512,8,2,0.032,0.0001,age,7.0,,B,analytic,hybrid,False,budget,cuda,0.29099917812507753,age-local,common-temperature-soft,0.2208747447177692,0.1377650712486948,0.24165216308503779,0.42464850707880347,0.3913978045728149,0.44681564208279595,0.662116404858424,0.6661553424364801,0.6560579984913397,0.019049705269215355,0.042962271973466026,0.0826286680025797,0.18696004449204595,0.04818443837160607,0.16016296795344265,0.048415286046761846,0.29239999161524916,0.958984375,0.7886075716450451,0.5656211872181951,0.7774706713346846,0.6565465955992481,0.5921047880168274,0.7355813524967754,d95ba010146a51d7,0.29099917812507753,0.29099917812507753,0.01917808219178082,0.4115349843439087,,,
adult,common_temperature_study,1204,0,0,512,8,2,0.05,0.0001,age,7.0,,B,analytic,hybrid,False,budget,cuda,0.1894636801989758,age-local,common-temperature-soft,0.200421215680855,0.06687770637552977,0.23380709300718627,0.40189707807413555,0.360040557244641,0.42980142529379856,0.6485049194613353,0.6399257730125094,0.661373639134574,0.008692574751170683,0.021726581214298935,0.09676557276448447,0.23774129449204595,0.050297704790205934,0.17989179776272957,0.05050912817869478,0.2834369428497481,0.966796875,0.7740894147225478,0.5279753666422389,0.7736625514403292,0.6250178829026904,0.5684605434213077,0.7215772986917266,cef31c8d1186691d,0.1894636801989758,0.1894636801989758,0.01917808219178082,0.2679421061145104,,,
adult,common_temperature_study,1204,0,0,512,8,2,0.08,0.0001,age,7.0,,B,analytic,hybrid,False,budget,cuda,0.1192922638438342,age-local,common-temperature-soft,0.2680020038695412,0.12845734675388487,0.30288816814845526,0.4990556956728702,0.46166165939208276,0.5239850531933952,0.733971394954241,0.735913451326188,0.7310583103963209,0.027791282235208437,0.05861798261777529,0.0822566441930559,0.18110066949204595,0.048777278177051006,0.1457016134604756,0.04932046818027545,0.2297891141275091,0.95703125,0.7279223987616521,0.5374178975925001,0.7543762668140778,0.5951372095897105,0.5630121426588988,0.6956575148946625,dfd565f1b21f658e,0.1192922638438342,0.1192922638438342,0.01917808219178082,0.16870473741413994,,,
adult,common_temperature_study,1204,0,0,512,8,2,0.12,0.0001,age,7.0,,B,analytic,hybrid,False,budget,cuda,0.07973902623905978,age-local,common-temperature-soft,0.3322857644647135,0.09379846523555059,0.3919075892720042,0.5575349765447454,0.48874712807490317,0.6033935421913068,0.8078458978256864,0.7932421867002436,0.8297514645138505,0.022886913444973823,0.04689923261777529,0.1179709299073416,0.23383504449204595,0.06570590280955044,0.18475031766322714,0.06611660010229889,0.222306156619418,0.966796875,0.7442939374189362,0.4343473742991634,0.7638965665499662,0.5609557844316185,0.5458960512813393,0.6791351882562496,0205ef589f55d1bf,0.07973902623905978,0.07973902623905978,0.01917808219178082,0.11276801235770244,,,
adult,common_temperature_study,1204,0,0,512,8,2,0.18,0.0001,age,7.0,,B,analytic,hybrid,False,budget,cuda,0.05322211275336612,age-local,common-temperature-soft,0.40968666505435786,0.29290732871138137,0.438881499140102,0.6289002038419016,0.5775662702114429,0.6631228262622074,0.8641644449434924,0.8682315819308806,0.8580637394624102,0.05949396718640777,0.13427473454486827,0.11927301324067494,0.24946004449204595,0.08068986054564528,0.2431304127510595,0.08144582834285363,0.20033053410993917,0.96484375,0.7068889060347294,0.45264161293746835,0.7643879368589153,0.6263084105993915,0.5429678841251149,0.7385295743504698,8c45ef7a5ddfcadd,0.05322211275336612,0.05322211275336612,0.01917808219178082,0.07526743367396044,,,
adult,common_temperature_study,1204,0,0,512,8,2,0.3,0.0001,age,7.0,,B,analytic,hybrid,False,budget,cuda,0.031952589463283214,age-local,common-temperature-soft,0.461968130028868,0.23339321908973654,0.5191118577636509,0.741722185753332,0.6586026632846569,0.7971352007324488,1.0278863447039492,1.0173556727678479,1.0436823526081014,0.04017841147729899,0.10035050922087096,0.16763610847877017,0.37250691949204595,0.09854089587563014,0.2760384276533997,0.09900753623236096,0.24471909055891072,0.935546875,0.6144872734997859,0.4330338487254492,0.7637737239727289,0.5007069627376973,0.48807710734731524,0.7094773048338554,3d75539b86cf34a2,0.031952589463283214,0.031952589463283214,0.01917808219178082,0.04518778537191478,,,
adult,common_temperature_study,1204,0,0,512,8,2,0.4,0.0001,age,7.0,,B,analytic,hybrid,False,budget,cuda,0.023968011557931847,age-local,common-temperature-soft,0.3934674620723543,0.1855203630765923,0.44545423682129476,0.6808856230038082,0.5998630377241877,0.7349006798568886,1.0103640027102143,0.998856748280204,1.02762488435523,0.02783365789731529,0.07641408121429882,0.2130889474401947,0.42650211039708863,0.11250344939815497,0.3509120581506051,0.1131954366390767,0.2465150745829657,0.94921875,0.5904183606025384,0.4330338487254492,0.7637737239727289,0.45090840545563915,0.4631295418076302,0.6362017075118236,69bee5aa035b271f,0.023968011557931847,0.023968011557931847,0.01917808219178082,0.03389588700834232,,,
adult,common_temperature_study,1205,0,0,512,8,2,0.0,0.0001,global,7.0,,B,global,hybrid,False,budget,cuda,1.0,hard,common-temperature-hard,0.44338718252871445,0.31542446908973654,0.4753778608884589,0.6690029069544254,0.6523655233669615,0.6800944960127348,0.9304239076607702,0.939511427238806,0.9167926282937165,0.0797989471915847,0.15113175922087096,0.15263507839257567,0.31908023539708863,0.09730307487018311,0.28160305244610273,0.09894776512426115,0.41923871652630573,0.974609375,0.5211200164934623,0.4534520594693363,0.7495239850132056,0.6009886772632144,0.5453563973668681,0.7005097966955347,b38e720fe3d1dce3,1.0,1.0,1.0,1.4142135623730951,,,
adult,common_temperature_study,1205,0,0,512,8,2,0.00025,0.0001,age,7.0,,B,analytic,hybrid,False,budget,cuda,1.0,age-local,common-temperature-soft,0.4207354431545974,0.1977151280633868,0.47649052192740005,0.6591782839275844,0.5929262709408206,0.7033462925854267,0.9048593596446779,0.8966889126896382,0.9171150300772373,0.05261635952366328,0.09762553935569074,0.1768166260116233,0.36595523539708863,0.09658533814734871,0.28997458214329586,0.0981619602882439,0.4094033782470578,0.96875,0.7030976679356681,0.557925971384144,0.7521651004238069,0.6826504584107771,0.6148002453483491,0.7151280633867698,2800fc1fc7f732a8,1.0,1.0,0.01917808219178082,1.4142135623730951,,,
adult,common_temperature_study,1205,0,0,512,8,2,0.0005,0.0001,age,7.0,,B,analytic,hybrid,False,budget,cuda,1.0,age-local,common-temperature-soft,0.4170161442018303,0.26320101844174193,0.4554699256418524,0.6394974155073399,0.5990434474041828,0.6664667275761113,0.9447642910063877,0.9572586607215977,0.9260227364335729,0.051828485255965916,0.11083723454486827,0.1738404355354328,0.3408189329202752,0.09608799142776087,0.2922586863138015,0.09754420612062507,0.40597661690285985,0.9765625,0.6210305862978388,0.4314157512414854,0.712241262821694,0.5990669839901759,0.5468484125897305,0.7035808611264665,b4c74695007c53da,1.0,1.0,0.01917808219178082,1.4142135623730951,,,
adult,common_temperature_study,1205,0,0,512,8,2,0.001,0.0001,age,7.0,,B,analytic,hybrid,False,budget,cuda,0.9999999906223348,age-local,common-temperature-soft,0.4333559344481297,0.3232499251428045,0.46088243677446095,0.6304725648378479,0.6161218646351576,0.6400396983063079,0.8831794202214237,0.8973233194239708,0.8619635714176035,0.0835204191966388,0.16162496257140224,0.15635531648781376,0.31908023539708863,0.09630837599048793,0.2767129821571157,0.09836311441237822,0.4154056647229636,0.97265625,0.7030694191177378,0.4834136443035051,0.7667219458264234,0.6673898552242853,0.5780027894002789,0.7226214605982434,e6edb20d521595e4,0.9999999906223348,0.9999999906223348,0.01917808219178082,1.4142135491110739,,,
adult,common_temperature_study,1205,0,0,512,8,2,0.0015,0.0001,age,7.0,,B,analytic,hybrid,False,budget,cuda,0.9999943971981148,age-local,common-temperature-soft,0.49116584323751605,0.31933071908973654,0.534124624274461,0.717271714344942,0.6668035449680609,0.7509171605961961,0.9532671806860759,0.9571433358541653,0.9474529479339413,0.08344567625204372,0.15381246257140224,0.1889073998211471,0.35618961039708863,0.10685022901017993,0.29927774802684126,0.10940034283856388,0.42167013935999575,0.974609375,0.67494827497161,0.5313054110420332,0.7418463239358761,0.6902611834268304,0.6146926276628486,0.7360727228057244,0e23c3e0b4527855,0.9999943971981148,0.9999943971981148,0.01917808219178082,1.4142056388146818,,,
adult,common_temperature_study,1205,0,0,512,8,2,0.002,0.0001,age,7.0,,B,analytic,hybrid,False,budget,cuda,0.9998630592747317,age-local,common-temperature-soft,0.46634598036054287,0.29198696908973654,0.5099357331782445,0.6862325621122782,0.6053244339644371,0.7401713142108388,0.9323815432866531,0.9148580976291383,0.9586667117729254,0.06938228052491804,0.13745988422087096,0.2000021799073416,0.38031941949204595,0.10418939878917192,0.3138223571571157,0.10684181891325523,0.42608026274958555,0.9765625,0.6104947808688382,0.4988906485115697,0.7125483692647872,0.6368381627102639,0.5858268847664891,0.6871813770652908,a15b45a61b6f3306,0.9998630592747317,0.9998630592747317,0.01917808219178082,1.4140198989421795,,,
adult,common_temperature_study,1205,0,0,512,8,2,0.0025,0.0001,age,7.0,,B,analytic,hybrid,False,budget,cuda,0.9990683483977406,age-local,common-temperature-soft,0.48405887230514094,0.35448696908973654,0.516451848108992,0.7049415106182054,0.66659546835652,0.7305055387926621,0.9611350558165961,0.9554741643505724,0.9696263930156317,0.09095966147729899,0.16943746257140224,0.17098432276448447,0.36078816949204595,0.10097787211464447,0.2802720579202753,0.10358605646301379,0.4265993248876502,0.96484375,0.6621892603890726,0.5178672003041969,0.6978686812849334,0.6055184306286606,0.543192486531732,0.6592961120324304,7499628806cb2317,0.9990683483977406,0.9990683483977406,0.01917808219178082,1.4128960080417734,,,
adult,common_temperature_study,1205,0,0,512,8,2,0.003,0.0001,age,7.0,,B,analytic,hybrid,False,budget,cuda,0.9966581115419719,age-local,common-temperature-soft,0.44668536177139,0.2862155273017628,0.48680282038879674,0.6557647958126037,0.609667950755482,0.6864960258506848,0.9126880547110128,0.9111187967697519,0.915041941622904,0.06445776929944633,0.13356011224740494,0.17644460220209948,0.34447086039708863,0.09383943669958208,0.27047668198360064,0.09615350183446825,0.417461809591307,0.978515625,0.6961892950989451,0.5335204954052565,0.7455316012529943,0.6641086431555372,0.6024488364544731,0.7110128370493213,c13c83cb3c60c288,0.9966581115419719,0.9966581115419719,0.01917808219178082,1.4094874183918138,,,
adult,common_temperature_study,1205,0,0,512,8,2,0.004,0.0001,age,7.0,,B,analytic,hybrid,False,budget,cuda,0.983585895493744,age-local,common-temperature-soft,0.46261967554204286,0.28809367514280454,0.5062511756418524,0.6769005330216202,0.6350081911046619,0.7048287609662593,0.9291288301931699,0.9276126520816698,0.9314030973604202,0.07068559776806736,0.14404683757140224,0.15970353077352803,0.35423648539708863,0.0931783183747774,0.2588193532722193,0.09509277453964873,0.4175951971972809,0.98046875,0.7111814926959765,0.5679034336781403,0.752656470732756,0.6741200995044225,0.6014953143255568,0.7204717154965912,6342d4e22cca19ff,0.983585895493744,0.983585895493744,0.01917808219178082,1.3910005131661385,,,
adult,common_temperature_study,1205,0,0,512,8,2,0.006,0.0001,age,7.0,,B,analytic,hybrid,False,budget,cuda,0.9213931558048658,age-local,common-temperature-soft,0.45076282361341435,0.35058071908973654,0.47580834974433384,0.6646417075502119,0.6254646184586329,0.690759766944598,0.912355516015601,0.8972956078660198,0.9349453782399729,0.0950519233820609,0.17456925922087096,0.169562161725909,0.36009586039708863,0.10123508681798171,0.28415371541213685,0.1039369960124168,0.4073657764834347,0.970703125,0.7612809490264613,0.550482280602059,0.7711442786069652,0.6749900313664337,0.5901902555931932,0.6997727412321111,704c29fca05bab80,0.9213931558048658,0.9213931558048658,0.01917808219178082,1.3030466972169876,,,
adult,common_temperature_study,1205,0,0,512,8,2,0.008,0.0001,age,7.0,,B,analytic,hybrid,False,budget,cuda,0.8332362939521463,age-local,common-temperature-soft,0.3702634109544868,0.16699992514280454,0.42107928240740733,0.593718881479946,0.537328188340704,0.6313126769061074,0.8609364203289109,0.856792666682022,0.8671520507992445,0.041109704910924506,0.08349996257140224,0.1494728760116233,0.32298648539708863,0.07926550860987888,0.22658805221577294,0.08065905485782628,0.39517896134541536,0.978515625,0.7127989936646119,0.5071046730186082,0.7535777900620355,0.6517257288602762,0.583430342385844,0.7002026902524415,8635bc9a2e95d83b,0.8332362939521463,0.8332362939521463,0.01917808219178082,1.1783740675686203,,,
adult,common_temperature_study,1205,0,0,512,8,2,0.012,0.0001,age,7.0,,B,analytic,hybrid,False,budget,cuda,0.6635259079449397,age-local,common-temperature-soft,0.36169422946993424,0.21241976844174193,0.39901284472698234,0.5412061269654812,0.5353048847199189,0.5451402884625227,0.7966798674451815,0.8201802602855067,0.7614292781846937,0.050386524534879976,0.10450544346170376,0.12410932276448447,0.26899129449204595,0.07323795164755297,0.207314123825318,0.07445621008252074,0.3957719896459241,0.98046875,0.7377702796089326,0.5712914810654198,0.758368650574289,0.672819566582422,0.6136488111704299,0.717277808488422,1ebcebfac61e5b71,0.6635259079449397,0.6635259079449397,0.01917808219178082,0.9383673380016556,,,
adult,common_temperature_study,1205,0,0,512,8,2,0.016,0.0001,age,7.0,,B,analytic,hybrid,False,budget,cuda,0.5365620056995036,age-local,common-temperature-soft,0.31091907361341437,0.18261196908973654,0.34299584974433384,0.49770346761562567,0.4267151055102574,0.5450290423525378,0.7453595016814077,0.7273389834520811,0.7723902790253976,0.038550438851451145,0.07397654378570107,0.15151900696400422,0.31908023539708863,0.07998521915317733,0.23987028591609852,0.08129387165357302,0.3635588100428627,0.966796875,0.735552235117149,0.5250268675721521,0.7583072292856704,0.6796162823593763,0.6014404589240099,0.7271052146674037,52680e486a786543,0.5365620056995036,0.5365620056995036,0.01917808219178082,0.758813265514348,,,
adult,common_temperature_study,1205,0,0,512,8,2,0.023,0.0001,age,7.0,,B,analytic,hybrid,False,budget,cuda,0.39432816390346925,age-local,common-temperature-soft,0.292519654812358,0.2212385218966894,0.3103399380412751,0.5096674709016644,0.4708427624608439,0.5355506098622115,0.7662303355905657,0.7639297564389985,0.7696812043179165,0.039041580658582466,0.08081925922087096,0.13719609029733756,0.32493961039708863,0.07308044860887052,0.21712149610742584,0.07438813442357395,0.3407397795341095,0.970703125,0.7713698543920848,0.5347878513770741,0.7738468153061852,0.6414257101043993,0.5812409483800178,0.7205945580738284,6216258a0726a077,0.39432816390346925,0.39432816390346925,0.01917808219178082,0.557664237417967,,,
adult,common_temperature_study,1205,0,0,512,8,2,0.032,0.0001,age,7.0,,B,analytic,hybrid,False,budget,cuda,0.29099917812507753,age-local,common-temperature-soft,0.24577104830784346,0.1308729308703397,0.27449557766721944,0.4507527226905596,0.4012738559325287,0.48373863386258004,0.7029600742429827,0.6912781690185902,0.7204829320795713,0.01844476955683079,0.044703901403476465,0.11722688228829399,0.25531941949204595,0.06244506000222707,0.19905895867882806,0.06291382225616927,0.32949097515752135,0.970703125,0.7391947644130132,0.53942737163355,0.7562189054726368,0.690284549862091,0.6124135304623292,0.7394508936797494,2e7b373d67eb863c,0.29099917812507753,0.29099917812507753,0.01917808219178082,0.4115349843439087,,,
adult,common_temperature_study,1205,0,0,512,8,2,0.05,0.0001,age,7.0,,B,analytic,hybrid,False,budget,cuda,0.1894636801989758,age-local,common-temperature-soft,0.2607268441741908,0.18798441242859776,0.278912452110589,0.5170647054081445,0.48180394324672937,0.5405718801824212,0.8000106047693631,0.8015450573137399,0.7977089259527977,0.029320222173231443,0.05517839045513173,0.13429372875847104,0.3546859884604754,0.07620509127555167,0.3018059778269149,0.07669221163992555,0.2922202942177327,0.98046875,0.7822126540067633,0.5445318739321149,0.7789447822615319,0.6450046638777494,0.5733796650091949,0.7399422639886984,1c2036b97e329908,0.1894636801989758,0.1894636801989758,0.01917808219178082,0.2679421061145104,,,
adult,common_temperature_study,1205,0,0,512,8,2,0.08,0.0001,age,7.0,,B,analytic,hybrid,False,budget,cuda,0.1192922638438342,age-local,common-temperature-soft,0.31058255213131875,0.18059490356857688,0.3430794642720042,0.5202583245040231,0.4534232891291997,0.5648150147539054,0.7695708859253118,0.7606000907883423,0.7830270786307659,0.025356663917332812,0.04684428935569074,0.12410932276448447,0.29438191949204595,0.06653564350673222,0.23337246541213685,0.067248456535791,0.25077315211614626,0.966796875,0.7726402148164737,0.4959702463143315,0.773539708863092,0.6201063836682941,0.5587321870162841,0.7231128309071925,fd40b897bdd815ad,0.1192922638438342,0.1192922638438342,0.01917808219178082,0.16870473741413994,,,
adult,common_temperature_study,1205,0,0,512,8,2,0.12,0.0001,age,7.0,,B,analytic,hybrid,False,budget,cuda,0.07973902623905978,age-local,common-temperature-soft,0.2972259170966157,0.16064066242859776,0.3313722307636202,0.5097200628800442,0.43477610980590875,0.5596826982628011,0.7351630399315152,0.7095267697648588,0.7736174451814999,0.032102860184673364,0.06541643153829624,0.12268716172590899,0.27611148539708863,0.06673633556518242,0.22392978203120203,0.06766317690345275,0.22661860167943945,0.962890625,0.6148218264878564,0.48421651319188563,0.7437503838830538,0.5903238912025318,0.5433208096805855,0.6697377310975984,fa477621fae45734,0.07973902623905978,0.07973902623905978,0.01917808219178082,0.11276801235770244,,,
adult,common_temperature_study,1205,0,0,512,8,2,0.18,0.0001,age,7.0,,B,analytic,hybrid,False,budget,cuda,0.05322211275336612,age-local,common-temperature-soft,0.4266229135956022,0.2051046369234077,0.48200248276365093,0.7147215312327252,0.6152435522042565,0.781040183918371,1.0072907789371046,0.9652600631743544,1.0703368525812296,0.029044066301356253,0.061778899676002696,0.15312717990734162,0.29047566949204595,0.07806388827693929,0.22946105698360064,0.07919621304454012,0.24175650693821746,0.958984375,0.51588200399749,0.43340479447331454,0.7633437749523985,0.4800332294755401,0.504353359485465,0.7126712118420244,457863bc5a690b1d,0.05322211275336612,0.05322211275336612,0.01917808219178082,0.07526743367396044,,,
adult,common_temperature_study,1205,0,0,512,8,2,0.3,0.0001,age,7.0,,B,analytic,hybrid,False,budget,cuda,0.031952589463283214,age-local,common-temperature-soft,0.37613010372520117,0.2026405875714023,0.4195024827636509,0.6453991376067194,0.59648132792826,0.6780110107256925,0.9062921791505435,0.9001913257145341,0.9154434593045575,0.050078812561969714,0.10132029378570118,0.13582807276448447,0.28461629449204595,0.07122843647931502,0.21579434041213685,0.07311756745182912,0.19771170101069274,0.958984375,0.455541127957945,0.4330338487254492,0.7637737239727289,0.4900469545118757,0.46869103231776243,0.7298691726552423,3d0546492a5d5ed5,0.031952589463283214,0.031952589463283214,0.01917808219178082,0.04518778537191478,,,
adult,common_temperature_study,1205,0,0,512,8,2,0.4,0.0001,age,7.0,,B,analytic,hybrid,False,budget,cuda,0.023968011557931847,age-local,common-temperature-soft,0.40141009842761505,0.2207166808703397,0.4465834528169339,0.6609269672087095,0.6178747106481481,0.689628471582417,0.9220839043593759,0.9282652132854247,0.9128119409703028,0.03970833753776681,0.09176616435569074,0.13949825753653838,0.31225731393188383,0.07899727794271694,0.22908245232172475,0.07991954051614614,0.22664589893590198,0.966796875,0.6174434255215002,0.4330338487254492,0.7637737239727289,0.5004571248390748,0.47762281583817895,0.7371168847122412,eabdccafbc09a718,0.023968011557931847,0.023968011557931847,0.01917808219178082,0.03389588700834232,,,
adult,common_temperature_study,1200,0,0,512,8,2,0.0,0.0006,global,7.0,,B,global,hybrid,False,budget,cuda,1.0,hard,common-temperature-hard,0.2747183737946072,0.25292446908973654,0.28016684997082486,0.4491264741109268,0.430673059759075,0.46142875034549463,0.6895173054480683,0.6804480283126547,0.7031212211511885,0.057590021490138955,0.12301616435569074,0.11499473943115113,0.26313191949204595,0.069223035431901,0.18533250030710646,0.0707073263039657,0.3504754045589566,0.984375,0.7709862057530151,0.5669704858268987,0.7777163564891592,0.6957093892923389,0.5964811159716188,0.7064676616915423,6f77a2b3d6af7206,1.0,1.0,1.0,1.4142135623730951,,,
adult,common_temperature_study,1200,0,0,512,8,2,0.00025,0.0006,age,7.0,,B,analytic,hybrid,False,budget,cuda,1.0,age-local,common-temperature-soft,0.2695340811375222,0.19823696908973654,0.28735835914946867,0.4538992681269579,0.4231143424467171,0.474422551913785,0.6880079972437196,0.6895115871900784,0.6857526123241815,0.04910698290587042,0.09521871257140224,0.11164652514543685,0.25531941949204595,0.06473205852909109,0.18627577294852898,0.06609246683313999,0.3524530887067317,0.982421875,0.752325969194779,0.5566288475909933,0.767459001289847,0.6781080756700313,0.6014680901259916,0.6946133529881456,62ccd6d83e3bf103,1.0,1.0,0.01917808219178082,1.4142135623730951,,,
adult,common_temperature_study,1200,0,0,512,8,2,0.0005,0.0006,age,7.0,,B,analytic,hybrid,False,budget,cuda,1.0,age-local,common-temperature-soft,0.28321077866838645,0.17571982871138142,0.31008351615763774,0.4686896103970886,0.43581001483708004,0.49060934077042767,0.7163701170075548,0.72542864541746,0.702782324392697,0.04219486004355063,0.08739973454486827,0.11983104895496066,0.25141316949204595,0.06705346725350463,0.1931385222805727,0.06826733570965687,0.36406202346029687,0.9765625,0.7889074356701651,0.6089748770795447,0.7871138136478103,0.7109816600142895,0.6379880150439692,0.7358270376512499,d2a62fc8179ab77c,1.0,1.0,0.01917808219178082,1.4142135623730951,,,
adult,common_temperature_study,1200,0,0,512,8,2,0.001,0.0006,age,7.0,,B,analytic,hybrid,False,budget,cuda,0.9999999906223348,age-local,common-temperature-soft,0.2869534465020576,0.1352151280633868,0.3248880261117253,0.4535971761562558,0.4088947742959585,0.4833987773964539,0.6974924518994533,0.6900208720415413,0.7086998216863215,0.027360042179607573,0.05661639238222471,0.10613210220209947,0.26634586039708863,0.05619089289074352,0.17032399249892516,0.057108734569013955,0.3605422196196992,0.9765625,0.7734405492021852,0.5551028938042794,0.7723112830907193,0.6263443123169237,0.5873912886399588,0.704993550764695,dc12f7a033aec4c3,0.9999999906223348,0.9999999906223348,0.01917808219178082,1.4142135491110739,,,
adult,common_temperature_study,1200,0,0,512,8,2,0.0015,0.0006,age,7.0,,B,analytic,hybrid,False,budget,cuda,0.9999943971981148,age-local,common-temperature-soft,0.23169799152386217,0.13665732871138142,0.25545815722698234,0.39810966387199803,0.36232706068423315,0.4219647326638413,0.628091698145077,0.6216056740474581,0.6378207342915055,0.030476110043550633,0.05661639238222471,0.08151259657400828,0.19672566949204595,0.046623380326886614,0.162741822331245,0.047438247542703385,0.3388257744716187,0.98046875,0.7700404035461781,0.4950101803778191,0.7675204225784656,0.7019539671816064,0.6326318033837872,0.7404950555862662,7108ff97b29197ff,0.9999943971981148,0.9999943971981148,0.01917808219178082,1.4142056388146818,,,
adult,common_temperature_study,1200,0,0,512,8,2,0.002,0.0006,age,7.0,,B,analytic,hybrid,False,budget,cuda,0.9998630592747317,age-local,common-temperature-soft,0.28843350761623976,0.17871867514280454,0.3158622157345986,0.46028758598980407,0.4374447568292795,0.47551613876348714,0.6923851997727413,0.7028584412044715,0.676675337625146,0.046802564923764486,0.08935933757140224,0.08946105515558597,0.22406941949204595,0.05854695065151135,0.1620018877449173,0.05938041668526473,0.3604651383254224,0.974609375,0.7907395732902094,0.5862454672680828,0.78127879122904,0.7047251950391646,0.6134474409548345,0.716786438179473,a9f51e40dd0bc798,0.9998630592747317,0.9998630592747317,0.01917808219178082,1.4140198989421795,,,
adult,common_temperature_study,1200,0,0,512,8,2,0.0025,0.0006,age,7.0,,B,analytic,hybrid,False,budget,cuda,0.9990683483977406,age-local,common-temperature-soft,0.2437618523892881,0.19042446908973654,0.257096198214176,0.3834133969427554,0.359799730610067,0.39915584116454766,0.6025355475707881,0.6133979744410663,0.5862419072653706,0.03601264053775802,0.06637553935569074,0.08604281648781373,0.22142398539708863,0.0513702199639453,0.15214629015416747,0.0522100033160184,0.34789927447770513,0.98046875,0.7645093853613413,0.5512127605233613,0.7708985934524907,0.7127142994847258,0.6255242079613637,0.7295006449235305,0cbfffa00159b89e,0.9990683483977406,0.9990683483977406,0.01917808219178082,1.4128960080417734,,,
adult,common_temperature_study,1200,0,0,512,8,2,0.003,0.0006,age,7.0,,B,analytic,hybrid,False,budget,cuda,0.9966581115419719,age-local,common-temperature-soft,0.22834621260979054,0.1001577279497574,0.26039333377479884,0.4058314954932129,0.37498170557321414,0.4263980221065455,0.6338927229208894,0.6342320675429437,0.6333837059878079,0.020255612187446075,0.04639058757140224,0.09701751886876611,0.24290836039708863,0.05411598376656932,0.15645429776272957,0.0545090778327899,0.34472969953687327,0.98046875,0.7545258850965216,0.45148658460705327,0.7609483446962717,0.6557350432336554,0.5822794803089621,0.7101529390086604,2c150a0740839053,0.9966581115419719,0.9966581115419719,0.01917808219178082,1.4094874183918138,,,
adult,common_temperature_study,1200,0,0,512,8,2,0.004,0.0006,age,7.0,,B,analytic,hybrid,False,budget,cuda,0.983585895493744,age-local,common-temperature-soft,0.2469852224218414,0.10059367514280453,0.28358310924160063,0.39687382435814755,0.34884268856335604,0.4288945815546752,0.6286120756172838,0.6245164673034006,0.6347554880881089,0.026600776339495938,0.05029683757140224,0.09881170371686541,0.22797566949204595,0.05133365096826973,0.15335060327221928,0.05232257175608807,0.35329307436221424,0.9765625,0.7510824775572447,0.5680214600952388,0.7643879368589153,0.670229666444398,0.5942868817908391,0.7159879614274307,ad2e5f2bdca53b64,0.983585895493744,0.983585895493744,0.01917808219178082,1.3910005131661385,,,
adult,common_temperature_study,1200,0,0,512,8,2,0.006,0.0006,age,7.0,,B,analytic,hybrid,False,budget,cuda,0.9213931558048658,age-local,common-temperature-soft,0.1972539405595479,0.11136759297647562,0.21872552745531598,0.37111457565567224,0.3376046921065967,0.3934544980217227,0.6249644428321356,0.6240045032681244,0.6264043521781524,0.01804537122953719,0.04566948724740494,0.09620753705019876,0.25727254449204595,0.05195567589636435,0.18343395867882806,0.05240530878710378,0.3241795801546163,0.97265625,0.786193311825758,0.47891491061619895,0.7704072231435416,0.7230367960194886,0.6265844945699482,0.7508752533628156,02cabb471bcb9379,0.9213931558048658,0.9213931558048658,0.01917808219178082,1.3030466972169876,,,
adult,common_temperature_study,1200,0,0,512,8,2,0.008,0.0006,age,7.0,,B,analytic,hybrid,False,budget,cuda,0.8332362939521463,age-local,common-temperature-soft,0.20528918870155394,0.11671604362447023,0.22743247497082486,0.4104993454793931,0.3896465180847307,0.42440123040916816,0.6622939747635279,0.6643430145440493,0.6592204150927462,0.024392317695765726,0.05420308757140224,0.0865349180025797,0.23383504449204595,0.05130014498505626,0.17479167146520486,0.05166218610367508,0.3351665922992324,0.96484375,0.7134494064925444,0.48195251498919195,0.7679503715987961,0.6798808092251314,0.5990893440818784,0.7478656102205025,71f742f5ff1999ab,0.8332362939521463,0.8332362939521463,0.01917808219178082,1.1783740675686203,,,
adult,common_temperature_study,1200,0,0,512,8,2,0.012,0.0006,age,7.0,,B,analytic,hybrid,False,budget,cuda,0.6635259079449397,age-local,common-temperature-soft,0.17854237685031626,0.15924884643142312,0.18336575945503955,0.37073088454333275,0.37159561711120326,0.3701543961647524,0.6170268929273387,0.620989701697275,0.6110826797724341,0.022355269690641416,0.06008669518917753,0.06657254219788769,0.21947086039708863,0.04516311606614474,0.19116980203150924,0.04510231518598124,0.2985982757594499,0.9765625,0.7895986848722039,0.5553903180337012,0.777409250046066,0.7167547481955571,0.6593688295187239,0.7575087525336281,5b4f92d55ff6bee5,0.6635259079449397,0.6635259079449397,0.01917808219178082,0.9383673380016556,,,
adult,common_temperature_study,1200,0,0,512,8,2,0.016,0.0006,age,7.0,,B,analytic,hybrid,False,budget,cuda,0.5365620056995036,age-local,common-temperature-soft,0.16013254522142376,0.1333098684816657,0.16683821440636326,0.34602901772004174,0.3432760243919292,0.34786434660545007,0.5694218433296481,0.5738443040712077,0.5627881522173086,0.03081376717968064,0.06253071064430926,0.08076854895496066,0.16742879449204595,0.04369998029922616,0.13766418198360064,0.04475138706166915,0.2892277229741922,0.9609375,0.7582610228413962,0.5482050099132899,0.7686260057736012,0.6995216310461827,0.6318084617093166,0.7453473373871384,bd5dd659d3d2ee2b,0.5365620056995036,0.5365620056995036,0.01917808219178082,0.758813265514348,,,
adult,common_temperature_study,1200,0,0,512,8,2,0.023,0.0006,age,7.0,,B,analytic,hybrid,False,budget,cuda,0.39432816390346925,age-local,common-temperature-soft,0.17070065375284071,0.21440780280695287,0.1597738664893127,0.34323643645199925,0.39226927908681897,0.3105478746954528,0.5666411624362754,0.6170002370477857,0.4911025505190099,0.04144067836888456,0.09399220621429893,0.06354284802106458,0.1710922384604754,0.045296159073338,0.14135845655979362,0.045921863779567265,0.27215455541752126,0.96484375,0.7923412457205968,0.6123032469806982,0.7902462993673607,0.7410714603091562,0.6613209867545833,0.7584300718629077,cf6ca43a2d22003a,0.39432816390346925,0.39432816390346925,0.01917808219178082,0.557664237417967,,,
adult,common_temperature_study,1200,0,0,512,8,2,0.032,0.0006,age,7.0,,B,analytic,hybrid,False,budget,cuda,0.29099917812507753,age-local,common-temperature-soft,0.16636824557766725,0.2578739212886186,0.1434918266499294,0.3084028641514649,0.35648723972728946,0.2763466137675818,0.5177279353617714,0.5410997593693058,0.4826701993504699,0.04969502090883032,0.10158673261777529,0.05818749661817308,0.1652328634604754,0.046536990318208245,0.14336028672225293,0.04718083974823376,0.2596900156389594,0.97265625,0.7886352140856845,0.5373693195299717,0.7771021436029728,0.6889525794139928,0.6014405595822332,0.750629568208341,05fcfd12bb9a220c,0.29099917812507753,0.29099917812507753,0.01917808219178082,0.4115349843439087,,,
adult,common_temperature_study,1200,0,0,512,8,2,0.05,0.0006,age,7.0,,B,analytic,hybrid,False,budget,cuda,0.1894636801989758,age-local,common-temperature-soft,0.22464020560776365,0.16803017128861858,0.2387927141875499,0.41632335525305575,0.3895940940551871,0.4341428627183015,0.6417306551732079,0.6433581273800749,0.6392894468629077,0.038814586952802106,0.07228985761777529,0.0854763947568156,0.23924479646520483,0.05337947072293695,0.19778146785363315,0.05414173334309973,0.24554221129934564,0.96484375,0.7793305009240982,0.5744242292188692,0.7778391990663964,0.6739247101046084,0.592380765769174,0.6768626005773601,83ecd053adb41a03,0.1894636801989758,0.1894636801989758,0.01917808219178082,0.2679421061145104,,,
adult,common_temperature_study,1200,0,0,512,8,2,0.08,0.0006,age,7.0,,B,analytic,hybrid,False,budget,cuda,0.1192922638438342,age-local,common-temperature-soft,0.32377747642958055,0.35943642128861863,0.31486274021482097,0.5041644833317978,0.5244118431760949,0.4906662434355998,0.6828702743996069,0.7018406312700899,0.6544147390938824,0.0722024613850208,0.14111589045513173,0.06775890078560753,0.14744792146520483,0.058016512516293715,0.15403535466955343,0.05905687500055636,0.18676320193067308,0.9609375,0.7866457215586573,0.5596152855939697,0.7814016338062773,0.6937989244539625,0.6373717821755299,0.7681960567532706,49b35fa554f35f32,0.1192922638438342,0.1192922638438342,0.01917808219178082,0.16870473741413994,,,
adult,common_temperature_study,1200,0,0,512,8,2,0.12,0.0006,age,7.0,,B,analytic,hybrid,False,budget,cuda,0.07973902623905978,age-local,common-temperature-soft,0.37699926294453656,0.20707971523555058,0.41947914987178303,0.6292453866854002,0.5604868932728333,0.675084382293778,0.8395399545482464,0.8185014917055667,0.8710976488122657,0.04762649677830716,0.10353985761777529,0.12262122752638922,0.28656941949204595,0.07398545345241267,0.23902778257631593,0.07495401073066794,0.16331288483914863,0.953125,0.5985191848365532,0.4772248701007478,0.7594742337694245,0.5219576535373438,0.5133012317639581,0.7162336465819052,819e08b26aac92e8,0.07973902623905978,0.07973902623905978,0.01917808219178082,0.11276801235770244,,,
adult,common_temperature_study,1200,0,0,512,8,2,0.18,0.0006,age,7.0,,B,analytic,hybrid,False,budget,cuda,0.05322211275336612,age-local,common-temperature-soft,0.40662231857686876,0.19629428091026346,0.45920432799352007,0.6980002092162643,0.6383156435223574,0.737789919678869,0.93705954218107,0.924261113094507,0.9562571858109146,0.04229837136700389,0.09032816242859776,0.1295036680025797,0.3420797488253179,0.07392999062071856,0.261889697922425,0.0749709496697684,0.15073339816484457,0.9609375,0.7221560957331739,0.4330338487254492,0.7637737239727289,0.5147629974358605,0.4724583018839224,0.6964559916467048,986fd8c5daa9c58e,0.05322211275336612,0.05322211275336612,0.01917808219178082,0.07526743367396044,,,
adult,common_temperature_study,1200,0,0,512,8,2,0.3,0.0006,age,7.0,,B,analytic,hybrid,False,budget,cuda,0.031952589463283214,age-local,common-temperature-soft,0.44688205385111485,0.34814066242859776,0.47156740170674405,0.7409231571693999,0.7405253463584853,0.7411883643766762,1.033955439814815,1.0516545439597282,1.0074067835974447,0.08381416970848289,0.16256955481082247,0.1486628941930559,0.3225484988253179,0.08447701648632348,0.22942770714329586,0.0872388873962753,0.1662826278534026,0.951171875,0.33191147267925303,0.4330338487254492,0.7637737239727289,0.3461550975106958,0.38978888649199644,0.5244763835145262,4c26eddfe979ab59,0.031952589463283214,0.031952589463283214,0.01917808219178082,0.04518778537191478,,,
adult,common_temperature_study,1200,0,0,512,8,2,0.4,0.0006,age,7.0,,B,analytic,hybrid,False,budget,cuda,0.023968011557931847,age-local,common-temperature-soft,0.45590119426018055,0.2757871042165715,0.5009297167710829,0.7446001090227873,0.6523217367061298,0.806119023900559,1.041556516222898,1.019194352632414,1.0750997616086235,0.05307138661849485,0.11520366435569074,0.15722192105682642,0.3655172488253179,0.08841879416657232,0.2689298732034273,0.08987339065971045,0.14270491175888902,0.951171875,0.3728382806401922,0.4330338487254492,0.7637737239727289,0.5426270794297795,0.4474171053302565,0.7530864197530864,e60dd818efc4ed5b,0.023968011557931847,0.023968011557931847,0.01917808219178082,0.03389588700834232,,,
adult,common_temperature_study,1201,0,0,512,8,2,0.0,0.0006,global,7.0,,B,global,hybrid,False,budget,cuda,1.0,hard,common-temperature-hard,0.2707555010441619,0.09127299459492662,0.3156261276564707,0.4446250134359069,0.38292118688962595,0.48576089780009424,0.6722754859959461,0.6633679115994103,0.6856368475907499,0.014789140350569309,0.036867168785701065,0.09738954267828992,0.21556461039708863,0.052136207021811265,0.16426679776272957,0.05247995784725634,0.35697584381093805,0.97265625,0.7591578339450425,0.5801473580443941,0.7581843867084331,0.6497819028161207,0.6030354534961475,0.7127940544192617,5d3d61abe1022acf,1.0,1.0,1.0,1.4142135623730951,,,
adult,common_temperature_study,1201,0,0,512,8,2,0.00025,0.0006,age,7.0,,B,analytic,hybrid,False,budget,cuda,1.0,age-local,common-temperature-soft,0.26458184578649957,0.1313947718966894,0.2978786142589521,0.44761522249861807,0.39888382403184697,0.4801028214764654,0.6963093243274369,0.6958740889175522,0.696962177442264,0.028666215695479124,0.06200910954486827,0.10036573315448043,0.25853336039708863,0.05544652101673544,0.2013257881119096,0.056235169139191465,0.34390246059184193,0.970703125,0.7640300963868069,0.5072107590558012,0.7695473251028807,0.6745408417060446,0.6155502459543062,0.7323260241999877,d440f8e7516be06f,1.0,1.0,0.01917808219178082,1.4142135623730951,,,
adult,common_temperature_study,1201,0,0,512,8,2,0.0005,0.0006,age,7.0,,B,analytic,hybrid,False,budget,cuda,1.0,age-local,common-temperature-soft,0.2543947411860451,0.12403117514280453,0.2869856326968552,0.45604582220072476,0.4076052871253301,0.4883395122509879,0.6816976076408083,0.6783552258639928,0.6867111803060315,0.03218113348235308,0.06201558757140224,0.12262122752638922,0.28266316949204595,0.06303553807816968,0.17282043198360064,0.06428472437610025,0.34575480750314885,0.966796875,0.7770654099183669,0.5039380261017189,0.7731097598427615,0.6960724942869849,0.6052961899677348,0.754499109391315,01e47b45f7706416,1.0,1.0,0.01917808219178082,1.4142135623730951,,,
adult,common_temperature_study,1201,0,0,512,8,2,0.001,0.0006,age,7.0,,B,analytic,hybrid,False,budget,cuda,0.9999999906223348,age-local,common-temperature-soft,0.26039272196118174,0.12697963692340763,0.2937459932206252,0.4378328985857749,0.4012161535109944,0.4622440619689618,0.6768761564476998,0.6807859253756935,0.6710115030557091,0.02530614216542213,0.04959996986518023,0.10445799505924233,0.25072086039708863,0.057558742311544966,0.19368399610742584,0.058195553294222116,0.34527174383076564,0.962890625,0.7622380214870838,0.54821664243467,0.7530249984644678,0.6718032468785683,0.5917737152345353,0.7228057244640993,9680edc736ecc17c,0.9999999906223348,0.9999999906223348,0.01917808219178082,1.4142135491110739,,,
adult,common_temperature_study,1201,0,0,512,8,2,0.0015,0.0006,age,7.0,,B,analytic,hybrid,False,budget,cuda,0.9999943971981148,age-local,common-temperature-soft,0.24857804918309684,0.2002650712486948,0.26065629366669735,0.42773358324120136,0.4004475476590812,0.4459242736292815,0.6514914576423438,0.6530213835657105,0.6491965687572938,0.03599671396105891,0.07106011224740494,0.10811229895496066,0.25531941949204595,0.05760308744170029,0.15798875030710646,0.058859732573553286,0.34556667879500663,0.9609375,0.7281405482194357,0.5636793770177814,0.7665991032491861,0.6789762720384167,0.6054938091667519,0.727228057244641,f3fea0d2248643af,0.9999943971981148,0.9999943971981148,0.01917808219178082,1.4142056388146818,,,
adult,common_temperature_study,1201,0,0,512,8,2,0.002,0.0006,age,7.0,,B,analytic,hybrid,False,budget,cuda,0.9998630592747317,age-local,common-temperature-soft,0.2212047401879491,0.15136196908973654,0.23866543296250226,0.40157015366838633,0.3675249571970395,0.4242669513159511,0.6358600036085007,0.6326587068515447,0.6406619487439347,0.035268592918710394,0.07223491435569074,0.09218120934495659,0.22337711039708863,0.05484559496720091,0.17402642459001294,0.055617708546734174,0.3372390701498811,0.96484375,0.7191917576180329,0.543227914861411,0.755850377740925,0.6889947226357088,0.6181670194824416,0.7350285608992077,5245593ad6549b03,0.9998630592747317,0.9998630592747317,0.01917808219178082,1.4140198989421795,,,
adult,common_temperature_study,1201,0,0,512,8,2,0.0025,0.0006,age,7.0,,B,analytic,hybrid,False,budget,cuda,0.9990683483977406,age-local,common-temperature-soft,0.19642547294392235,0.08791713692340768,0.22355255694905102,0.3777190196778454,0.33672254084515696,0.40505000556630427,0.6127961177906763,0.6095359509678971,0.6176863680248449,0.0195097822542198,0.03785698724740494,0.07258402514543685,0.18110066949204595,0.03914192723185953,0.13958395714329586,0.039742359968204646,0.3374813446559896,0.96484375,0.785512287399417,0.6053314895888071,0.7882193968429457,0.7019568840654713,0.6266029591676333,0.7382838891959953,810a3346dde2c323,0.9990683483977406,0.9990683483977406,0.01917808219178082,1.4128960080417734,,,
adult,common_temperature_study,1201,0,0,512,8,2,0.003,0.0006,age,7.0,,B,analytic,hybrid,False,budget,cuda,0.9966581115419719,age-local,common-temperature-soft,0.2277467792211781,0.17182653476444942,0.24172684033536024,0.43013505965542664,0.42438115652447644,0.43397099507606,0.6614362120723543,0.6740565754048687,0.6425056670735827,0.04017112226931189,0.08591326738222471,0.11096841172590899,0.26634586039708863,0.06174081631173241,0.197973649307475,0.06294333376267831,0.331155868477595,0.966796875,0.7486876009017039,0.5734957284691757,0.774215343037897,0.6935122439075287,0.6178407056602546,0.7309133345617591,2b281a489ef8c3c1,0.9966581115419719,0.9966581115419719,0.01917808219178082,1.4094874183918138,,,
adult,common_temperature_study,1201,0,0,512,8,2,0.004,0.0006,age,7.0,,B,analytic,hybrid,False,budget,cuda,0.983585895493744,age-local,common-temperature-soft,0.26663614796388424,0.09523226844174192,0.30948711784441985,0.44049030503347464,0.38606980769378424,0.47677063659326824,0.6840621353110988,0.682362365129087,0.6866117905841165,0.018020453106308548,0.03857160954486827,0.11592479895496066,0.27680379449204595,0.06292154015343626,0.20344962110742584,0.06327380849058395,0.3457298593645967,0.95703125,0.7709441357147652,0.5451033230793382,0.7756280326761256,0.6817593869818324,0.626781678078977,0.7536392113506541,65b39e5ae875c717,0.983585895493744,0.983585895493744,0.01917808219178082,1.3910005131661385,,,
adult,common_temperature_study,1201,0,0,512,8,2,0.006,0.0006,age,7.0,,B,analytic,hybrid,False,budget,cuda,0.9213931558048658,age-local,common-temperature-soft,0.218307190897365,0.14352499654505252,0.23700273948544312,0.3686928014249739,0.33835044492045946,0.3889210390946502,0.5989106838492722,0.5966360407965318,0.6023226484283828,0.026369372548632485,0.055428634220870965,0.07537420371686541,0.19281941949204595,0.04430560532542771,0.14486222917050562,0.04487657774345563,0.33915206257975017,0.96484375,0.7619659671790974,0.43399300646970873,0.763589460106873,0.6832149538494608,0.5961403489999217,0.7243412566795652,be2bc13310076990,0.9213931558048658,0.9213931558048658,0.01917808219178082,1.3030466972169876,,,
adult,common_temperature_study,1201,0,0,512,8,2,0.008,0.0006,age,7.0,,B,analytic,hybrid,False,budget,cuda,0.8332362939521463,age-local,common-temperature-soft,0.20929697576930165,0.07962022449480992,0.24171616358792455,0.3920321713193293,0.33682900841087776,0.42883427992496365,0.6272753468383392,0.6178475789135597,0.6414169987255083,0.021695790594353337,0.03981011224740494,0.11257658466924637,0.27094441949204595,0.059984551340293325,0.18587149610742584,0.06060643275694607,0.3223140229153479,0.96484375,0.7628038760472815,0.5113163833351472,0.7689331122166944,0.6726889863692658,0.6098128417527378,0.7425219581106811,ffa3dca6321c7b52,0.8332362939521463,0.8332362939521463,0.01917808219178082,1.1783740675686203,,,
adult,common_temperature_study,1201,0,0,512,8,2,0.012,0.0006,age,7.0,,B,analytic,hybrid,False,budget,cuda,0.6635259079449397,age-local,common-temperature-soft,0.1684382389748787,0.05121719719304711,0.1977434994203366,0.39068531762483877,0.345243485024722,0.42097987269158316,0.6612862817471286,0.656557346370002,0.6683796848128187,0.011758726393020197,0.023406789355690738,0.09695158466924637,0.27875691949204595,0.05520123574044202,0.24386386931085313,0.05512766354832821,0.29650116018782396,0.962890625,0.7529826967103612,0.49302369968165016,0.7730483385541429,0.6826934171054015,0.5850854588782596,0.7056691849395,39792592174d9f68,0.6635259079449397,0.6635259079449397,0.01917808219178082,0.9383673380016556,,,
adult,common_temperature_study,1201,0,0,512,8,2,0.016,0.0006,age,7.0,,B,analytic,hybrid,False,budget,cuda,0.5365620056995036,age-local,common-temperature-soft,0.1494991285854677,0.0922593341164548,0.16380907720272092,0.3303784415115779,0.3104119161138751,0.3436894584433798,0.5621046004545175,0.5637228674656553,0.559677199937811,0.018501140955276545,0.037351581214298935,0.06436010762252817,0.19281941949204595,0.036728224447037806,0.17159824431085313,0.03713712878111298,0.30007631485293895,0.962890625,0.7850185499177105,0.5430286434254245,0.7801117867452859,0.7142360032961833,0.6378871993563507,0.7486640869725447,61e92854071f5c08,0.5365620056995036,0.5365620056995036,0.01917808219178082,0.758813265514348,,,
adult,common_temperature_study,1201,0,0,512,8,2,0.023,0.0006,age,7.0,,B,analytic,hybrid,False,budget,cuda,0.39432816390346925,age-local,common-temperature-soft,0.1567259190160309,0.22271767128861858,0.140227980947884,0.3349378925204226,0.3720461398639519,0.3101990609580697,0.5828390599087895,0.6222056512703971,0.5237891728663779,0.03395521017048792,0.0842330592408328,0.046825312279724245,0.1437484884604754,0.04129690012867135,0.1370971147349671,0.04121806196314393,0.2852258987965076,0.9609375,0.7803033810134069,0.5787459476369717,0.783797064062404,0.7017935908429501,0.6189125999501955,0.7350285608992077,c94c4192b1f5b1d1,0.39432816390346925,0.39432816390346925,0.01917808219178082,0.557664237417967,,,
adult,common_temperature_study,1201,0,0,512,8,2,0.032,0.0006,age,7.0,,B,analytic,hybrid,False,budget,cuda,0.29099917812507753,age-local,common-temperature-soft,0.19651208655795097,0.20020053091026346,0.19558997546987283,0.39245266721945826,0.37729766004084514,0.4025560053385337,0.646332861157177,0.6511332787579592,0.639132234756004,0.04006622850986103,0.08596821064430926,0.06980576294380535,0.21821004449204595,0.053524463831148006,0.20100776499447215,0.05364720573512064,0.27624858555413834,0.966796875,0.7959689919563008,0.6144983173086254,0.790184878078742,0.7202217626300549,0.6223715791942692,0.7332473435292672,37c7b4ec91593ce7,0.29099917812507753,0.29099917812507753,0.01917808219178082,0.4115349843439087,,,
adult,common_temperature_study,1201,0,0,512,8,2,0.05,0.0006,age,7.0,,B,analytic,hybrid,False,budget,cuda,0.1894636801989758,age-local,common-temperature-soft,0.21448966586818993,0.1762786184816657,0.224042427714821,0.40263996376143973,0.418367568503931,0.39215489393311226,0.6185470938133407,0.6466750769045718,0.5763551191764941,0.044578648132061596,0.08401508564430926,0.07932691956151047,0.2257797384604754,0.05434836413067779,0.18626773539708874,0.05500961801903503,0.2458870324394401,0.962890625,0.7849510120332438,0.6143504348480018,0.7800503654566673,0.722942431167291,0.6472418902962294,0.7511209385172901,c093c91d29083ab0,0.1894636801989758,0.1894636801989758,0.01917808219178082,0.2679421061145104,,,
adult,common_temperature_study,1201,0,0,512,8,2,0.08,0.0006,age,7.0,,B,analytic,hybrid,False,budget,cuda,0.1192922638438342,age-local,common-temperature-soft,0.3266627414624409,0.21532816242859776,0.3544963862209017,0.5196644334270009,0.48385723773109757,0.5435358972242695,0.7161020226798108,0.7145256469069263,0.7184665863391376,0.04828882072222663,0.10595964045513173,0.08475546009663618,0.22533023539708863,0.05759149097444806,0.19039855698360064,0.05836806918618574,0.19024773593490957,0.951171875,0.7757316935218623,0.6040595163215541,0.7724955469565752,0.6998781704384379,0.6190670181032778,0.7575087525336281,7a8132220ee0435f,0.1192922638438342,0.1192922638438342,0.01917808219178082,0.16870473741413994,,,
adult,common_temperature_study,1201,0,0,512,8,2,0.12,0.0006,age,7.0,,B,analytic,hybrid,False,budget,cuda,0.07973902623905978,age-local,common-temperature-soft,0.3935794599533199,0.3637527063755298,0.40103614834776735,0.6019755821586512,0.6308849272157729,0.5827026854539032,0.7948853821171917,0.8192577013338656,0.7583269032921811,0.06223555484628594,0.14549455653829624,0.06964213279209479,0.20189273539708863,0.06399719233070253,0.20390716172225293,0.06416603159057103,0.1438452726645975,0.95703125,0.7668447324945672,0.433014104126763,0.7637123026841103,0.5665040843692453,0.5145388980516031,0.7405564768748848,e8d68a85700c44cf,0.07973902623905978,0.07973902623905978,0.01917808219178082,0.11276801235770244,,,
adult,common_temperature_study,1201,0,0,512,8,2,0.18,0.0006,age,7.0,,B,analytic,hybrid,False,budget,cuda,0.05322211275336612,age-local,common-temperature-soft,0.4746072876358946,0.35739536307659237,0.5039102687757202,0.7864200170060193,0.7316093025420736,0.8229604933153164,1.0504904345940052,1.0262399662566795,1.0868661370999937,0.08732480308627354,0.16524378013481977,0.19076751886876617,0.44408023539708863,0.11537965509561318,0.3636581751735152,0.11743761212882245,0.15104211146365093,0.927734375,0.71810572543529,0.4348753244643,0.7639579878385848,0.6669089666682767,0.560930073355905,0.7107057306062281,62f1b54f75e0d471,0.05322211275336612,0.05322211275336612,0.01917808219178082,0.07526743367396044,,,
adult,common_temperature_study,1201,0,0,512,8,2,0.3,0.0006,age,7.0,,B,analytic,hybrid,False,budget,cuda,0.031952589463283214,age-local,common-temperature-soft,0.5270387069283214,0.39501566242859776,0.5600444680532523,0.8874491594880535,0.8470524739343407,0.9143802831905288,1.1854674591932313,1.1852017801297012,1.1858659777885263,0.08642126119841709,0.18260393153829624,0.22983001886876608,0.44603336039708863,0.12519046224968913,0.37790371541213685,0.12805439075263716,0.16856025544784842,0.931640625,0.612374655018368,0.4330338487254492,0.7637737239727289,0.453793067685715,0.4761110812681151,0.6988514219028316,659470974e611e3d,0.031952589463283214,0.031952589463283214,0.01917808219178082,0.04518778537191478,,,
adult,common_temperature_study,1201,0,0,512,8,2,0.4,0.0006,age,7.0,,B,analytic,hybrid,False,budget,cuda,0.023968011557931847,age-local,common-temperature-soft,0.49451599064860885,0.23145053091026346,0.5602823555831952,0.832813387729562,0.7261486860642774,0.9039231888397518,1.1179633516445553,1.0885699780418896,1.1620534120485535,0.04690253446904221,0.09789845621429893,0.17861081085972255,0.38422566949204595,0.09082149078050444,0.27539734295344265,0.09272889790084164,0.16757969136355047,0.951171875,0.4430791127905671,0.4330338487254492,0.7637737239727289,0.3863460143552505,0.4361273462593279,0.5869418340396781,37d8503c82904e3e,0.023968011557931847,0.023968011557931847,0.01917808219178082,0.03389588700834232,,,
adult,common_temperature_study,1202,0,0,512,8,2,0.0,0.0006,global,7.0,,B,global,hybrid,False,budget,cuda,1.0,hard,common-temperature-hard,0.2575482924881764,0.1586526280633868,0.2822722085943738,0.4542528244195688,0.416762877357042,0.47924612246125337,0.6895206164394079,0.6962936011173556,0.6793611394224863,0.03141100238080615,0.05934136224740494,0.10402003705019876,0.22797566949204595,0.05782955940166336,0.166298498825318,0.05868920812460588,0.3554848833365612,0.978515625,0.7120789938151607,0.5055262816274694,0.7724955469565752,0.6676035509454155,0.5749690625392366,0.7317118113138014,242747d199c6a2fd,1.0,1.0,1.0,1.4142135623730951,,,
adult,common_temperature_study,1202,0,0,512,8,2,0.00025,0.0006,age,7.0,,B,analytic,hybrid,False,budget,cuda,1.0,age-local,common-temperature-soft,0.2976055774368896,0.1664651280633868,0.3303906897802653,0.48186013412873907,0.4352294516998342,0.5129472557480089,0.7205241395261347,0.7224649082903385,0.7176129863798293,0.02457469642162497,0.05177106846170376,0.1022958765841574,0.24164754449204595,0.057136071618162684,0.16131281766322714,0.05768382943422602,0.3576431320365116,0.982421875,0.7748093727528756,0.5499501606850825,0.7779006203550151,0.7000528907364578,0.6351695847549174,0.7560346416067809,05abc920f794f27b,1.0,1.0,0.01917808219178082,1.4142135623730951,,,
adult,common_temperature_study,1202,0,0,512,8,2,0.0005,0.0006,age,7.0,,B,analytic,hybrid,False,budget,cuda,1.0,age-local,common-temperature-soft,0.23420364420183035,0.09132601844174192,0.26992305064185246,0.42637859602450706,0.36837489827099074,0.4650477278601847,0.658768824665254,0.6520673542012161,0.6688210303613107,0.018764500725356164,0.04200544346170376,0.09608745934495659,0.25462711039708863,0.05148434574088631,0.17283854646520486,0.05200100959256196,0.33980496277690364,0.984375,0.7628300966377215,0.4760850818586886,0.7677661077329402,0.6715792531982743,0.6010101599260426,0.738836680793563,fc6a643fb44d03a9,1.0,1.0,0.01917808219178082,1.4142135623730951,,,
adult,common_temperature_study,1202,0,0,512,8,2,0.001,0.0006,age,7.0,,B,analytic,hybrid,False,budget,cuda,0.9999999906223348,age-local,common-temperature-soft,0.28420623541244394,0.20462022449480993,0.30410273814185246,0.4556666417142682,0.44741497950064496,0.4611677498566837,0.6763627848412259,0.6911967138330978,0.6541118913534181,0.05517793345149619,0.10231011224740494,0.10501603077352804,0.23900211039708863,0.06330587096205517,0.17109223846047542,0.06476596758383403,0.3755498905867804,0.98046875,0.7461079255393779,0.5221245590785991,0.7681960567532706,0.6810264232040935,0.5959604009243544,0.727228057244641,b279813785cbe87f,0.9999999906223348,0.9999999906223348,0.01917808219178082,1.4142135491110739,,,
adult,common_temperature_study,1202,0,0,512,8,2,0.0015,0.0006,age,7.0,,B,analytic,hybrid,False,budget,cuda,0.9999943971981148,age-local,common-temperature-soft,0.23977186789816346,0.17776088692340763,0.25527461314185246,0.4298897103986242,0.39592468550380816,0.45253306032850144,0.6563044154228856,0.6596985094460824,0.6512132743880903,0.044829851605435476,0.08764841878570107,0.11282853077352804,0.25462711039708863,0.06416855563678905,0.18752555221577294,0.06544339351093625,0.34810030449245744,0.982421875,0.7848059624033534,0.4484910657675983,0.7659848903629998,0.6794049389639437,0.6002987931720974,0.7348442970333517,2f32207f50f9f239,0.9999943971981148,0.9999943971981148,0.01917808219178082,1.4142056388146818,,,
adult,common_temperature_study,1202,0,0,512,8,2,0.002,0.0006,age,7.0,,B,analytic,hybrid,False,budget,cuda,0.9998630592747317,age-local,common-temperature-soft,0.2259039966064738,0.13038851844174193,0.24978286614765674,0.39815275474479456,0.3699947048131257,0.4169247880325737,0.625653512913826,0.6290144970236268,0.6206120367491248,0.03155318763691829,0.06129448724740494,0.08648486467939549,0.17914754449204595,0.04833409400500369,0.14038231393188394,0.0492632185400605,0.3477298894888357,0.986328125,0.7626582409496622,0.44509202453987734,0.7653706774768134,0.6919061072857069,0.5860991887771511,0.7397580001228425,991ea22ffcd14ef1,0.9998630592747317,0.9998630592747317,0.01917808219178082,1.4140198989421795,,,
adult,common_temperature_study,1202,0,0,512,8,2,0.0025,0.0006,age,7.0,,B,analytic,hybrid,False,budget,cuda,0.9990683483977406,age-local,common-temperature-soft,0.261159720302807,0.1621358869234077,0.28591567864765677,0.456474739535348,0.4233453320780358,0.47856101117355604,0.6949595675173516,0.6935085695493726,0.6971360644693201,0.034204722730410274,0.07106011224740494,0.09764557896510978,0.25141316949204595,0.053133758909917,0.16853557732172475,0.05424605386103378,0.3566449163933259,0.984375,0.7294237262051801,0.5286835782980673,0.7655549413426693,0.6606405936977326,0.5937112496141929,0.7357656163626313,e8b64a2e285bc81d,0.9990683483977406,0.9990683483977406,0.01917808219178082,1.4128960080417734,,,
adult,common_temperature_study,1202,0,0,512,8,2,0.003,0.0006,age,7.0,,B,analytic,hybrid,False,budget,cuda,0.9966581115419719,age-local,common-temperature-soft,0.2541228080277624,0.1870155875714023,0.2708996131418524,0.4429789468936184,0.4080679861686936,0.46625292071023483,0.6685021315106565,0.6599961787641012,0.6812610606304896,0.03799096357571345,0.09350779378570118,0.11227049505924233,0.28001773539708863,0.059313981745063776,0.201804322331245,0.060689351099186745,0.3353485909298845,0.9765625,0.779685712559182,0.5346783155718816,0.7769178797371169,0.6832942847267569,0.6278946986718597,0.7545605306799337,aee2a109d011ebc2,0.9966581115419719,0.9966581115419719,0.01917808219178082,1.4094874183918138,,,
adult,common_temperature_study,1202,0,0,512,8,2,0.004,0.0006,age,7.0,,B,analytic,hybrid,False,budget,cuda,0.983585895493744,age-local,common-temperature-soft,0.244197127786991,0.10889058757140228,0.27802376284088814,0.4188786008230453,0.3899921327966648,0.4381362461739657,0.6408487078496407,0.6489588611725324,0.628683477865303,0.028153240539659164,0.054445293785701177,0.08450466792653429,0.21556461039708863,0.047920523668540375,0.17669333214329586,0.048651691543719185,0.33197891528940876,0.98828125,0.7666379160192544,0.5013280248257136,0.7737239727289479,0.6635544561307984,0.5942307273946992,0.7207174006510657,cbbe8f6b8b90f997,0.983585895493744,0.983585895493744,0.01917808219178082,1.3910005131661385,,,
adult,common_temperature_study,1202,0,0,512,8,2,0.006,0.0006,age,7.0,,B,analytic,hybrid,False,budget,cuda,0.9213931558048658,age-local,common-temperature-soft,0.18697249669860572,0.1031191457834285,0.20793583442740002,0.36678663012099993,0.3392426731120632,0.38514926812695777,0.59460212440882,0.5908199326157281,0.6002754120984584,0.01668307766721943,0.03419294346170376,0.07264995934495659,0.18626773539708863,0.04210801411934062,0.15783903591609852,0.04233049276166647,0.33117777948762944,0.984375,0.7875935624477652,0.47140297153050487,0.768994533505313,0.6919855949847161,0.616042774806405,0.7335544499723604,c7a0ba3222ef8bb5,0.9213931558048658,0.9213931558048658,0.01917808219178082,1.3030466972169876,,,
adult,common_temperature_study,1202,0,0,512,8,2,0.008,0.0006,age,7.0,,B,analytic,hybrid,False,budget,cuda,0.8332362939521463,age-local,common-temperature-soft,0.18624321486702292,0.09479632124869479,0.20910493827160492,0.3625806634266937,0.3207909742376083,0.3904404562194173,0.6033647589598304,0.6015480244098438,0.6060898607848105,0.012798900942816766,0.030038009220870965,0.07123569304418531,0.1906234884604754,0.03806444758410297,0.14919650877556656,0.03840817361970281,0.32062624121439043,0.9765625,0.7880147855693078,0.5214308022132047,0.7734168662858547,0.669785578717077,0.6011273189740806,0.7377925188870462,55d5517ce3ad7ad4,0.8332362939521463,0.8332362939521463,0.01917808219178082,1.1783740675686203,,,
adult,common_temperature_study,1202,0,0,512,8,2,0.012,0.0006,age,7.0,,B,analytic,hybrid,False,budget,cuda,0.6635259079449397,age-local,common-temperature-soft,0.18346903599287512,0.13088588692340763,0.196614823260242,0.3482189505788956,0.3240124128585468,0.36435664239246157,0.5717915774138566,0.5739539506684683,0.5685480175319391,0.02772429692732689,0.062257793785701065,0.059942596230341524,0.14692236157177077,0.038931756156335165,0.12733664816350354,0.039357990106117687,0.29671620016780675,0.970703125,0.7763844900398349,0.5312207480512449,0.7736011301517106,0.6721326561144473,0.5803064644961484,0.7276580062649715,4d52b98a22ceb9c9,0.6635259079449397,0.6635259079449397,0.01917808219178082,0.9383673380016556,,,
adult,common_temperature_study,1202,0,0,512,8,2,0.016,0.0006,age,7.0,,B,analytic,hybrid,False,budget,cuda,0.5365620056995036,age-local,common-temperature-soft,0.15277782576315949,0.14744420259812052,0.15411123155441922,0.3111876238022849,0.31270873641053987,0.3101735487301149,0.5325050096738531,0.5508809796183691,0.5049410547570788,0.022059051359165385,0.04345964045513173,0.05335158697254468,0.1652328634604754,0.0342030824137898,0.12204434041213685,0.03450762474005634,0.2874879615311529,0.98046875,0.7761665914967921,0.6010748591147169,0.7781463055094896,0.7224173607072952,0.6249619731469609,0.7429519071310116,c597a705f805c53e,0.5365620056995036,0.5365620056995036,0.01917808219178082,0.758813265514348,,,
adult,common_temperature_study,1202,0,0,512,8,2,0.023,0.0006,age,7.0,,B,analytic,hybrid,False,budget,cuda,0.39432816390346925,age-local,common-temperature-soft,0.1938035996713961,0.15240517128861858,0.20415320676709048,0.3504308847352743,0.3298224228970887,0.3641698592940647,0.5834297119725447,0.5845525619075403,0.581745437070051,0.0345363131432783,0.06885026545513173,0.07566401257235282,0.23143229646520483,0.050479859910714915,0.20741477316350354,0.050881625384375836,0.2924901853451082,0.97265625,0.7867156326783832,0.631681101683902,0.7843498556599717,0.7008990484267541,0.606131784515143,0.7159265401388121,9d02cf2784aa0e72,0.39432816390346925,0.39432816390346925,0.01917808219178082,0.557664237417967,,,
adult,common_temperature_study,1202,0,0,512,8,2,0.032,0.0006,age,7.0,,B,analytic,hybrid,False,budget,cuda,0.29099917812507753,age-local,common-temperature-soft,0.18489520952337077,0.16803017128861858,0.18911146908205884,0.3815882489558381,0.3619384390739205,0.39468812221044985,0.6215965408298016,0.6133549075609607,0.6339589907330632,0.039418231629916256,0.08181327640347646,0.0667864884498729,0.22557292146520483,0.04879462418528004,0.19496616550733986,0.04916920991176826,0.27370323820239967,0.98046875,0.7954939476228025,0.589598945968468,0.7855168601437258,0.6921570638458832,0.620088604836171,0.733615871260979,fb3ce21d4d604c91,0.29099917812507753,0.29099917812507753,0.01917808219178082,0.4115349843439087,,,
adult,common_temperature_study,1202,0,0,512,8,2,0.05,0.0006,age,7.0,,B,analytic,hybrid,False,budget,cuda,0.1894636801989758,age-local,common-temperature-soft,0.258180451907131,0.30957553091026346,0.24533168215634793,0.46315831145199926,0.49769214306553655,0.4401357570429745,0.6729468974571587,0.7007731964534325,0.6312074489627479,0.057737359462242,0.13674946064430926,0.07408330554751229,0.19432292146520483,0.05491504537445469,0.17621923657177077,0.05587115729883926,0.2383596374330702,0.97265625,0.7876513564764545,0.6266091541361369,0.7833056937534549,0.714443447058349,0.6391122252185311,0.7390823659480376,a0f789b81d211c5e,0.1894636801989758,0.1894636801989758,0.01917808219178082,0.2679421061145104,,,
adult,common_temperature_study,1202,0,0,512,8,2,0.08,0.0006,age,7.0,,B,analytic,hybrid,False,budget,cuda,0.1192922638438342,age-local,common-temperature-soft,0.3261076945519317,0.29693642128861863,0.33340051286776,0.5151044305862662,0.49694740994103553,0.52720911101642,0.690934121829126,0.695173582319882,0.6845749310929918,0.06476198519454461,0.13720964045513173,0.07397908586842387,0.21137548657177077,0.06260941918354673,0.1931385222805727,0.06319734234423695,0.1793724733907114,0.955078125,0.7877399189252653,0.615723051350484,0.7859468091640562,0.7348508343228783,0.634649686645754,0.7519194152693324,7cc7d7012b809da1,0.1192922638438342,0.1192922638438342,0.01917808219178082,0.16870473741413994,,,
adult,common_temperature_study,1202,0,0,512,8,2,0.12,0.0006,age,7.0,,B,analytic,hybrid,False,budget,cuda,0.07973902623905978,age-local,common-temperature-soft,0.3588566139211351,0.1708157226982372,0.4058668367268595,0.5813533845049444,0.4995157075348565,0.6359118358183363,0.7719733940252442,0.7520396586383923,0.8018739971055218,0.034220649307109365,0.07055470621429882,0.07310266714633769,0.13813191949204595,0.04803828044817627,0.13692304776272957,0.04852726982022386,0.16830496518752666,0.974609375,0.7610942893686796,0.45227471801060926,0.7670290522695166,0.6765883791765019,0.5877867203511113,0.7426448006879184,a7c708f2c50841b3,0.07973902623905978,0.07973902623905978,0.01917808219178082,0.11276801235770244,,,
adult,common_temperature_study,1202,0,0,512,8,2,0.18,0.0006,age,7.0,,B,analytic,hybrid,False,budget,cuda,0.05322211275336612,age-local,common-temperature-soft,0.40211879453043425,0.21489221523555058,0.4489254393541552,0.645233516061667,0.5991051086197101,0.6759857876896382,0.8662771933158282,0.8720130299505557,0.8576734383637369,0.05281176285313583,0.10744610761777529,0.09226189333681388,0.17524129449204595,0.06402372247985043,0.1635148668309686,0.06476399253333952,0.14891762081746082,0.974609375,0.7164415543248188,0.4330338487254492,0.7637737239727289,0.5581133281519439,0.5325235961283785,0.7187519194152693,6a39aa6e5bbdcda7,0.05322211275336612,0.05322211275336612,0.01917808219178082,0.07526743367396044,,,
adult,common_temperature_study,1202,0,0,512,8,2,0.3,0.0006,age,7.0,,B,analytic,hybrid,False,budget,cuda,0.031952589463283214,age-local,common-temperature-soft,0.4626724594619495,0.1898625602696395,0.5308749342600271,0.7308438517290092,0.6428590194283212,0.7895004065961345,0.9909778605045758,0.9830204126614867,1.0029140322692096,0.03744762052831085,0.07614764238222471,0.11778137622440416,0.24389793893188383,0.06983963670613505,0.23333395714329586,0.07051571163398049,0.17942973139983812,0.94140625,0.49223277736899584,0.4330338487254492,0.7637737239727289,0.5220049927851558,0.4887292139028781,0.6464590627111357,af8c3c9b1ac26299,0.031952589463283214,0.031952589463283214,0.01917808219178082,0.04518778537191478,,,
adult,common_temperature_study,1202,0,0,512,8,2,0.4,0.0006,age,7.0,,B,analytic,hybrid,False,budget,cuda,0.023968011557931847,age-local,common-temperature-soft,0.5293306807014312,0.32415732871138137,0.5806240186989435,0.8263829866869357,0.7514064515386032,0.8763673434524906,1.071107089936122,1.0489596449337673,1.1043282574396536,0.0718855636390359,0.1386476423822247,0.12872022667014718,0.29828816949204595,0.08055377139160028,0.22210801701369698,0.08227108650142562,0.18047068171825467,0.96875,0.6345576927218626,0.4330338487254492,0.7637737239727289,0.5795680858195325,0.5360320663074896,0.7010625882931024,dc1e065c71155959,0.023968011557931847,0.023968011557931847,0.01917808219178082,0.03389588700834232,,,
adult,common_temperature_study,1203,0,0,512,8,2,0.0,0.0006,global,7.0,,B,global,hybrid,False,budget,cuda,1.0,hard,common-temperature-hard,0.2721802829985873,0.1781838780633868,0.29567938423238743,0.4231930384727597,0.39975032006249617,0.4388215174129353,0.6607002602727106,0.6760500481133427,0.6376755785117622,0.03238719642162497,0.06832866435569074,0.09323134657400828,0.19672566949204595,0.05289931767703297,0.14765473846047542,0.05376105279188372,0.3512012414600119,0.974609375,0.7366010796443115,0.5497345533667729,0.7597813402125176,0.7053206052649021,0.6267845957006011,0.737485412443953,32a38efa139bbd00,1.0,1.0,1.0,1.4142135623730951,,,
adult,common_temperature_study,1203,0,0,512,8,2,0.00025,0.0006,age,7.0,,B,analytic,hybrid,False,budget,cuda,1.0,age-local,common-temperature-soft,0.2830230598550457,0.14601351844174193,0.3172754452083717,0.46516676359713766,0.4212851396950432,0.4944211795318674,0.703585803620785,0.7001432683547284,0.7087496065198697,0.0278790840586895,0.06591535954486827,0.11313462038353209,0.25141316949204595,0.06241850863505325,0.18560805636171007,0.06312184285992782,0.3679635291918352,0.9765625,0.7640104832178811,0.5169299716250941,0.7700386954118298,0.707451624160664,0.6007214221062744,0.7416620600700202,feab0875d16358a0,1.0,1.0,0.01917808219178082,1.4142135623730951,,,
adult,common_temperature_study,1203,0,0,512,8,2,0.0005,0.0006,age,7.0,,B,analytic,hybrid,False,budget,cuda,1.0,age-local,common-temperature-soft,0.24231087041643629,0.10260882124869479,0.2772363827083717,0.40345931415453595,0.36219552075655675,0.4309685097531888,0.6509212953365886,0.652726393431505,0.648213648194214,0.02070074515356784,0.04178746986518023,0.10029979895496066,0.22016316949204595,0.052667641316144036,0.1610492579540569,0.05334873964119796,0.34826992951782887,0.97265625,0.7631283297170246,0.5618482764892271,0.7736625514403292,0.6815696222541302,0.5970551686889016,0.7259996314722683,fc768a89e1259fed,1.0,1.0,0.01917808219178082,1.4142135623730951,,,
adult,common_temperature_study,1203,0,0,512,8,2,0.001,0.0006,age,7.0,,B,analytic,hybrid,False,budget,cuda,0.9999999906223348,age-local,common-temperature-soft,0.2386924367360727,0.22167446908973654,0.24294692864765674,0.4092611306891468,0.38775895311252384,0.4235959157402289,0.6466250681392421,0.650317887158856,0.6410858396098212,0.04654895075621305,0.09546091878570107,0.07346403134606216,0.19086629449204595,0.05151902687630548,0.16634024610742584,0.05225706723933436,0.344303691221717,0.9609375,0.7424362274048661,0.4866801578646384,0.7628524046434494,0.7032284154253183,0.6285805206140082,0.729746330078005,289a41928c866b35,0.9999999906223348,0.9999999906223348,0.01917808219178082,1.4142135491110739,,,
adult,common_temperature_study,1203,0,0,512,8,2,0.0015,0.0006,age,7.0,,B,analytic,hybrid,False,budget,cuda,0.9999943971981148,age-local,common-temperature-soft,0.27949632623917453,0.19915732871138142,0.2995810756211228,0.43991891910048525,0.4162183032560961,0.4557193296634114,0.6869165217508139,0.7005982097613783,0.6663939897349671,0.03707827019005504,0.06982160954486827,0.09776156648781373,0.23314273539708863,0.057602382350376846,0.1954664131119096,0.058456081131990544,0.3614113100429767,0.974609375,0.7833468722745693,0.5605345723847752,0.7793747312818623,0.7060913212563886,0.6283677789863537,0.7286407468828696,7d5a24622de67677,0.9999943971981148,0.9999943971981148,0.01917808219178082,1.4142056388146818,,,
adult,common_temperature_study,1203,0,0,512,8,2,0.002,0.0006,age,7.0,,B,analytic,hybrid,False,budget,cuda,0.9998630592747317,age-local,common-temperature-soft,0.32305150558933726,0.1742776280633868,0.36024497497082486,0.5250626449158529,0.464110893257478,0.5656971460214361,0.7651238646658682,0.7574004255343653,0.7767090233631226,0.028945239265167403,0.07325544346170376,0.11945902514543685,0.30024129449204595,0.06472532425409,0.1886703634604756,0.06554939451071715,0.37112028053018115,0.97265625,0.773046278505744,0.5703533089354528,0.7694859038142621,0.7307905319831611,0.6468959210022635,0.7252625760088447,97048140aaccab28,0.9998630592747317,0.9998630592747317,0.01917808219178082,1.4140198989421795,,,
adult,common_temperature_study,1203,0,0,512,8,2,0.0025,0.0006,age,7.0,,B,analytic,hybrid,False,budget,cuda,0.9990683483977406,age-local,common-temperature-soft,0.2822235274246054,0.2367776280633868,0.29358500226491,0.4473094596462134,0.4055055667841349,0.47517872155426577,0.6659154555156317,0.6656588136989947,0.6663004182405873,0.04194017191745565,0.07691300922087096,0.12789549505924233,0.28978336039708863,0.06829693497411046,0.18918680613138028,0.06974223049708772,0.35759894463324426,0.966796875,0.7638561706521336,0.5847591225580179,0.7704686444321602,0.660547671605296,0.5837960585362263,0.713592531171304,10d162735ccebbfd,0.9990683483977406,0.9990683483977406,0.01917808219178082,1.4128960080417734,,,
adult,common_temperature_study,1203,0,0,512,8,2,0.003,0.0006,age,7.0,,B,analytic,hybrid,False,budget,cuda,0.9966581115419719,age-local,common-temperature-soft,0.2860131729469934,0.16163851844174193,0.3171068365733063,0.45856687818622943,0.4267209237377925,0.4797975144851872,0.6976661109959462,0.6979023110399648,0.6973118109299183,0.037551703106308544,0.07716169346170376,0.12392331085972257,0.24750691949204595,0.06569453157980432,0.1810098571571157,0.06700261639747486,0.36369326825323733,0.9609375,0.7277309717237905,0.4887531501640063,0.7670904735581352,0.6976094620785234,0.6185381539774238,0.7256925250291751,c1a641a41c45e1c1,0.9966581115419719,0.9966581115419719,0.01917808219178082,1.4094874183918138,,,
adult,common_temperature_study,1203,0,0,512,8,2,0.004,0.0006,age,7.0,,B,analytic,hybrid,False,budget,cuda,0.983585895493744,age-local,common-temperature-soft,0.2541399388090412,0.19433071908973654,0.2690922437388674,0.4398249397303606,0.41040325475247225,0.4594393963822861,0.6739900516706591,0.6869389309240833,0.6545667327905227,0.04375877218478448,0.09058488422087096,0.10910829267828995,0.26048648539708863,0.06423113630010695,0.2077470719320067,0.06529221422457915,0.34050299388262534,0.974609375,0.7749670726676272,0.5892551805062906,0.7847798046803022,0.6750452430642461,0.6026839269286013,0.7035194398378478,296cd22dcc7edc95,0.983585895493744,0.983585895493744,0.01917808219178082,1.3910005131661385,,,
adult,common_temperature_study,1203,0,0,512,8,2,0.006,0.0006,age,7.0,,B,analytic,hybrid,False,budget,cuda,0.9213931558048658,age-local,common-temperature-soft,0.24252546104354772,0.1171260787113814,0.27387530662658927,0.41183607425833796,0.35920915052438424,0.44692069008097374,0.6362716462056999,0.6320705660227669,0.6425732664800995,0.026429982655798028,0.05810285954486827,0.08443873372701455,0.21430379449204595,0.048394007181625,0.15912720348872939,0.04900621161725816,0.3402228575220602,0.9765625,0.7353250736382492,0.5195418959785619,0.7732940237086174,0.6736246997125563,0.6029418158148238,0.7320803390455132,e479f8e5d8c9c54d,0.9213931558048658,0.9213931558048658,0.01917808219178082,1.3030466972169876,,,
adult,common_temperature_study,1203,0,0,512,8,2,0.008,0.0006,age,7.0,,B,analytic,hybrid,False,budget,cuda,0.8332362939521463,age-local,common-temperature-soft,0.22590313286960262,0.1039780841164548,0.25638439505788957,0.386890033820097,0.34828707782461155,0.41262533781708743,0.6164642643265156,0.6203587339153,0.6106225599433388,0.01801368945250235,0.03513201738222471,0.08641484029733755,0.21751773539708863,0.04594306349697304,0.1677478972805727,0.04648838535592494,0.3289930427283438,0.970703125,0.741284152371322,0.5654144362875062,0.7595970763466617,0.6836616239076584,0.6228628686678864,0.7209016645169216,ea5183bda1346acb,0.8332362939521463,0.8332362939521463,0.01917808219178082,1.1783740675686203,,,
adult,common_temperature_study,1203,0,0,512,8,2,0.012,0.0006,age,7.0,,B,analytic,hybrid,False,budget,cuda,0.6635259079449397,age-local,common-temperature-soft,0.17671902831521402,0.15524374654505252,0.1820878487577544,0.32655112746452924,0.3270068206421595,0.3262473320127756,0.5397928854953626,0.5555937839096697,0.516091537873902,0.020966721269461044,0.043186723596523535,0.0664111742141731,0.1789047384604754,0.03982753931937416,0.1407789131119096,0.040163313964803986,0.30307468928665354,0.962890625,0.7543910602423294,0.5539661389957554,0.7677661077329402,0.6740533980024259,0.6020277802319647,0.7162950678705239,68f75496656593f4,0.6635259079449397,0.6635259079449397,0.01917808219178082,0.9383673380016556,,,
adult,common_temperature_study,1203,0,0,512,8,2,0.016,0.0006,age,7.0,,B,analytic,hybrid,False,budget,cuda,0.5365620056995036,age-local,common-temperature-soft,0.19470769224863338,0.17625270637552976,0.19932143871690927,0.36529250928996987,0.34210758034672323,0.38074912858546767,0.6048094308549843,0.5965602638812113,0.617183181315644,0.03143862825057547,0.06298441242859776,0.07171151380443463,0.21776042146520483,0.04676311680518492,0.17817236157177077,0.047181547607125805,0.2904817731769945,0.955078125,0.786836615402694,0.625930540894936,0.7867452859160985,0.7271200466032313,0.640601047972059,0.7433204348627234,bd2577b47f4e7024,0.5365620056995036,0.5365620056995036,0.01917808219178082,0.758813265514348,,,
adult,common_temperature_study,1203,0,0,512,8,2,0.023,0.0006,age,7.0,,B,analytic,hybrid,False,budget,cuda,0.39432816390346925,age-local,common-temperature-soft,0.17100761623978872,0.14848596523555058,0.17663802899084824,0.3468594047509367,0.356109834699957,0.3406924514515897,0.573206474379645,0.5863263015554941,0.5535267336158712,0.0360706914245644,0.07424298261777529,0.06109421111666827,0.15916667146520483,0.04282564801635702,0.14041062530710646,0.043326239603683925,0.27491126575134117,0.9609375,0.7903805142957628,0.5809500103562701,0.7817087402493704,0.7373686905658776,0.6438282936112575,0.7533935261961796,26e39cedb42550c6,0.39432816390346925,0.39432816390346925,0.01917808219178082,0.557664237417967,,,
adult,common_temperature_study,1203,0,0,512,8,2,0.032,0.0006,age,7.0,,B,analytic,hybrid,False,budget,cuda,0.29099917812507753,age-local,common-temperature-soft,0.17368308918371106,0.13676721523555058,0.1829120576707512,0.3528241796419139,0.3514843438095019,0.3537174035301886,0.579728695450218,0.5906229926115308,0.5633872497082488,0.03109259652282385,0.06838360761777529,0.06765468110651912,0.18403173657177077,0.046171962472672065,0.15170194551931698,0.0464503691111068,0.2633155773995991,0.94921875,0.7921410575763601,0.6104090574970957,0.786315336895768,0.7339304581431347,0.6431985160907967,0.7536392113506541,a3900e95f089cfbe,0.29099917812507753,0.29099917812507753,0.01917808219178082,0.4115349843439087,,,
adult,common_temperature_study,1203,0,0,512,8,2,0.05,0.0006,age,7.0,,B,analytic,hybrid,False,budget,cuda,0.1894636801989758,age-local,common-temperature-soft,0.24209637576008847,0.2592172720502426,0.2378161516875499,0.41585341041705054,0.4468083842938087,0.3952167611658785,0.6147781059977888,0.6595457159930799,0.5476266910048523,0.051199316925805996,0.11157033121429882,0.06089957326828526,0.16087711039708863,0.04990212842784067,0.1512836329540569,0.05043667770342372,0.24002926234161467,0.95703125,0.7782141812411538,0.6311033119482261,0.7781463055094896,0.7312971915740321,0.6423395503966469,0.7141453227688717,24fd940510ec3acc,0.1894636801989758,0.1894636801989758,0.01917808219178082,0.2679421061145104,,,
adult,common_temperature_study,1203,0,0,512,8,2,0.08,0.0006,age,7.0,,B,analytic,hybrid,False,budget,cuda,0.1192922638438342,age-local,common-temperature-soft,0.28322354277992756,0.2153281624285977,0.30019738786776,0.46803209070388796,0.46599401958187453,0.4693908047852302,0.6522933173637983,0.6680769970236268,0.6286177978740556,0.0556227008147095,0.10766408121429882,0.06157399638345603,0.15135417146520483,0.05178661447406597,0.14934958214329586,0.05237893918058917,0.1860229706469551,0.95703125,0.7816169405923805,0.6029720428287733,0.7795589951477182,0.7209197969848831,0.6235874763549543,0.7443031754806216,6096f68e38e69a4f,0.1192922638438342,0.1192922638438342,0.01917808219178082,0.16870473741413994,,,
adult,common_temperature_study,1203,0,0,512,8,2,0.12,0.0006,age,7.0,,B,analytic,hybrid,False,budget,cuda,0.07973902623905978,age-local,common-temperature-soft,0.3761943561513421,0.29251984675388487,0.39711298350070634,0.5974911323014557,0.5581486855844235,0.6237194301128104,0.79986434532584,0.7844814955571935,0.8229386199788098,0.06099566970775165,0.1406492326177753,0.0858715315252076,0.26243961039708863,0.06573597528092583,0.23090673657177077,0.06640533400575659,0.1437756253782912,0.9375,0.7767282955089816,0.44352805670948175,0.7651249923223389,0.7016770409457311,0.5927191339788287,0.7584914931515263,9e5ae458e4986bc2,0.07973902623905978,0.07973902623905978,0.01917808219178082,0.11276801235770244,,,
adult,common_temperature_study,1203,0,0,512,8,2,0.18,0.0006,age,7.0,,B,analytic,hybrid,False,budget,cuda,0.05322211275336612,age-local,common-temperature-soft,0.4284897368865549,0.41845316242859776,0.4309988805010442,0.6453879330200847,0.6370267561690006,0.6509620509208075,0.8411734489205209,0.8549389114100281,0.8205252551862601,0.09505722462423331,0.20922658121429882,0.0791338126753066,0.2218734884604754,0.08065005335278067,0.21908097917050562,0.08121052859599712,0.1128798842641096,0.939453125,0.7820334486077472,0.4330338487254492,0.7637737239727289,0.7075983779198374,0.6348861689047521,0.7786990971070573,3bed1da6791ea92f,0.05322211275336612,0.05322211275336612,0.01917808219178082,0.07526743367396044,,,
adult,common_temperature_study,1203,0,0,512,8,2,0.3,0.0006,age,7.0,,B,analytic,hybrid,False,budget,cuda,0.031952589463283214,age-local,common-temperature-soft,0.49698018395675936,0.27541713692340763,0.5523709457150974,0.7852428396213378,0.6815515521351576,0.8543703646121247,1.0325075768917755,1.003760854293348,1.075627660789417,0.06055466119944075,0.11742970621429882,0.1840051560978178,0.37641316949204595,0.10528126153825373,0.3059901831506051,0.10675940476524291,0.15752549693995627,0.9453125,0.23350002435963946,0.4330338487254492,0.7637737239727289,0.30005730265398795,0.4238329648411714,0.7164179104477612,313796d7a2eb0b56,0.031952589463283214,0.031952589463283214,0.01917808219178082,0.04518778537191478,,,
adult,common_temperature_study,1203,0,0,512,8,2,0.4,0.0006,age,7.0,,B,analytic,hybrid,False,budget,cuda,0.023968011557931847,age-local,common-temperature-soft,0.4746843521589583,0.46923441242859776,0.47604683709154844,0.7341019151925556,0.7328270515670107,0.7349518242762524,0.9780205598166575,0.9902032244896913,0.9597465628071064,0.12644356023381031,0.23461720621429882,0.1175989060978178,0.2190328738253179,0.09886222710093193,0.26849020714329586,0.1008760537152695,0.1490214326580899,0.94140625,0.48844764486196657,0.4330338487254492,0.7637737239727289,0.4969542505061682,0.48369087828525437,0.680425035317241,66e6e76d854767ef,0.023968011557931847,0.023968011557931847,0.01917808219178082,0.03389588700834232,,,
adult,common_temperature_study,1204,0,0,512,8,2,0.0,0.0006,global,7.0,,B,global,hybrid,False,budget,cuda,1.0,hard,common-temperature-hard,0.24862948951231495,0.0883401280633868,0.288701829874547,0.41033417979546705,0.38376800891376456,0.42804496038326884,0.6323879013497328,0.6450947583328215,0.6133276158750998,0.02011041070733926,0.04200544346170376,0.09341735847877018,0.21039754449204595,0.052089769467867426,0.1477003245731222,0.05249621426136197,0.35173703836512754,0.984375,0.7581259261629011,0.5764423631453066,0.7733554449972361,0.7028992361946187,0.6237540409933215,0.7230514096185738,6b5df61f62bb894a,1.0,1.0,1.0,1.4142135623730951,,,
adult,common_temperature_study,1204,0,0,512,8,2,0.00025,0.0006,age,7.0,,B,analytic,hybrid,False,budget,cuda,1.0,age-local,common-temperature-soft,0.28095042726183894,0.14354946908973654,0.3153006668048645,0.4548651418831768,0.420315295148486,0.47789837303963717,0.687269694160371,0.6928408129747354,0.6789130159388245,0.0368301971915847,0.06982808757140224,0.10327598943115113,0.23188191949204595,0.05901396049047756,0.16577293893188394,0.05997388508359846,0.35941310663526993,0.974609375,0.7370731548200409,0.5419864683608164,0.7672133161353725,0.6981820808819487,0.6174623965220073,0.7248940482771329,572abf8a0801d74f,1.0,1.0,0.01917808219178082,1.4142135623730951,,,
adult,common_temperature_study,1204,0,0,512,8,2,0.0005,0.0006,age,7.0,,B,analytic,hybrid,False,budget,cuda,1.0,age-local,common-temperature-soft,0.26527034004360905,0.20995571908973654,0.27909899528207727,0.42418184924144714,0.39136613422087096,0.4460589925884979,0.6452524462947606,0.6449116141258726,0.6457636945480929,0.04985103052491804,0.09839738422087096,0.09174325133591303,0.21235066949204595,0.057729822166567024,0.15804333367882806,0.058866110754727766,0.35252840109953576,0.9765625,0.7547947820606833,0.49368122647615853,0.7705300657207789,0.7036723672404877,0.6149782025661386,0.7309133345617591,7b8038c9086d80e2,1.0,1.0,0.01917808219178082,1.4142135623730951,,,
adult,common_temperature_study,1204,0,0,512,8,2,0.001,0.0006,age,7.0,,B,analytic,hybrid,False,budget,cuda,0.9999999906223348,age-local,common-temperature-soft,0.24156436183281124,0.17089321908973654,0.2592321475185799,0.40914531797033354,0.3979445701661446,0.41661248317312616,0.6310966147272896,0.6419144471828103,0.6148698660440084,0.039108474565736864,0.08472550922087096,0.08969712038353209,0.23383504449204595,0.054127949101041656,0.16267620232172475,0.05502141417700626,0.34036701347496084,0.974609375,0.7556776255770777,0.5417414743801002,0.7722498618021006,0.6894472787355402,0.6209767022891131,0.735642773785394,4ff97cce7a269cd2,0.9999999906223348,0.9999999906223348,0.01917808219178082,1.4142135491110739,,,
adult,common_temperature_study,1204,0,0,512,8,2,0.0015,0.0006,age,7.0,,B,analytic,hybrid,False,budget,cuda,0.9999943971981148,age-local,common-temperature-soft,0.2380645960014741,0.15967183757140224,0.25766278560899203,0.4042457225830723,0.37016361335682696,0.4269671287339025,0.6222911532230821,0.6251725074473312,0.6179691218867085,0.03764406354105427,0.07372785954486827,0.09118521562162732,0.23188191949204595,0.05543678194283059,0.17282559041213685,0.05621746521574452,0.33256467482075003,0.96875,0.753041473488453,0.5262489397270279,0.7739696578834224,0.7072678604771855,0.631109359978502,0.7539463177937473,60b22695fb8d10e2,0.9999943971981148,0.9999943971981148,0.01917808219178082,1.4142056388146818,,,
adult,common_temperature_study,1204,0,0,512,8,2,0.002,0.0006,age,7.0,,B,analytic,hybrid,False,budget,cuda,0.9998630592747317,age-local,common-temperature-soft,0.2594826312112278,0.18651821908973654,0.27772373424160063,0.408637296733923,0.38107512927261844,0.4270120750414594,0.6361033614719612,0.6410710241232112,0.6286518674950863,0.039108474565736864,0.09253800922087096,0.07425813228829399,0.18110066949204595,0.04808452595178277,0.1359815745731222,0.04883224573223779,0.35115530293575353,0.9609375,0.7494717931057412,0.537456748273334,0.7733554449972361,0.7068479860223762,0.6241094141558021,0.7304833855414287,960e60b6f8d3a96d,0.9998630592747317,0.9998630592747317,0.01917808219178082,1.4140198989421795,,,
adult,common_temperature_study,1204,0,0,512,8,2,0.0025,0.0006,age,7.0,,B,analytic,hybrid,False,budget,cuda,0.9990683483977406,age-local,common-temperature-soft,0.22893398555064187,0.15228232871138142,0.24809689976045696,0.40795074588477365,0.37970454680686083,0.4267815452700489,0.643516287198268,0.6460315929355281,0.6397433285923777,0.0408927767102173,0.07568098454486827,0.09732360847877018,0.23578816949204595,0.05534585889332907,0.1759351631119096,0.05654258356299555,0.3394573331043071,0.970703125,0.7531880704259132,0.45486643780748826,0.7658006264971439,0.6900565938198445,0.5945473788572054,0.7449788096554266,93d6f0c6797dcfa2,0.9990683483977406,0.9990683483977406,0.01917808219178082,1.4128960080417734,,,
adult,common_temperature_study,1204,0,0,512,8,2,0.003,0.0006,age,7.0,,B,analytic,hybrid,False,budget,cuda,0.9966581115419719,age-local,common-temperature-soft,0.20908094558073825,0.09480927730176279,0.23764886265048213,0.3857909766368774,0.3556870834868865,0.4058602387368711,0.6254115466264357,0.6270019101380956,0.6230260013589459,0.013521115213175741,0.02418511224740494,0.09360337038353209,0.22211629449204595,0.05226860750365501,0.1747211329540569,0.052381097529280995,0.3257308505409643,0.9609375,0.7780242596917387,0.5861824003791697,0.7802346293225232,0.710519924616848,0.6296212298879615,0.7559117990295436,6fc33b11dddd86ac,0.9966581115419719,0.9966581115419719,0.01917808219178082,1.4094874183918138,,,
adult,common_temperature_study,1204,0,0,512,8,2,0.004,0.0006,age,7.0,,B,analytic,hybrid,False,budget,cuda,0.983585895493744,age-local,common-temperature-soft,0.2515657630059579,0.1274026280633868,0.28260654674160063,0.4166762637430133,0.3678395613560285,0.44923406533433646,0.6381690841701984,0.6329792891893414,0.6459537766414839,0.02141249404067259,0.04786481846170376,0.11183253705019876,0.27094441949204595,0.05859832221256338,0.18220745232172475,0.05929607815455227,0.3483407610867914,0.966796875,0.7790995339049589,0.5568332393164691,0.7766721945826424,0.7103127108598619,0.6579480660982314,0.7559117990295436,1b9f3892c8cc5e73,0.983585895493744,0.983585895493744,0.01917808219178082,1.3910005131661385,,,
adult,common_temperature_study,1204,0,0,512,8,2,0.006,0.0006,age,7.0,,B,analytic,hybrid,False,budget,cuda,0.9213931558048658,age-local,common-temperature-soft,0.19823010718014863,0.18743857871138142,0.20092798929734043,0.3554197089398685,0.3288156296065966,0.37315576182871646,0.584613415369142,0.5805350657975554,0.5907309397265218,0.0396824368567217,0.08154035954486827,0.07730025696400421,0.21165836039708863,0.05193181921848444,0.1706376969320067,0.052502212930821704,0.3223052337155407,0.966796875,0.7651915598135788,0.497302951847054,0.7705300657207789,0.6338826797945258,0.5456388268723361,0.7256925250291751,3d86a3bf4974230d,0.9213931558048658,0.9213931558048658,0.01917808219178082,1.3030466972169876,,,
adult,common_temperature_study,1204,0,0,512,8,2,0.008,0.0006,age,7.0,,B,analytic,hybrid,False,budget,cuda,0.8332362939521463,age-local,common-temperature-soft,0.1685247566181438,0.1293906624285977,0.17830828016553035,0.3447097556200479,0.31061285489988333,0.3674410227668243,0.5786183377096003,0.5650235912131728,0.5990104574542412,0.031394401723744574,0.06469533121429882,0.06436504326179214,0.1925766134604754,0.04197245432784013,0.15450117276272957,0.04248612982044259,0.2966269300684311,0.966796875,0.7780810500614636,0.5389011222966564,0.778084884220871,0.7036706944755474,0.6248781950539771,0.7631595110865426,ae3544509824e073,0.8332362939521463,0.8332362939521463,0.01917808219178082,1.1783740675686203,,,
adult,common_temperature_study,1204,0,0,512,8,2,0.012,0.0006,age,7.0,,B,analytic,hybrid,False,budget,cuda,0.6635259079449397,age-local,common-temperature-soft,0.17884948329340947,0.051688653568576895,0.21063969072461763,0.35079235861587127,0.2961446025082919,0.38722419602092417,0.597906901641484,0.5801996479792396,0.6244677821348504,0.010090069018517054,0.023921912428597758,0.08016426447275674,0.2199203634604754,0.04247271118129297,0.17860087103064923,0.042703533404279403,0.2974540064816238,0.96484375,0.7668530754097072,0.496175381989628,0.7692402186597875,0.7167760236746423,0.6311945260985476,0.7469442908912229,cc6a676e428725c7,0.6635259079449397,0.6635259079449397,0.01917808219178082,0.9383673380016556,,,
adult,common_temperature_study,1204,0,0,512,8,2,0.016,0.0006,age,7.0,,B,analytic,hybrid,False,budget,cuda,0.5365620056995036,age-local,common-temperature-soft,0.18665185837786374,0.08691928091026348,0.21158500274476383,0.38990855425803084,0.37047107969028314,0.40286687063652926,0.6489788230913334,0.6616477956155435,0.6299753643050181,0.017281032649070913,0.04104633564430926,0.07909444181210351,0.21625691949204595,0.04165287331765213,0.188208024307475,0.04222112235355953,0.2941833852346732,0.94140625,0.7924653230600474,0.6103207428380358,0.7852711749892513,0.7094177084333071,0.6174886074144059,0.7224371967323875,cfbbffdfaf0a2793,0.5365620056995036,0.5365620056995036,0.01917808219178082,0.758813265514348,,,
adult,common_temperature_study,1204,0,0,512,8,2,0.023,0.0006,age,7.0,,B,analytic,hybrid,False,budget,cuda,0.39432816390346925,age-local,common-temperature-soft,0.2095584001289847,0.16454691242859776,0.22081127205408144,0.38956022837202875,0.375366788261624,0.3990225217789653,0.6074980757861925,0.6086327461202219,0.6057960702851484,0.032102860184673364,0.07272580481082247,0.07515286543107508,0.21776042146520483,0.04714736437385593,0.17846783155979362,0.04771088597681404,0.28909313128198094,0.9609375,0.7900602216288088,0.6367271536320178,0.7938087341072416,0.6671048056236685,0.628601472744164,0.7355813524967754,0f644e379ce6f2a0,0.39432816390346925,0.39432816390346925,0.01917808219178082,0.557664237417967,,,
adult,common_temperature_study,1204,0,0,512,8,2,0.032,0.0006,age,7.0,,B,analytic,hybrid,False,budget,cuda,0.29099917812507753,age-local,common-temperature-soft,0.20797277117498925,0.18798441242859776,0.21296986086158712,0.3995813035516861,0.39747071452152816,0.4009883629051247,0.6294634802453781,0.6378217339869582,0.6169260996330077,0.037876769792279066,0.07713518153829624,0.06354284802106458,0.1828109884604754,0.04685553926185262,0.14618674566979917,0.047190693144010795,0.26829538750599297,0.94921875,0.794323848547026,0.634242096818323,0.7857625452982003,0.7367677706706178,0.6425889290823112,0.7105214667403722,ddd6cd6a95bec318,0.29099917812507753,0.29099917812507753,0.01917808219178082,0.4115349843439087,,,
adult,common_temperature_study,1204,0,0,512,8,2,0.05,0.0006,age,7.0,,B,analytic,hybrid,False,budget,cuda,0.1894636801989758,age-local,common-temperature-soft,0.25185962548369273,0.24265895637552976,0.2541597927607334,0.43986877437657385,0.43535637303451874,0.442877041937944,0.6662849909403599,0.6825527871189321,0.6418832966725017,0.034827127406763955,0.07079691242859776,0.09631993709436355,0.2570297384604754,0.05933708599910084,0.21154847387291936,0.0598793856731411,0.24176812146795285,0.955078125,0.7897735724467176,0.6228848952564263,0.7820158466924636,0.7217959912606395,0.6678100297732967,0.7630366685093053,cbb21cc03d5f27ac,0.1894636801989758,0.1894636801989758,0.01917808219178082,0.2679421061145104,,,
adult,common_temperature_study,1204,0,0,512,8,2,0.08,0.0006,age,7.0,,B,analytic,hybrid,False,budget,cuda,0.1192922638438342,age-local,common-temperature-soft,0.3403393910079234,0.20793865356857688,0.37343957536776,0.5455771633729501,0.508588603567809,0.570236203243044,0.7483118742706223,0.7550448231450771,0.7382124509589398,0.034028639229630814,0.08056253742859776,0.07854376385635023,0.23090673657177077,0.05315941095922227,0.20443632051931698,0.05343130579259342,0.1873587708881907,0.962890625,0.7876613721565349,0.5875803704203021,0.7814630550948959,0.680237578622566,0.6218040994740006,0.7483569805294515,4299d673e5f205a0,0.1192922638438342,0.1192922638438342,0.01917808219178082,0.16870473741413994,,,
adult,common_temperature_study,1204,0,0,512,8,2,0.12,0.0006,age,7.0,,B,analytic,hybrid,False,budget,cuda,0.07973902623905978,age-local,common-temperature-soft,0.32490633253485657,0.1850114781033106,0.35988004614274305,0.529462784457343,0.48989781752886796,0.5558394290763262,0.7262922943154597,0.7316890982331143,0.7181970884389779,0.03144939068619279,0.07080339045513173,0.07105653619395673,0.14594441949204595,0.0433087851871908,0.13182292146520486,0.043999583296137235,0.15676062626834097,0.95703125,0.7734759595450162,0.4830597157987243,0.7701001167004484,0.6798328949643713,0.5834056239534398,0.7400036852773171,4477e7192afbab92,0.07973902623905978,0.07973902623905978,0.01917808219178082,0.11276801235770244,,,
adult,common_temperature_study,1204,0,0,512,8,2,0.18,0.0006,age,7.0,,B,analytic,hybrid,False,budget,cuda,0.05322211275336612,age-local,common-temperature-soft,0.4079814085437013,0.23095316242859776,0.4522384700724771,0.6594291035179043,0.6106873402086789,0.6919236123907212,0.8556437286944905,0.847856748920009,0.8673241983562128,0.04438718645894573,0.10400651545513173,0.0827717444157812,0.15189424693661324,0.05118987055184872,0.14490817517351515,0.05226722662885,0.12965448750121045,0.9453125,0.7794863817069773,0.4330338487254492,0.7637737239727289,0.6639382615915814,0.5739241751232238,0.7431975922854861,1fcc34a2740cf106,0.05322211275336612,0.05322211275336612,0.01917808219178082,0.07526743367396044,,,
adult,common_temperature_study,1204,0,0,512,8,2,0.3,0.0006,age,7.0,,B,analytic,hybrid,False,budget,cuda,0.031952589463283214,age-local,common-temperature-soft,0.47895433135249676,0.4789121042165715,0.4789648881364781,0.7285199676770469,0.7496233747351206,0.7144510296383308,0.9567957137537618,0.9892924619443931,0.9080505914678152,0.0852533541324828,0.16943098454486827,0.09090389560867036,0.21751773539708863,0.07700272148276424,0.238452197922425,0.07796584351648705,0.15198488227942036,0.9453125,0.589337639448481,0.4330338487254492,0.7637737239727289,0.5648620878490146,0.4515139147779216,0.7490326147042565,f93e2ada4ba4622f,0.031952589463283214,0.031952589463283214,0.01917808219178082,0.04518778537191478,,,
adult,common_temperature_study,1204,0,0,512,8,2,0.4,0.0006,age,7.0,,B,analytic,hybrid,False,budget,cuda,0.023968011557931847,age-local,common-temperature-soft,0.41808031601253,0.23431357871138142,0.46402200033781704,0.6867863374101714,0.6683691880105644,0.6990644370099094,0.9521931478794301,0.9741807455776671,0.9192117513320741,0.04424099099593158,0.11083723454486827,0.10974347060625737,0.21235066949204595,0.07137551711484709,0.22090310407837366,0.07186392700060773,0.17796472480099995,0.955078125,0.4590977503193413,0.4330338487254492,0.7637737239727289,0.5711960541147821,0.5011378293955323,0.7294392236349119,b561497f2931c2f3,0.023968011557931847,0.023968011557931847,0.01917808219178082,0.03389588700834232,,,
adult,common_temperature_study,1205,0,0,512,8,2,0.0,0.0006,global,7.0,,B,global,hybrid,False,budget,cuda,1.0,hard,common-temperature-hard,0.28205898555064185,0.10448696908973652,0.3264519896658682,0.4439712605951723,0.37596930471101286,0.48930589785127854,0.6775627312895399,0.6613889944567287,0.7018233365387568,0.0210191852868228,0.04053121257140224,0.11766484029733756,0.27220523539708863,0.06030547507068673,0.20149649610742584,0.06109126095950355,0.35647169204568274,0.9765625,0.7213399223544334,0.5417145898096275,0.7361955653829617,0.672703779884207,0.5935730306760881,0.7054234997850255,f1e30a8a1c5cf4a8,1.0,1.0,1.0,1.4142135623730951,,,
adult,common_temperature_study,1205,0,0,512,8,2,0.00025,0.0006,age,7.0,,B,analytic,hybrid,False,budget,cuda,1.0,age-local,common-temperature-soft,0.28389039562987534,0.20604946908973654,0.30335062726491,0.47775618435599776,0.4341800114013267,0.5068069663257785,0.7167365093897795,0.7131509057080851,0.7221149149123212,0.046615319109186586,0.09371928935569074,0.11840888791638518,0.28587711039708863,0.06559379927369677,0.17947312530710646,0.06706495616405234,0.35497508804928696,0.970703125,0.7485670363686281,0.4921018955605424,0.7622996130458817,0.7208038534649548,0.6168709160704571,0.7360113015171058,d04c253a7956aba8,1.0,1.0,0.01917808219178082,1.4142135623730951,,,
adult,common_temperature_study,1205,0,0,512,8,2,0.0005,0.0006,age,7.0,,B,analytic,hybrid,False,budget,cuda,1.0,age-local,common-temperature-soft,0.2828077974325901,0.12011196908973652,0.3234817545183035,0.4528747322415699,0.41715155894908174,0.4766901811032287,0.697924008430072,0.6997938947878919,0.695119178893342,0.03050579242967994,0.05615621257140224,0.1001797212497185,0.22728336039708863,0.05633437788695727,0.1697010222805727,0.0571177151871957,0.3600108646436216,0.974609375,0.7600513413379317,0.503069757567203,0.7680117928874147,0.6941566766007995,0.6150897584091947,0.7458387076960875,bbc11c080558fa3c,1.0,1.0,0.01917808219178082,1.4142135623730951,,,
adult,common_temperature_study,1205,0,0,512,8,2,0.001,0.0006,age,7.0,,B,analytic,hybrid,False,budget,cuda,0.9999999906223348,age-local,common-temperature-soft,0.27530115625575824,0.15618857871138142,0.30507930064185246,0.4488811008614335,0.409644725830723,0.4750386842152407,0.6912736903829618,0.6995829590473557,0.6788097873863705,0.037822317809102654,0.07028826738222471,0.09180918553543278,0.21751773539708863,0.0585984152454463,0.17556687530710646,0.05913905319560469,0.36941200450185846,0.978515625,0.6948913340530405,0.500267567561414,0.7350285608992077,0.6743443440994576,0.5942607811115302,0.7228057244640993,e7aa4c3e8464cecc,0.9999999906223348,0.9999999906223348,0.01917808219178082,1.4142135491110739,,,
adult,common_temperature_study,1205,0,0,512,8,2,0.0015,0.0006,age,7.0,,B,analytic,hybrid,False,budget,cuda,0.9999943971981148,age-local,common-temperature-soft,0.2946936805171672,0.17726351844174193,0.3240512210360236,0.48889095226030344,0.42934842329632705,0.528585971569621,0.7465539777962042,0.7346919834341666,0.7643469693392605,0.038993663827394484,0.08544660954486827,0.12622138791638518,0.31322086039708863,0.06631875393371323,0.19759024610742584,0.06773516888485902,0.355084592992124,0.982421875,0.6732676062169146,0.4459357631197535,0.7551133222775014,0.6485430740108575,0.596886289189509,0.7213316135372521,2efd238261c0f3a6,0.9999943971981148,0.9999943971981148,0.01917808219178082,1.4142056388146818,,,
adult,common_temperature_study,1205,0,0,512,8,2,0.002,0.0006,age,7.0,,B,analytic,hybrid,False,budget,cuda,0.9998630592747317,age-local,common-temperature-soft,0.25058460590565684,0.20851351844174193,0.26110237777163564,0.4301938897334316,0.41561266775689454,0.4399147043844564,0.6536074450279467,0.6567955138146714,0.6488253418478594,0.03922581024916569,0.09130598454486827,0.10290396562162732,0.22992879449204595,0.0607045083391238,0.18085786346047542,0.06160541091271274,0.34228780612233495,0.98046875,0.7544672755949241,0.5277531807121579,0.7704686444321602,0.7080837515768423,0.6215617042899988,0.7394508936797494,ad48c614a581f06b,0.9998630592747317,0.9998630592747317,0.01917808219178082,1.4140198989421795,,,
adult,common_temperature_study,1205,0,0,512,8,2,0.0025,0.0006,age,7.0,,B,analytic,hybrid,False,budget,cuda,0.9990683483977406,age-local,common-temperature-soft,0.26770535823966585,0.1078843341164548,0.3076606142704686,0.4457481832734477,0.3908883797639887,0.4823213856130868,0.6853154175112094,0.6644554602885777,0.7166053533451568,0.024901819623955476,0.05152886224740494,0.0996216855354328,0.26243961039708863,0.05286233628998147,0.20157399249892516,0.053679676836913014,0.34983418402964883,0.978515625,0.7218195877010795,0.5390482782662458,0.7546219519685523,0.7024259587190886,0.620434266793477,0.7299920152324796,7488e53335e2d543,0.9990683483977406,0.9990683483977406,0.01917808219178082,1.4128960080417734,,,
adult,common_temperature_study,1205,0,0,512,8,2,0.003,0.0006,age,7.0,,B,analytic,hybrid,False,budget,cuda,0.9966581115419719,age-local,common-temperature-soft,0.2820583617406793,0.17089321908973654,0.309849647403415,0.44489637076960875,0.39865631334070395,0.475723075722212,0.6870605738667772,0.6758204380617489,0.7039207775743197,0.043358848303310035,0.08395366435569074,0.10371394744019471,0.26048648539708863,0.05786688354144148,0.18142625030710646,0.059229450004946775,0.3506086280943965,0.96875,0.7646207915063687,0.5340726995668058,0.7718199127817702,0.7100694281088493,0.6207764439231511,0.736994042135004,c7f3985b41396807,0.9966581115419719,0.9966581115419719,0.01917808219178082,1.4094874183918138,,,
adult,common_temperature_study,1205,0,0,512,8,2,0.004,0.0006,age,7.0,,B,analytic,hybrid,False,budget,cuda,0.983585895493744,age-local,common-temperature-soft,0.25979343252871445,0.16698696908973654,0.2829950483884589,0.43094430912566806,0.39175691517336164,0.45706923842720554,0.6740849667557275,0.673609271671478,0.6747985093821018,0.03780639123240353,0.07788279378570107,0.0966454950592423,0.21361148539708863,0.05915671319277053,0.18728562530710646,0.059858385362601164,0.3473855494190479,0.974609375,0.7465797498003661,0.5188928994141031,0.7711442786069652,0.6567136525428849,0.6029697692268557,0.7257539463177938,d6944d862cdfabdf,0.983585895493744,0.983585895493744,0.01917808219178082,1.3910005131661385,,,
adult,common_temperature_study,1205,0,0,512,8,2,0.006,0.0006,age,7.0,,B,analytic,hybrid,False,budget,cuda,0.9213931558048658,age-local,common-temperature-soft,0.2602954555924083,0.20994420259812052,0.27288326884098024,0.4486424935507646,0.42899992946148885,0.46173753627694847,0.6953843821018365,0.6879493031242964,0.706537000568147,0.037992471687710756,0.06910698724740494,0.10457807276448447,0.24555379449204595,0.05908234836427868,0.17776112685031648,0.0601434721783499,0.34992240319998064,0.96484375,0.7571469404815598,0.5049023041832699,0.7653706774768134,0.6906486480609204,0.5857641245840268,0.7432590135741047,0fbb5b0a9c87f7a1,0.9213931558048658,0.9213931558048658,0.01917808219178082,1.3030466972169876,,,
adult,common_temperature_study,1205,0,0,512,8,2,0.008,0.0006,age,7.0,,B,analytic,hybrid,False,budget,cuda,0.8332362939521463,age-local,common-temperature-soft,0.23063180432712976,0.1508401280633868,0.2505797233930655,0.4033834252733247,0.3576694795697438,0.43385938907571203,0.6461653921749277,0.6350732912725467,0.6628035435284995,0.02096979461891016,0.04293803935569074,0.0867209299073416,0.22211629449204595,0.04978272915537653,0.17078837103064923,0.05013600159952865,0.3259207594343463,0.974609375,0.7618828307615618,0.5621630918151151,0.7697315889687366,0.7150230078362765,0.6267948542595165,0.7390209446594189,3d770e7908359844,0.8332362939521463,0.8332362939521463,0.01917808219178082,1.1783740675686203,,,
adult,common_temperature_study,1205,0,0,512,8,2,0.012,0.0006,age,7.0,,B,analytic,hybrid,False,budget,cuda,0.6635259079449397,age-local,common-temperature-soft,0.17894967677046864,0.13328395637552976,0.19036610686920336,0.37136318791843254,0.33318835749877157,0.3968130748648731,0.6188166756879184,0.6042512409019717,0.6406648278668386,0.018997881056943385,0.04150003742859776,0.0945728007705447,0.2667953634604754,0.05346821484439038,0.21700117276272957,0.053756660589551565,0.298890658141792,0.96875,0.7865525380966988,0.6233657954796576,0.7839813279282599,0.7089063023719181,0.632214863870493,0.7250783121429888,83d4a657a82ba8f1,0.6635259079449397,0.6635259079449397,0.01917808219178082,0.9383673380016556,,,
adult,common_temperature_study,1205,0,0,512,8,2,0.016,0.0006,age,7.0,,B,analytic,hybrid,False,budget,cuda,0.5365620056995036,age-local,common-temperature-soft,0.19037715550334747,0.1063761535685769,0.21137740598704008,0.3696193991462441,0.32381345346953505,0.40015669626405015,0.6120357174390394,0.6023370240489937,0.6265837575241079,0.015033123166501442,0.0329544407591672,0.08849197894639091,0.2374984884604754,0.048186683673991704,0.19036520714329586,0.04849762866377035,0.2876890064627035,0.96875,0.7895227831630354,0.6019247211896431,0.7853940175664885,0.6903403052085091,0.6314056618684613,0.7549290584116455,8290eaa767a84479,0.5365620056995036,0.5365620056995036,0.01917808219178082,0.758813265514348,,,
adult,common_temperature_study,1205,0,0,512,8,2,0.023,0.0006,age,7.0,,B,analytic,hybrid,False,budget,cuda,0.39432816390346925,age-local,common-temperature-soft,0.2161652674129353,0.18365517128861858,0.2242927914440145,0.41648768119280144,0.40301116667818315,0.42547202420254693,0.6499816215987961,0.6581539399837234,0.6377231440214053,0.04383690838137354,0.07861589045513173,0.08615944381560744,0.2609359884604754,0.0572489232254436,0.21332861157177077,0.05792277130136072,0.26352676244863943,0.96484375,0.7797063502966335,0.5546796667398299,0.7802346293225232,0.7425493585887384,0.6586612122904607,0.7650635710337202,c43eb91295fb9314,0.39432816390346925,0.39432816390346925,0.01917808219178082,0.557664237417967,,,
adult,common_temperature_study,1205,0,0,512,8,2,0.032,0.0006,age,7.0,,B,analytic,hybrid,False,budget,cuda,0.29099917812507753,age-local,common-temperature-soft,0.1734668670536208,0.23095316242859776,0.15909529320987656,0.3497913355675327,0.3896616934617039,0.32321109697141864,0.5842140570296666,0.6152101823700429,0.5377198690191021,0.04706486216039146,0.09424089045513173,0.0726928834114261,0.20213542146520483,0.05382811336816938,0.16742879449204606,0.054354266361016285,0.2713518635956447,0.96484375,0.7948624788578194,0.6042924422493547,0.7877280265339967,0.7072595175620455,0.609575346709003,0.7213930348258707,88922090019ab4c9,0.29099917812507753,0.29099917812507753,0.01917808219178082,0.4115349843439087,,,
adult,common_temperature_study,1205,0,0,512,8,2,0.05,0.0006,age,7.0,,B,analytic,hybrid,False,budget,cuda,0.1894636801989758,age-local,common-temperature-soft,0.19410086911123398,0.23876566242859776,0.18293467078189304,0.36367628965511944,0.3843285981358639,0.34990808400128987,0.5692002948221854,0.590362431988719,0.537457089072385,0.05264521930324861,0.10595964045513173,0.06356241920175722,0.18012548657177077,0.05225747783297338,0.1566283647349671,0.05276585534771508,0.24312545704955973,0.97265625,0.7780085566108612,0.5705739836008823,0.7763036668509306,0.6968734559595493,0.6234095940400795,0.7447331245009521,a51a37cfb2f9620a,0.1894636801989758,0.1894636801989758,0.01917808219178082,0.2679421061145104,,,
adult,common_temperature_study,1205,0,0,512,8,2,0.08,0.0006,age,7.0,,B,analytic,hybrid,False,budget,cuda,0.1192922638438342,age-local,common-temperature-soft,0.30990806960567535,0.26660678091026346,0.3207333917795283,0.5210806259980958,0.490128567233278,0.5417153318413078,0.7277504980882624,0.7234793592479987,0.7341572063486579,0.05054926352950123,0.10766408121429893,0.09277025275591473,0.2374984884604754,0.060626724144144495,0.1993726631119096,0.06158611840488915,0.18991425084915478,0.95703125,0.7576410334258163,0.5543906084474892,0.7711442786069652,0.6182248576633858,0.5654391870071477,0.6927707143295866,5f2249078031234f,0.1192922638438342,0.1192922638438342,0.01917808219178082,0.16870473741413994,,,
adult,common_temperature_study,1205,0,0,512,8,2,0.12,0.0006,age,7.0,,B,analytic,hybrid,False,budget,cuda,0.07973902623905978,age-local,common-temperature-soft,0.35759714160678097,0.19189066242859776,0.39902376140132667,0.5900496072876358,0.5086827148977335,0.6442942022142374,0.821795104339414,0.796892234749606,0.8591494087241263,0.03620266264942192,0.07322893153829624,0.09392534086987168,0.17749168893188383,0.050151685055970695,0.14238066515416747,0.0514484082475947,0.17719647622254944,0.962890625,0.7633143829975153,0.4330338487254492,0.7637737239727289,0.6421688463839318,0.5562751095517303,0.6978072599963148,d9fd59c78076b5c4,0.07973902623905978,0.07973902623905978,0.01917808219178082,0.11276801235770244,,,
adult,common_temperature_study,1205,0,0,512,8,2,0.18,0.0006,age,7.0,,B,analytic,hybrid,False,budget,cuda,0.05322211275336612,age-local,common-temperature-soft,0.43416088922670604,0.2734859652355506,0.4743296202244949,0.715700409027394,0.6217186996153492,0.778354881968757,0.9574224028391992,0.9325366320404153,0.9947510590373749,0.0632284295198025,0.1367429826177753,0.17340247752638924,0.3284078738253179,0.09529129100532584,0.2601865767612557,0.0972933920938276,0.16810838203133702,0.953125,0.561568486864927,0.4330338487254492,0.7637737239727289,0.4498063879129351,0.4367634833787622,0.6676494072845648,742b8fc7e9fe7cdf,0.05322211275336612,0.05322211275336612,0.01917808219178082,0.07526743367396044,,,
adult,common_temperature_study,1205,0,0,512,8,2,0.3,0.0006,age,7.0,,B,analytic,hybrid,False,budget,cuda,0.031952589463283214,age-local,common-temperature-soft,0.47801017098151216,0.2162485220502426,0.5434505832143296,0.7849281035025489,0.6266754695849457,0.8904298594476178,1.0481356959415884,0.9949604152590955,1.1278986169653278,0.04854839878722202,0.10766408121429882,0.19367777514543688,0.3674703738253179,0.10478308949186213,0.2986072722805727,0.10620308927225061,0.16762326543993192,0.958984375,0.728860882621875,0.4330338487254492,0.7637737239727289,0.43120232489235233,0.46407611765494305,0.5894601068730422,248fd91025e3bbf2,0.031952589463283214,0.031952589463283214,0.01917808219178082,0.04518778537191478,,,
adult,common_temperature_study,1205,0,0,512,8,2,0.4,0.0006,age,7.0,,B,analytic,hybrid,False,budget,cuda,0.023968011557931847,age-local,common-temperature-soft,0.5046823655641546,0.1762656624285977,0.5867865413480438,0.8389052998894415,0.6806317323490573,0.9444210115830313,1.0982024915929611,1.0468838373078024,1.175180473020699,0.04646136600945886,0.08813283121429882,0.16558997752638924,0.32367879449204595,0.09090675133734065,0.25561668893188394,0.09222144007043487,0.14384457929705,0.95703125,0.26158833003903187,0.4330338487254492,0.7637737239727289,0.4881891504047777,0.5016531795744704,0.6898839137645107,32009770c11e181a,0.023968011557931847,0.023968011557931847,0.01917808219178082,0.03389588700834232,,,
adult,common_temperature_study,1200,0,0,512,8,2,0.0,0.003,global,7.0,,B,global,hybrid,False,budget,cuda,1.0,hard,common-temperature-hard,0.16682146750813828,0.07036096523555059,0.19093659307628522,0.3190748850270254,0.3002147225869111,0.33164832665376826,0.5205671584208587,0.5210341921437055,0.5198666078365887,0.01686394828108135,0.03518048261777529,0.06458551324067494,0.16938191949204595,0.03419364964113118,0.13750091172225293,0.03476156973850048,0.30593163798321643,0.974609375,0.7941234722167335,0.5734069217186497,0.7831828511762177,0.7049892305302183,0.6038579866226342,0.7183833916835575,f88c794bfb6c7cc8,1.0,1.0,1.0,1.4142135623730951,,,
adult,common_temperature_study,1200,0,0,512,8,2,0.00025,0.003,age,7.0,,B,analytic,hybrid,False,budget,cuda,1.0,age-local,common-temperature-soft,0.1659495731220441,0.04004428091026348,0.19742589617498923,0.3325906875729378,0.2937377157422763,0.35849266879337877,0.5477569233308766,0.5480239299899679,0.5473564133422395,0.010212580268118535,0.019561960644309262,0.07730025696400421,0.22533023539708863,0.04005101899362823,0.1844867579540569,0.040373227656448504,0.30974170589257477,0.982421875,0.7932855424389874,0.5745686232041007,0.7839199066396413,0.7220530847771909,0.6303626478634959,0.7337387138382163,eaab4962bb4fccbf,1.0,1.0,0.01917808219178082,1.4142135623730951,,,
adult,common_temperature_study,1200,0,0,512,8,2,0.0005,0.003,age,7.0,,B,analytic,hybrid,False,budget,cuda,1.0,age-local,common-temperature-soft,0.155911559102635,0.08935933757140228,0.17254961448544315,0.30110872623763896,0.29175364017105826,0.3073454502820261,0.5093531426586205,0.5187949143173024,0.49519048517059766,0.021435904051903928,0.044679668785701177,0.061237298954960655,0.18110066949204595,0.03319716300673783,0.1407789131119096,0.03390494026731995,0.30861971309346464,0.98046875,0.7946265980916679,0.5833506611223956,0.7841655917941158,0.7256382277808202,0.6373834412306231,0.7494011424359683,b75a56c523ab7099,1.0,1.0,0.01917808219178082,1.4142135623730951,,,
adult,common_temperature_study,1200,0,0,512,8,2,0.001,0.003,age,7.0,,B,analytic,hybrid,False,budget,cuda,0.9999999906223348,age-local,common-temperature-soft,0.17403635756403169,0.08550155280695289,0.19617005875330137,0.3393130796634113,0.3061371383821633,0.3614303738509101,0.5492097527409251,0.554128510290625,0.5418316164163749,0.016143059321265515,0.03323383564430926,0.06490748372701455,0.17524129449204595,0.036536094134078934,0.15473486157177077,0.03688297912451903,0.3025239242079161,0.974609375,0.7916705297082008,0.579548476581817,0.7863767581843867,0.7079962764252428,0.6423132011700737,0.7484798231066888,d8a84aa087368f15,0.9999999906223348,0.9999999906223348,0.01917808219178082,1.4142135491110739,,,
adult,common_temperature_study,1200,0,0,512,8,2,0.0015,0.003,age,7.0,,B,analytic,hybrid,False,budget,cuda,0.9999943971981148,age-local,common-temperature-soft,0.13535591717339232,0.07469020637552977,0.15052234487285795,0.28944146455223874,0.2584484262714207,0.3101034900727842,0.49100024568515455,0.4897418050565076,0.49288790662812487,0.010580593870740363,0.025384146973466,0.055714489994910806,0.16502604646520483,0.030614671369643232,0.135473649307475,0.030834920983833,0.2941208767832456,0.966796875,0.7886398560083939,0.5733530485037793,0.7823843744241754,0.7197362530608984,0.6320932825821338,0.7555432712978318,e811437bd38774d8,0.9999943971981148,0.9999943971981148,0.01917808219178082,1.4142056388146818,,,
adult,common_temperature_study,1200,0,0,512,8,2,0.002,0.003,age,7.0,,B,analytic,hybrid,False,budget,cuda,0.9998630592747317,age-local,common-temperature-soft,0.1564456364013267,0.11043427730176279,0.16794847617621766,0.31689402140531914,0.31038084557920276,0.3212361386227299,0.5313558557521036,0.5401075016506972,0.5182283869042135,0.019447664035056933,0.04104633564430926,0.06313678886578279,0.1964828634604754,0.04018170027131915,0.17159824431085313,0.04027826776515399,0.2993444880524053,0.966796875,0.7887787373175666,0.5878918836022237,0.7823229531355568,0.7236092057272963,0.6346426985849005,0.7500153553221547,7fe8af6477087f64,0.9998630592747317,0.9998630592747317,0.01917808219178082,1.4140198989421795,,,
adult,common_temperature_study,1200,0,0,512,8,2,0.0025,0.003,age,7.0,,B,analytic,hybrid,False,budget,cuda,0.9990683483977406,age-local,common-temperature-soft,0.12261186352189665,0.0899051712886186,0.13078853658021616,0.2684750437626681,0.26230489143787233,0.2725884786458653,0.4742749648747006,0.4863611149499418,0.4561457397618389,0.02063102924896388,0.042750776403476465,0.05147164539223342,0.15668798657177077,0.033545708798536925,0.12874213999447215,0.03376358953958577,0.28968932093217686,0.966796875,0.7651397459195513,0.5709418330746303,0.7818930041152263,0.7088350007663353,0.6226650748046738,0.7353970886309195,1f3f3db942c2cc7b,0.9990683483977406,0.9990683483977406,0.01917808219178082,1.4128960080417734,,,
adult,common_temperature_study,1200,0,0,512,8,2,0.003,0.003,age,7.0,,B,analytic,hybrid,False,budget,cuda,0.9966581115419719,age-local,common-temperature-soft,0.14160500545113935,0.0835219158835452,0.15612577784303788,0.3003404082980161,0.26969440029789327,0.320771080298098,0.5061392497389595,0.5001044481809062,0.5151914520760396,0.01212023911892622,0.02346173261777529,0.06999952106018993,0.2082016134604754,0.037988800425171824,0.16248630017351515,0.03825585083077063,0.29234793942625303,0.97265625,0.7875123706194729,0.5969937078302465,0.7853325962778699,0.7241897387998456,0.6289936228703674,0.7383453104846139,d0926f7b7cf3ef8a,0.9966581115419719,0.9966581115419719,0.01917808219178082,1.4094874183918138,,,
adult,common_temperature_study,1200,0,0,512,8,2,0.004,0.003,age,7.0,,B,analytic,hybrid,False,budget,cuda,0.983585895493744,age-local,common-temperature-soft,0.16225191557643875,0.09178331912966033,0.17986906468813338,0.3277717796050611,0.2870883813954917,0.35489404507810735,0.5392299929749401,0.5268076733104027,0.5578634724717462,0.012440747193632053,0.026111725323997304,0.07120872982968753,0.2335922384604754,0.040206490542340226,0.18881132051931698,0.040347207757063665,0.29145664197926574,0.966796875,0.7865791141496886,0.6031513177746393,0.7862539156071494,0.7347934480306433,0.6486201059299141,0.7353356673423008,d00c925dc7c7a1aa,0.983585895493744,0.983585895493744,0.01917808219178082,1.3910005131661385,,,
adult,common_temperature_study,1200,0,0,512,8,2,0.006,0.003,age,7.0,,B,analytic,hybrid,False,budget,cuda,0.9213931558048658,age-local,common-temperature-soft,0.14633996299367358,0.09770471523555059,0.15849877493320433,0.2849198980022726,0.24816581876497143,0.3094226174938067,0.4725904860343345,0.47057000555350825,0.4756212067555739,0.02290807271330004,0.04885235761777529,0.060408979865516625,0.1730453634604754,0.038161096236295655,0.15105150366992215,0.038465220588740225,0.2836802811501045,0.966796875,0.7779270302295807,0.5709407263013501,0.7820772679810822,0.7279439774293827,0.627863195065041,0.7294392236349119,41e7901fe62ab8a1,0.9213931558048658,0.9213931558048658,0.01917808219178082,1.3030466972169876,,,
adult,common_temperature_study,1200,0,0,512,8,2,0.008,0.003,age,7.0,,B,analytic,hybrid,False,budget,cuda,0.8332362939521463,age-local,common-temperature-soft,0.17830619280142496,0.1928239781033106,0.17467674647595355,0.3252499078680671,0.32023140470487066,0.32859557664353134,0.5245421234875007,0.5190344813356059,0.532803586715343,0.025966226791527363,0.0490768092408328,0.079618259379177,0.2355453634604754,0.04835223650528329,0.18258605698360064,0.04873832403398493,0.27779233327230984,0.94140625,0.7925441102887381,0.6371296013469405,0.7919046741600638,0.7298840815715459,0.6625913623869012,0.7533935261961796,067729adf94dc2a1,0.8332362939521463,0.8332362939521463,0.01917808219178082,1.1783740675686203,,,
adult,common_temperature_study,1200,0,0,512,8,2,0.012,0.003,age,7.0,,B,analytic,hybrid,False,budget,cuda,0.6635259079449397,age-local,common-temperature-soft,0.12827274699035685,0.14848596523555058,0.12321944242905841,0.26975239063171796,0.2796614439377188,0.263146355094384,0.46658552338615567,0.47106833374280854,0.45986130785117624,0.03369676318949052,0.07424298261777529,0.05673525331528717,0.1437484884604754,0.039358527369242655,0.11306039728057271,0.039867873532994494,0.26293146105317705,0.966796875,0.7952926930909162,0.6291968465832807,0.7893249800380812,0.7445720345902698,0.6585211142654365,0.7647564645906271,caec381ae3e8b75a,0.6635259079449397,0.6635259079449397,0.01917808219178082,0.9383673380016556,,,
adult,common_temperature_study,1200,0,0,512,8,2,0.016,0.003,age,7.0,,B,analytic,hybrid,False,budget,cuda,0.5365620056995036,age-local,common-temperature-soft,0.16941469350776978,0.17193642128861858,0.1687842615625576,0.3223835010902279,0.3402798771382286,0.3104525837248941,0.5173674691741907,0.5374529903210286,0.487239187453934,0.03774412448705912,0.07470964045513173,0.07585862757055403,0.1867172384604754,0.04911825729436996,0.15756132051931698,0.04978635457562531,0.2587179398825047,0.96484375,0.7933329025963612,0.6244598796931093,0.7876051839567594,0.741927037757023,0.6597558776965302,0.7569559609360604,5e027445909e9bb2,0.5365620056995036,0.5365620056995036,0.01917808219178082,0.758813265514348,,,
adult,common_temperature_study,1200,0,0,512,8,2,0.023,0.003,age,7.0,,B,analytic,hybrid,False,budget,cuda,0.39432816390346925,age-local,common-temperature-soft,0.21503861863521895,0.28521767128861863,0.19749385547186904,0.3782464030157852,0.40920457991677417,0.357607618415126,0.5818304071847552,0.5973653386232417,0.5585280100270253,0.058391445915630544,0.13135026545513173,0.08006742540238256,0.20408854646520483,0.0587640154092573,0.17109223846047542,0.059674051952713754,0.2597859415225491,0.96484375,0.7960199067391727,0.6538973469632821,0.7917204102942079,0.7264789176207176,0.6383399871262453,0.7525950494441374,dc57b91dbe174553,0.39432816390346925,0.39432816390346925,0.01917808219178082,0.557664237417967,,,
adult,common_temperature_study,1200,0,0,512,8,2,0.032,0.003,age,7.0,,B,analytic,hybrid,False,budget,cuda,0.29099917812507753,age-local,common-temperature-soft,0.22327334200909038,0.22662392128861858,0.2224356971892083,0.418537328788158,0.43424863049720536,0.4080631276487931,0.637341672232971,0.653969694672215,0.6123996385741048,0.051695017344201975,0.11181901545513173,0.09580841292508649,0.23871923657177077,0.0649687815158412,0.19242282031202013,0.06573251487399799,0.2404226121719295,0.962890625,0.7906602842320367,0.6393303319365676,0.7850869111233953,0.777925890658465,0.680497303508863,0.7616239788710767,5a448affb38e54b4,0.29099917812507753,0.29099917812507753,0.01917808219178082,0.4115349843439087,,,
adult,common_temperature_study,1200,0,0,512,8,2,0.05,0.003,age,7.0,,B,analytic,hybrid,False,budget,cuda,0.1894636801989758,age-local,common-temperature-soft,0.2972014445519317,0.34381142128861863,0.28554895036775996,0.5151546952736318,0.5293000540315399,0.5057244561016931,0.7398249637230514,0.7497806268298426,0.7248914690628647,0.08443311258229722,0.17041276545513173,0.09704456205890007,0.26410986157177074,0.07785420576006338,0.229149511892697,0.07897460850445776,0.2279946343492964,0.966796875,0.7952201160020667,0.6264529802088327,0.7904305632332166,0.7451297866952877,0.6532522671658081,0.7228671457527179,ace96b82b401d22b,0.1894636801989758,0.1894636801989758,0.01917808219178082,0.2679421061145104,,,
adult,common_temperature_study,1200,0,0,512,8,2,0.08,0.003,age,7.0,,B,analytic,hybrid,False,budget,cuda,0.1192922638438342,age-local,common-temperature-soft,0.38710023378477976,0.43848178091026346,0.37425484700340883,0.6334537046634112,0.6573470058081505,0.6175248372335852,0.8367050501735152,0.8571176876676289,0.8060860939323444,0.10121801065951838,0.21878071064430926,0.11397164539223341,0.30512548657177074,0.09319248222316794,0.27404175591947677,0.09444486011905558,0.16376655750362767,0.9453125,0.7564889270279296,0.6475343798175348,0.7656777839199066,0.7004048718442506,0.6262987280075036,0.6916037098458325,d18e294c74589147,0.1192922638438342,0.1192922638438342,0.01917808219178082,0.16870473741413994,,,
adult,common_temperature_study,1200,0,0,512,8,2,0.12,0.003,age,7.0,,B,analytic,hybrid,False,budget,cuda,0.07973902623905978,age-local,common-temperature-soft,0.4133948793839445,0.4727047152355506,0.398567420421043,0.6244916428659173,0.6597144845794177,0.6010097483902503,0.8379877474126284,0.8563544001955243,0.8104377682382838,0.11245100007019573,0.2363523576177753,0.06770884746242334,0.13129736157177077,0.0770314093419343,0.19369035417050562,0.0781660627701408,0.13405594903229504,0.939453125,0.7400723805389691,0.5148967947974508,0.7670904735581352,0.599148113089783,0.5521948115408946,0.7365026718260549,b5344426e5ac98fb,0.07973902623905978,0.07973902623905978,0.01917808219178082,0.11276801235770244,,,
adult,common_temperature_study,1200,0,0,512,8,2,0.18,0.003,age,7.0,,B,analytic,hybrid,False,budget,cuda,0.05322211275336612,age-local,common-temperature-soft,0.4881258253485658,0.6016239212886186,0.45975130136355263,0.7433862468137706,0.7955835934141022,0.7085880157468828,0.9464316390654751,0.9699483949209711,0.9111565052822308,0.1282632458847736,0.2324461076177753,0.08705356000348055,0.1995016238253179,0.07836938323816518,0.199501623825318,0.08091625451694448,0.11284126557091485,0.931640625,0.7665036139041059,0.4330338487254492,0.7637737239727289,0.5944573665536087,0.4982742169207829,0.7587985995946195,c5a0698cb22ea025,0.05322211275336612,0.05322211275336612,0.01917808219178082,0.07526743367396044,,,
adult,common_temperature_study,1200,0,0,512,8,2,0.3,0.003,age,7.0,,B,analytic,hybrid,False,budget,cuda,0.031952589463283214,age-local,common-temperature-soft,0.46796361556415456,0.45360941242859776,0.47155216634804376,0.748883716064738,0.7464978468959217,0.7504742955106156,1.011399527248019,1.0339284240448987,0.9776061820526994,0.09609388024603614,0.19970964045513173,0.11053045371686541,0.26313191949204595,0.06956070127286222,0.19206712866992215,0.0724956113344786,0.12141546898026293,0.935546875,0.35839683044499104,0.4330338487254492,0.7637737239727289,0.5518275375164585,0.4745086725452815,0.7325102880658436,667749bf5ccbdd04,0.031952589463283214,0.031952589463283214,0.01917808219178082,0.04518778537191478,,,
adult,common_temperature_study,1200,0,0,512,8,2,0.4,0.003,age,7.0,,B,analytic,hybrid,False,budget,cuda,0.023968011557931847,age-local,common-temperature-soft,0.5541616282015847,0.6098594124285978,0.5402371821448314,0.8960900311329156,0.9290755064377189,0.8740997142630468,1.1891190267796816,1.1941730471229244,1.1815379962648178,0.12808792786508374,0.27244768153829624,0.1557755388255665,0.40501773539708863,0.10117147027975656,0.3160143293946932,0.10471584098111036,0.11437171385925626,0.919921875,0.2492037534336114,0.4330338487254492,0.7637737239727289,0.36891611732020546,0.4254414039251768,0.5671641791044776,94bb95aa70b2eced,0.023968011557931847,0.023968011557931847,0.01917808219178082,0.03389588700834232,,,
adult,common_temperature_study,1201,0,0,512,8,2,0.0,0.003,global,7.0,,B,global,hybrid,False,budget,cuda,1.0,hard,common-temperature-hard,0.15108706083778634,0.13678017128861858,0.1546637832250783,0.2915379938655488,0.28588268869771516,0.29530819731077124,0.49020181691849396,0.5007673262417337,0.47435355293363424,0.028815553058487688,0.06299089045513173,0.057241978946390916,0.1710922384604754,0.03976521871288698,0.14106298657177077,0.04004900543371761,0.2914746220069066,0.978515625,0.7839986442240158,0.5468908773111201,0.779251888704625,0.6905926417997612,0.591517622166694,0.7398808427000798,29235dadd73712cb,1.0,1.0,1.0,1.4142135623730951,,,
adult,common_temperature_study,1201,0,0,512,8,2,0.00025,0.003,age,7.0,,B,analytic,hybrid,False,budget,cuda,1.0,age-local,common-temperature-soft,0.14719002403107914,0.06883023155825808,0.16677997214928442,0.3010139071233339,0.2730932648677907,0.31962766862702946,0.5067378433833916,0.5071160321719591,0.5061705602005405,0.0150896659413105,0.03221330653829624,0.06597730638766779,0.1730453634604754,0.03559012489918067,0.14549479646520486,0.03601998240051184,0.2976943830922847,0.962890625,0.7890721402881045,0.5550690271639271,0.7809716847859468,0.7101344150267819,0.6178051082052002,0.7566488544929673,bc6e11c044f51f6b,1.0,1.0,0.01917808219178082,1.4142135623730951,,,
adult,common_temperature_study,1201,0,0,512,8,2,0.0005,0.003,age,7.0,,B,analytic,hybrid,False,budget,cuda,1.0,age-local,common-temperature-soft,0.13238274292119648,0.0928425964314231,0.1422677795436398,0.27164169507401265,0.28242054340565687,0.2644557961862498,0.4809956054987409,0.5086459660928894,0.4395200646075179,0.016280937318112552,0.042975228026533974,0.042523502782969326,0.1320297384604754,0.029003641609531627,0.120451945519317,0.029038300604402004,0.3000033468907226,0.96875,0.7923770428903203,0.5926691503113672,0.786499600761624,0.7132977912602632,0.6272475466919911,0.7409250046065966,8a000bbbd2968b77,1.0,1.0,0.01917808219178082,1.4142135623730951,,,
adult,common_temperature_study,1201,0,0,512,8,2,0.001,0.003,age,7.0,,B,analytic,hybrid,False,budget,cuda,0.9999999906223348,age-local,common-temperature-soft,0.13846628163196362,0.05661411307659232,0.15892932377080643,0.26939274019562676,0.2613902300803083,0.2747277469391724,0.47390758879215034,0.4870828550790287,0.45414468936183283,0.010909499387249503,0.02493044518917753,0.038812176258624556,0.12421723846047539,0.023675708248565696,0.09939500030710646,0.0237787629941632,0.304461883454391,0.96484375,0.7788310342224707,0.5865150009667288,0.7817701615379891,0.6979339784769517,0.6224005976005293,0.7390209446594189,9585d0991dc5b252,0.9999999906223348,0.9999999906223348,0.01917808219178082,1.4142135491110739,,,
adult,common_temperature_study,1201,0,0,512,8,2,0.0015,0.003,age,7.0,,B,analytic,hybrid,False,budget,cuda,0.9999943971981148,age-local,common-temperature-soft,0.14735087103064917,0.1459489781033106,0.14770134426248382,0.2992107844266323,0.28878022599195385,0.30616449004975127,0.512975559125668,0.5136661967298283,0.5119396027194275,0.020739441936408472,0.04931901545513173,0.055431536193956736,0.17524129449204595,0.03505205371514535,0.14827770867882806,0.03531583070210511,0.2928619395694771,0.96484375,0.7817807042800409,0.5333081964982309,0.7764265094281678,0.7215295511699841,0.6332664089842327,0.7616239788710767,6b9d1a60efedc6d6,0.9999943971981148,0.9999943971981148,0.01917808219178082,1.4142056388146818,,,
adult,common_temperature_study,1201,0,0,512,8,2,0.002,0.003,age,7.0,,B,analytic,hybrid,False,budget,cuda,0.9998630592747317,age-local,common-temperature-soft,0.16408457327559728,0.11575825540507338,0.17616615274322828,0.3172938595986119,0.3026504605636939,0.3270561256218905,0.513719188586389,0.5107126165085069,0.5182290467032122,0.022305353468547912,0.054929706214298935,0.06529510278560166,0.1964828634604754,0.0408591374342768,0.17353049566979917,0.04111488445104184,0.2997618222992223,0.96875,0.7884016751904496,0.6031870264597848,0.7813402125176586,0.7148691552808875,0.6356274776414217,0.7396965788342239,9ffd12994e78259e,0.9998630592747317,0.9998630592747317,0.01917808219178082,1.4140198989421795,,,
adult,common_temperature_study,1201,0,0,512,8,2,0.0025,0.003,age,7.0,,B,analytic,hybrid,False,budget,cuda,0.9990683483977406,age-local,common-temperature-soft,0.1485079425403845,0.0908500034549475,0.16292242731174372,0.28499002863767586,0.2531311061398256,0.3062293103029093,0.4866336959108778,0.48469286316616506,0.48954494502794677,0.0133292879371514,0.028307056538296238,0.06043565745274217,0.1808578634604754,0.03410521290902783,0.13837424566979917,0.034346713759977304,0.3014697152635953,0.958984375,0.7885768973179514,0.617302699600806,0.7887721884405134,0.7071549070245882,0.6358939953035894,0.746268656716418,1d30cd78f7b189c8,0.9990683483977406,0.9990683483977406,0.01917808219178082,1.4128960080417734,,,
adult,common_temperature_study,1201,0,0,512,8,2,0.003,0.003,age,7.0,,B,analytic,hybrid,False,budget,cuda,0.9966581115419719,age-local,common-temperature-soft,0.1452355314476998,0.10056920259812051,0.1564021136600946,0.2890979132117192,0.28316833559824334,0.29305096495403643,0.4993184876159328,0.5048897103986242,0.49096165344189546,0.01266671264123241,0.02978776545513173,0.05589426380004737,0.17328816949204595,0.03492106559215625,0.15881409887291936,0.03486536321202439,0.2944750931554766,0.9609375,0.7778468838793761,0.6025043026993637,0.7843498556599717,0.729403977124103,0.6310572406458621,0.7366255144032922,a93290894cca1bbf,0.9966581115419719,0.9966581115419719,0.01917808219178082,1.4094874183918138,,,
adult,common_temperature_study,1201,0,0,512,8,2,0.004,0.003,age,7.0,,B,analytic,hybrid,False,budget,cuda,0.983585895493744,age-local,common-temperature-soft,0.1544540031324857,0.16453395637552976,0.1519340148217247,0.3063097657929489,0.30677210494594925,0.30600153969094857,0.5016032155964008,0.5044270513430789,0.4973674619763835,0.024254748176372704,0.04540628742859776,0.058808461733074774,0.1886703634604754,0.03855560027227321,0.15212937530710646,0.03881438328813847,0.2875283610364634,0.955078125,0.7903942518778355,0.5799489351742738,0.7835513789079295,0.7251234552799886,0.6464754282553457,0.7500153553221547,8d8c52b439bff754,0.983585895493744,0.983585895493744,0.01917808219178082,1.3910005131661385,,,
adult,common_temperature_study,1201,0,0,512,8,2,0.006,0.003,age,7.0,,B,analytic,hybrid,False,budget,cuda,0.9213931558048658,age-local,common-temperature-soft,0.15774349702106752,0.0951547720502426,0.17339067826377375,0.30838182256157476,0.2872977776050304,0.32243785253260443,0.5067530067640194,0.506285565165428,0.5074541691619066,0.013855767550402001,0.033445331214298823,0.07855566880105644,0.2160141134604754,0.04378822552504409,0.168602636892697,0.04399844227727759,0.28011511932937133,0.95703125,0.7888831178498447,0.5581991789864921,0.7836742214851667,0.6996294721109311,0.6158037807275879,0.7441189116147657,457b877f092eca50,0.9213931558048658,0.9213931558048658,0.01917808219178082,1.3030466972169876,,,
adult,common_temperature_study,1201,0,0,512,8,2,0.008,0.003,age,7.0,,B,analytic,hybrid,False,budget,cuda,0.8332362939521463,age-local,common-temperature-soft,0.131743721592654,0.08691928091026348,0.14294983176325163,0.271762906148271,0.250099689630551,0.28620505049341766,0.46728339878539404,0.4689586164470856,0.46477057229285673,0.019418907081289603,0.04104633564430926,0.05759937863957695,0.1554672384604754,0.03711777869840073,0.1325916472805727,0.037238766886403554,0.2794048981078103,0.95703125,0.7970969582651419,0.5794671135554601,0.7868067072047171,0.7180220453691488,0.6244208371117661,0.7408021620293593,1d20bb4ee56366ab,0.8332362939521463,0.8332362939521463,0.01917808219178082,1.1783740675686203,,,
adult,common_temperature_study,1201,0,0,512,8,2,0.012,0.003,age,7.0,,B,analytic,hybrid,False,budget,cuda,0.6635259079449397,age-local,common-temperature-soft,0.16048451799643754,0.18365517128861858,0.15469185467339228,0.3089697634512622,0.30782688361817456,0.3097316833399873,0.5043763147994594,0.5074241782983232,0.4998045195511639,0.03202388995644937,0.05861798261777529,0.07064675245904516,0.18455729646520483,0.04581137626723191,0.14046520867882806,0.0462917193055376,0.27068008662479687,0.951171875,0.7861536254775482,0.6122984593661567,0.7909219335421657,0.7253355723292061,0.6268012639128234,0.7539463177937473,1d331f79d7e3a7b2,0.6635259079449397,0.6635259079449397,0.01917808219178082,0.9383673380016556,,,
adult,common_temperature_study,1201,0,0,512,8,2,0.016,0.003,age,7.0,,B,analytic,hybrid,False,budget,cuda,0.5365620056995036,age-local,common-temperature-soft,0.16940984698421474,0.21881142128861858,0.15705945340811375,0.3279459425480621,0.3403174256994349,0.31969828711381365,0.5359673709001289,0.5487500287912291,0.5167933840634789,0.04313846972515435,0.08962577640347646,0.072878895316188,0.18065104646520483,0.051418984428066826,0.15742036346047542,0.05199200165351069,0.2600444771339359,0.951171875,0.792011836484718,0.6248742321622744,0.792211780603157,0.7265975166549887,0.6577337118429354,0.7655549413426693,c1516bd781f5314b,0.5365620056995036,0.5365620056995036,0.01917808219178082,0.758813265514348,,,
adult,common_temperature_study,1201,0,0,512,8,2,0.023,0.003,age,7.0,,B,analytic,hybrid,False,budget,cuda,0.39432816390346925,age-local,common-temperature-soft,0.19389261255451137,0.23443642128861858,0.18375666037098456,0.36935099291351886,0.3927470935254284,0.3537535925055792,0.5929533706851544,0.6082958487526361,0.5699396535839322,0.044858711385020796,0.11181901545513173,0.08030349063032864,0.21332861157177077,0.057614853109108036,0.17093844531202013,0.05804670075246165,0.2659223874739425,0.9453125,0.7933343035369989,0.6502125014052931,0.7947300534365211,0.7477150135462596,0.6635306849443298,0.7559117990295436,827dba66be43e6b1,0.39432816390346925,0.39432816390346925,0.01917808219178082,0.557664237417967,,,
adult,common_temperature_study,1201,0,0,512,8,2,0.032,0.003,age,7.0,,B,analytic,hybrid,False,budget,cuda,0.29099917812507753,age-local,common-temperature-soft,0.259117702383146,0.34771767128861863,0.23696771015677784,0.4666516472421841,0.4820283948697869,0.45640048215711565,0.6895534864258952,0.687137550416641,0.6931773904397764,0.07118065838137355,0.15674089045513173,0.0942543834874715,0.23676611157177077,0.06890398541641338,0.21182379000061424,0.07010516241797939,0.2521176713328349,0.9453125,0.7940179834776826,0.6493653752346125,0.7936244702413857,0.7347944830539501,0.6637088099466245,0.7508138320741969,923f8c8d82f58d41,0.29099917812507753,0.29099917812507753,0.01917808219178082,0.4115349843439087,,,
adult,common_temperature_study,1201,0,0,512,8,2,0.05,0.003,age,7.0,,B,analytic,hybrid,False,budget,cuda,0.1894636801989758,age-local,common-temperature-soft,0.23205692217922733,0.30176303091026346,0.21463039499646827,0.40724032230821194,0.44468377153583927,0.3822780228231271,0.613751938609422,0.6416319332478553,0.571931946651772,0.06275968089081342,0.12698383564430926,0.0821636096779477,0.19575048657177077,0.059627444347054796,0.16371616550733986,0.060743461819865736,0.23508352277239747,0.94921875,0.7952920030753784,0.6662674087977776,0.7936858915300044,0.7379563015250807,0.6605839005412377,0.7517965726920951,41c8ce6d1dcb55d8,0.1894636801989758,0.1894636801989758,0.01917808219178082,0.2679421061145104,,,
adult,common_temperature_study,1201,0,0,512,8,2,0.08,0.003,age,7.0,,B,analytic,hybrid,False,budget,cuda,0.1192922638438342,age-local,common-temperature-soft,0.37716586818991465,0.2578739212886186,0.4069888549152386,0.5777463713454335,0.53769683603587,0.6044460615518089,0.774259945450218,0.7712103784703027,0.7788342959200909,0.05825156852787794,0.11525860761777529,0.12073400816318174,0.30317236157177074,0.07987243664049369,0.2601439897349671,0.08070898896267074,0.16200686945488327,0.94140625,0.764357446030853,0.6076683100311423,0.7643265155702966,0.6910368027105483,0.6221052266922624,0.7211473496713962,efc56664f58891a7,0.1192922638438342,0.1192922638438342,0.01917808219178082,0.16870473741413994,,,
adult,common_temperature_study,1201,0,0,512,8,2,0.12,0.003,age,7.0,,B,analytic,hybrid,False,budget,cuda,0.07973902623905978,age-local,common-temperature-soft,0.4279435192862847,0.5278281624285978,0.40297235850070634,0.6486501712118419,0.7180215219235612,0.6024026040706959,0.8494856686858915,0.8955420620662121,0.7804010786154105,0.11246000304181622,0.22947893153829624,0.08248912194246286,0.2277328634604754,0.08666755242676069,0.24869323809194754,0.0876072924324458,0.14074332156846733,0.92578125,0.7434118884658885,0.4330338487254492,0.7637737239727289,0.5735071670659346,0.5088394759779596,0.6556108347153123,08617597cc6461cc,0.07973902623905978,0.07973902623905978,0.01917808219178082,0.11276801235770244,,,
adult,common_temperature_study,1201,0,0,512,8,2,0.18,0.003,age,7.0,,B,analytic,hybrid,False,budget,cuda,0.05322211275336612,age-local,common-temperature-soft,0.494303463392912,0.5200156624285978,0.48787541363399056,0.8266948676755114,0.8504458801670659,0.8108608593478083,1.0651068538480435,1.0708356606243472,1.0565136436835882,0.11636625304181622,0.25877580653829624,0.14161410439352323,0.3898422384604754,0.11124457793477117,0.35012521785363315,0.11278767365502322,0.11172941167828418,0.93359375,0.7502074333073845,0.4330338487254492,0.7637737239727289,0.5117264481492005,0.5019632296636993,0.6949204594312388,2760d0a3173686f9,0.05322211275336612,0.05322211275336612,0.01917808219178082,0.07526743367396044,,,
adult,common_temperature_study,1201,0,0,512,8,2,0.3,0.003,age,7.0,,B,analytic,hybrid,False,budget,cuda,0.031952589463283214,age-local,common-temperature-soft,0.5176666340366072,0.39892191242859776,0.5473528144386095,0.8987414634005896,0.8386543123502856,0.9387995641007922,1.2075285465035932,1.18211715982843,1.245645626516338,0.09088554691270281,0.19822893153829624,0.23865094309098242,0.4658189329202752,0.12532224468852096,0.3684901831506051,0.12875233167228808,0.15341239447284152,0.93359375,0.29152911834205575,0.4330338487254492,0.7637737239727289,0.4528918237549768,0.43787544339193574,0.5056200479086052,463357a0d0b6a289,0.031952589463283214,0.031952589463283214,0.01917808219178082,0.04518778537191478,,,
adult,common_temperature_study,1201,0,0,512,8,2,0.4,0.003,age,7.0,,B,analytic,hybrid,False,budget,cuda,0.023968011557931847,age-local,common-temperature-soft,0.4878847467907376,0.2616702847644494,0.5444383622973098,0.8379959049275227,0.752074108143695,0.8952771027834081,1.156323777524415,1.1263741413815695,1.201248231738683,0.06288764190876893,0.1308351423822247,0.20647088356717294,0.46165836039708863,0.119232766997889,0.3651683951001168,0.1205759405405048,0.15049787347434349,0.919921875,0.75302725498646,0.4330338487254492,0.7637737239727289,0.5902092022563089,0.5113490884038422,0.7171549659111848,88b89f156a4d5419,0.023968011557931847,0.023968011557931847,0.01917808219178082,0.03389588700834232,,,
adult,common_temperature_study,1202,0,0,512,8,2,0.0,0.003,global,7.0,,B,global,hybrid,False,budget,cuda,1.0,hard,common-temperature-hard,0.14962086749892514,0.11522081912966033,0.15822087959124134,0.31101598009182485,0.2806495229293348,0.3312602848668182,0.5295023963899638,0.5255924435180066,0.5353673256978995,0.016806765701182506,0.035877350323997304,0.04704965536441835,0.15330729646520483,0.031009428389776154,0.12671667703150924,0.03108932248916956,0.29204703264220605,0.98828125,0.7722535552005112,0.49541426914624354,0.7718199127817702,0.7280846778704281,0.6327900467434747,0.7580001228425772,4c02345a9132389c,1.0,1.0,1.0,1.4142135623730951,,,
adult,common_temperature_study,1202,0,0,512,8,2,0.00025,0.003,age,7.0,,B,analytic,hybrid,False,budget,cuda,1.0,age-local,common-temperature-soft,0.1589996103587003,0.1070253957834285,0.17199316400251824,0.2994968252871445,0.2698560510526073,0.31925734144350265,0.5018005554787789,0.49803207950729883,0.507453269435999,0.018449019690641437,0.039068978026534,0.046999979069233484,0.1476547384604754,0.02866928795682432,0.11792095655979362,0.029021915037095027,0.3072669314664785,0.978515625,0.7894658882455017,0.516555558509945,0.7755666113875069,0.7032478090438454,0.6168883427479167,0.7428904858423929,6762fba680ce08a9,1.0,1.0,0.01917808219178082,1.4142135623730951,,,
adult,common_temperature_study,1202,0,0,512,8,2,0.0005,0.003,age,7.0,,B,analytic,hybrid,False,budget,cuda,1.0,age-local,common-temperature-soft,0.15529667442110437,0.1342417445949266,0.1605604068776488,0.3124289576423438,0.2941151207696088,0.32463818222416724,0.5126949646059824,0.51186630504883,0.5139379539417113,0.020109976553885477,0.050774771973466026,0.060307239431151134,0.17524129449204595,0.037131112867571966,0.14544333214329586,0.037398721139306416,0.3032473897512118,0.978515625,0.7842789996280188,0.5341546616641998,0.7804803144769977,0.70821923508223,0.6182041364877617,0.7435046987285793,9f723446f58b8c05,1.0,1.0,0.01917808219178082,1.4142135623730951,,,
adult,common_temperature_study,1202,0,0,512,8,2,0.001,0.003,age,7.0,,B,analytic,hybrid,False,budget,cuda,0.9999999906223348,age-local,common-temperature-soft,0.1261992986456606,0.0522848719366132,0.14467790532292243,0.2724501048000737,0.23438387729562066,0.2978275898030424,0.47899197588446646,0.475672331181029,0.4839714429396229,0.0071180030001374624,0.017608835644309262,0.05337474563177645,0.16547566949204595,0.029325533208338934,0.13843542703150924,0.029405606348131805,0.2903506792816448,0.970703125,0.7737448878735206,0.5409883597532039,0.7772249861802101,0.7240253164609898,0.6291078068358875,0.7446717032123334,8ebf760a9be6432b,0.9999999906223348,0.9999999906223348,0.01917808219178082,1.4142135491110739,,,
adult,common_temperature_study,1202,0,0,512,8,2,0.0015,0.003,age,7.0,,B,analytic,hybrid,False,budget,cuda,0.9999943971981148,age-local,common-temperature-soft,0.1484467611786745,0.07614536307659238,0.16652211070419504,0.2907802087172163,0.2632112753170874,0.30915949765063566,0.4902029925603465,0.4966278672865097,0.48056568047110126,0.014500405453625489,0.037351581214298935,0.05407254448290587,0.1574203634604754,0.03129406983987011,0.12566087866992215,0.03155427898146972,0.30056000864963434,0.9765625,0.7779024614945192,0.5266916025992081,0.7754437688102697,0.6980341666420979,0.6029404529702451,0.7303605429641914,85f0e9068441f664,0.9999943971981148,0.9999943971981148,0.01917808219178082,1.4142056388146818,,,
adult,common_temperature_study,1202,0,0,512,8,2,0.002,0.003,age,7.0,,B,analytic,hybrid,False,budget,cuda,0.9998630592747317,age-local,common-temperature-soft,0.13517573206498373,0.07615831912966033,0.1499300852988146,0.2696116015217124,0.2600562964498495,0.27598180490295426,0.46274491738836676,0.4660787337745429,0.4577441928091026,0.01265327673434705,0.035398456214298823,0.05706052565289367,0.1671859884604754,0.033713433485201325,0.13715673657177077,0.033812865459846464,0.2897534228310457,0.974609375,0.7804335012162047,0.47045158742772086,0.7688716909280757,0.7095386702480564,0.6021603833644064,0.7532706836189423,0a3fc44f42264ec3,0.9998630592747317,0.9998630592747317,0.01917808219178082,1.4140198989421795,,,
adult,common_temperature_study,1202,0,0,512,8,2,0.0025,0.003,age,7.0,,B,analytic,hybrid,False,budget,cuda,0.9990683483977406,age-local,common-temperature-soft,0.1519538207880351,0.09473178091026348,0.166259330757478,0.286600010172901,0.2644413805778208,0.3013724299029544,0.4866685332980161,0.47937988171283497,0.4976015106757878,0.020302832088089827,0.04690571064430926,0.052646533188700814,0.1593734884604754,0.035260496337633805,0.13441929050733986,0.035366077755091326,0.2963304383859809,0.984375,0.7808494133090615,0.5748014960694693,0.7809716847859468,0.7311522987658549,0.6505287593670647,0.7447331245009521,b1a0e6efc0a29cfd,0.9990683483977406,0.9990683483977406,0.01917808219178082,1.4128960080417734,,,
adult,common_temperature_study,1202,0,0,512,8,2,0.003,0.003,age,7.0,,B,analytic,hybrid,False,budget,cuda,0.9966581115419719,age-local,common-temperature-soft,0.10426057405871872,0.0615796403783551,0.11493080747880963,0.24371669814507707,0.23256433160202078,0.25115160917378127,0.4520321089383331,0.4622685745014639,0.43667741059363674,0.01251923756803868,0.028115594865180227,0.04420980049780491,0.1359359884604754,0.027467763377027405,0.11567236157177077,0.027545742129713873,0.29240684875486933,0.97265625,0.7823365640697201,0.6036699947680502,0.7777777777777778,0.7301759581440757,0.6408881069695144,0.7584914931515263,22cb248f2b4176d0,0.9966581115419719,0.9966581115419719,0.01917808219178082,1.4094874183918138,,,
adult,common_temperature_study,1202,0,0,512,8,2,0.004,0.003,age,7.0,,B,analytic,hybrid,False,budget,cuda,0.983585895493744,age-local,common-temperature-soft,0.15996800334746025,0.1220011535685769,0.16945971579218108,0.3093057091087771,0.27140160021651005,0.33457511503695514,0.5096262514587556,0.4974559350239543,0.5278817261109575,0.021479479348554115,0.050774771973466,0.06309396762513125,0.1886703634604754,0.03685169866858566,0.14668867276272957,0.03732430952234714,0.2898862494257816,0.970703125,0.7945463471936545,0.5565203523403678,0.7816473189607518,0.7326032028012122,0.6401669155000713,0.7573244886677722,07e68ed6215d2e63,0.983585895493744,0.983585895493744,0.01917808219178082,1.3910005131661385,,,
adult,common_temperature_study,1202,0,0,512,8,2,0.006,0.003,age,7.0,,B,analytic,hybrid,False,budget,cuda,0.9213931558048658,age-local,common-temperature-soft,0.12725286568699706,0.0679098719366132,0.14208861412459306,0.2691446077866838,0.2511351541866286,0.2811509101867207,0.4714220659818193,0.4806038688373973,0.4576493616984522,0.008818867705856367,0.021515085644309262,0.06767410376103022,0.1847641134604754,0.03707893937394994,0.13607694551931698,0.03718046514434066,0.28187905678499986,0.97265625,0.7970484062627484,0.5885658409387223,0.7878508691112339,0.7369000654678378,0.6368092967842968,0.7503224617652479,45b62508aa4575ac,0.9213931558048658,0.9213931558048658,0.01917808219178082,1.3030466972169876,,,
adult,common_temperature_study,1202,0,0,512,8,2,0.008,0.003,age,7.0,,B,analytic,hybrid,False,budget,cuda,0.8332362939521463,age-local,common-temperature-soft,0.15949131656532153,0.12939066242859776,0.16701648009950248,0.29149207185523,0.28176242389518463,0.29797850382859364,0.4696725429565138,0.4698333499682657,0.4694313324388858,0.0317383769351362,0.06346330653829624,0.06319039539223341,0.17426611157177077,0.0415865849403148,0.14203816949204606,0.042097698090173066,0.2702374651422776,0.97265625,0.7894530915937081,0.6132155736489544,0.7839813279282599,0.7515153159403416,0.6611038232575034,0.762238191757263,766d7e661d98445f,0.8332362939521463,0.8332362939521463,0.01917808219178082,1.1783740675686203,,,
adult,common_temperature_study,1202,0,0,512,8,2,0.012,0.003,age,7.0,,B,analytic,hybrid,False,budget,cuda,0.6635259079449397,age-local,common-temperature-soft,0.13024019562680422,0.1343161219366132,0.129221214049352,0.26752711653921746,0.2731826976229961,0.26375672915003173,0.46818917085099193,0.4869049492762525,0.4401155032131011,0.022791970939687205,0.048086990779129035,0.06269829387746743,0.16450048657177077,0.038724137228494576,0.11617980698360064,0.039073788983284376,0.27239330926004296,0.97265625,0.7917591235213541,0.6009242970108439,0.7877280265339967,0.7110518847774417,0.6230924475712734,0.7405564768748848,5c76842cc4e29814,0.6635259079449397,0.6635259079449397,0.01917808219178082,0.9383673380016556,,,
adult,common_temperature_study,1202,0,0,512,8,2,0.016,0.003,age,7.0,,B,analytic,hybrid,False,budget,cuda,0.5365620056995036,age-local,common-temperature-soft,0.1909901687549905,0.28521767128861863,0.16743329312158348,0.34811043163810573,0.36822434413580246,0.33470115663964134,0.5423414371046006,0.5409576426637389,0.5444171287658928,0.05318311258229721,0.10205339045513173,0.06723260397381112,0.17674479646520483,0.05000340043347971,0.154930761892697,0.050890744593877484,0.2577083379636671,0.96484375,0.7929123276712331,0.5794560268723802,0.7839813279282599,0.7430355790829943,0.6408903021847542,0.7502610404766292,86f06f745effe9d7,0.5365620056995036,0.5365620056995036,0.01917808219178082,0.758813265514348,,,
adult,common_temperature_study,1202,0,0,512,8,2,0.023,0.003,age,7.0,,B,analytic,hybrid,False,budget,cuda,0.39432816390346925,age-local,common-temperature-soft,0.21437762000184263,0.33209267128861863,0.18494885718014864,0.39732541478563976,0.45069957888029,0.3617426387225396,0.6027290726153185,0.624406460815777,0.5702129903146306,0.06364591376597317,0.14697526545513173,0.08775984769714039,0.20994792146520483,0.06344747027422029,0.1915404891053989,0.06451315814007565,0.25844053217049906,0.962890625,0.7929560286552998,0.6319757512347484,0.7880351329770898,0.7150091238872716,0.6461126926682301,0.7418463239358761,fd064ae7d29c9ef3,0.39432816390346925,0.39432816390346925,0.01917808219178082,0.557664237417967,,,
adult,common_temperature_study,1202,0,0,512,8,2,0.032,0.003,age,7.0,,B,analytic,hybrid,False,budget,cuda,0.29099917812507753,age-local,common-temperature-soft,0.23056054603525586,0.2695926712886186,0.22080251472191517,0.4306835565613292,0.44702353874915546,0.4197902351027783,0.6387517226752041,0.6447470242665275,0.6297587702882194,0.05583341376597318,0.12939714045513173,0.0840396096019023,0.20018229646520483,0.05617651740614557,0.1624877397349671,0.0573730386476927,0.2470916185961088,0.95703125,0.7948759237060274,0.6213056908148052,0.7911061974080216,0.7221509938001058,0.6372431493052242,0.7438732264602911,4f2eb43eff726af6,0.29099917812507753,0.29099917812507753,0.01917808219178082,0.4115349843439087,,,
adult,common_temperature_study,1202,0,0,512,8,2,0.05,0.003,age,7.0,,B,analytic,hybrid,False,budget,cuda,0.1894636801989758,age-local,common-temperature-soft,0.23876959722989985,0.33599892128861863,0.21446226621522022,0.4117082412014004,0.46324823605736754,0.37734824463075567,0.6070158466924636,0.6352001326315951,0.5647394177837664,0.07071436614692556,0.15869401545513173,0.0803193715066642,0.17283854646520483,0.060589866800936955,0.1817748641053989,0.061887866977098506,0.23363124276699127,0.966796875,0.791146055170715,0.6534062085558785,0.780603157054235,0.7040569672646175,0.646161369193154,0.7523493642896628,0a1fb58aee8b2dd3,0.1894636801989758,0.1894636801989758,0.01917808219178082,0.2679421061145104,,,
adult,common_temperature_study,1202,0,0,512,8,2,0.08,0.003,age,7.0,,B,analytic,hybrid,False,budget,cuda,0.1192922638438342,age-local,common-temperature-soft,0.4181526299828021,0.41021767128861863,0.42013636965634793,0.6339139324596154,0.6356772272894784,0.6327384025730401,0.7917655645384191,0.8025028855209548,0.7756595830646151,0.08661964647661165,0.18017839045513173,0.09537045491604293,0.24457861157177077,0.07693639665394648,0.23135504000061424,0.07815888830980568,0.15507122379384963,0.95703125,0.766624241165867,0.6144928856478928,0.7635280388182544,0.7006608257896862,0.6079780291720223,0.6989742644800688,3f82f3d079380f7f,0.1192922638438342,0.1192922638438342,0.01917808219178082,0.16870473741413994,,,
adult,common_temperature_study,1202,0,0,512,8,2,0.12,0.003,age,7.0,,B,analytic,hybrid,False,budget,cuda,0.07973902623905978,age-local,common-temperature-soft,0.4035495746575763,0.26220316242859776,0.43888617771482097,0.6175374813816719,0.587298485389411,0.6376968120431791,0.8233271816073952,0.8273775077160493,0.8172516924444138,0.05740047923229241,0.11424455653829624,0.08309366920175722,0.21528173657177077,0.06816645118727631,0.21406098846047542,0.06834737492899357,0.14072120131008867,0.951171875,0.6852571698364517,0.5298339284672154,0.749953934033536,0.604463187775601,0.5516792909470237,0.7110128370493213,5ea2dd991576d260,0.07973902623905978,0.07973902623905978,0.01917808219178082,0.11276801235770244,,,
adult,common_temperature_study,1202,0,0,512,8,2,0.18,0.003,age,7.0,,B,analytic,hybrid,False,budget,cuda,0.05322211275336612,age-local,common-temperature-soft,0.3951984867330016,0.2396860220502426,0.43407660290369143,0.6252072728563969,0.5601349204978195,0.6685888410954486,0.8491722761577913,0.8316210549618165,0.8754991079517536,0.04134361079669259,0.09008595621429882,0.07352146527796058,0.13431612193661324,0.04898881210270283,0.1322648668309686,0.049723049140496196,0.13353636171465208,0.947265625,0.7558946459185266,0.4330338487254492,0.7637737239727289,0.6758482538738623,0.6042163002886546,0.7716356489159143,671f8587740c5c95,0.05322211275336612,0.05322211275336612,0.01917808219178082,0.07526743367396044,,,
adult,common_temperature_study,1202,0,0,512,8,2,0.3,0.003,age,7.0,,B,analytic,hybrid,False,budget,cuda,0.031952589463283214,age-local,common-temperature-soft,0.468206613537252,0.26017506026963955,0.5202145018541551,0.7423635103801977,0.7085466883368651,0.7649080584090862,1.0092022286330693,1.020543021773847,0.9921910389219029,0.06590744195688228,0.12302264238222471,0.07812498857490911,0.19086629449204595,0.06791799136787159,0.17945105203150924,0.06827435866335194,0.12468950476355058,0.953125,0.7557647139017849,0.4330338487254492,0.7637737239727289,0.6896911469542819,0.5257512640266574,0.7613782937166022,75d4222ddf3cde52,0.031952589463283214,0.031952589463283214,0.01917808219178082,0.04518778537191478,,,
adult,common_temperature_study,1202,0,0,512,8,2,0.4,0.003,age,7.0,,B,analytic,hybrid,False,budget,cuda,0.023968011557931847,age-local,common-temperature-soft,0.5282240418278976,0.1117375602696395,0.6323456622174621,0.8576624497113199,0.7189811095947731,0.9501166764556847,1.1251399733585161,1.1022985557679708,1.159402099744334,0.02684494195688228,0.05466326738222471,0.1406249885749091,0.32953816949204595,0.07813719220413429,0.22268180221577294,0.07862395507907005,0.14451175321749213,0.9453125,0.7629386486275695,0.4330338487254492,0.7637737239727289,0.5681484436699543,0.5200084742741331,0.7094773048338554,c34623ebeeec5eaf,0.023968011557931847,0.023968011557931847,0.01917808219178082,0.03389588700834232,,,
adult,common_temperature_study,1203,0,0,512,8,2,0.0,0.003,global,7.0,,B,global,hybrid,False,budget,cuda,1.0,hard,common-temperature-hard,0.1662551440329218,0.10107808757140228,0.18254940814830167,0.30776055582427364,0.2715733279013881,0.3318853744395307,0.5041305816596032,0.4957258220855598,0.5167377210206683,0.023990394423385738,0.050539043785701177,0.07085232411940884,0.2082016134604754,0.040258690150455696,0.15720059041213685,0.04088153094358105,0.30693192300091765,0.986328125,0.7832085555235639,0.5746946357572168,0.78263005957865,0.6943400534573856,0.6230021753044052,0.7392052085252748,2891493fe73b05e7,1.0,1.0,1.0,1.4142135623730951,,,
adult,common_temperature_study,1203,0,0,512,8,2,0.00025,0.003,age,7.0,,B,analytic,hybrid,False,budget,cuda,1.0,age-local,common-temperature-soft,0.16674243558442353,0.0844468341164548,0.18731633595141572,0.3219346458294945,0.29091665515017506,0.34261330628237413,0.5262139821724711,0.5177117243003092,0.5389673689807137,0.014248699276252497,0.03513201738222471,0.06547617905109959,0.19086629449204595,0.03777289449807318,0.151023072331245,0.03795459403421256,0.30960278300041427,0.974609375,0.7918207439998445,0.5637557446228597,0.7852097537006326,0.6973241511083845,0.609955686619376,0.7145752717892021,a703765992fbd087,1.0,1.0,0.01917808219178082,1.4142135623730951,,,
adult,common_temperature_study,1203,0,0,512,8,2,0.0005,0.003,age,7.0,,B,analytic,hybrid,False,budget,cuda,1.0,age-local,common-temperature-soft,0.1305239331889933,0.07614536307659232,0.14411857571709352,0.2712995593022542,0.2400881995308949,0.2921071324831603,0.47691675208064616,0.46707095150533334,0.49168545294361526,0.014068776944934337,0.02685285954486827,0.05481247906923349,0.1710922384604754,0.032933100865594506,0.14887548657177077,0.033064190182245747,0.2923489781454629,0.974609375,0.7836241957921181,0.5622792857815554,0.7796818377249555,0.7278250647516853,0.6489438457821837,0.7515508875376206,306dfe09e46c6ea8,1.0,1.0,0.01917808219178082,1.4142135623730951,,,
adult,common_temperature_study,1203,0,0,512,8,2,0.001,0.003,age,7.0,,B,analytic,hybrid,False,budget,cuda,0.9999999906223348,age-local,common-temperature-soft,0.13277372781155944,0.024406324857195474,0.15986557855015043,0.2991709325671028,0.2693283318169953,0.31906599973384114,0.511399743182237,0.5053192995285917,0.520520408662705,0.0057470606440168225,0.012203162428597758,0.0709955147835192,0.2179672384604754,0.039001782714600926,0.17964407322953146,0.038946957062354584,0.29593602172676836,0.97265625,0.7897242677001008,0.6373690613393859,0.7861924943185308,0.7304709084221832,0.6600793838280449,0.7521651004238069,a296d8472384d2b7,0.9999999906223348,0.9999999906223348,0.01917808219178082,1.4142135491110739,,,
adult,common_temperature_study,1203,0,0,512,8,2,0.0015,0.003,age,7.0,,B,analytic,hybrid,False,budget,cuda,0.9999943971981148,age-local,common-temperature-soft,0.13487783881518334,0.06447963692340768,0.15247738928812724,0.27958745047908595,0.26483168167649407,0.289424629680814,0.48948186824365825,0.49683104539033224,0.4784581025236472,0.009137867668564895,0.016857024676002696,0.050402359710851975,0.1496078634604754,0.02964262572492094,0.1286853972805727,0.02965371163490246,0.30648968268747334,0.96484375,0.7804975472038583,0.5696910852406711,0.7806645783428536,0.7220376848849588,0.6418473654114143,0.744917388366808,852908a13efa04e7,0.9999943971981148,0.9999943971981148,0.01917808219178082,1.4142056388146818,,,
adult,common_temperature_study,1203,0,0,512,8,2,0.002,0.003,age,7.0,,B,analytic,hybrid,False,budget,cuda,0.9998630592747317,age-local,common-temperature-soft,0.14499694812972178,0.027792653246115115,0.17429802185062343,0.29625152593513915,0.2433262530902586,0.33153504116505955,0.5125745932759045,0.4952299731409824,0.5385915234782875,0.0059474567382078476,0.011694517382224712,0.058649013164629525,0.18626773539708863,0.032147562212905975,0.14750910282691487,0.03216066419016795,0.2871857005525718,0.970703125,0.7830412581199668,0.6203137963083396,0.7919046741600638,0.7154820668098135,0.6346527481935516,0.7314661261593268,8814ad5853c04859,0.9998630592747317,0.9998630592747317,0.01917808219178082,1.4140198989421795,,,
adult,common_temperature_study,1203,0,0,512,8,2,0.0025,0.003,age,7.0,,B,analytic,hybrid,False,budget,cuda,0.9990683483977406,age-local,common-temperature-soft,0.13547549674467171,0.10987236848166572,0.14187627881042322,0.28718641553037283,0.27927282232740613,0.2924621443323506,0.49103203600055273,0.5026416352522367,0.47361763712302685,0.02411733860825207,0.05471821064430926,0.05301744876440841,0.16502604646520483,0.03321338990011174,0.14058157322953146,0.033678955446739434,0.2824815225605361,0.9609375,0.7796046880073836,0.5481661173502168,0.7794361525704809,0.729195226514328,0.6444878713120819,0.770837172163872,408293429ffcfdd9,0.9990683483977406,0.9990683483977406,0.01917808219178082,1.4128960080417734,,,
adult,common_temperature_study,1203,0,0,512,8,2,0.003,0.003,age,7.0,,B,analytic,hybrid,False,budget,cuda,0.9966581115419719,age-local,common-temperature-soft,0.12963279666482402,0.09567661307659232,0.13812184256188192,0.2564143739251275,0.24694117184141023,0.2627298419809389,0.46007676221515875,0.4635203531596135,0.45491137579847674,0.013552659889119937,0.028064850323997304,0.05240566942258139,0.1574203634604754,0.029340277016105063,0.12781962103064923,0.029656702028256852,0.29246057681124754,0.970703125,0.7875770438939793,0.6040931091465672,0.7856397027209631,0.729050312796589,0.6361681556944121,0.7516123088262392,db7fd09572a5d72a,0.9966581115419719,0.9966581115419719,0.01917808219178082,1.4094874183918138,,,
adult,common_temperature_study,1203,0,0,512,8,2,0.004,0.003,age,7.0,,B,analytic,hybrid,False,budget,cuda,0.983585895493744,age-local,common-temperature-soft,0.12387512668140777,0.07079691242859777,0.1371446802446103,0.2643524036837418,0.2457327799659112,0.27676548616229546,0.48204698920520855,0.4802330218122352,0.48476794029466863,0.01629938883989811,0.03369401545513173,0.050727597773185806,0.16254736157177077,0.03497245401881859,0.14584257051931698,0.03484558786992497,0.28554796877031646,0.966796875,0.7895026472550659,0.6336600089993969,0.7858853878754376,0.7336044571658218,0.6663013047752383,0.7693630612370248,4ba2da3c3ae7547b,0.983585895493744,0.983585895493744,0.01917808219178082,1.3910005131661385,,,
adult,common_temperature_study,1203,0,0,512,8,2,0.006,0.003,age,7.0,,B,analytic,hybrid,False,budget,cuda,0.9213931558048658,age-local,common-temperature-soft,0.13655195281309496,0.1269266130765923,0.13895828774722063,0.27811564285056195,0.2705026540714636,0.2831909687032942,0.49005193457865,0.4988562684263866,0.476845433807045,0.023741395992553385,0.04247785954486827,0.0673414736648913,0.2003891134604754,0.03845640382481229,0.14881442517351515,0.039072493477326206,0.2935632010524769,0.96484375,0.7921591861664012,0.5529788810191895,0.7807259996314723,0.7020491265971507,0.6483630926227537,0.7487255082611634,4f9886084dcce11c,0.9213931558048658,0.9213931558048658,0.01917808219178082,1.3030466972169876,,,
adult,common_temperature_study,1203,0,0,512,8,2,0.008,0.003,age,7.0,,B,analytic,hybrid,False,budget,cuda,0.8332362939521463,age-local,common-temperature-soft,0.12282866147656775,0.11034382485719547,0.12594987063141083,0.28391458026226896,0.2597764816926172,0.3000066459753701,0.5056528459170198,0.49516107413037697,0.5213905035969842,0.021762318898599302,0.05517191242859776,0.06953422280864927,0.1808578634604754,0.04112907479239675,0.1486156457296849,0.041522048362938276,0.28080135650485694,0.970703125,0.7937530384206924,0.6184490576696783,0.786499600761624,0.7230487981079357,0.643942069045957,0.7516123088262392,543b753ec5b1359c,0.8332362939521463,0.8332362939521463,0.01917808219178082,1.1783740675686203,,,
adult,common_temperature_study,1203,0,0,512,8,2,0.012,0.003,age,7.0,,B,analytic,hybrid,False,budget,cuda,0.6635259079449397,age-local,common-temperature-soft,0.1417840868957681,0.1381235220502426,0.14269922810714947,0.28823976663749157,0.28102860744502794,0.293047206099134,0.48884049563141085,0.4931397699004975,0.48239158422778083,0.027761816925805996,0.056882831214298823,0.06574450873571588,0.18260417146520483,0.03728042901255462,0.12874213999447215,0.03810414499674648,0.26570494628835645,0.955078125,0.7953169481825514,0.5906892567937201,0.786990971070573,0.7355009439621653,0.6542369922663576,0.7433204348627234,6aa8c0028a2c2cd4,0.6635259079449397,0.6635259079449397,0.01917808219178082,0.9383673380016556,,,
adult,common_temperature_study,1203,0,0,512,8,2,0.016,0.003,age,7.0,,B,analytic,hybrid,False,budget,cuda,0.5365620056995036,age-local,common-temperature-soft,0.16649195189177568,0.13676721523555058,0.17392313605583196,0.32479663795221425,0.29575016267044413,0.3441609548067277,0.538628328266077,0.5304932705300657,0.550830914870094,0.03360501970965278,0.06838360761777529,0.08669382959175315,0.22114111157177077,0.048500445504553624,0.14473554776272957,0.04951340021291443,0.2689664757823685,0.94921875,0.7947233675434673,0.6333585497623409,0.7875437626681407,0.7124993491898903,0.6404810139733002,0.7462072354277993,55c27c09a791769e,0.5365620056995036,0.5365620056995036,0.01917808219178082,0.758813265514348,,,
adult,common_temperature_study,1203,0,0,512,8,2,0.023,0.003,age,7.0,,B,analytic,hybrid,False,budget,cuda,0.39432816390346925,age-local,common-temperature-soft,0.17662867184141023,0.15332553091026346,0.18245445707419694,0.3403209886140287,0.31134295248295557,0.35963967936807734,0.5475501303282967,0.5353662660207195,0.5658259267896628,0.03311027899889148,0.06689066242859776,0.080691395316188,0.18065104646520483,0.04643679934378805,0.13180564672778072,0.047346715675418635,0.24802401629599377,0.958984375,0.7943738223996191,0.6078839492089931,0.7855782814323444,0.7273492990383066,0.6350797576922893,0.7548676371230268,1b723e9d19abb024,0.39432816390346925,0.39432816390346925,0.01917808219178082,0.557664237417967,,,
adult,common_temperature_study,1203,0,0,512,8,2,0.032,0.003,age,7.0,,B,analytic,hybrid,False,budget,cuda,0.29099917812507753,age-local,common-temperature-soft,0.24438215941895458,0.20801303091026346,0.25347444154612736,0.4440597696317794,0.40663454285286527,0.46900992081772214,0.6459211705745961,0.6281836701267326,0.6725274212463915,0.04248438327176579,0.09228128742859776,0.1102672881733309,0.2626822964652048,0.06659486900169237,0.19235168198360064,0.06744538784698419,0.2461946657307067,0.9453125,0.7949189555841181,0.6508011147089535,0.7856397027209631,0.7347058787860159,0.6579724416031965,0.761746821448314,2c72076726b77dd8,0.29099917812507753,0.29099917812507753,0.01917808219178082,0.4115349843439087,,,
adult,common_temperature_study,1203,0,0,512,8,2,0.05,0.003,age,7.0,,B,analytic,hybrid,False,budget,cuda,0.1894636801989758,age-local,common-temperature-soft,0.22713971615687,0.17285678091026346,0.24071044996852164,0.3964507132547141,0.37931658499554693,0.4078734654274922,0.6028823859099564,0.604731894475667,0.6001081230613905,0.04667091360145187,0.08446878742859776,0.0883178834114261,0.20018229646520483,0.05548033656550679,0.1657947722805727,0.05652503760384872,0.221713446985602,0.953125,0.7933787990844121,0.6245887790353882,0.7890792948836066,0.7444605448069953,0.6531237484773894,0.7418463239358761,ee38e70a59b64bbc,0.1894636801989758,0.1894636801989758,0.01917808219178082,0.2679421061145104,,,
adult,common_temperature_study,1203,0,0,512,8,2,0.08,0.003,age,7.0,,B,analytic,hybrid,False,budget,cuda,0.1192922638438342,age-local,common-temperature-soft,0.3367770042534243,0.34032816242859776,0.3358892147096309,0.535584495539279,0.5511528367997972,0.5252056013655999,0.7384824766982985,0.7717021486574329,0.688652968759597,0.07608401033851903,0.17016408121429882,0.06882109148554698,0.17088542146520483,0.063209258217291,0.16803472989988322,0.06401302279944247,0.17216434055225446,0.927734375,0.7784831304792199,0.6181574415630584,0.7737853940175665,0.7418808589898884,0.6511682702301845,0.7482955592408329,9071b2871e31f4d6,0.1192922638438342,0.1192922638438342,0.01917808219178082,0.16870473741413994,,,
adult,common_temperature_study,1203,0,0,512,8,2,0.12,0.003,age,7.0,,B,analytic,hybrid,False,budget,cuda,0.07973902623905978,age-local,common-temperature-soft,0.3902091106965174,0.25487507485719546,0.42404261965634793,0.6157083985934524,0.5932579099103249,0.6306753910488708,0.8133175989266631,0.8193129644984952,0.8043245505689147,0.057922137457187904,0.12743753742859776,0.08811599063032864,0.20942236157177077,0.06553579245509805,0.1954906457296849,0.0661865117236772,0.12744420385135263,0.90625,0.774592561507044,0.5800864509235044,0.7802960506111418,0.7075494390905512,0.6426980347404343,0.771021436029728,d25c56c8a8d6a74c,0.07973902623905978,0.07973902623905978,0.01917808219178082,0.11276801235770244,,,
adult,common_temperature_study,1203,0,0,512,8,2,0.18,0.003,age,7.0,,B,analytic,hybrid,False,budget,cuda,0.05322211275336612,age-local,common-temperature-soft,0.41063111333763286,0.3759074035685769,0.4193120407798968,0.6364118115057428,0.614714993224464,0.6508763570265954,0.8351955020422578,0.8441346828102286,0.8217867308903015,0.07214822647857129,0.142571646973466,0.0666428293570361,0.14549479646520483,0.05854997884464888,0.14876212110742584,0.05949307006840147,0.11592194203583506,0.91796875,0.7111704106282467,0.4330338487254492,0.7637737239727289,0.5581763495710717,0.4780029538926325,0.7354585099195381,4bd16584513a7a61,0.05322211275336612,0.05322211275336612,0.01917808219178082,0.07526743367396044,,,
adult,common_temperature_study,1203,0,0,512,8,2,0.3,0.003,age,7.0,,B,analytic,hybrid,False,budget,cuda,0.031952589463283214,age-local,common-temperature-soft,0.49805697592285486,0.40970734675388487,0.5201443832150974,0.7718624998080584,0.7286910715519623,0.8006434519787891,1.0532730109099564,1.0505313261368057,1.0573855380696826,0.07766692240590112,0.1523679826177753,0.12652747752638924,0.27094441949204595,0.08721378275784653,0.23952431131380147,0.08850799294987251,0.12666423636832022,0.93359375,0.7428606915084806,0.4330338487254492,0.7637737239727289,0.5070874214140259,0.4330338487254492,0.7637737239727289,a4633df5eb851ef9,0.031952589463283214,0.031952589463283214,0.01917808219178082,0.04518778537191478,,,
adult,common_temperature_study,1203,0,0,512,8,2,0.4,0.003,age,7.0,,B,analytic,hybrid,False,budget,cuda,0.023968011557931847,age-local,common-temperature-soft,0.5350426206160556,0.2875588780633868,0.5969135562542227,0.8409432630443462,0.7607262923423009,0.8944212435123763,1.1222728947853329,1.1338307098125626,1.1049361722444877,0.055266660707339245,0.12887553935569074,0.181280911725909,0.41478336039708863,0.10827692145742275,0.3380445381119096,0.10914621404517941,0.17268712753025373,0.916015625,0.25274700413026574,0.4330338487254492,0.7637737239727289,0.5587529098268876,0.4958338396961675,0.6527854554388551,639db666097ef642,0.023968011557931847,0.023968011557931847,0.01917808219178082,0.03389588700834232,,,
adult,common_temperature_study,1204,0,0,512,8,2,0.0,0.003,global,7.0,,B,global,hybrid,False,budget,cuda,1.0,hard,common-temperature-hard,0.1582960007063448,0.1225973719366132,0.16722065789877769,0.31041059651587743,0.29008698790000614,0.32395966892645817,0.5227739101560099,0.5293439006740986,0.5129189243788772,0.01979271320499207,0.04885235761777529,0.070278670305878,0.2121078634604754,0.03987983740089202,0.15230032322953146,0.04032817256215663,0.28953001615140195,0.982421875,0.7940129024541762,0.6176249740182699,0.7860696517412935,0.7261620436671105,0.6398199184922971,0.742030587801732,0270a56762bc0726,1.0,1.0,1.0,1.4142135623730951,,,
adult,common_temperature_study,1204,0,0,512,8,2,0.00025,0.003,age,7.0,,B,analytic,hybrid,False,budget,cuda,1.0,age-local,common-temperature-soft,0.1493175519009889,0.0679098719366132,0.16966947189208276,0.30925496456759416,0.26766035994794546,0.3369847009806933,0.505751599832627,0.49850153649192314,0.5166266948436828,0.012535415496737359,0.030260181538296238,0.07330834163251934,0.2101547384604754,0.03971318395251145,0.15985862066979917,0.039992200875304224,0.28979238421168,0.966796875,0.7911010577938196,0.5940728183477915,0.7839813279282599,0.7158739433614337,0.646260537625311,0.7581843867084331,88c4d0135fcc7c1a,1.0,1.0,0.01917808219178082,1.4142135623730951,,,
adult,common_temperature_study,1204,0,0,512,8,2,0.0005,0.003,age,7.0,,B,analytic,hybrid,False,budget,cuda,1.0,age-local,common-temperature-soft,0.1405292211780603,0.04544575540507338,0.16430008762130702,0.2823472577314047,0.2576637453166268,0.29880293267458996,0.4900401061820527,0.4940721658553939,0.48399201667204106,0.0064685665587406885,0.012209640455131732,0.05625434838959231,0.1710922384604754,0.03134996356070633,0.13188410282691487,0.03135096303144199,0.29289044598417335,0.97265625,0.7926923172624534,0.5677027004510175,0.7849640685461581,0.721387376604835,0.6177838104434478,0.7447331245009521,59bebd7cbd4a016f,1.0,1.0,0.01917808219178082,1.4142135623730951,,,
adult,common_temperature_study,1204,0,0,512,8,2,0.001,0.003,age,7.0,,B,analytic,hybrid,False,budget,cuda,0.9999999906223348,age-local,common-temperature-soft,0.11787465066642097,0.07619838692340768,0.12829371660217428,0.2548624786944905,0.23044571701676797,0.27114031981297215,0.4489594369971132,0.4479874051169052,0.45041748481742516,0.013051658228551546,0.031032026403476465,0.05072047994156202,0.1437484884604754,0.030325037154830824,0.11311713999447215,0.030460779061806994,0.2900009523955414,0.966796875,0.7898530496909462,0.5397618270874128,0.7795589951477182,0.7328790940137806,0.6276840870591748,0.7495854063018242,92fc79fe090fda91,0.9999999906223348,0.9999999906223348,0.01917808219178082,1.4142135491110739,,,
adult,common_temperature_study,1204,0,0,512,8,2,0.0015,0.003,age,7.0,,B,analytic,hybrid,False,budget,cuda,0.9999943971981148,age-local,common-temperature-soft,0.14645517589521526,0.07614536307659232,0.164032629099871,0.2957865475861433,0.26361129345556167,0.3172367170065311,0.4912049513236288,0.48581824033126547,0.4992850178121737,0.0158351531218101,0.031492206214298823,0.054467258522934985,0.1671859884604754,0.03025130560280539,0.12735524249892516,0.030677383882767757,0.28290043542347904,0.96875,0.785068983780662,0.6234092385461145,0.785823966586819,0.7322019274015834,0.660485373773874,0.7565874332043486,a54efd08513055a2,0.9999943971981148,0.9999943971981148,0.01917808219178082,1.4142056388146818,,,
adult,common_temperature_study,1204,0,0,512,8,2,0.002,0.003,age,7.0,,B,analytic,hybrid,False,budget,cuda,0.9998630592747317,age-local,common-temperature-soft,0.13213211527240337,0.1156438102696395,0.13625419152309437,0.2746213233600516,0.2612489131311037,0.28353626351268346,0.48331939357993986,0.4901410034447107,0.4730869787827836,0.023449736272342016,0.05710080481082247,0.052394587084419166,0.1554672384604754,0.03471520504020866,0.12288708367882806,0.03499407083483231,0.2974298027440207,0.96484375,0.789527759638733,0.5373674132662503,0.77857625452982,0.7030079345513989,0.635631050406653,0.7454701799643757,df8f3fd4a67c873d,0.9998630592747317,0.9998630592747317,0.01917808219178082,1.4140198989421795,,,
adult,common_temperature_study,1204,0,0,512,8,2,0.0025,0.003,age,7.0,,B,analytic,hybrid,False,budget,cuda,0.9990683483977406,age-local,common-temperature-soft,0.1366980203150912,0.07230509297647562,0.15279625214974507,0.2874960172133162,0.2576859385556784,0.30736940298507465,0.49855707957127937,0.49357183827518786,0.5060349415154167,0.009286519526120104,0.019561960644309262,0.0665042887049175,0.1945297384604754,0.03872491413467503,0.1590961329540569,0.03865278282866144,0.29587369070973024,0.96875,0.7833681163893117,0.5600935088335508,0.7812173699404213,0.7151799445520242,0.645704989949974,0.7610097659848903,be81ae5d2dc9c24d,0.9990683483977406,0.9990683483977406,0.01917808219178082,1.4128960080417734,,,
adult,common_temperature_study,1204,0,0,512,8,2,0.003,0.003,age,7.0,,B,analytic,hybrid,False,budget,cuda,0.9966581115419719,age-local,common-temperature-soft,0.15000451062588296,0.0804746042165715,0.16738698722821083,0.30787802403875686,0.27832589080062653,0.3275794461975104,0.5333760643157668,0.532738066675368,0.534333060776365,0.015217227081084903,0.03221330653829624,0.07595150213438978,0.2277328634604754,0.04229649493183838,0.18134299566979917,0.04258239664278612,0.2875783658343441,0.970703125,0.7844191773300204,0.5263199404939256,0.7756894539647442,0.7034333291305113,0.627070642133813,0.7433204348627234,0c2b36348612d6ba,0.9966581115419719,0.9966581115419719,0.01917808219178082,1.4094874183918138,,,
adult,common_temperature_study,1204,0,0,512,8,2,0.004,0.003,age,7.0,,B,analytic,hybrid,False,budget,cuda,0.983585895493744,age-local,common-temperature-soft,0.13598898831459985,0.08006456912966033,0.1499700931108347,0.27941698241047846,0.2574884187281187,0.294036024865385,0.4822734082289172,0.48004911783674215,0.48560984381717953,0.011026160990315885,0.029545559240832797,0.0743705323324588,0.2023422384604754,0.0395996571767642,0.1571430079540569,0.039869108436296645,0.2824925141037972,0.974609375,0.7943164465621648,0.5971945498865979,0.7872366562250476,0.7245875954861275,0.6452062717566364,0.7494011424359683,3f0032ce5149c2cc,0.983585895493744,0.983585895493744,0.01917808219178082,1.3910005131661385,,,
adult,common_temperature_study,1204,0,0,512,8,2,0.006,0.003,age,7.0,,B,analytic,hybrid,False,budget,cuda,0.9213931558048658,age-local,common-temperature-soft,0.10347894017566488,0.0678110220502426,0.11239591970702045,0.24485702275658744,0.23965381186275414,0.2483258300191429,0.4572426975846079,0.4695352007964293,0.43880394276687545,0.009969659985639113,0.021968787428597758,0.05772233546772311,0.1652328634604754,0.03298499036410012,0.13147034887291936,0.033059860569541945,0.2787763630118294,0.958984375,0.7931672152290193,0.6025415218201009,0.7874209200909035,0.7271503654677751,0.6340429238564773,0.759719918923899,e9c3272936d766cb,0.9213931558048658,0.9213931558048658,0.01917808219178082,1.3030466972169876,,,
adult,common_temperature_study,1204,0,0,512,8,2,0.008,0.003,age,7.0,,B,analytic,hybrid,False,budget,cuda,0.8332362939521463,age-local,common-temperature-soft,0.12990544960383268,0.0664676712886186,0.14576489418263622,0.27791278464928443,0.2496297927799275,0.29676811256218905,0.48322133545236784,0.47465764029646,0.49606687818622935,0.014306624487059116,0.032985151403476465,0.06598057396366197,0.18403173657177077,0.03740466599493226,0.1317523829540569,0.03764283410192602,0.2813290956746744,0.94921875,0.7923228871253766,0.5658189945119227,0.7807874209200909,0.7097705050140084,0.6242776085731292,0.7417849026472575,6cf41581a5c82bb2,0.8332362939521463,0.8332362939521463,0.01917808219178082,1.1783740675686203,,,
adult,common_temperature_study,1204,0,0,512,8,2,0.012,0.003,age,7.0,,B,analytic,hybrid,False,budget,cuda,0.6635259079449397,age-local,common-temperature-soft,0.16745559432774398,0.15631142128861858,0.17024163758752534,0.31569424290584114,0.2980465031132915,0.3274594027675409,0.5136690198697867,0.5035335235473866,0.5288722643533874,0.027885493534678164,0.05517839045513173,0.07639724063032864,0.19184423657177077,0.04764797050865881,0.156923114942264,0.048038700645514854,0.2667479765384494,0.95703125,0.7926957046114574,0.619100209973831,0.7892635587494625,0.728831347865897,0.6351527325472379,0.741354953626927,252e95ead24d91b4,0.6635259079449397,0.6635259079449397,0.01917808219178082,0.9383673380016556,,,
adult,common_temperature_study,1204,0,0,512,8,2,0.016,0.003,age,7.0,,B,analytic,hybrid,False,budget,cuda,0.5365620056995036,age-local,common-temperature-soft,0.1367710540660893,0.0795427281033106,0.151078135556784,0.27921673941250535,0.24147689647825685,0.3043766347020044,0.47666374915545734,0.46149169117120165,0.4994218361318409,0.019347922991596964,0.03564066242859776,0.08222954387746743,0.19184423657177077,0.04379040445309217,0.1415180079540569,0.044398954799304356,0.265887374913172,0.9609375,0.7956338953196247,0.6142247184762811,0.7882808181315644,0.7247696445855423,0.6413483934554365,0.7524107855782814,4408a4c52231c9c3,0.5365620056995036,0.5365620056995036,0.01917808219178082,0.758813265514348,,,
adult,common_temperature_study,1204,0,0,512,8,2,0.023,0.003,age,7.0,,B,analytic,hybrid,False,budget,cuda,0.39432816390346925,age-local,common-temperature-soft,0.1910578761286162,0.23535678091026346,0.17998314993320436,0.35606312093083964,0.3770988805970149,0.34203928115338944,0.5546919626405012,0.5756671487598018,0.5232291834615502,0.05359896304047079,0.11526508564430926,0.07490914539223341,0.18012548657177077,0.05521162169211194,0.1602637372550827,0.055997920172480654,0.2513486379626777,0.9453125,0.7917733838424706,0.6400693514195571,0.7904305632332166,0.7250830789162407,0.643750071942998,0.7478041889318838,fd99f5dca2840484,0.39432816390346925,0.39432816390346925,0.01917808219178082,0.557664237417967,,,
adult,common_temperature_study,1204,0,0,512,8,2,0.032,0.003,age,7.0,,B,analytic,hybrid,False,budget,cuda,0.29099917812507753,age-local,common-temperature-soft,0.19985729147472514,0.27441928091026346,0.18121679411584055,0.3971377919430624,0.43085558415484304,0.37465926380187536,0.6104476892159572,0.6169766842229183,0.6006541967055157,0.06103943923094698,0.11721821064430926,0.08961996674475944,0.17479167146520483,0.06362806886210866,0.17513944551931698,0.06464560226434732,0.2506618761062651,0.951171875,0.7931509475899744,0.6660580293850918,0.7929488360665807,0.7439362480007845,0.6698463036182847,0.7549904797002641,5b603e5a0c6d904b,0.29099917812507753,0.29099917812507753,0.01917808219178082,0.4115349843439087,,,
adult,common_temperature_study,1204,0,0,512,8,2,0.05,0.003,age,7.0,,B,analytic,hybrid,False,budget,cuda,0.1894636801989758,age-local,common-temperature-soft,0.24518903361280026,0.26660678091026346,0.2398345967884344,0.43641044392236344,0.4373747581536761,0.4357675677681552,0.6300566995270559,0.6346153507795385,0.6232187226483323,0.05699331184319437,0.11331196064430926,0.08787992540238256,0.20213542146520483,0.05924295576337122,0.17152194755389727,0.06039023079462489,0.22256678467150598,0.947265625,0.7873611944879887,0.6387876226292111,0.7832442724648363,0.743363827838196,0.660308485475753,0.7701001167004484,5343336401c70a17,0.1894636801989758,0.1894636801989758,0.01917808219178082,0.2679421061145104,,,
adult,common_temperature_study,1204,0,0,512,8,2,0.08,0.003,age,7.0,,B,analytic,hybrid,False,budget,cuda,0.1192922638438342,age-local,common-temperature-soft,0.34132424298261776,0.32129428091026346,0.34633173350070634,0.5236650706728702,0.5240802042065904,0.5233883149837234,0.6919372802269517,0.6961527240341502,0.6856141145161538,0.06778200231938485,0.13674946064430926,0.08123355015413816,0.19379736157177077,0.06164354417600835,0.17184944778422706,0.06276217305085645,0.16142204032143645,0.951171875,0.7928142931909475,0.592696847779473,0.7849640685461581,0.7322879075195176,0.6512867580393313,0.7455316012529943,45adbcc77e3ef7e2,0.1192922638438342,0.1192922638438342,0.01917808219178082,0.16870473741413994,,,
adult,common_temperature_study,1204,0,0,512,8,2,0.12,0.003,age,7.0,,B,analytic,hybrid,False,budget,cuda,0.07973902623905978,age-local,common-temperature-soft,0.43140772794975735,0.40723178091026346,0.43745171470963085,0.6560073379245746,0.6705351281785517,0.6463221444219233,0.8338087964882378,0.85510738008773,0.8018609210889994,0.09228943923094698,0.19729633564430926,0.07445670036794276,0.14915836039708863,0.06619860114930234,0.19070194455960934,0.06769203320583649,0.12643735897570568,0.908203125,0.7752788133238236,0.532845539991675,0.7775320926233033,0.7201760020541554,0.6578827073918239,0.7584914931515263,0373a7daa9f79909,0.07973902623905978,0.07973902623905978,0.01917808219178082,0.11276801235770244,,,
adult,common_temperature_study,1204,0,0,512,8,2,0.18,0.003,age,7.0,,B,analytic,hybrid,False,budget,cuda,0.05322211275336612,age-local,common-temperature-soft,0.4268531954425404,0.25439066242859776,0.4699688286960261,0.6825221644478225,0.6108146814154536,0.7303271531360687,0.8943954753623855,0.879710045131851,0.9164236207081875,0.05293911834127426,0.11619768153829624,0.08896045337319866,0.22025362193661324,0.057692041023153326,0.1694674534349856,0.05884488840003012,0.1288930265218907,0.943359375,0.7730800683575394,0.4330338487254492,0.7637737239727289,0.6381234002878411,0.5258273330835874,0.7359498802284872,edb4972cf9d23421,0.05322211275336612,0.05322211275336612,0.01917808219178082,0.07526743367396044,,,
adult,common_temperature_study,1204,0,0,512,8,2,0.3,0.003,age,7.0,,B,analytic,hybrid,False,budget,cuda,0.031952589463283214,age-local,common-temperature-soft,0.47212265255512564,0.14943079740187948,0.5527956163434371,0.7676491673576561,0.6648989451853388,0.8361493154725345,1.0191621464437073,0.9910593636754498,1.0613163205960936,0.017692130269434732,0.033196646973466,0.13024771562162732,0.29242879449204595,0.07448469619303612,0.21585060327221928,0.07443993330194874,0.13092546832705815,0.94921875,0.6456738430373563,0.4330338487254492,0.7637737239727289,0.5975609205309105,0.48902879641332,0.708863091947669,106401585d8aed6b,0.031952589463283214,0.031952589463283214,0.01917808219178082,0.04518778537191478,,,
adult,common_temperature_study,1204,0,0,512,8,2,0.4,0.003,age,7.0,,B,analytic,hybrid,False,budget,cuda,0.023968011557931847,age-local,common-temperature-soft,0.49170783812419383,0.30029683757140224,0.5395605882623917,0.8025471600331674,0.7931158251950126,0.8088347165919374,1.0494464646290154,1.0759647780900026,1.0096689944375346,0.06628568101584964,0.15014841878570118,0.09969882774911452,0.23188191949204595,0.07070607642740775,0.1910143293946932,0.07177443972784901,0.13817053896207301,0.9375,0.5529731828597632,0.4330338487254492,0.7637737239727289,0.4712209678576125,0.4385602827894377,0.7137767950371599,783fc341cd407d07,0.023968011557931847,0.023968011557931847,0.01917808219178082,0.03389588700834232,,,
adult,common_temperature_study,1205,0,0,512,8,2,0.0,0.003,global,7.0,,B,global,hybrid,False,budget,cuda,1.0,hard,common-temperature-hard,0.1671522787298077,0.1386983869234077,0.17426575168140773,0.3030829648056016,0.2904369812780234,0.3115136204906537,0.5014042921964253,0.5135926591323219,0.4831217417925803,0.0237651487565114,0.050539043785701177,0.04991023534590422,0.1574203634604754,0.03300983504031591,0.11691074431085313,0.03334269217169781,0.3054228751606398,0.982421875,0.7842921935614859,0.6023068548041995,0.7861310730299121,0.7123527627072112,0.6218809029656874,0.7088016706590504,8456d7b26a85f65f,1.0,1.0,1.0,1.4142135623730951,,,
adult,common_temperature_study,1205,0,0,512,8,2,0.00025,0.003,age,7.0,,B,analytic,hybrid,False,budget,cuda,1.0,age-local,common-temperature-soft,0.14512751635341808,0.07918427730176279,0.1616133261163319,0.2855246577682575,0.27770579970517784,0.2907372298103105,0.49730607667680127,0.5169550748060111,0.4678325794829863,0.011055443498264119,0.023195293785701177,0.04226054289107081,0.13422566949204595,0.025714331828128753,0.11300449431085313,0.025796389338262556,0.30346790107603366,0.970703125,0.7877180997975745,0.5391640446710414,0.7794361525704809,0.7023744375589256,0.6191998726155064,0.7311590197162336,b39fbc7eeab610c6,1.0,1.0,0.01917808219178082,1.4142135623730951,,,
adult,common_temperature_study,1205,0,0,512,8,2,0.0005,0.003,age,7.0,,B,analytic,hybrid,False,budget,cuda,1.0,age-local,common-temperature-soft,0.16328393718137704,0.08550155280695289,0.18272953327498306,0.3008302670674406,0.2647528057052699,0.32488190797555433,0.5086099210736441,0.5052311263896566,0.5136781130996253,0.016887106940313135,0.04104633564430926,0.05865279486971374,0.1847641134604754,0.033469035013581644,0.14726653672225293,0.0338430276997931,0.30275592296337345,0.982421875,0.7682518205432681,0.5814202207006594,0.766291996806093,0.7078857589365899,0.6118055083304998,0.7209016645169216,8d07bc83b680d0b5,1.0,1.0,0.01917808219178082,1.4142135623730951,,,
adult,common_temperature_study,1205,0,0,512,8,2,0.001,0.003,age,7.0,,B,analytic,hybrid,False,budget,cuda,0.9999999906223348,age-local,common-temperature-soft,0.1608100508261163,0.041486481558258084,0.19064094314308086,0.3371805133284196,0.2902710118389534,0.3684535143213971,0.5515335888075057,0.5351203809271544,0.5761534006280327,0.009784447837239446,0.019537728026534,0.07083670602016372,0.2257797384604754,0.03896071549742677,0.1922992579540569,0.039078094752320235,0.297327908488443,0.982421875,0.7736326244364613,0.5662605607117506,0.779251888704625,0.6905177646591187,0.5865418597931408,0.7313432835820896,15f52d745ab17689,0.9999999906223348,0.9999999906223348,0.01917808219178082,1.4142135491110739,,,
adult,common_temperature_study,1205,0,0,512,8,2,0.0015,0.003,age,7.0,,B,analytic,hybrid,False,budget,cuda,0.9999943971981148,age-local,common-temperature-soft,0.1696325951262207,0.06738803091026348,0.19519373618021002,0.3129901706744057,0.27023291624439527,0.3414950069610794,0.5133107130243844,0.5066914015314375,0.5232396802638044,0.01297024303087737,0.033445331214298935,0.04961549085115282,0.1593734884604754,0.030086363741850374,0.13448886931085313,0.030191277063516875,0.3051110212845359,0.966796875,0.7935428764154988,0.5937147207168223,0.7868067072047171,0.7302730726036439,0.6338463010082072,0.7400651065659357,b8589350c9d01188,0.9999943971981148,0.9999943971981148,0.01917808219178082,1.4142056388146818,,,
adult,common_temperature_study,1205,0,0,512,8,2,0.002,0.003,age,7.0,,B,analytic,hybrid,False,budget,cuda,0.9998630592747317,age-local,common-temperature-soft,0.14825261232418152,0.10161096523555059,0.15991302409633926,0.28234493044039066,0.2648843456329464,0.2939853203120201,0.47862939834008966,0.4684442131549045,0.49390717611786744,0.025769452451148117,0.05080548261777529,0.06174908590132817,0.1593734884604754,0.03536396903339887,0.12127189572968489,0.036093995132776203,0.29948209751121585,0.974609375,0.7873069132656741,0.5837389893333657,0.7772249861802101,0.6996420910314499,0.6102606399562674,0.7466986057367484,561117f876b3f7a7,0.9998630592747317,0.9998630592747317,0.01917808219178082,1.4140198989421795,,,
adult,common_temperature_study,1205,0,0,512,8,2,0.0025,0.003,age,7.0,,B,analytic,hybrid,False,budget,cuda,0.9990683483977406,age-local,common-temperature-soft,0.13614666827897545,0.0912485220502426,0.14737120483615868,0.27542555835790183,0.24779747097844115,0.29384428327754236,0.4737569146935077,0.4741026093810781,0.47323837266215224,0.01785859384368573,0.04150003742859776,0.05948551261914997,0.17283854646520483,0.03682406899045271,0.14106298657177077,0.03698476327227576,0.2908451714013354,0.984375,0.7772988024466695,0.5615350923225121,0.7707757508752534,0.7179318519745213,0.6291078068358875,0.7446717032123334,250e495f30a12c2b,0.9990683483977406,0.9990683483977406,0.01917808219178082,1.4128960080417734,,,
adult,common_temperature_study,1205,0,0,512,8,2,0.003,0.003,age,7.0,,B,analytic,hybrid,False,budget,cuda,0.9966581115419719,age-local,common-temperature-soft,0.14002422302069897,0.1068864781033106,0.14830865925004605,0.28848833091487014,0.26873373295559244,0.30165806288772185,0.5009086271958111,0.4955031699143173,0.5090168131180517,0.017278724780711352,0.039304706214298823,0.06787613364321836,0.1945297384604754,0.03867281354401395,0.14632026499447215,0.03901234534122707,0.28646869012194864,0.978515625,0.7923797820429102,0.5860803209570693,0.7853325962778699,0.7399511991738215,0.6284363023206687,0.7473128186229347,ccd9a824939cbd4a,0.9966581115419719,0.9966581115419719,0.01917808219178082,1.4094874183918138,,,
adult,common_temperature_study,1205,0,0,512,8,2,0.004,0.003,age,7.0,,B,analytic,hybrid,False,budget,cuda,0.983585895493744,age-local,common-temperature-soft,0.15684813778330567,0.0790324035685769,0.17630207133698786,0.30780894908175177,0.29675605623502854,0.3151775443129005,0.5201669123518212,0.5310244287180353,0.5038806378024999,0.014823278522145326,0.031492206214298935,0.06499690791340183,0.2082016134604754,0.03882435486146019,0.17550449431085313,0.038918766892443966,0.29829805422205735,0.982421875,0.7895028981698069,0.6337791871200519,0.7855782814323444,0.7184503986512496,0.6336288568632185,0.7419077452244948,183f08101f803806,0.983585895493744,0.983585895493744,0.01917808219178082,1.3910005131661385,,,
adult,common_temperature_study,1205,0,0,512,8,2,0.006,0.003,age,7.0,,B,analytic,hybrid,False,budget,cuda,0.9213931558048658,age-local,common-temperature-soft,0.1349552872213009,0.0796286219366132,0.14878695354247282,0.2750749771589583,0.24879754631549042,0.2925932643879368,0.47705996445242915,0.4685401039427348,0.4898397552169707,0.013631253089344573,0.031032026403476465,0.06039309898918107,0.1789047384604754,0.035272627607950004,0.1395648829540569,0.03542389268893373,0.27819930827999645,0.96875,0.7812039558381693,0.6008327839557317,0.7815244763835145,0.7096637407916904,0.6202515828385259,0.7379767827529021,7a687ab763415b8e,0.9213931558048658,0.9213931558048658,0.01917808219178082,1.3030466972169876,,,
adult,common_temperature_study,1205,0,0,512,8,2,0.008,0.003,age,7.0,,B,analytic,hybrid,False,budget,cuda,0.8332362939521463,age-local,common-temperature-soft,0.13587660655058045,0.1146989781033106,0.1411710136623979,0.29073344696271725,0.2756124374270622,0.3008141199864874,0.4987357531401634,0.5051205200847614,0.48915860272326644,0.021040264579512774,0.038321365779129035,0.07883481804674451,0.2101547384604754,0.04577060882268064,0.16176304050733986,0.04613295077837178,0.2755690295798372,0.970703125,0.7867916389353603,0.606900046983829,0.7836128001965481,0.7217575385765732,0.6328664512247939,0.7548062158344082,fd044d0b6c7705c0,0.8332362939521463,0.8332362939521463,0.01917808219178082,1.1783740675686203,,,
adult,common_temperature_study,1205,0,0,512,8,2,0.012,0.003,age,7.0,,B,analytic,hybrid,False,budget,cuda,0.6635259079449397,age-local,common-temperature-soft,0.13938491377986612,0.11816928091026348,0.14468882199726676,0.2854266476260672,0.26716743011409,0.29759945930071857,0.4979669073613414,0.4972650331802919,0.4990197186329157,0.0270453951765277,0.05321878742859776,0.07106882959175315,0.17231298657177077,0.04019800387601759,0.11502000030710646,0.04096836113759349,0.26895918445991374,0.96875,0.7930949308740343,0.6240479651871871,0.7906762483876911,0.7203085895852399,0.6187540684842485,0.7412321110496898,14bc5dfbae311013,0.6635259079449397,0.6635259079449397,0.01917808219178082,0.9383673380016556,,,
adult,common_temperature_study,1205,0,0,512,8,2,0.016,0.003,age,7.0,,B,analytic,hybrid,False,budget,cuda,0.5365620056995036,age-local,common-temperature-soft,0.164485155242307,0.2006364781033106,0.1554473245270561,0.3272704283367115,0.3195686666014065,0.33240493616024813,0.5373191191035563,0.5339614139948407,0.5423556767666298,0.029596812198560394,0.05517191242859776,0.07695527634461435,0.21137548657177077,0.0473071633117551,0.15894965757631593,0.04782619643869705,0.27094705036968814,0.970703125,0.7962669532113009,0.630265587820882,0.789693507769793,0.7569246927496722,0.6550775244528539,0.7570173822246791,d53ddc8c7d97f3d8,0.5365620056995036,0.5365620056995036,0.01917808219178082,0.758813265514348,,,
adult,common_temperature_study,1205,0,0,512,8,2,0.023,0.003,age,7.0,,B,analytic,hybrid,False,budget,cuda,0.39432816390346925,age-local,common-temperature-soft,0.18723305732141765,0.23145053091026346,0.17617868892420618,0.36158295136969476,0.37178192035578284,0.3547836387123027,0.5744968012944537,0.5855516175552279,0.5579145769032922,0.04775908495807266,0.10375783121429893,0.08906193103047373,0.19041667146520483,0.05784726883659305,0.16312594531202013,0.0587658113720435,0.25314902274141843,0.9453125,0.7877427939900066,0.6316406278797758,0.7813402125176586,0.7377546497115213,0.6674801579635624,0.7747681346354647,56ecd5639aee07fd,0.39432816390346925,0.39432816390346925,0.01917808219178082,0.557664237417967,,,
adult,common_temperature_study,1205,0,0,512,8,2,0.032,0.003,age,7.0,,B,analytic,hybrid,False,budget,cuda,0.29099917812507753,age-local,common-temperature-soft,0.19501854155150172,0.25098178091026346,0.1810277317118113,0.3818922363491186,0.3981386110535286,0.3710613198795119,0.5914472535086912,0.5985696517412936,0.5807636561597875,0.05638914161189936,0.11352345621429893,0.0848337105441341,0.20942236157177077,0.061268592278905305,0.17225852316350354,0.062081012609262826,0.2559011645030099,0.9609375,0.7921518260006637,0.6649258652739665,0.7943615257048093,0.7466193525103288,0.673158068506369,0.757693016399484,47455318ae5662f3,0.29099917812507753,0.29099917812507753,0.01917808219178082,0.4115349843439087,,,
adult,common_temperature_study,1205,0,0,512,8,2,0.05,0.003,age,7.0,,B,analytic,hybrid,False,budget,cuda,0.1894636801989758,age-local,common-temperature-soft,0.2689338799828021,0.34771767128861863,0.24923793215634793,0.4643723416098521,0.4970388220932375,0.44259468795426166,0.6617835062726491,0.6772624387706528,0.6385651075256433,0.07717864829658293,0.16455339045513173,0.08472126479960572,0.2199203634604754,0.07054896510612721,0.2052562707296849,0.07145339914455914,0.22766006441196027,0.947265625,0.7911998554731091,0.6552799431591159,0.7931945212210553,0.7375611212627033,0.6490054444490441,0.7483569805294515,8f69c0bb3010b6ad,0.1894636801989758,0.1894636801989758,0.01917808219178082,0.2679421061145104,,,
adult,common_temperature_study,1205,0,0,512,8,2,0.08,0.003,age,7.0,,B,analytic,hybrid,False,budget,cuda,0.1192922638438342,age-local,common-temperature-soft,0.3115508011639334,0.32860941242859776,0.30728614834776735,0.5286652674129353,0.5354542392205639,0.5241392862078497,0.742394436958725,0.7593432336772925,0.7169712418808734,0.06837810643651233,0.15283464045513173,0.06922359743756233,0.15501773539708863,0.058153459096207324,0.15501773539708874,0.05907931934323603,0.17143807000975742,0.94921875,0.7651746126137767,0.6118287810717997,0.77992752287943,0.7008849867464744,0.617451958574363,0.7195503961673116,e302167f7c19811c,0.1192922638438342,0.1192922638438342,0.01917808219178082,0.16870473741413994,,,
adult,common_temperature_study,1205,0,0,512,8,2,0.12,0.003,age,7.0,,B,analytic,hybrid,False,budget,cuda,0.07973902623905978,age-local,common-temperature-soft,0.4539011155641545,0.5317344124285978,0.43444279134804376,0.7315880090289293,0.7752956739258952,0.7024495657642854,0.9885588454333272,1.0263756449235306,0.9318336461980222,0.11581114215079802,0.25682268153829624,0.10290396562162732,0.20063191949204595,0.08214479309730567,0.21479456498372335,0.08451112012242801,0.16033660534657257,0.935546875,0.4672275029320433,0.4330338487254492,0.7637737239727289,0.5065851423763424,0.5101519586895698,0.6587433204348627,77e1faea0fb9f30f,0.07973902623905978,0.07973902623905978,0.01917808219178082,0.11276801235770244,,,
adult,common_temperature_study,1205,0,0,512,8,2,0.18,0.003,age,7.0,,B,analytic,hybrid,False,budget,cuda,0.05322211275336612,age-local,common-temperature-soft,0.4593191450156625,0.3915324035685769,0.47626583037743386,0.711420232940237,0.6572735881740985,0.7475179961176627,0.9455875042227134,0.9439980604308702,0.9479716699104783,0.05572873708324924,0.148431021973466,0.10532212038353209,0.20453816949204595,0.07337191355848487,0.2165760222805727,0.07399395835630276,0.13393325439141424,0.9296875,0.7681595048281223,0.4330338487254492,0.7637737239727289,0.6887710739631837,0.6181043164895957,0.7737239727289479,2eac95fa26e48b3b,0.05322211275336612,0.05322211275336612,0.01917808219178082,0.07526743367396044,,,
adult,common_temperature_study,1205,0,0,512,8,2,0.3,0.003,age,7.0,,B,analytic,hybrid,False,budget,cuda,0.031952589463283214,age-local,common-temperature-soft,0.4506517374547018,0.16062770637552976,0.5231577452244949,0.7721236122627603,0.6434514589475463,0.8579050478062363,1.0320600172363492,0.9845180364253833,1.1033729884527976,0.03295169873735379,0.07079691242859776,0.17451854895496066,0.3401266238253179,0.09036368412427521,0.2779915526533997,0.09152641801313452,0.1556496496886091,0.9296875,0.6830793867058261,0.4330338487254492,0.7637737239727289,0.6071387857524755,0.5582682985826434,0.6779067624838769,c644713a874ae5c7,0.031952589463283214,0.031952589463283214,0.01917808219178082,0.04518778537191478,,,
adult,common_temperature_study,1205,0,0,512,8,2,0.4,0.003,age,7.0,,B,analytic,hybrid,False,budget,cuda,0.023968011557931847,age-local,common-temperature-soft,0.5391009842761502,0.2718938102696395,0.6059027777777778,0.8971647117422148,0.7514523975416127,0.9943062545426161,1.2038210279620416,1.1613236943497534,1.267567028380474,0.05535151485737101,0.10935076738222471,0.18860540039368123,0.43335106393188383,0.10598744205367999,0.3314298732034273,0.10737796514688402,0.15294953263320177,0.935546875,0.22212886102898882,0.4330338487254492,0.7637737239727289,0.4370671955949408,0.47085626127642516,0.5777900620355015,8e877ce84d780abd,0.023968011557931847,0.023968011557931847,0.01917808219178082,0.03389588700834232,,,
bank,common_temperature_study,1200,0,0,512,8,2,0.0,0.0001,global,7.0,,B,global,hybrid,False,budget,cuda,1.0,hard,common-temperature-hard,0.6070970813059826,0.5905608101570277,0.6112311490932213,0.962160433138892,0.8873912098791883,1.0120065819786943,1.2449664536796416,1.193286805056397,1.3224859266145086,0.13143321853788523,0.24130240586641616,0.3076993686414906,0.609189201505999,0.16697343379980265,0.45921740875193506,0.17198753372926417,0.47417732738524065,0.998046875,0.534763551223762,0.4883891493536758,0.8661948468428619,0.5558114044173089,0.5168820435112117,0.7761804710826053,8a6de5458396dba8,1.0,1.0,1.0,1.4142135623730951,0.0832371853574588,,
bank,common_temperature_study,1200,0,0,512,8,2,0.00025,0.0001,age,7.0,,B,analytic,hybrid,False,budget,cuda,1.0,age-local,common-temperature-soft,0.6393179634800399,0.7350920601570277,0.6153744393107928,0.9908721697721996,0.9917362056632202,0.9902961458448525,1.2610332664077188,1.2483051894421102,1.2801253818561318,0.16510137329979,0.33895865586641616,0.2966117796816006,0.583017326505999,0.16845988786874086,0.49758123946007954,0.17398221779780224,0.4706322864980466,0.99609375,0.5665685778983042,0.46877753627445223,0.8824505142098861,0.5610172902168883,0.5215459513990713,0.8176490102841977,e7f1aa031f0dde5b,1.0,1.0,0.01707317073170732,1.4142135623730951,0.0895259325237753,,
bank,common_temperature_study,1200,0,0,512,8,2,0.0005,0.0001,age,7.0,,B,analytic,hybrid,False,budget,cuda,0.999999999999997,age-local,common-temperature-soft,0.651637402548933,0.6139983101570277,0.6610471756469092,1.0139294551033948,0.9574398878967156,1.0515891665745143,1.3078308152714808,1.2778431003262192,1.3528123876893732,0.14482607568074238,0.28036490586641616,0.31000126596291916,0.621786857755999,0.17576372460545645,0.5041601476107205,0.1806443533818928,0.47769037470149844,1.0,0.5814882110005409,0.4721160531543953,0.8812341037266394,0.578938830250008,0.5389826441976173,0.8208559106491209,90e10aecbfaf11a1,0.999999999999997,0.999999999999997,0.01707317073170732,1.414213562373091,0.1031978075237753,,
bank,common_temperature_study,1200,0,0,512,8,2,0.001,0.0001,age,7.0,,B,analytic,hybrid,False,budget,cuda,0.9999999230433523,age-local,common-temperature-soft,0.6234203078347894,0.6569670601570277,0.6150336197542298,0.9862474773305319,0.9517248968470088,1.009262530986214,1.2753868237172399,1.2412179569141877,1.3266401239218182,0.15449869472836142,0.32333365586641616,0.314696374699353,0.6347680331990213,0.1767422382895572,0.49406710473570703,0.18207285273961868,0.4698765017189166,0.994140625,0.5725919227095227,0.46880874060150374,0.8825610969810903,0.5618686620589408,0.48816532036907273,0.8625456153931218,2ad65f550bb44027,0.9999999230433523,0.9999999230433523,0.01707317073170732,1.4142134535399602,0.0729243700237753,,
bank,common_temperature_study,1200,0,0,512,8,2,0.0015,0.0001,age,7.0,,B,analytic,hybrid,False,budget,cuda,0.999977205198173,age-local,common-temperature-soft,0.6265545518633198,0.5944670601570277,0.6345764247898927,0.9663351055374324,0.9288625568464558,0.9913168046647497,1.2456195399756718,1.2239561015195917,1.2781146976597921,0.13794363520455188,0.28427115586641616,0.2773561766772049,0.573251701505999,0.15751663878118977,0.4413709261479873,0.16213904692244413,0.46535489621461734,0.998046875,0.5486514767173327,0.46880874060150374,0.8825610969810903,0.5106794639760515,0.4894104677740417,0.7684396770983081,35718cfeb1eacc50,0.999977205198173,0.999977205198173,0.01707317073170732,1.4141813256551998,0.1237056200237753,,
bank,common_temperature_study,1200,0,0,512,8,2,0.002,0.0001,age,7.0,,B,analytic,hybrid,False,budget,cuda,0.9996077590838693,age-local,common-temperature-soft,0.6143383521784807,0.5138548117328321,0.6394592372898927,0.9621758974483022,0.8920117122705407,1.0089520209001437,1.242767325210107,1.2103976890504624,1.2913217794495742,0.1225722186129235,0.24645228007851394,0.3063774046816006,0.6066501390059991,0.16686984179211603,0.4695868221621694,0.17154168115497714,0.4742471041255863,0.994140625,0.5151093792354048,0.4790711904676563,0.8805706070994139,0.550222652823761,0.4866327086087565,0.8546942386376203,82356c8e7f910c6a,0.9996077590838693,0.9996077590838693,0.01707317073170732,1.4136588499497855,0.0905024950237753,,
bank,common_temperature_study,1200,0,0,512,8,2,0.0025,0.0001,age,7.0,,B,analytic,hybrid,False,budget,cuda,0.9978390388444542,age-local,common-temperature-soft,0.6089174637841425,0.5411985617328321,0.62584718929697,0.973983588825611,0.9179029834886099,1.0113706590502785,1.2495173234822514,1.2213019710227064,1.291840352171569,0.13540704004149498,0.26988978007851394,0.3006059729136387,0.6114281894490213,0.16508360694576402,0.46246828304696985,0.1700622856617936,0.4721984650814078,0.99609375,0.5521062057520421,0.47823518054541947,0.8716134026318699,0.5389313374675816,0.534413799369615,0.8406502266946809,3eb145204c628f07,0.9978390388444542,0.9978390388444542,0.01707317073170732,1.4111575017991609,0.0670649950237753,,
bank,common_temperature_study,1200,0,0,512,8,2,0.003,0.0001,age,7.0,,B,analytic,hybrid,False,budget,cuda,0.9932706725063394,age-local,common-temperature-soft,0.6057446021784807,0.6622923117328321,0.5916076747898927,0.9716321930636956,0.9822477935281434,0.9645551260873974,1.2660234435474953,1.2570441081269121,1.2794924466783701,0.15084602813673306,0.32848353007851394,0.29625963649863346,0.5923923265059989,0.16880192250757153,0.496408867701537,0.1738125068246235,0.4656359495519307,0.99609375,0.5541110281210162,0.46990534890622254,0.8831140108371116,0.48770804900019293,0.5026389703037969,0.7949795421873272,91c6e18f31efbecf,0.9932706725063394,0.9932706725063394,0.01707317073170732,1.4046968561659101,0.0826899950237753,,
bank,common_temperature_study,1200,0,0,512,8,2,0.004,0.0001,age,7.0,,B,analytic,hybrid,False,budget,cuda,0.9723755493150279,age-local,common-temperature-soft,0.6126671700486563,0.5944670601570277,0.6172171975215637,0.9675921206319806,0.9284156901401637,0.9937097409598586,1.264552735886874,1.2413633847773602,1.2993367625511445,0.1308751828235995,0.29208365586641616,0.29486454721291916,0.605478264005999,0.16365830663032102,0.461252617701537,0.16834485158537846,0.47026184414365163,0.9921875,0.5582874553303512,0.48959638409262357,0.8348999225920601,0.5210720597339293,0.4884821300262645,0.78723874820303,8baf4e3dc014f8f1,0.9723755493150279,0.9723755493150279,0.01707317073170732,1.375146689561301,0.0885493700237753,,
bank,common_temperature_study,1200,0,0,512,8,2,0.006,0.0001,age,7.0,,B,analytic,hybrid,False,budget,cuda,0.8901741643274665,age-local,common-temperature-soft,0.619765720032069,0.5919798117328321,0.6267121971068782,0.9678542795532457,0.9016442923739356,1.0119942710061187,1.2357333538372222,1.1985757716604002,1.291469727102455,0.13522102813673306,0.28551478007851394,0.28740081953434776,0.592587639005999,0.1586625076413541,0.44592100761638825,0.16354853851012455,0.4728816456606213,1.0,0.5156876137085958,0.4920873349387726,0.875704965166427,0.5261659089052844,0.49301041364371456,0.754063916841756,16b8837f6d6130b6,0.8901741643274665,0.8901741643274665,0.01707317073170732,1.2588963760660394,0.0875728075237753,,
bank,common_temperature_study,1200,0,0,512,8,2,0.008,0.0001,age,7.0,,B,analytic,hybrid,False,budget,cuda,0.7883559845346195,age-local,common-temperature-soft,0.5821568651166649,0.5529173117328321,0.589466753462623,0.9460596680443437,0.9052793770043127,0.9732465287376977,1.2343672678452946,1.2134004144550115,1.26581754793072,0.12368829004149497,0.26793665507851394,0.29716644453434776,0.6256931077559991,0.16619749431171063,0.46769836216548705,0.17055296890599522,0.4544299814665519,0.99609375,0.5690741027896113,0.4796902256774855,0.8822293486674776,0.5511730998457647,0.5246002700522302,0.8471746101957315,7e96a2330dd2ddae,0.7883559845346195,0.7883559845346195,0.01707317073170732,1.114903725306853,0.0748774950237753,,
bank,common_temperature_study,1200,0,0,512,8,2,0.012,0.0001,age,7.0,,B,analytic,hybrid,False,budget,cuda,0.6115427887510412,age-local,common-temperature-soft,0.4939086171624461,0.48131237559438245,0.4970576775544621,0.8485837197970806,0.8078865170228353,0.8757151883132441,1.1693922440008846,1.133559293675587,1.2231416694888313,0.10819378429382376,0.23153678086641616,0.27072950257006206,0.607431389005999,0.1535785696407696,0.44706618724427716,0.15723185948336665,0.41175191281081935,0.998046875,0.5702952014232736,0.46887113825913307,0.8827822625234988,0.5541637024998431,0.49497548398257035,0.834347008736039,a555b2153d631afb,0.6115427887510412,0.6115427887510412,0.01707317073170732,0.8648521058231872,0.0260493700237753,,
bank,common_temperature_study,1200,0,0,512,8,2,0.016,0.0001,age,7.0,,B,analytic,hybrid,False,budget,cuda,0.48807983095164215,age-local,common-temperature-soft,0.5107326626949023,0.5202483101570277,0.5083537508293708,0.8689719430775187,0.8291739164616277,0.8955039608214457,1.182526755847064,1.1413897921735041,1.2442322013574034,0.10929780187121851,0.24130240586641616,0.2842618686414906,0.6027438890059991,0.15749162527688007,0.4525421510422425,0.16147513630151145,0.4184949731976298,0.994140625,0.5233499011023741,0.4752882610557775,0.8799071104721884,0.5551948182615561,0.5134074956447144,0.8273802941501714,06f4dd9731a300ba,0.48807983095164215,0.48807983095164215,0.01707317073170732,0.6902491164525799,0.0406978075237753,,
bank,common_temperature_study,1200,0,0,512,8,2,0.023,0.0001,age,7.0,,B,analytic,hybrid,False,budget,cuda,0.35500233981490636,age-local,common-temperature-soft,0.4150861681687493,0.3654173117328321,0.4275033822777287,0.7521913531184341,0.6956805332854141,0.7898652330071142,1.0646019797771757,1.0209382285791957,1.1300976065741457,0.07610454004807723,0.16448431279719133,0.24931488203434776,0.567197014005999,0.13799644059354357,0.4153487266566681,0.14084916657295918,0.36752135909818834,0.998046875,0.5463933438524265,0.46887113825913307,0.8827822625234988,0.5790050579240613,0.5144039506009931,0.837996240185779,1b6265f3753e98f4,0.35500233981490636,0.35500233981490636,0.01707317073170732,0.5020491236404228,0.0285496853574588,,
bank,common_temperature_study,1200,0,0,512,8,2,0.032,0.0001,age,7.0,,B,analytic,hybrid,False,budget,cuda,0.26061517189404104,age-local,common-temperature-soft,0.3794386023720005,0.36009206015702766,0.3842752379257437,0.7174949287432268,0.6993423996806923,0.7295966147849166,1.047219793624903,1.0339400554987284,1.0671394008141657,0.07193867971411727,0.17684928086641616,0.24582715882006204,0.5366191391131259,0.13787466496053247,0.406212570323731,0.14044611572645413,0.3572797353251958,0.9921875,0.606455037978819,0.46890233159100253,0.8828928452947031,0.529003104829116,0.512311060327717,0.8546942386376203,9ed90597b5cb775e,0.26061517189404104,0.26061517189404104,0.01707317073170732,0.36856551065274834,0.0172603075237753,,
bank,common_temperature_study,1200,0,0,512,8,2,0.05,0.0001,age,7.0,,B,analytic,hybrid,False,budget,cuda,0.16909191998223996,age-local,common-temperature-soft,0.3498971061871061,0.2689558740185779,0.37013241422923815,0.682547835687825,0.6175343670518633,0.7258901481117993,1.01692279249143,0.9737515665892587,1.0816796313446866,0.04416136132657206,0.11760931279719133,0.2440832972129192,0.5479587327559988,0.13309101536846626,0.41306423131151143,0.13503805015145673,0.3214567086691243,0.998046875,0.5449144366859885,0.46893352125910265,0.8830034280659074,0.5326389390314781,0.49860826515828793,0.810129381842309,0b66d58ed814143d,0.16909191998223996,0.16909191998223996,0.01707317073170732,0.23913208652658993,0.0091068799762247,,
bank,common_temperature_study,1200,0,0,512,8,2,0.08,0.0001,age,7.0,,B,analytic,hybrid,False,budget,cuda,0.10630414734522789,age-local,common-temperature-soft,0.46151805954882236,0.2884871240185779,0.5047757934313835,0.8188544056867191,0.7244829175536327,0.8817687311087767,1.156357299845184,1.1070875349026872,1.2302619472589296,0.048224146834173295,0.12127301503925714,0.2680788329272049,0.5885722641131259,0.14735265633263145,0.4349667582142264,0.14939132861705912,0.28249906210970444,0.98046875,0.5751522526286883,0.46893352125910265,0.8830034280659074,0.535472938981763,0.5371105344714413,0.8571270596041137,2438fd995646ee5a,0.10630414734522789,0.10630414734522789,0.01707317073170732,0.15033676691212913,0.0315678174762247,,
bank,common_temperature_study,1200,0,0,512,8,2,0.12,0.0001,age,7.0,,B,analytic,hybrid,False,budget,cuda,0.07101845205266616,age-local,common-temperature-soft,0.5078284826661507,0.28977956015702755,0.5623407132934314,0.8636518750691143,0.7171642603394891,0.9613102848888643,1.1972713269241402,1.1328442493503261,1.2939119432848611,0.06372467950743281,0.12517926503925714,0.25949903382006206,0.5783183578631259,0.14747793469372705,0.41999961771190414,0.14964084272610573,0.2507203497685696,0.98828125,0.5082427708853912,0.46893352125910265,0.8830034280659074,0.5109435460865303,0.4720075288333189,0.8655313502156364,97d3100a247f7111,0.07101845205266616,0.07101845205266616,0.01707317073170732,0.10043525807162386,0.0632471896425412,,
bank,common_temperature_study,1200,0,0,512,8,2,0.18,0.0001,age,7.0,,B,analytic,hybrid,False,budget,cuda,0.047389950141086525,age-local,common-temperature-soft,0.49648467737476504,0.378330874018578,0.5260231282138118,0.8759645323039921,0.770195718546113,0.9464770748092448,1.202681070648568,1.1484367080660918,1.2840476145222826,0.06666880180276252,0.16253118779719133,0.2695436766772049,0.577048826613126,0.14785209628402393,0.4311745035006358,0.15052480439533092,0.2749827646866125,0.990234375,0.4582283890044306,0.46893352125910265,0.8830034280659074,0.4830412174055086,0.48663450877510755,0.8607762910538538,df7c10b7e68679c6,0.047389950141086525,0.047389950141086525,0.01707317073170732,0.06701951020970934,0.0300440646425412,,
bank,common_temperature_study,1200,0,0,512,8,2,0.3,0.0001,age,7.0,,B,analytic,hybrid,False,budget,cuda,0.028447606927641905,age-local,common-temperature-soft,0.5651002501935198,0.3132170601570276,0.628071047702643,0.9553519037515207,0.8105219290818867,1.051905220197943,1.2898904021066016,1.2307106498120093,1.3786600305484906,0.06166182537927264,0.13388053086641616,0.2715665561414906,0.5824313890059989,0.14991519284093155,0.4318478921023165,0.15235305383892342,0.24250188153838376,0.978515625,0.5017947167006189,0.46893352125910265,0.8830034280659074,0.4868930165610615,0.4815281888416923,0.822735817759593,2e1a86b97fd918c1,0.028447606927641905,0.028447606927641905,0.01707317073170732,0.04023099153413,0.0876612521425412,,
bank,common_temperature_study,1200,0,0,512,8,2,0.4,0.0001,age,7.0,,B,analytic,hybrid,False,budget,cuda,0.02133822395762797,age-local,common-temperature-soft,0.566898688903019,0.3966673117328321,0.6094565331955657,0.9787500086392791,0.8305383825887427,1.0775577593396364,1.3289481505031515,1.2591114155977,1.4337032528613292,0.07814464407486987,0.19567103007851394,0.2793093016772049,0.599998045363126,0.15747529512952474,0.45514841633376635,0.16021533988806053,0.26333277430261387,0.986328125,0.5111760827544083,0.46893352125910265,0.8830034280659074,0.4999373825923607,0.46893352125910265,0.8830034280659074,1f6a1df58e8d4518,0.02133822395762797,0.02133822395762797,0.01707317073170732,0.030176805717831975,0.048598752142541196,,
bank,common_temperature_study,1201,0,0,512,8,2,0.0,0.0001,global,7.0,,B,global,hybrid,False,budget,cuda,1.0,hard,common-temperature-hard,0.5712699912916068,0.5788420601570277,0.5693769740752517,0.9444153540722106,0.8927112778875926,0.9788847381952891,1.2374109722299016,1.2005529426536181,1.2926980165943271,0.12231863520455188,0.27450553086641616,0.29904981507006206,0.612802482755999,0.16461983781334605,0.4677734590981972,0.16913430266170298,0.4493172320045757,0.986328125,0.4846318652766944,0.46887113825913307,0.8827822625234988,0.5932179665795863,0.5530277758455581,0.8246157248700653,75294de84f1ec416,1.0,1.0,1.0,1.4142135623730951,0.0582759325237753,,
bank,common_temperature_study,1201,0,0,512,8,2,0.00025,0.0001,age,7.0,,B,analytic,hybrid,False,budget,cuda,1.0,age-local,common-temperature-soft,0.6422625753345129,0.6022795601570277,0.6522583291288843,0.9968623434562647,0.9530299679309964,1.0260839271397766,1.2698026529497954,1.2362799610195732,1.320086690845129,0.1312472066331233,0.28231803086641616,0.2999084282707816,0.6255883456990213,0.16750953999729934,0.4718953347029469,0.17213380981050155,0.47385054896507023,0.986328125,0.5063185580714311,0.46968074200311744,0.8823399314386818,0.5540714335598529,0.5083539890392961,0.7957536215857569,9e9161d96323ec03,1.0,1.0,0.01707317073170732,1.4142135623730951,0.1041743700237753,,
bank,common_temperature_study,1201,0,0,512,8,2,0.0005,0.0001,age,7.0,,B,analytic,hybrid,False,budget,cuda,0.999999999999997,age-local,common-temperature-soft,0.6003620721829039,0.6139983101570277,0.5969530126893731,0.9450983754699769,0.9358800271964502,0.9512439409856611,1.2318803217958643,1.222141852929522,1.2464880250953778,0.1345954209188376,0.29013053086641616,0.28014635524863346,0.592782951505999,0.16166730764827492,0.45124797624889407,0.16598269809017735,0.4591989398073433,0.986328125,0.5716198732737304,0.46874632828104806,0.8823399314386818,0.5610432131134346,0.5141170918765468,0.8400973128386597,805e2ea5c1443078,0.999999999999997,0.999999999999997,0.01707317073170732,1.414213562373091,0.1041743700237753,,
bank,common_temperature_study,1201,0,0,512,8,2,0.001,0.0001,age,7.0,,B,analytic,hybrid,False,budget,cuda,0.9999999230433523,age-local,common-temperature-soft,0.6085712878745991,0.6179045601570277,0.606237969803992,0.9510644023692357,0.9348092965553466,0.9619011395784954,1.2389483319280103,1.2190076664961846,1.2688593300757491,0.13239254876173634,0.28231803086641616,0.28098340882006206,0.596103264005999,0.16058813754822948,0.44730790347160776,0.16495071247930473,0.45893379529635375,0.994140625,0.5358107652225996,0.47061164143011386,0.8823399314386818,0.5555363731381975,0.5081805718831472,0.7703195842087802,42dcc4cf17338a37,0.9999999230433523,0.9999999230433523,0.01707317073170732,1.4142134535399602,0.0988621853574588,,
bank,common_temperature_study,1201,0,0,512,8,2,0.0015,0.0001,age,7.0,,B,analytic,hybrid,False,budget,cuda,0.999977205198173,age-local,common-temperature-soft,0.5961131019849608,0.6725920601570277,0.5769933624419441,0.9440436490932212,0.9469711335770763,0.9420919927706514,1.229715620853146,1.215546771328652,1.2509688951398874,0.1426232035236411,0.28036490586641616,0.2851686766772049,0.593857170255999,0.16318694653957733,0.4541833224766393,0.16787085523740922,0.4533489094587519,0.98046875,0.5990882005840346,0.4724976835675008,0.8824505142098861,0.5755735292899138,0.5222113497403179,0.8501603450182461,c792b18507264bf3,0.999977205198173,0.999977205198173,0.01707317073170732,1.4141813256551998,0.0807368700237753,,
bank,common_temperature_study,1201,0,0,512,8,2,0.002,0.0001,age,7.0,,B,analytic,hybrid,False,budget,cuda,0.9996077590838693,age-local,common-temperature-soft,0.5667651256496737,0.4044798117328321,0.6073364541288843,0.9011939915542408,0.8141553938474511,0.9592197233587673,1.1839400986951234,1.1348682884321206,1.2575478140896275,0.08127757575578064,0.19176478007851394,0.2872613106057763,0.599032951505999,0.15479612468155732,0.4328660311325056,0.1581950817905633,0.4453798597685895,0.990234375,0.5808865393880066,0.49145424555108697,0.8743779719119761,0.5717612655108291,0.5088720494610433,0.8413137233219065,eebc810bf560bba3,0.9996077590838693,0.9996077590838693,0.01707317073170732,1.4136588499497855,0.1071040575237753,,
bank,common_temperature_study,1201,0,0,512,8,2,0.0025,0.0001,age,7.0,,B,analytic,hybrid,False,budget,cuda,0.9978390388444542,age-local,common-temperature-soft,0.5854594023001216,0.5490110617328321,0.5945714874419441,0.9283030123438019,0.8711630802139778,0.9663963004303513,1.2079093031211987,1.1784976552996793,1.252026774853478,0.11903799242244731,0.25817103007851394,0.28363407846291916,0.595614982755999,0.1592676090603774,0.4448721127529579,0.16340801595813978,0.45288407570852324,0.9921875,0.5237721247187247,0.5089628909568314,0.8781377861329205,0.5579592170101549,0.5090556421505454,0.808802388587858,21efe94a9b9a94a7,0.9978390388444542,0.9978390388444542,0.01707317073170732,1.4111575017991609,0.0846431200237753,,
bank,common_temperature_study,1201,0,0,512,8,2,0.003,0.0001,age,7.0,,B,analytic,hybrid,False,budget,cuda,0.9932706725063394,age-local,common-temperature-soft,0.5737165487117107,0.5710295601570277,0.5743882958503815,0.9206740970225591,0.8844069869304987,0.9448521704172657,1.2165975668334623,1.185380712867227,1.2634228477828153,0.12901506377598046,0.27645865586641616,0.28830762757006206,0.592587639005999,0.16248675795410775,0.45474797495300223,0.16691388318410152,0.44243013814071874,0.99609375,0.5678507551375274,0.47345458700385457,0.8825610969810903,0.596785324089473,0.5375695921267123,0.8289284529470309,7d62e7756c1f3038,0.9932706725063394,0.9932706725063394,0.01707317073170732,1.4046968561659101,0.0817134325237753,,
bank,common_temperature_study,1201,0,0,512,8,2,0.004,0.0001,age,7.0,,B,analytic,hybrid,False,budget,cuda,0.9723755493150279,age-local,common-temperature-soft,0.5917651256496738,0.5880735617328321,0.5926880166288843,0.9319061100436802,0.8992337175508681,0.9536877050388884,1.2157408959277896,1.1962101210881344,1.2450370581872718,0.1410166678843937,0.29137415507851394,0.28098340882006206,0.5813571702559991,0.16039682012706108,0.4485027805519461,0.1650584234022699,0.4513770958134706,0.986328125,0.5658010707695075,0.47807929177770475,0.8755943823952228,0.5609971082357871,0.5198633820253011,0.80338383279885,709e6cd578e8f53b,0.9723755493150279,0.9723755493150279,0.01707317073170732,1.375146689561301,0.0865962450237753,,
bank,common_temperature_study,1201,0,0,512,8,2,0.006,0.0001,age,7.0,,B,analytic,hybrid,False,budget,cuda,0.8901741643274665,age-local,common-temperature-soft,0.562080822182904,0.5163420601570277,0.5735155126893731,0.90416525558443,0.8449281816736702,0.9436566381916031,1.184455647669468,1.1549595076993255,1.2286998576246821,0.1149074297141173,0.25497428086641616,0.2794488106057763,0.592489982755999,0.15392064027659605,0.43093738768937295,0.15815221225054427,0.46010090536524706,0.994140625,0.5198118400166665,0.47345458700385457,0.8825610969810903,0.5440065434599136,0.5163059190371837,0.83125069114232,b3a3b0fac0436033,0.8901741643274665,0.8901741643274665,0.01707317073170732,1.2588963760660394,0.0865962450237753,,
bank,common_temperature_study,1201,0,0,512,8,2,0.008,0.0001,age,7.0,,B,analytic,hybrid,False,budget,cuda,0.7883559845346195,age-local,common-temperature-soft,0.5027026256496738,0.5763548117328321,0.48428957912888426,0.843593542657304,0.827239473902466,0.8544962551605293,1.1341553031350216,1.10924605876092,1.171519169696174,0.12610644480339972,0.28746790507851394,0.27268262757006206,0.5732517015059989,0.15335370963117637,0.4354652014161505,0.15770067531548634,0.4260017510802114,0.990234375,0.48980910568374303,0.47028191033533057,0.8812341037266394,0.5194377335576039,0.4991163291780605,0.7902244830255446,dba85f5c095e6a45,0.7883559845346195,0.7883559845346195,0.01707317073170732,1.114903725306853,0.0524165575237753,,
bank,common_temperature_study,1201,0,0,512,8,2,0.012,0.0001,age,7.0,,B,analytic,hybrid,False,budget,cuda,0.6115427887510412,age-local,common-temperature-soft,0.53619408658631,0.5983733101570275,0.5206492806936305,0.9045069822652883,0.8793002011224151,0.9213115030272033,1.2011512271231892,1.1686768109080687,1.2498628514458696,0.1229059416188792,0.28036490586641616,0.28851689096291916,0.622861076505999,0.1626912745186264,0.4710519466887371,0.1669104664645377,0.4212319695481793,0.9921875,0.5919765675954324,0.5415000315826535,0.8614397876810793,0.5650425597143983,0.5302130267985388,0.8468428618821188,0562b983b88702b7,0.6115427887510412,0.6115427887510412,0.01707317073170732,0.8648521058231872,0.049057497857458804,,
bank,common_temperature_study,1201,0,0,512,8,2,0.016,0.0001,age,7.0,,B,analytic,hybrid,False,budget,cuda,0.48807983095164215,age-local,common-temperature-soft,0.43270174444321585,0.39524831015702766,0.4420651030147628,0.79088383279885,0.736493891165819,0.8271437938875374,1.1242491170656863,1.0906765764956319,1.1746079279207675,0.07231070352364108,0.17684928086641616,0.27233385524863346,0.5729472641131259,0.15139096241379993,0.43616552297011485,0.15410009202554562,0.378892499652898,0.994140625,0.5744717470019993,0.4707105528023516,0.8826716797522945,0.5475776296056051,0.47812824672964993,0.8524825832135353,6eed50612c5f232d,0.48807983095164215,0.48807983095164215,0.01707317073170732,0.6902491164525799,0.0338618700237753,,
bank,common_temperature_study,1201,0,0,512,8,2,0.023,0.0001,age,7.0,,B,analytic,hybrid,False,budget,cuda,0.35500233981490636,age-local,common-temperature-soft,0.40091394932544516,0.34446706015702755,0.41502567161754955,0.7310038669412806,0.6586781773540307,0.7792209933327805,1.051144272503594,1.0011785416436285,1.126092868793542,0.06556807537927264,0.13583365586641616,0.25866198024863346,0.5856540452559991,0.14287681190951998,0.41876064791136786,0.14541763019265963,0.36678434951891714,0.994140625,0.5178572062693164,0.4932215910538248,0.8832245936083158,0.5566076161233313,0.5138037173874933,0.8336835121088134,75b8e3424ea74c30,0.35500233981490636,0.35500233981490636,0.01707317073170732,0.5020491236404228,0.020135567566073213,,
bank,common_temperature_study,1201,0,0,512,8,2,0.032,0.0001,age,7.0,,B,analytic,hybrid,False,budget,cuda,0.26061517189404104,age-local,common-temperature-soft,0.40156094492978,0.33665456015702755,0.4177875411229681,0.7418706976390579,0.6623118581015703,0.794909923997383,1.0827855022531239,1.0260649927199677,1.1678662665528583,0.05966189399983156,0.13778678086641616,0.26303195126261825,0.599911857755999,0.14612474517653182,0.44961438578181995,0.14841309980086417,0.34698995382796705,0.984375,0.597586566494597,0.46893352125910265,0.8830034280659074,0.547039344801749,0.5236634095507797,0.8441888753732169,83033374871a90b3,0.26061517189404104,0.26061517189404104,0.01707317073170732,0.36856551065274834,0.032455935357458804,,
bank,common_temperature_study,1201,0,0,512,8,2,0.05,0.0001,age,7.0,,B,analytic,hybrid,False,budget,cuda,0.16909191998223996,age-local,common-temperature-soft,0.37419438723321913,0.28977956015702755,0.395298094002267,0.725208724980648,0.6609701780728188,0.768034422919201,1.0517557606712375,1.0141844722206863,1.108112693347064,0.06391069141219471,0.12240324871447539,0.24840807399863346,0.5855563890059989,0.14011514369342504,0.4264484291198994,0.14236303780745957,0.3212961074709416,0.982421875,0.5636088696551781,0.46893352125910265,0.8830034280659074,0.5303796224726656,0.5040898325247801,0.7612517969700321,31e1a674c7039893,0.16909191998223996,0.16909191998223996,0.01707317073170732,0.23913208652658993,0.027715994933926787,,
bank,common_temperature_study,1201,0,0,512,8,2,0.08,0.0001,age,7.0,,B,analytic,hybrid,False,budget,cuda,0.10630414734522789,age-local,common-temperature-soft,0.48276230578900814,0.3541814974289506,0.5149075078790225,0.8376287252571049,0.7511289377833683,0.895295250239596,1.1584477893812895,1.1071955978841832,1.235326076626949,0.09260692053969663,0.16909898367521858,0.24936007626261825,0.577353264005999,0.14494746857018545,0.42944769521314824,0.14781152117104548,0.264410529094176,0.986328125,0.5675364844054246,0.46893352125910265,0.8830034280659074,0.5370259453867305,0.4907659082860676,0.8712816543182572,c9d8548f95983f9b,0.10630414734522789,0.10630414734522789,0.01707317073170732,0.15033676691212913,0.0520756299762247,,
bank,common_temperature_study,1201,0,0,512,8,2,0.12,0.0001,age,7.0,,B,analytic,hybrid,False,budget,cuda,0.07101845205266616,age-local,common-temperature-soft,0.4850464447639058,0.2611433740185779,0.5410222124502378,0.8221468781101404,0.7044536131192635,0.900609054770725,1.123592445468871,1.0702747031543736,1.2035690589406172,0.043015813500839974,0.11736676503925714,0.25852247132006206,0.5840915452559989,0.14233531791676912,0.42931117300674543,0.14416817616254257,0.2629332575684409,0.98046875,0.5457323691751903,0.46893352125910265,0.8830034280659074,0.5171903723072444,0.5059519874740778,0.8335729293376092,f8f87ecae86ca54b,0.07101845205266616,0.07101845205266616,0.01707317073170732,0.10043525807162386,0.0471928174762247,,
bank,common_temperature_study,1201,0,0,512,8,2,0.18,0.0001,age,7.0,,B,analytic,hybrid,False,budget,cuda,0.047389950141086525,age-local,common-temperature-soft,0.6041681065465001,0.5008436255943824,0.6299992267845295,0.9700918960107267,0.8856997470419108,1.0263533286566036,1.2680946674914297,1.2339523952689004,1.3193080758252238,0.09945122477001422,0.21395865586641616,0.2740531566197611,0.612411857755999,0.156791236871352,0.48307840620853115,0.16005527690090826,0.2529779043891352,0.98828125,0.5565755972031681,0.46893352125910265,0.8830034280659074,0.4995424431205486,0.4744823875654609,0.870286409377419,7dd0e7b3dbb571b9,0.047389950141086525,0.047389950141086525,0.01707317073170732,0.06701951020970934,0.0374271924762247,,
bank,common_temperature_study,1201,0,0,512,8,2,0.3,0.0001,age,7.0,,B,analytic,hybrid,False,budget,cuda,0.028447606927641905,age-local,common-temperature-soft,0.5908401180471082,0.2909402472907221,0.6658150857362048,0.9784565323316379,0.8300516672080613,1.0773931090806885,1.3059642126506692,1.2372567754985442,1.4090253683788567,0.053718584290400946,0.12216178086641616,0.27470550703434776,0.596287107863126,0.1487363999529647,0.44038837014818083,0.15114104809953435,0.2531762890593925,0.966796875,0.5431102504341198,0.46893352125910265,0.8830034280659074,0.4870341720593789,0.4688399412628487,0.8826716797522945,ba442b7c3d0e67d9,0.028447606927641905,0.028447606927641905,0.01707317073170732,0.04023099153413,0.015252755066073213,,
bank,common_temperature_study,1201,0,0,512,8,2,0.4,0.0001,age,7.0,,B,analytic,hybrid,False,budget,cuda,0.02133822395762797,age-local,common-temperature-soft,0.6153323876202588,0.31437774729072215,0.690571047702643,1.0034245238029418,0.8425016241844521,1.1107064568819343,1.3179302620120539,1.2573883833950756,1.4087430799375207,0.05313709910454289,0.1130387022420658,0.2773561766772049,0.593845701613126,0.15029001853906993,0.42876638007298457,0.15267250067367386,0.2362759187145378,0.98046875,0.4754218981005264,0.46893352125910265,0.8830034280659074,0.4972375543463464,0.46890233159100253,0.8828928452947031,a576ac06ca0abdf0,0.02133822395762797,0.02133822395762797,0.01707317073170732,0.030176805717831975,0.07677619256607321,,
bank,common_temperature_study,1202,0,0,512,8,2,0.0,0.0001,global,7.0,,B,global,hybrid,False,budget,cuda,1.0,hard,common-temperature-hard,0.6572925881897601,0.7286985617328321,0.639441094803992,1.0259797806314277,1.0026551744097645,1.0415295181125366,1.3027005954191089,1.2709430521766376,1.3503369102828156,0.1716793614700664,0.32457728007851394,0.32179314128874337,0.640048576505999,0.18191006177919028,0.5289889710964276,0.18772149273645225,0.48728755401927404,0.986328125,0.5436786602478891,0.47525035568339924,0.8797965277009842,0.5696051670606395,0.5250955112692197,0.8095764679862877,dc75294069e3fcdd,1.0,1.0,1.0,1.4142135623730951,0.056869997857458804,,
bank,common_temperature_study,1202,0,0,512,8,2,0.00025,0.0001,age,7.0,,B,analytic,hybrid,False,budget,cuda,1.0,age-local,common-temperature-soft,0.6846841997954219,0.6701048117328321,0.6883290468110693,1.0459569902134247,0.9774768596911976,1.0916104105615763,1.3295165718649786,1.2827016868480225,1.3997388993904125,0.15382221861292353,0.31871790507851394,0.329344812199353,0.6541039706990213,0.1836316923028749,0.5278164157532065,0.1890539347041503,0.48465622171879474,0.99609375,0.5392917722620272,0.5002259477894612,0.8748203029967931,0.5740656808074687,0.5049261578740564,0.6942386376202587,ee5da019b11237d7,1.0,1.0,0.01707317073170732,1.4142135623730951,0.0748774950237753,,
bank,common_temperature_study,1202,0,0,512,8,2,0.0005,0.0001,age,7.0,,B,analytic,hybrid,False,budget,cuda,0.999999999999997,age-local,common-temperature-soft,0.6674488381897601,0.7521360617328321,0.646277032303992,1.0229265730399202,1.0152050230495964,1.0280742730334698,1.300840774632312,1.2749783874037008,1.3396343554752295,0.1718653733748283,0.36754603007851394,0.3038146782707816,0.6251000644490213,0.17690669901330264,0.5031148812444707,0.18231887417939593,0.484202127183791,0.9921875,0.5377764073232774,0.49098668656946126,0.8581223045449519,0.5501696825214575,0.5067796217671869,0.7624682074532788,6d2cebecafa80646,0.999999999999997,0.999999999999997,0.01707317073170732,1.414213562373091,0.0812840603574588,,
bank,common_temperature_study,1202,0,0,512,8,2,0.001,0.0001,age,7.0,,B,analytic,hybrid,False,budget,cuda,0.9999999230433523,age-local,common-temperature-soft,0.6171650378745992,0.6491545601570277,0.609167657303992,1.0056980364646688,0.9800197234739578,1.0228169117918096,1.3198744453582882,1.2981992574827672,1.3523872271715693,0.14891833758550427,0.30575553086641616,0.31872057399863346,0.619931389005999,0.18116490559959741,0.5176805868489437,0.1861482349353542,0.470474798690434,0.99609375,0.5062262299467456,0.5216464192464678,0.8762578790224483,0.5399004868533036,0.5198165233639349,0.8008404290611523,51e04f16fa3067d3,0.9999999230433523,0.9999999230433523,0.01707317073170732,1.4142134535399602,0.0729243700237753,,
bank,common_temperature_study,1202,0,0,512,8,2,0.0015,0.0001,age,7.0,,B,analytic,hybrid,False,budget,cuda,0.999977205198173,age-local,common-temperature-soft,0.6378588756496738,0.7208860617328321,0.6171020791288843,1.0068547927264184,0.9846205715055844,1.0216776068736406,1.3143694535828816,1.292564935700726,1.347076230406115,0.16628501623197117,0.34215540507851394,0.3318377841458862,0.634579826505999,0.1856001292494909,0.547632254402576,0.19139139606853506,0.4701190877191249,1.0,0.5374900717673615,0.5273963226557369,0.8628773637067345,0.5487939934636422,0.5093770226140175,0.7359283423642596,7309694500b57e16,0.999977205198173,0.999977205198173,0.01707317073170732,1.4141813256551998,0.0651118700237753,,
bank,common_temperature_study,1202,0,0,512,8,2,0.002,0.0001,age,7.0,,B,analytic,hybrid,False,budget,cuda,0.9996077590838693,age-local,common-temperature-soft,0.58541758818976,0.6661985617328321,0.565222344803992,0.9268840971607875,0.9184043856435916,0.9325372381722512,1.2099407863817317,1.1867201610822369,1.2447717243309744,0.1553103138510188,0.33238978007851394,0.3044242796816006,0.600204826505999,0.17370794498892664,0.5025086090415236,0.17884720263021206,0.47188939568069543,0.994140625,0.5016063910001385,0.5310320390916738,0.8679641711821299,0.5486690545718402,0.5153367451006373,0.7705407497511888,b6aa8424ea41eee0,0.9996077590838693,0.9996077590838693,0.01707317073170732,1.4136588499497855,0.051987185357458804,,
bank,common_temperature_study,1202,0,0,512,8,2,0.0025,0.0001,age,7.0,,B,analytic,hybrid,False,budget,cuda,0.9978390388444542,age-local,common-temperature-soft,0.6193100844575914,0.6530608101570275,0.6108724030327325,0.9843137907082827,0.9629144910082386,0.9985799905083121,1.2914741547329427,1.27113592408032,1.3219815007118767,0.15338262329979,0.31942740586641616,0.3141167793557763,0.632333732755999,0.17886762434191025,0.506174492701537,0.18397247727519708,0.4575723585467404,0.998046875,0.5487983731310953,0.4818692656617643,0.878801282760146,0.5542373874455058,0.5172006140858391,0.7832577684396771,a960e1872835673b,0.9978390388444542,0.9978390388444542,0.01707317073170732,1.4111575017991609,0.0739009325237753,,
bank,common_temperature_study,1202,0,0,512,8,2,0.003,0.0001,age,7.0,,B,analytic,hybrid,False,budget,cuda,0.9932706725063394,age-local,common-temperature-soft,0.6647417201150061,0.7286985617328321,0.6487525097105497,1.0379517910953224,1.0104065515108371,1.0563152841516457,1.3286104842834237,1.2931912114342585,1.3817393935571713,0.16275079004149498,0.34606165507851394,0.322508874699353,0.6615258456990213,0.18222370507316327,0.5116393442268881,0.1877481219238199,0.4807652377316666,0.990234375,0.5866235486433092,0.46984118548289994,0.8828928452947031,0.5718125194569685,0.514591684780278,0.831693022227137,2f0946d40d470df9,0.9932706725063394,0.9932706725063394,0.01707317073170732,1.4046968561659101,0.0783543728574588,,
bank,common_temperature_study,1202,0,0,512,8,2,0.004,0.0001,age,7.0,,B,analytic,hybrid,False,budget,cuda,0.9723755493150279,age-local,common-temperature-soft,0.6283306148402079,0.6036985617328321,0.6344886281170519,0.9697448129768883,0.9104967455836006,1.0092435245724132,1.2654875058747097,1.2210080915487116,1.3322066273637068,0.1331748971843521,0.28942103007851394,0.30414189096291916,0.628915764005999,0.17092767073378057,0.47953768410303543,0.1755386439235418,0.4671342753400668,0.9921875,0.5376207515746089,0.47142298121088455,0.8790224483025545,0.5807365061853924,0.5189415568573132,0.826274466438129,2af81c804be8408f,0.9723755493150279,0.9723755493150279,0.01707317073170732,1.375146689561301,0.0856196825237753,,
bank,common_temperature_study,1202,0,0,512,8,2,0.006,0.0001,age,7.0,,B,analytic,hybrid,False,budget,cuda,0.8901741643274665,age-local,common-temperature-soft,0.5886401256496738,0.5607298117328321,0.5956177041288843,0.9543021017637953,0.8981563994595266,0.9917325699666409,1.250077926296583,1.2100429026595159,1.310130461752184,0.13373293289863783,0.27965540507851394,0.30693206953434776,0.623251701505999,0.1713562840246543,0.484690117701537,0.17607532895499192,0.4475533714952945,0.994140625,0.544795712187194,0.46893352125910265,0.8830034280659074,0.5257041499124658,0.5134165034935667,0.8095764679862877,35662d79b4bdcbdf,0.8901741643274665,0.8901741643274665,0.01707317073170732,1.2588963760660394,0.0768306200237753,,
bank,common_temperature_study,1202,0,0,512,8,2,0.008,0.0001,age,7.0,,B,analytic,hybrid,False,budget,cuda,0.7883559845346195,age-local,common-temperature-soft,0.5019997339102068,0.5007170601570277,0.5023204023485016,0.8688741032428398,0.8041738948634303,0.9120075754957795,1.184870721829039,1.1308274096676987,1.2659356900710494,0.120086492347409,0.23544303086641616,0.2998868686414906,0.600583982863126,0.166410341609551,0.48277291050398075,0.17075028183308216,0.42400953563305693,1.0,0.543850532603073,0.46893352125910265,0.8830034280659074,0.4745225274705763,0.4833522380319038,0.8489439345349995,7f0da965b724e386,0.7883559845346195,0.7883559845346195,0.01707317073170732,1.114903725306853,0.0651118700237753,,
bank,common_temperature_study,1202,0,0,512,8,2,0.012,0.0001,age,7.0,,B,analytic,hybrid,False,budget,cuda,0.6115427887510412,age-local,common-temperature-soft,0.43441232168528143,0.3107298117328321,0.4653329491733938,0.7945191118130045,0.6997854867024218,0.8576748618867263,1.1222298583849386,1.0670630511860004,1.2049800691833463,0.06844275432720921,0.13707728007851394,0.2813321811414906,0.595322014005999,0.15213495787393524,0.4285089835542684,0.15505487306547416,0.4019982507907837,0.994140625,0.49745020495659986,0.47494318417881926,0.8763684617936526,0.5621194276129747,0.5144609494760818,0.8071436470197944,0faac1d5a783a539,0.6115427887510412,0.6115427887510412,0.01707317073170732,0.8648521058231872,0.0553462450237753,,
bank,common_temperature_study,1202,0,0,512,8,2,0.016,0.0001,age,7.0,,B,analytic,hybrid,False,budget,cuda,0.48807983095164215,age-local,common-temperature-soft,0.4302501762412917,0.33274831015702755,0.45462564276235773,0.7713325828679644,0.6644299933304766,0.8426009758929561,1.0958903381759373,1.0251385020411738,1.2020180923780825,0.07618768282359947,0.15536490586641616,0.28000684632006206,0.5853610765059989,0.1530097568667105,0.4279393418942826,0.15605945066543658,0.3830955610135828,0.98828125,0.5910312696419208,0.46893352125910265,0.8830034280659074,0.5274540637987342,0.5163421302620629,0.8553577352648457,246de06714dda878,0.48807983095164215,0.48807983095164215,0.01707317073170732,0.6902491164525799,0.0455806200237753,,
bank,common_temperature_study,1202,0,0,512,8,2,0.023,0.0001,age,7.0,,B,analytic,hybrid,False,budget,cuda,0.35500233981490636,age-local,common-temperature-soft,0.3914928155755834,0.24797149729072213,0.42737314514679875,0.7600153001631097,0.644896043555789,0.8367614712346566,1.1050633950293045,1.0312078115208818,1.2158467702919384,0.05299146554425158,0.10458365586641616,0.2895632079272049,0.616025139005999,0.1548169485763314,0.45406024514818083,0.1573829770192683,0.3519259863733384,0.986328125,0.5260280085652091,0.46893352125910265,0.8830034280659074,0.5460020738317237,0.509070440564256,0.7982970253234546,0f6743826081ce8c,0.35500233981490636,0.35500233981490636,0.01707317073170732,0.5020491236404228,0.0178074978574588,,
bank,common_temperature_study,1202,0,0,512,8,2,0.032,0.0001,age,7.0,,B,analytic,hybrid,False,budget,cuda,0.26061517189404104,age-local,common-temperature-soft,0.4089466645471636,0.34446706015702766,0.42506656564469764,0.7418908703555236,0.6917665079343138,0.7753071119696634,1.04948207522393,1.011016448611265,1.1071805151429281,0.06502696853788519,0.16708365586641616,0.25377916774863346,0.5572246078631259,0.13858609122039559,0.413904649573565,0.1412244971332024,0.3469489179371162,0.99609375,0.5571293292125002,0.4759804462160661,0.8721663164878912,0.5263713389827098,0.5131059774879109,0.8358951675328984,f59bd759a96da4ef,0.26061517189404104,0.26061517189404104,0.01707317073170732,0.36856551065274834,0.0129246853574588,,
bank,common_temperature_study,1202,0,0,512,8,2,0.05,0.0001,age,7.0,,B,analytic,hybrid,False,budget,cuda,0.16909191998223996,age-local,common-temperature-soft,0.41764607292933775,0.3041121240185779,0.4460295601570276,0.7730375013822846,0.6971853876962845,0.8236055771729514,1.0946160445233881,1.0516902461388182,1.1590047421002432,0.04283000729319711,0.10589056279719133,0.25670885524863346,0.578915764005999,0.14163527552318061,0.4252199128469532,0.1434361383167175,0.3212150763114926,0.982421875,0.5478186296849125,0.47521245854519445,0.8796859449297799,0.4990290158887233,0.4995265035051039,0.8268273802941501,2e89a6e7e0f705dd,0.16909191998223996,0.16909191998223996,0.01707317073170732,0.23913208652658993,0.018125315333683504,,
bank,common_temperature_study,1202,0,0,512,8,2,0.08,0.0001,age,7.0,,B,analytic,hybrid,False,budget,cuda,0.10630414734522789,age-local,common-temperature-soft,0.46638447901691926,0.3380735617328321,0.49846220833794097,0.7949102983661396,0.6911525791703528,0.8640821111633307,1.111899181341922,1.053928323357846,1.198855468318036,0.0716109836337499,0.15862493779719133,0.25615081953434776,0.5682597641131258,0.14333617618505987,0.4286622875601293,0.14593049481960077,0.2839531197608408,0.986328125,0.590266011531546,0.4850304964857858,0.8802388587858012,0.5419154889898712,0.5243320188977604,0.7799402853035498,62c913f857354110,0.10630414734522789,0.10630414734522789,0.01707317073170732,0.15033676691212913,0.0364506299762247,,
bank,common_temperature_study,1202,0,0,512,8,2,0.12,0.0001,age,7.0,,B,analytic,hybrid,False,budget,cuda,0.07101845205266616,age-local,common-temperature-soft,0.513411184756165,0.32896862559438245,0.5595218245466107,0.8452970788869845,0.7287518012896715,0.9229939306185262,1.1440864567206679,1.0846148263850492,1.233293902224096,0.06751847489244514,0.12997428086641616,0.25573229274863346,0.5795878891131259,0.14249445549292644,0.43256418552333287,0.14500020722063395,0.25498123622685326,0.99609375,0.5212114396913873,0.46893352125910265,0.8830034280659074,0.49172728165878127,0.4734706155952545,0.8771425411920822,a162ecf313818d28,0.07101845205266616,0.07101845205266616,0.01707317073170732,0.10043525807162386,0.0442631299762247,,
bank,common_temperature_study,1202,0,0,512,8,2,0.18,0.0001,age,7.0,,B,analytic,hybrid,False,budget,cuda,0.047389950141086525,age-local,common-temperature-soft,0.6281454750912309,0.41881237559438245,0.6804787499654429,0.9874294170905673,0.8588140948109033,1.0731729652770097,1.2808090080034282,1.2326131630358654,1.3531027754547715,0.09411817727339751,0.19442740586641616,0.27365919007006206,0.596200920255999,0.15643938092971896,0.45772574004063876,0.15953735483732787,0.249486909650233,0.984375,0.5300423880787819,0.46893352125910265,0.8830034280659074,0.5390703623168678,0.51444003142566,0.8198606657082826,818f9536d640e075,0.047389950141086525,0.047389950141086525,0.01707317073170732,0.06701951020970934,0.0344975049762247,,
bank,common_temperature_study,1202,0,0,512,8,2,0.3,0.0001,age,7.0,,B,analytic,hybrid,False,budget,cuda,0.028447606927641905,age-local,common-temperature-soft,0.6249726134855689,0.6688123755943824,0.6140126729583656,1.043332593235099,1.032736819915957,1.0503964421145267,1.3792150610278668,1.35812007273121,1.4108575434728519,0.14266728441625465,0.28427115586641616,0.27770494899863346,0.621689201505999,0.16529652036053555,0.47394093238554674,0.16949153142338771,0.26589148617918495,0.978515625,0.49225059273472355,0.46893352125910265,0.8830034280659074,0.5025850691218057,0.46890233159100253,0.8828928452947031,dab30cbce0f0e365,0.028447606927641905,0.028447606927641905,0.01707317073170732,0.04023099153413,0.05505974493392679,,
bank,common_temperature_study,1202,0,0,512,8,2,0.4,0.0001,age,7.0,,B,analytic,hybrid,False,budget,cuda,0.02133822395762797,age-local,common-temperature-soft,0.6064720294703085,0.45787487559438245,0.6436213179392901,1.010000613388809,0.8875693950085701,1.0916214256423016,1.3459819577297356,1.2836431522770837,1.439490165908714,0.09299583208269488,0.17797692275793442,0.2862149936414906,0.612498045363126,0.15897399552337244,0.4485345407013712,0.16239190214041024,0.2572019968713581,0.97265625,0.5018557953061802,0.46893352125910265,0.8830034280659074,0.4904486555012766,0.47274398936750356,0.8803494415570055,994397c853562a3b,0.02133822395762797,0.02133822395762797,0.01707317073170732,0.030176805717831975,0.0396096903336835,,
bank,common_temperature_study,1203,0,0,512,8,2,0.0,0.0001,global,7.0,,B,global,hybrid,False,budget,cuda,1.0,hard,common-temperature-hard,0.6134446187658963,0.6725920601570275,0.5986577584181134,0.9673880176655978,0.9656618897213315,0.9685387696284419,1.2293641749834125,1.2177042152770097,1.2468541145430168,0.15226655187121857,0.32138053086641616,0.2871949270030291,0.571200920255999,0.16556633327160067,0.47687165659902625,0.17047419075209042,0.47197595953181426,0.998046875,0.5156922301148301,0.4985013861732714,0.8674112573261086,0.5304709444575308,0.5118052300833662,0.83125069114232,83fa27fd44dcc032,1.0,1.0,1.0,1.4142135623730951,0.0836665575237753,,
bank,common_temperature_study,1203,0,0,512,8,2,0.00025,0.0001,age,7.0,,B,analytic,hybrid,False,budget,cuda,1.0,age-local,common-temperature-soft,0.6421650378745991,0.7038420601570275,0.626745782303992,0.9882111422509121,0.960652835756939,1.0065833465802279,1.269218119332633,1.2313158313059827,1.326071551372609,0.1498483971093138,0.30966178086641616,0.30944323024863346,0.6344821702559991,0.17417351837893175,0.4877604094672673,0.17931751270497517,0.47802479140408727,0.998046875,0.5340070524482933,0.46984118548289994,0.8828928452947031,0.5765523257809716,0.5168583507889386,0.8669689262412916,fef52af4fd313bbf,1.0,1.0,0.01707317073170732,1.4142135623730951,0.0856196825237753,,
bank,common_temperature_study,1203,0,0,512,8,2,0.0005,0.0001,age,7.0,,B,analytic,hybrid,False,budget,cuda,0.999999999999997,age-local,common-temperature-soft,0.6827900378745992,0.6022795601570277,0.702917657303992,1.0279049143674668,0.9716556055097865,1.0654044536059197,1.297865450140993,1.255657719829334,1.3611770456084815,0.12585286139502808,0.26083365586641616,0.3023498345207816,0.6224633456990213,0.16953100933437068,0.48124482723169837,0.1739292605093994,0.4831576068222926,0.994140625,0.5898872294815538,0.49152538229290177,0.877916620590512,0.5634359319754786,0.5210727891971059,0.8318036049983413,120cd4ca484d9ef4,0.999999999999997,0.999999999999997,0.01707317073170732,1.414213562373091,0.0924556200237753,,
bank,common_temperature_study,1203,0,0,512,8,2,0.001,0.0001,age,7.0,,B,analytic,hybrid,False,budget,cuda,0.9999999230433523,age-local,common-temperature-soft,0.6329354369401747,0.6530608101570277,0.6279040936359616,1.0028326036022337,0.9746728737006524,1.0216057568699548,1.2891854369401747,1.25785908011261,1.3361749721815217,0.15505673044264712,0.31942740586641616,0.31579088649863346,0.622665764005999,0.1775065771947671,0.5242639982237641,0.18284490353497704,0.47473504003109196,0.998046875,0.5885530880798473,0.5020434452943737,0.8660842640716576,0.5633297546320901,0.4982865939243554,0.871171071547053,74b75cd91ea927b1,0.9999999230433523,0.9999999230433523,0.01707317073170732,1.4142134535399602,0.0602290575237753,,
bank,common_temperature_study,1203,0,0,512,8,2,0.0015,0.0001,age,7.0,,B,analytic,hybrid,False,budget,cuda,0.999977205198173,age-local,common-temperature-soft,0.6644245721829038,0.6921233101570275,0.6574998876893731,1.0397578755667367,1.0300865051006305,1.0462054558774743,1.3112400043541967,1.3013403553393046,1.3260894778765344,0.1537546471093138,0.33505240586641616,0.31041979274863346,0.6184665452559991,0.17645813457114568,0.4909700420041743,0.18159809248679906,0.4840626566315948,0.9921875,0.5446021782335262,0.5175945514149664,0.878801282760146,0.5337964141176805,0.5296118358772288,0.8467322791109145,85a475ce7e077667,0.999977205198173,0.999977205198173,0.01707317073170732,1.4141813256551998,0.0944087450237753,,
bank,common_temperature_study,1203,0,0,512,8,2,0.002,0.0001,age,7.0,,B,analytic,hybrid,False,budget,cuda,0.9996077590838693,age-local,common-temperature-soft,0.5983021224980648,0.5607298117328321,0.6076952001893731,0.943644428010616,0.8784675906087581,0.9870956529451878,1.214867032856906,1.1749450397867596,1.2747500224621255,0.13168680194625687,0.27574915507851394,0.2891446811414906,0.584189201505999,0.16379168284621431,0.46744582524120865,0.16824330208227184,0.4634271751764782,0.990234375,0.5625246060370757,0.5095500852133001,0.8741568063695676,0.540642307824335,0.5145491828406761,0.8039367466548711,2642783d45785574,0.9996077590838693,0.9996077590838693,0.01707317073170732,1.4136588499497855,0.0729243700237753,,
bank,common_temperature_study,1203,0,0,512,8,2,0.0025,0.0001,age,7.0,,B,analytic,hybrid,False,budget,cuda,0.9978390388444542,age-local,common-temperature-soft,0.6085712878745991,0.6296233101570275,0.603308282303992,0.9788170494443215,0.9427682323344023,1.0028495941842677,1.2627008200403629,1.2296719205002027,1.3122441693506026,0.13347934949026619,0.30966178086641616,0.29758497132006206,0.610458732755999,0.16629396405664992,0.46049698316377297,0.17098319686274335,0.46663441304574266,0.98828125,0.5115124885625576,0.48643651391592996,0.8587858011721774,0.5678616451214649,0.498797734472335,0.8255003870396992,344240f4934868bd,0.9978390388444542,0.9978390388444542,0.01707317073170732,1.4111575017991609,0.0641353075237753,,
bank,common_temperature_study,1203,0,0,512,8,2,0.003,0.0001,age,7.0,,B,analytic,hybrid,False,budget,cuda,0.9932706725063394,age-local,common-temperature-soft,0.6465533596428177,0.6061858101570277,0.6566452470142652,1.0039083234269603,0.9358532454315494,1.0492783754239006,1.2812880128276016,1.2467260732288326,1.3331309222257546,0.1267829209188376,0.27841178086641616,0.3140685845207816,0.6353539706990213,0.1766125359711367,0.508170878891131,0.18101182552104533,0.48476356608003,0.99609375,0.5458599713782814,0.4758958942693099,0.8816764348114564,0.5664526350801893,0.5037093765314358,0.8400973128386597,fd731ea3524155f5,0.9932706725063394,0.9932706725063394,0.01707317073170732,1.4046968561659101,0.1012446825237753,,
bank,common_temperature_study,1203,0,0,512,8,2,0.004,0.0001,age,7.0,,B,analytic,hybrid,False,budget,cuda,0.9723755493150279,age-local,common-temperature-soft,0.5890421113015593,0.5529173117328321,0.5980733111937411,0.9487832439455934,0.8995320966493421,0.9816173421430939,1.2423136766698,1.2126278469304064,1.2868424212788898,0.11234156385101873,0.26793665507851394,0.3112602171816006,0.5984193899113954,0.16951788585817493,0.4992610932662003,0.17386338431171597,0.463048210999276,1.0,0.4982508555147707,0.4876022755603907,0.878358951675329,0.5244589039231167,0.5120702926354965,0.8485016034501824,989b91816dded373,0.9723755493150279,0.9723755493150279,0.01707317073170732,1.375146689561301,0.0699946825237753,,
bank,common_temperature_study,1203,0,0,512,8,2,0.006,0.0001,age,7.0,,B,analytic,hybrid,False,budget,cuda,0.8901741643274665,age-local,common-temperature-soft,0.5926471096428176,0.6491545601570275,0.5785202470142652,0.9582455870562867,0.9511502768024992,0.962975793892145,1.2432288354943049,1.22095539194681,1.276639000815548,0.13961774234740904,0.30575553086641616,0.2959108641772049,0.607431389005999,0.16613453189283287,0.461704765167118,0.17096480618405502,0.4666423226951678,0.990234375,0.45867274769682764,0.4832350352650686,0.8759261307088355,0.5445972067191202,0.5402280925382191,0.8191971690810572,5a96f275715cb9d4,0.8901741643274665,0.8901741643274665,0.01707317073170732,1.2588963760660394,0.0533931200237753,,
bank,common_temperature_study,1203,0,0,512,8,2,0.008,0.0001,age,7.0,,B,analytic,hybrid,False,budget,cuda,0.7883559845346195,age-local,common-temperature-soft,0.5715562969976778,0.5554045601570277,0.5755942312078404,0.9200939262412916,0.8668677386860003,0.9555780512781524,1.2027849147821519,1.1574312054213203,1.2708154788233994,0.12455077806169475,0.27059928086641616,0.29807325257006206,0.603427482755999,0.1648623569206102,0.460510827608371,0.16938882775600647,0.44778399901885396,0.99609375,0.6072430230121932,0.48704174460111055,0.8555789008072542,0.5556191725269379,0.5191248113140279,0.8053743226805263,f694bc967207a086,0.7883559845346195,0.7883559845346195,0.01707317073170732,1.114903725306853,0.0836665575237753,,
bank,common_temperature_study,1203,0,0,512,8,2,0.012,0.0001,age,7.0,,B,analytic,hybrid,False,budget,cuda,0.6115427887510412,age-local,common-temperature-soft,0.4975925785137676,0.5436858101570277,0.4860692706029526,0.8457708569473625,0.837265141200376,0.8514413341120202,1.1344711983716689,1.1212029648853625,1.1543735486011282,0.11416338209506967,0.25106803086641616,0.2721245918557763,0.574618889005999,0.15162086053354493,0.42296332237296796,0.1556828659178691,0.424240949784368,0.98828125,0.5310862877346821,0.46893352125910265,0.8830034280659074,0.553743076870266,0.5168700101347967,0.8313612739135243,a4f74b39958a883c,0.6115427887510412,0.6115427887510412,0.01707317073170732,0.8648521058231872,0.0465571825237753,,
bank,common_temperature_study,1203,0,0,512,8,2,0.016,0.0001,age,7.0,,B,analytic,hybrid,False,budget,cuda,0.48807983095164215,age-local,common-temperature-soft,0.4479424693132811,0.40696706015702766,0.4581863216023444,0.783800660732058,0.7210436205836006,0.8256386874976962,1.091818559590291,1.042257449362306,1.166160224932268,0.08195405187121851,0.19638053086641616,0.2758913329272049,0.5763652328631259,0.14935725336351224,0.4283286170069389,0.15269710736107145,0.3997287666941489,0.99609375,0.5278461624051713,0.46893352125910265,0.8830034280659074,0.5393063316970738,0.5143403348577404,0.8329094327103838,2e8aea049fd1dbcb,0.48807983095164215,0.48807983095164215,0.01707317073170732,0.6902491164525799,0.0285496853574588,,
bank,common_temperature_study,1203,0,0,512,8,2,0.023,0.0001,age,7.0,,B,analytic,hybrid,False,budget,cuda,0.35500233981490636,age-local,common-temperature-soft,0.4116962878745992,0.32493581015702755,0.43338640730399214,0.7370171506966715,0.673917649528641,0.7790834848086918,1.044162007215526,1.0046261179227025,1.1034658411547607,0.06077796542840298,0.12411490586641616,0.2505007079272049,0.5571384202559989,0.1376538527763892,0.4090351631614232,0.1400797841891288,0.3817168722309521,0.9921875,0.5793779215045223,0.46890233159100253,0.8828928452947031,0.5065058776320914,0.5183228455563607,0.814663275461683,9cf6f03369ffa5ab,0.35500233981490636,0.35500233981490636,0.01707317073170732,0.5020491236404228,0.0485103075237753,,
bank,common_temperature_study,1203,0,0,512,8,2,0.032,0.0001,age,7.0,,B,analytic,hybrid,False,budget,cuda,0.26061517189404104,age-local,common-temperature-soft,0.3860173269379631,0.393955874018578,0.3840326901678094,0.7208874440174722,0.6735233744332633,0.7524634904069446,1.040288629672122,0.9987156271886174,1.1026481333973792,0.0653667184694292,0.16253118779719133,0.24771052935577634,0.5563457016131259,0.13747772608746303,0.41123470199671,0.13994583806789326,0.331279819160755,0.99609375,0.5026710052993977,0.46893352125910265,0.8830034280659074,0.5022798536480854,0.48130150016807,0.8282649563198053,c6fb76202722a1eb,0.26061517189404104,0.26061517189404104,0.01707317073170732,0.36856551065274834,0.0094478075237753,,
bank,common_temperature_study,1203,0,0,512,8,2,0.05,0.0001,age,7.0,,B,analytic,hybrid,False,budget,cuda,0.16909191998223996,age-local,common-temperature-soft,0.36384185281433157,0.17259206015702758,0.4116543009786575,0.7135106660538538,0.6076759777935973,0.7840671248940249,1.0435006272116554,0.9864001189916692,1.1291513895416343,0.036008905697909,0.08221051503925714,0.26047559632006206,0.562888670363126,0.13915321140101788,0.40625965439428274,0.14108570175889534,0.31493024918976364,0.990234375,0.4847554429205043,0.46893352125910265,0.8830034280659074,0.5312592254143818,0.4981615657637688,0.8135574477496406,a612933b2b80efd5,0.16909191998223996,0.16909191998223996,0.01707317073170732,0.23913208652658993,0.012090994933926787,,
bank,common_temperature_study,1203,0,0,512,8,2,0.08,0.0001,age,7.0,,B,analytic,hybrid,False,budget,cuda,0.10630414734522789,age-local,common-temperature-soft,0.45636559355302453,0.26243581015702755,0.5048480394020237,0.7940314677098308,0.6638388506648789,0.8808265457397987,1.1084016988278225,1.0468794636274834,1.2006850516283312,0.04623956045981376,0.10174176503925714,0.26305651149863346,0.5850681077559989,0.1433013413779478,0.4336902723446308,0.14536546596836913,0.285473695679614,0.986328125,0.5305576500361618,0.471404133037114,0.8734933097423422,0.49347287506229187,0.48875390043044253,0.8454052858564636,61ced4caceecac92,0.10630414734522789,0.10630414734522789,0.01707317073170732,0.15033676691212913,0.0296146924762247,,
bank,common_temperature_study,1203,0,0,512,8,2,0.12,0.0001,age,7.0,,B,analytic,hybrid,False,budget,cuda,0.07101845205266616,age-local,common-temperature-soft,0.5190511652659515,0.27415456015702755,0.5802753165431825,0.8740736533091894,0.7185622036727304,0.9777479530668288,1.1913378269103174,1.129220935737587,1.2845131636694127,0.05498211998362328,0.13494489003925714,0.2701714668557763,0.5841777328631259,0.14932550842098144,0.4347397071629988,0.15152719708501555,0.2606014515227371,0.990234375,0.5407359971970128,0.46893352125910265,0.8830034280659074,0.49328360240668656,0.47262219267397987,0.8673006745549043,820c58b545354333,0.07101845205266616,0.07101845205266616,0.01707317073170732,0.10043525807162386,0.0620706278336835,,
bank,common_temperature_study,1203,0,0,512,8,2,0.18,0.0001,age,7.0,,B,analytic,hybrid,False,budget,cuda,0.047389950141086525,age-local,common-temperature-soft,0.5331267969700322,0.34446706015702766,0.5802917311732833,0.925047386445317,0.7971964891697999,1.0102813179623282,1.2582977683014487,1.1968085351468907,1.3505316180332854,0.06074869472836137,0.15731803086641616,0.2691251498914906,0.5924785141131259,0.15180685994955315,0.4465893422398539,0.15396179032432433,0.25927204166337275,0.982421875,0.5720607992537994,0.46893352125910265,0.8830034280659074,0.5058039471456998,0.47080946097588605,0.8830034280659074,432e7ad67a078c04,0.047389950141086525,0.047389950141086525,0.01707317073170732,0.06701951020970934,0.0442631299762247,,
bank,common_temperature_study,1203,0,0,512,8,2,0.3,0.0001,age,7.0,,B,analytic,hybrid,False,budget,cuda,0.028447606927641905,age-local,common-temperature-soft,0.5391031046113015,0.5788420601570275,0.52916836572487,0.9571790248673006,0.8980311299140219,0.9966109548361533,1.3033223643287626,1.2622290434129528,1.364962345702477,0.1282540872840346,0.25888053086641616,0.28349456953434776,0.590916014113126,0.16700162605923433,0.4597649446567785,0.17084480361500198,0.2822958247182414,0.994140625,0.4326203550371502,0.46893352125910265,0.8830034280659074,0.4713632484348607,0.47190802724195924,0.8805706070994139,59b0dc86b8c4e004,0.028447606927641905,0.028447606927641905,0.01707317073170732,0.04023099153413,0.025994942566073213,,
bank,common_temperature_study,1203,0,0,512,8,2,0.4,0.0001,age,7.0,,B,analytic,hybrid,False,budget,cuda,0.02133822395762797,age-local,common-temperature-soft,0.5599572010118323,0.5724485617328321,0.5568343608315824,1.0129982272199491,0.9291995967184563,1.0688639808876113,1.3671792494885548,1.3130959662630397,1.4483041743268275,0.12167142978915561,0.26012415507851394,0.31083831953434776,0.618357420363126,0.17693458052315802,0.5211643545076301,0.18099859704890256,0.29579696434972774,0.994140625,0.5,0.46893352125910265,0.8830034280659074,0.5,0.46893352125910265,0.8830034280659074,11ab1f53837eec45,0.02133822395762797,0.02133822395762797,0.01707317073170732,0.030176805717831975,0.04259650506607321,,
bank,common_temperature_study,1204,0,0,512,8,2,0.0,0.0001,global,7.0,,B,global,hybrid,False,budget,cuda,1.0,hard,common-temperature-hard,0.6070798891407719,0.5763548117328321,0.6147611584927569,0.9603731390993033,0.8993099591880459,1.001081925706808,1.2631503217267501,1.2288976971137897,1.3145292586461905,0.13801120670816164,0.26598353007851394,0.3096740532707816,0.6279320956990213,0.17213697732009423,0.4952400380473846,0.1770575376713794,0.4536216313070031,0.99609375,0.5320511166376465,0.4888340171618909,0.863983191418777,0.5133127686245359,0.4934210929918655,0.8616609532234878,3603c703906c0aa9,1.0,1.0,1.0,1.4142135623730951,0.0773778103574588,,
bank,common_temperature_study,1204,0,0,512,8,2,0.00025,0.0001,age,7.0,,B,analytic,hybrid,False,budget,cuda,1.0,age-local,common-temperature-soft,0.6650729500718787,0.6622923117328321,0.6657681096566405,1.0213378960245494,0.9817186376893728,1.0477507349146669,1.3125910148042688,1.286141343788013,1.3522655213286523,0.14266150432720925,0.32067103007851394,0.3228576470207816,0.6561547519490212,0.1770202430883887,0.5143956737946478,0.18229797275263085,0.49047218924483266,0.994140625,0.5611291492910265,0.4742107028856579,0.8793541966161672,0.5301383856545768,0.5012358105848814,0.8584540528585647,ff261b6044ff7d85,1.0,1.0,0.01707317073170732,1.4142135623730951,0.1051509325237753,,
bank,common_temperature_study,1204,0,0,512,8,2,0.0005,0.0001,age,7.0,,B,analytic,hybrid,False,budget,cuda,0.999999999999997,age-local,common-temperature-soft,0.5620456603173726,0.6061858101570277,0.5510106228574588,0.9329639465608761,0.905938338010063,0.9509810189280844,1.2515825431272807,1.2243987925743671,1.2923581689566517,0.14464006377598046,0.29598990586641616,0.3057678032707816,0.6334008456990213,0.17048740470111245,0.47103105043265486,0.17558168570664298,0.4521170049727888,0.998046875,0.5506811566583374,0.4745446011608374,0.8803494415570055,0.552581518040087,0.5217576986939799,0.8445206236868296,ba92741d6e4d88f1,0.999999999999997,0.999999999999997,0.01707317073170732,1.414213562373091,0.0475337450237753,,
bank,common_temperature_study,1204,0,0,512,8,2,0.001,0.0001,age,7.0,,B,analytic,hybrid,False,budget,cuda,0.9999999230433523,age-local,common-temperature-soft,0.6002613381897601,0.6896360617328321,0.577917657303992,0.9748055730260976,0.976236475208725,0.9738516382376793,1.2800565699988944,1.2672051241291606,1.2993337388034945,0.1601466233748283,0.29332728007851394,0.3063042793557763,0.6140720140059991,0.1735585221938493,0.5009709469686497,0.1789513500201201,0.45402674514001173,0.998046875,0.5736779618684845,0.4756677750087188,0.8810129381842309,0.5562064622585117,0.5260251766864976,0.862656198164326,d2b27fd013fce28b,0.9999999230433523,0.9999999230433523,0.01707317073170732,1.4142134535399602,0.0670649950237753,,
bank,common_temperature_study,1204,0,0,512,8,2,0.0015,0.0001,age,7.0,,B,analytic,hybrid,False,budget,cuda,0.999977205198173,age-local,common-temperature-soft,0.5704441626119651,0.6505735617328321,0.5504118128317483,0.9464653685861993,0.9276825393259981,0.9589872547596667,1.270518978768108,1.2387102621963582,1.3182320536257328,0.1530781709938759,0.31871790507851394,0.31741679880649587,0.6385766269490213,0.17831110784777526,0.49551261809894365,0.1835937886529751,0.43906693357386234,0.998046875,0.5074678064849854,0.46893352125910265,0.8830034280659074,0.5545508887765696,0.5041394586038426,0.8360057503041026,b7b53e7ad12ec829,0.999977205198173,0.999977205198173,0.01707317073170732,1.4141813256551998,0.0719478075237753,,
bank,common_temperature_study,1204,0,0,512,8,2,0.002,0.0001,age,7.0,,B,analytic,hybrid,False,budget,cuda,0.9996077590838693,age-local,common-temperature-soft,0.6463550881897601,0.6271360617328321,0.651159844803992,1.0179658990379299,0.9616052082757381,1.055539692879391,1.3064541461627779,1.2693371541984593,1.3621296341092557,0.1480558495653045,0.30699915507851394,0.32229961130649587,0.6484399081990213,0.1802132500821848,0.5141501130881619,0.18539867033874088,0.4752874250598246,0.9921875,0.510815884698744,0.4778491216114679,0.8625456153931218,0.5540042589306746,0.5234310497010048,0.8178701758266063,27ec743981e4573d,0.9996077590838693,0.9996077590838693,0.01707317073170732,1.4136588499497855,0.0895259325237753,,
bank,common_temperature_study,1204,0,0,512,8,2,0.0025,0.0001,age,7.0,,B,analytic,hybrid,False,budget,cuda,0.9978390388444542,age-local,common-temperature-soft,0.6009595647185668,0.5997923117328321,0.6012513779650006,0.9488787079785468,0.9220786710024327,0.9667453992959564,1.2506665635712706,1.228482939727782,1.2839419993365033,0.14154543289863783,0.29137415507851394,0.30416345059221017,0.6431664706990212,0.17304899426803233,0.48202966253248364,0.1777736881272469,0.4572404269532555,0.994140625,0.5794103547175529,0.4886457585873397,0.8717239854030742,0.5148133965741531,0.5164865112631325,0.8152161893177043,edea18278e05628c,0.9978390388444542,0.9978390388444542,0.01707317073170732,1.4111575017991609,0.061752810357458804,,
bank,common_temperature_study,1204,0,0,512,8,2,0.003,0.0001,age,7.0,,B,analytic,hybrid,False,budget,cuda,0.9932706725063394,age-local,common-temperature-soft,0.6045109131372333,0.6622923117328321,0.5900655634883335,0.9834089990185781,0.9634187009288953,0.9967358644116996,1.293154710480482,1.2703105129658299,1.3274210067524606,0.15363620670816164,0.32457728007851394,0.3023498345207816,0.6289086581990213,0.17321571839471991,0.4885411195123299,0.17824646487213278,0.45987451977854077,0.9921875,0.47391351695582334,0.46893352125910265,0.8830034280659074,0.56604869953469,0.5131910304167117,0.8278226252349884,4ba5df1e3fcd573f,0.9932706725063394,0.9932706725063394,0.01707317073170732,1.4046968561659101,0.0729243700237753,,
bank,common_temperature_study,1204,0,0,512,8,2,0.004,0.0001,age,7.0,,B,analytic,hybrid,False,budget,cuda,0.9723755493150279,age-local,common-temperature-soft,0.648675771314829,0.6466673117328321,0.6491778862103285,1.0084669685806702,0.9644199933650337,1.0378316187244276,1.307866149922592,1.2736419629363414,1.3592024304019685,0.1556823376605426,0.30895228007851394,0.3273253035966058,0.6570336581990213,0.18104157842260257,0.5311208319798459,0.18663561335018317,0.4821363815175017,0.994140625,0.4790432912372323,0.47762327784853303,0.8790224483025545,0.5473118903236573,0.5020215982123709,0.8019462567731948,293b307ab863b5eb,0.9723755493150279,0.9723755493150279,0.01707317073170732,1.375146689561301,0.0924556200237753,,
bank,common_temperature_study,1204,0,0,512,8,2,0.006,0.0001,age,7.0,,B,analytic,hybrid,False,budget,cuda,0.8901741643274665,age-local,common-temperature-soft,0.624764838825611,0.6413420601570275,0.6206205334927569,0.9944094361660951,0.9517978987545614,1.0228171277737845,1.293018685032622,1.2552951580872866,1.3496039754506248,0.14001903685697442,0.31942740586641616,0.3154421141772049,0.6355563890059991,0.17700909797769873,0.5010094565547936,0.1818746131583125,0.46712986627248065,0.99609375,0.5131533250553673,0.46862145963097895,0.8818976003538649,0.5455421495644599,0.5027174407126241,0.7809355302443879,f6b507779d9f11e3,0.8901741643274665,0.8901741643274665,0.01707317073170732,1.2588963760660394,0.0660884325237753,,
bank,common_temperature_study,1204,0,0,512,8,2,0.008,0.0001,age,7.0,,B,analytic,hybrid,False,budget,cuda,0.7883559845346195,age-local,common-temperature-soft,0.576327338825611,0.6022795601570277,0.5698392834927568,0.9439697400613735,0.9192544906972244,0.9604465729708062,1.2484036340263187,1.2167665655295072,1.2958592367715358,0.13701357568074238,0.27450553086641616,0.3165581856057763,0.620614982755999,0.17576307151710344,0.5022967631213368,0.18067441183408814,0.4375549775030006,0.998046875,0.5766306863175638,0.4890007215638395,0.8724980648015039,0.5772160229541923,0.5044992640932671,0.7996240185779055,1424c7a3119361c9,0.7883559845346195,0.7883559845346195,0.01707317073170732,1.114903725306853,0.053940310357458804,,
bank,common_temperature_study,1204,0,0,512,8,2,0.012,0.0001,age,7.0,,B,analytic,hybrid,False,budget,cuda,0.6115427887510412,age-local,common-temperature-soft,0.4936861557281875,0.47337331015702766,0.49876436712097755,0.8503192213590622,0.8149110067870176,0.8739246977404252,1.1699328468843304,1.1363536684682443,1.2203016145084595,0.09835237019030775,0.22567740586641616,0.28537794007006206,0.605087639005999,0.15862612937121656,0.44134460874433257,0.16221059052783912,0.41076283789376355,0.990234375,0.577106649637257,0.46893352125910265,0.8830034280659074,0.5531657301675045,0.5310592619125828,0.8518190865863099,e61afba543c32f66,0.6115427887510412,0.6115427887510412,0.01707317073170732,0.8648521058231872,0.0553462450237753,,
bank,common_temperature_study,1204,0,0,512,8,2,0.016,0.0001,age,7.0,,B,analytic,hybrid,False,budget,cuda,0.48807983095164215,age-local,common-temperature-soft,0.4797049513435807,0.5177610617328321,0.4701909237462678,0.8072728042408492,0.7877621805194626,0.8202798867217737,1.1193783347616941,1.0930077419458881,1.1589342239854032,0.1095806559796318,0.25621790507851394,0.27665863203434776,0.585654045255999,0.15445558722390038,0.43099359699836876,0.15834775629542766,0.3921437441278534,0.9921875,0.49733810914368026,0.4893416464919088,0.8619927015371005,0.5353324936997892,0.5088540977788524,0.8394338162114343,10cb57b27d32a176,0.48807983095164215,0.48807983095164215,0.01707317073170732,0.6902491164525799,0.0074946825237753,,
bank,common_temperature_study,1204,0,0,512,8,2,0.023,0.0001,age,7.0,,B,analytic,hybrid,False,budget,cuda,0.35500233981490636,age-local,common-temperature-soft,0.4258517465166428,0.42259206015702766,0.4266666681065466,0.7769119156391684,0.7448749637150283,0.7982698835885952,1.11302785994692,1.0758266638099452,1.168829654152383,0.08663362019030775,0.20614615586641616,0.27672838649863346,0.5972636703631259,0.1522704784822947,0.4477497809942772,0.15557730328657376,0.3657492276736617,0.990234375,0.5754262777679794,0.46893352125910265,0.8830034280659074,0.5765590136515419,0.5137292196400945,0.8438571270596041,032fcb7516bd0d56,0.35500233981490636,0.35500233981490636,0.01707317073170732,0.5020491236404228,0.0319087450237753,,
bank,common_temperature_study,1204,0,0,512,8,2,0.032,0.0001,age,7.0,,B,analytic,hybrid,False,budget,cuda,0.26061517189404104,age-local,common-temperature-soft,0.3879452684396772,0.3107298117328321,0.40724913261638845,0.7361559441695235,0.6576019391725644,0.7885252808341628,1.0647993441059382,1.0143216207748165,1.1405159291026208,0.06509454004149492,0.15465540507851394,0.2648003731057763,0.5884860765059989,0.14597755860299166,0.43356590992342137,0.14853406632086688,0.33467262026884653,0.9921875,0.49078352250734775,0.46893352125910265,0.8830034280659074,0.4624041059974219,0.483570526869275,0.8116775406391684,84fbad09a6b44464,0.26061517189404104,0.26061517189404104,0.01707317073170732,0.36856551065274834,0.017173806742784483,,
bank,common_temperature_study,1204,0,0,512,8,2,0.05,0.0001,age,7.0,,B,analytic,hybrid,False,budget,cuda,0.16909191998223996,age-local,common-temperature-soft,0.3873611667864647,0.24797149729072213,0.42220858416040036,0.7373491581886542,0.6394323475340041,0.8026270319584209,1.0760129554627889,1.0190023101432046,1.161528923442165,0.03679150095706762,0.09481803086641616,0.2617763709054754,0.5967868577559989,0.14176308542810576,0.4355804925944099,0.14357779299399984,0.31651918063558276,0.98828125,0.5471531569708326,0.46890233159100253,0.8828928452947031,0.530681464418753,0.503034844165366,0.8037155811124627,585fc46bf3fccc11,0.16909191998223996,0.16909191998223996,0.01707317073170732,0.23913208652658993,0.0227787549762247,,
bank,common_temperature_study,1204,0,0,512,8,2,0.08,0.0001,age,7.0,,B,analytic,hybrid,False,budget,cuda,0.10630414734522789,age-local,common-temperature-soft,0.476976235071326,0.28458087401857796,0.5250750753345129,0.8279071605800066,0.6943142313115116,0.91696911342567,1.1429049489245826,1.0762591317179033,1.2428736747346014,0.040463873332701496,0.10582728007851394,0.2725431186414906,0.590536857755999,0.14708479827882992,0.4321297809769986,0.14908447417566792,0.2767668732362119,0.98046875,0.5687430236040403,0.46893352125910265,0.8830034280659074,0.49873729452553406,0.5145237195149795,0.8356740019904899,1f3a10f8aaca1f38,0.10630414734522789,0.10630414734522789,0.01707317073170732,0.15033676691212913,0.0432865674762247,,
bank,common_temperature_study,1204,0,0,512,8,2,0.12,0.0001,age,7.0,,B,analytic,hybrid,False,budget,cuda,0.07101845205266616,age-local,common-temperature-soft,0.5745351203969922,0.4474485617328321,0.6063067600630322,0.9103264005999115,0.7928589231657083,0.9886380522227136,1.2041878472990155,1.1543466228482435,1.2789496839751742,0.08965413839565467,0.19378118779719133,0.2559415561414906,0.566990232863126,0.1462241211279104,0.42265973810889623,0.14918192103843292,0.2458097813334661,0.990234375,0.5220100779699176,0.46893352125910265,0.8830034280659074,0.5025557135129313,0.473289882208434,0.8740462235983634,a2ccc1d7a0de4de0,0.07101845205266616,0.07101845205266616,0.01707317073170732,0.10043525807162386,0.0686771924762247,,
bank,common_temperature_study,1204,0,0,512,8,2,0.18,0.0001,age,7.0,,B,analytic,hybrid,False,budget,cuda,0.047389950141086525,age-local,common-temperature-soft,0.5876545567013159,0.2899061255943824,0.6620916644780493,0.955698511625014,0.8235553613637621,1.043793945132515,1.2579540113900252,1.1997304832927862,1.3452893035358842,0.06676815351126632,0.1338146563640385,0.26396331953434776,0.592978264005999,0.14518597584899545,0.4345216625601293,0.14782175505480008,0.2317958951600734,0.990234375,0.44096930326592987,0.46893352125910265,0.8830034280659074,0.5064981244370056,0.47737786876114086,0.8715028198606657,4ce4a5343ffc4bad,0.047389950141086525,0.047389950141086525,0.01707317073170732,0.06701951020970934,0.0642237521425412,,
bank,common_temperature_study,1204,0,0,512,8,2,0.3,0.0001,age,7.0,,B,analytic,hybrid,False,budget,cuda,0.028447606927641905,age-local,common-temperature-soft,0.630285424499613,0.6198064974289507,0.6329051562672785,1.0180637388726086,0.9820827832992369,1.0420510425881897,1.3353467892983524,1.3104881279027978,1.3726347813916844,0.15365899794895294,0.30895228007851394,0.2984890718674468,0.6040834524113954,0.17527496988476635,0.5001120946450293,0.1799783599080991,0.2559181786401653,1.0,0.4772866894803939,0.46893352125910265,0.8830034280659074,0.499763261218755,0.4785309470812666,0.8723874820302997,5d0ed77e69591bb3,0.028447606927641905,0.028447606927641905,0.01707317073170732,0.04023099153413,0.038833127142541196,,
bank,common_temperature_study,1204,0,0,512,8,2,0.4,0.0001,age,7.0,,B,analytic,hybrid,False,budget,cuda,0.02133822395762797,age-local,common-temperature-soft,0.7001545567013159,0.6531873755943823,0.7118963519780493,1.1009815516836228,1.0411794473280438,1.1408496212540087,1.3857140882450516,1.345566624391795,1.4459352840249362,0.1102399152462047,0.24130240586641616,0.28649401149863346,0.619626951613126,0.16589758056580198,0.490452268415487,0.16936365449736832,0.22596904778125645,0.9765625,0.43213208130083225,0.46893352125910265,0.8830034280659074,0.49934547645455263,0.46893352125910265,0.8830034280659074,379a4585aaabaf2b,0.02133822395762797,0.02133822395762797,0.01707317073170732,0.030176805717831975,0.0808253146425412,,
bank,common_temperature_study,1205,0,0,512,8,2,0.0,0.0001,global,7.0,,B,global,hybrid,False,budget,cuda,1.0,hard,common-temperature-hard,0.6317125469976779,0.6413420601570277,0.6293051687078404,0.9933957895609865,0.9726293602441115,1.0072400757722364,1.2641005128276013,1.2490508312138304,1.2866750352482583,0.14020504876173634,0.31356803086641616,0.30016588649863346,0.601962639005999,0.1692774104987151,0.4875452482237637,0.17407232059529465,0.47748592281046653,0.98828125,0.5392960335600896,0.47370370707491133,0.8833351763795201,0.5624329289440384,0.5185046911722762,0.8109034612407386,ddde9c5b6511de41,1.0,1.0,1.0,1.4142135623730951,0.0705418728574588,,
bank,common_temperature_study,1205,0,0,512,8,2,0.00025,0.0001,age,7.0,,B,analytic,hybrid,False,budget,cuda,1.0,age-local,common-temperature-soft,0.5963371184894393,0.6608733101570275,0.5802030705725423,0.9567790262495854,0.9596762732569392,0.9548475282446828,1.2434706057171294,1.2274851749972353,1.26744875179697,0.14039106066649826,0.32723990586641616,0.297118249699353,0.6237328769490212,0.1662401999721568,0.465274914816709,0.17114091185118768,0.4575478591996779,0.986328125,0.5754635641260255,0.5005296273125391,0.8633196947915515,0.5657261429452435,0.5085324998014579,0.810129381842309,d6e0706d63775c58,1.0,1.0,0.01707317073170732,1.4142135623730951,0.0553462450237753,,
bank,common_temperature_study,1205,0,0,512,8,2,0.0005,0.0001,age,7.0,,B,analytic,hybrid,False,budget,cuda,0.999999999999997,age-local,common-temperature-soft,0.6543687969976779,0.6686858101570277,0.6507895437078404,0.9779228840677872,0.9413965308111246,1.0022737862388957,1.2493108879105386,1.214004156069151,1.3022709856726198,0.14966238520455188,0.31747428086641616,0.3018399936414906,0.6105563890059991,0.1689249242423387,0.4775740191826549,0.17413231611578098,0.47105625394179934,0.99609375,0.545217817434154,0.5232646004070914,0.8775848722768993,0.56226969755437,0.514522626430646,0.8260533008957205,eb28efd6c50159fa,0.999999999999997,0.999999999999997,0.01707317073170732,1.414213562373091,0.1002681200237753,,
bank,common_temperature_study,1205,0,0,512,8,2,0.001,0.0001,age,7.0,,B,analytic,hybrid,False,budget,cuda,0.9999999230433523,age-local,common-temperature-soft,0.6340562969976777,0.7077483101570275,0.6156332937078404,0.9762148554130267,0.9760925232223819,0.9762964102067898,1.2579066681411035,1.2395491361872903,1.2854429660718236,0.1396470130474506,0.28817740586641616,0.29228363203434776,0.607431389005999,0.16546967399145876,0.45781249999999984,0.17019261739079428,0.46865425477994055,0.994140625,0.5535037931471225,0.5280858463458188,0.8604445427402411,0.5679218359565963,0.5339254991543061,0.8306977772862988,4b8f0f4e0370e930,0.9999999230433523,0.9999999230433523,0.01707317073170732,1.4142134535399602,0.0949559353574588,,
bank,common_temperature_study,1205,0,0,512,8,2,0.0015,0.0001,age,7.0,,B,analytic,hybrid,False,budget,cuda,0.999977205198173,age-local,common-temperature-soft,0.5700317234324893,0.6232298117328321,0.5567322013574035,0.9230508922647351,0.9080050695289174,0.9330814407552803,1.2145111377584874,1.1937834916049246,1.245602606988831,0.13484900432720925,0.29332728007851394,0.27777470346291916,0.582236076505999,0.15819374521137103,0.44821513575763006,0.16268044422624695,0.4459589094699388,0.994140625,0.5303624589110253,0.486725529831436,0.8763684617936526,0.5644307083342704,0.5333918998201287,0.8440782926020126,2d51aececedd00ea,0.999977205198173,0.999977205198173,0.01707317073170732,1.4141813256551998,0.0646824978574588,,
bank,common_temperature_study,1205,0,0,512,8,2,0.002,0.0001,age,7.0,,B,analytic,hybrid,False,budget,cuda,0.9996077590838693,age-local,common-temperature-soft,0.574791361412142,0.6857298117328321,0.5470567488319695,0.9064232607403516,0.9056833712885657,0.9069165203748756,1.1995534788648679,1.168642325786059,1.245920208483081,0.1449229178843937,0.28551478007851394,0.2804253731057763,0.5732517015059989,0.16060601777030337,0.4510621021612019,0.16535577734925022,0.4462818815153885,0.98828125,0.4704075339749743,0.4851299577867533,0.8690699988941722,0.5097381313971258,0.5066351035744465,0.8032732500276457,0fe4d2494ec51238,0.9996077590838693,0.9996077590838693,0.01707317073170732,1.4136588499497855,0.0734715603574588,,
bank,common_temperature_study,1205,0,0,512,8,2,0.0025,0.0001,age,7.0,,B,analytic,hybrid,False,budget,cuda,0.9978390388444542,age-local,common-temperature-soft,0.6168813239522283,0.6896360617328321,0.5986926395070773,0.9462433823122856,0.9236838490406944,0.9612830711600134,1.2278324740130488,1.1975890940045708,1.273197544025766,0.15289215908911402,0.31871790507851394,0.29221387757006206,0.5949313890059991,0.16499331105292664,0.46367239335674,0.17018648479113654,0.4655548826126909,0.9921875,0.5917550984655776,0.4952205297067017,0.8804600243282097,0.53887493445295,0.5167238355617249,0.8319141877695455,5e00ef41ace60089,0.9978390388444542,0.9978390388444542,0.01707317073170732,1.4111575017991609,0.0744481228574588,,
bank,common_temperature_study,1205,0,0,512,8,2,0.003,0.0001,age,7.0,,B,analytic,hybrid,False,budget,cuda,0.9932706725063394,age-local,common-temperature-soft,0.609947611412142,0.6583860617328321,0.5978379988319695,0.9534817590263188,0.9527140942925467,0.9539935355155,1.2531196868434147,1.2336569319270891,1.2823138192179033,0.13949930194625687,0.31481165507851394,0.29625963649863346,0.605771232755999,0.1683558844668161,0.47445566062838646,0.17302671150599844,0.45626798870230934,0.98828125,0.47472197989377535,0.48336124235121514,0.8667477606988832,0.5016759922018246,0.48984329875096755,0.776954550481035,ad6a877712ccb09c,0.9932706725063394,0.9932706725063394,0.01707317073170732,1.4046968561659101,0.0724949978574588,,
bank,common_temperature_study,1205,0,0,512,8,2,0.004,0.0001,age,7.0,,B,analytic,hybrid,False,budget,cuda,0.9723755493150279,age-local,common-temperature-soft,0.5649323890025435,0.6271360617328321,0.5493814708199712,0.9012031491899812,0.8922068519849609,0.9072006806599949,1.191820762606436,1.1644561631464485,1.232867661796417,0.14600971861292353,0.31090540507851394,0.28537794007006206,0.6005954515059989,0.16301508953513671,0.4454723698579009,0.16783305974802748,0.44761255469421213,0.9921875,0.49026080327835864,0.474776557523575,0.8624350326219175,0.4908927774548924,0.5030227622618927,0.7985181908658631,6236025d005a3a37,0.9723755493150279,0.9723755493150279,0.01707317073170732,1.375146689561301,0.050034060357458804,,
bank,common_temperature_study,1205,0,0,512,8,2,0.006,0.0001,age,7.0,,B,analytic,hybrid,False,budget,cuda,0.8901741643274665,age-local,common-temperature-soft,0.5809312969976779,0.6413420601570277,0.5658286062078404,0.9372608215608758,0.9199540563142762,0.9487986650586091,1.229379120936083,1.1991921122230824,1.2746596340055842,0.1344094090140757,0.29598990586641616,0.29172559632006206,0.603036857755999,0.16532234563383294,0.4694442416613677,0.16985942467653234,0.44811715000272223,0.990234375,0.5947541053463903,0.5194762272506831,0.8621032843083047,0.5347351425700125,0.5184766333775015,0.8069224814773859,b7e9ac0469304792,0.8901741643274665,0.8901741643274665,0.01707317073170732,1.2588963760660394,0.0646824978574588,,
bank,common_temperature_study,1205,0,0,512,8,2,0.008,0.0001,age,7.0,,B,analytic,hybrid,False,budget,cuda,0.7883559845346195,age-local,common-temperature-soft,0.5635101045007189,0.5163420601570277,0.5753021155866416,0.8912208078762578,0.8401612435032623,0.925260517458255,1.1679836527562757,1.1263719175052527,1.2304012556328099,0.11952845663312328,0.24716178086641616,0.2857964668557763,0.6086032640059991,0.15705353742977615,0.43066847933138885,0.16147547671894144,0.4712450516327534,0.994140625,0.5654257214318434,0.5501646057849756,0.8736038925135464,0.514668867548203,0.5244198695588295,0.7609200486564194,0bc870269a8e3582,0.7883559845346195,0.7883559845346195,0.01707317073170732,1.114903725306853,0.0676121853574588,,
bank,common_temperature_study,1205,0,0,512,8,2,0.012,0.0001,age,7.0,,B,analytic,hybrid,False,budget,cuda,0.6115427887510412,age-local,common-temperature-soft,0.4973175902631871,0.34056081015702755,0.536506785289727,0.8315087032096649,0.7271077464959085,0.9011093410188359,1.1405278081112464,1.0782734516108226,1.2339093428618821,0.0654282630474506,0.13973990586641616,0.28454088649863346,0.613876701505999,0.15374859667548313,0.4382599757754615,0.15658604896568648,0.42505182674286884,0.974609375,0.5763462446718978,0.4855571004181567,0.8794647793873714,0.5212476015402225,0.49887988335862343,0.8057060709941392,d2c87bec7c00cd69,0.6115427887510412,0.6115427887510412,0.01707317073170732,0.8648521058231872,0.054916872857458804,,
bank,common_temperature_study,1205,0,0,512,8,2,0.016,0.0001,age,7.0,,B,analytic,hybrid,False,budget,cuda,0.48807983095164215,age-local,common-temperature-soft,0.4541721670076303,0.35227956015702766,0.47964531872028093,0.7989694636044453,0.7185921171762689,0.8525543612232299,1.1062119871723985,1.0524798762394487,1.1868101535718236,0.06873027776022503,0.13388053086641616,0.2789605293557763,0.594247795255999,0.15142188603711967,0.4326600707211377,0.1543018832727674,0.4011002397602093,0.982421875,0.597491870982099,0.46887113825913307,0.8827822625234988,0.5617262044973266,0.5058433642319264,0.793541966161672,f50e2474e6482a19,0.48807983095164215,0.48807983095164215,0.01707317073170732,0.6902491164525799,0.0426509325237753,,
bank,common_temperature_study,1205,0,0,512,8,2,0.023,0.0001,age,7.0,,B,analytic,hybrid,False,budget,cuda,0.35500233981490636,age-local,common-temperature-soft,0.38431322915514776,0.3263548117328321,0.39880283351072665,0.7316741454025213,0.6576953513767556,0.7809933414196985,1.0662303110831584,1.011607015324929,1.1481652547205021,0.06140357264629844,0.13903040507851394,0.27142704721291916,0.586423826613126,0.14775429832340156,0.43684367397434465,0.15034373588962968,0.35729557469847795,0.984375,0.55178637165858,0.46890233159100253,0.8828928452947031,0.5237633061991234,0.5124357488515727,0.8018356740019905,f8fd18894a011296,0.35500233981490636,0.35500233981490636,0.01707317073170732,0.5020491236404228,0.0172603075237753,,
bank,common_temperature_study,1205,0,0,512,8,2,0.032,0.0001,age,7.0,,B,analytic,hybrid,False,budget,cuda,0.26061517189404104,age-local,common-temperature-soft,0.3789227510228907,0.22453399729072213,0.41751993945593285,0.7369967188018356,0.6454277911782594,0.7980426705508864,1.0792930737172397,1.0204153362177006,1.1676096799665487,0.03567542952849619,0.09286490586641616,0.26689300703434776,0.5939433578631259,0.1440304531822543,0.43926784486273895,0.14585886136299167,0.3439099698499749,0.990234375,0.6047018689343086,0.46893352125910265,0.8830034280659074,0.547746661095414,0.5254586881256295,0.8132256994360278,79e0dd42319540ad,0.26061517189404104,0.26061517189404104,0.01707317073170732,0.36856551065274834,0.0153071825237753,,
bank,common_temperature_study,1205,0,0,512,8,2,0.05,0.0001,age,7.0,,B,analytic,hybrid,False,budget,cuda,0.16909191998223996,age-local,common-temperature-soft,0.3970133148567954,0.21036212401857793,0.44367611256634976,0.7494319674057283,0.6338246995258765,0.8265034793256295,1.0777713943105165,1.0103213466216963,1.1789464658437465,0.03174706708819769,0.0849865313640385,0.2662652168557763,0.587791014113126,0.1407475976868548,0.43039474377626324,0.14267143158663184,0.31050858267753734,0.990234375,0.5628204111442413,0.4695844517558049,0.8820081831250691,0.5272391049853636,0.5107232021271824,0.8175384275129934,7d1728bc54533519,0.16909191998223996,0.16909191998223996,0.01707317073170732,0.23913208652658993,0.0149662549762247,,
bank,common_temperature_study,1205,0,0,512,8,2,0.08,0.0001,age,7.0,,B,analytic,hybrid,False,budget,cuda,0.10630414734522789,age-local,common-temperature-soft,0.44140089364701984,0.22598712401857793,0.4952543360541303,0.7880941232168528,0.6561271062562203,0.8760721345239414,1.1231709350464447,1.0647742182028457,1.2107660103118434,0.043015813500839974,0.10174176503925714,0.25510450257006206,0.553123045363126,0.13895103023343305,0.4049971641566682,0.1408939779163862,0.2831843096376044,0.990234375,0.5421531155415459,0.48746274549761826,0.8818976003538649,0.5316906818432008,0.5190845453645988,0.7907773968815659,4c649d84f65694f6,0.10630414734522789,0.10630414734522789,0.01707317073170732,0.15033676691212913,0.0432865674762247,,
bank,common_temperature_study,1205,0,0,512,8,2,0.12,0.0001,age,7.0,,B,analytic,hybrid,False,budget,cuda,0.07101845205266616,age-local,common-temperature-soft,0.5913872435861992,0.43040456015702766,0.6316329144434921,0.9678515581803605,0.8593325595419108,1.0401975572726603,1.2998516635795643,1.2502033830264663,1.3743240844092115,0.0925860011426887,0.21200553086641616,0.26591644453434776,0.582419920363126,0.1514503258677268,0.44101449109463103,0.15454122147752206,0.25186375435850816,0.986328125,0.5664045179229013,0.46893352125910265,0.8830034280659074,0.5343461807524269,0.49169598723053687,0.681300453389362,fcd1a1d20cd4cbd0,0.07101845205266616,0.07101845205266616,0.01707317073170732,0.10043525807162386,0.043715939642541196,,
bank,common_temperature_study,1205,0,0,512,8,2,0.18,0.0001,age,7.0,,B,analytic,hybrid,False,budget,cuda,0.047389950141086525,age-local,common-temperature-soft,0.5367235016034502,0.33923424886652664,0.586095814787681,0.9209983291634414,0.8026203365171956,0.9999169909276051,1.2577385045753622,1.200462158230123,1.3436530240932212,0.05305903704786133,0.13707728007851394,0.27324066328434776,0.5782207016131259,0.15091668877029135,0.43839086085231654,0.15306749034049943,0.25432240315790167,0.990234375,0.5219649792320904,0.46893352125910265,0.8830034280659074,0.4919441935670971,0.46893352125910265,0.8830034280659074,594109d7bec656fc,0.047389950141086525,0.047389950141086525,0.01707317073170732,0.06701951020970934,0.041762814642541196,,
bank,common_temperature_study,1205,0,0,512,8,2,0.3,0.0001,age,7.0,,B,analytic,hybrid,False,budget,cuda,0.028447606927641905,age-local,common-temperature-soft,0.5210349165100078,0.27024831015702755,0.5837315680982528,0.9112960732749087,0.7717426894421099,1.0043316624967749,1.2781203779857349,1.215381257141804,1.372229059251631,0.050175286856974415,0.12216178086641616,0.2906792793557763,0.599509764113126,0.15754854534288554,0.46270917854279536,0.15986066798677376,0.28186688334287946,0.9921875,0.4537644425452733,0.46893352125910265,0.8830034280659074,0.4990069399973722,0.46893352125910265,0.8830034280659074,50e5f13016483cdb,0.028447606927641905,0.028447606927641905,0.01707317073170732,0.04023099153413,0.0523050028336835,,
bank,common_temperature_study,1205,0,0,512,8,2,0.4,0.0001,age,7.0,,B,analytic,hybrid,False,budget,cuda,0.02133822395762797,age-local,common-temperature-soft,0.5889980509786577,0.4669798117328321,0.6195026107901139,0.9825168638726087,0.8925900040086254,1.0424681037819308,1.3359286015426295,1.2932182091811344,1.3999941900848725,0.100814852681369,0.22112493779719133,0.29723619899863346,0.598923826613126,0.1667950701547068,0.49165295541095305,0.1703535741432309,0.2834641690370288,0.98828125,0.5482481922034818,0.46893352125910265,0.8830034280659074,0.5033342289950556,0.46893352125910265,0.8830034280659074,42ff7f2d0239ebeb,0.02133822395762797,0.02133822395762797,0.01707317073170732,0.030176805717831975,0.0357034403336835,,
bank,common_temperature_study,1200,0,0,512,8,2,0.0,0.0006,global,7.0,,B,global,hybrid,False,budget,cuda,1.0,hard,common-temperature-hard,0.41368781446975567,0.3224485617328321,0.43649762765398664,0.7363741723570717,0.6618944729348667,0.7860273053052084,1.0398075946173837,0.9916672714161967,1.112018079419164,0.07254104315755942,0.15081243779719133,0.2516167793557763,0.5547946702559989,0.13494589942440535,0.4123665447376423,0.13801698679720698,0.3824645982220544,0.994140625,0.6241884298655441,0.46890233159100253,0.8828928452947031,0.5373400385647474,0.5063294509940849,0.7964171182129824,c55e0d6877d02193,1.0,1.0,1.0,1.4142135623730951,0.028724630757215517,,
bank,common_temperature_study,1200,0,0,512,8,2,0.00025,0.0006,age,7.0,,B,analytic,hybrid,False,budget,cuda,1.0,age-local,common-temperature-soft,0.41820304724648893,0.3783308740185779,0.4281710905534667,0.7115235454909874,0.6437783368351211,0.7566870179282318,0.9851279563612738,0.9431855095101183,1.0480416266380073,0.05882703110272091,0.13323431279719133,0.2261563998914906,0.518271232755999,0.12312656279855465,0.3610176725091229,0.12553558206541446,0.3954771581979977,0.99609375,0.5696133937332878,0.4688399412628487,0.8826716797522945,0.4675271332235654,0.4876969419708673,0.8120092889527811,822291c0e2453114,1.0,1.0,0.01707317073170732,1.4142135623730951,0.053940310357458804,,
bank,common_temperature_study,1200,0,0,512,8,2,0.0005,0.0006,age,7.0,,B,analytic,hybrid,False,budget,cuda,0.999999999999997,age-local,common-temperature-soft,0.41071089171182135,0.30553112559438245,0.43700583324118103,0.7182761787432268,0.6391263010754175,0.7710427638550997,1.007212718055402,0.9587805600095839,1.0798609551241292,0.06931729619858563,0.15145865586641616,0.23954925703434776,0.5377048265059989,0.12934621777184552,0.37951770577034716,0.1322113319732766,0.3922957083899511,0.99609375,0.5911380388322622,0.46893352125910265,0.8830034280659074,0.549832684866355,0.5073962350015342,0.8214088245051421,8c0b55025b4a3867,0.999999999999997,0.999999999999997,0.01707317073170732,1.414213562373091,0.0446040575237753,,
bank,common_temperature_study,1200,0,0,512,8,2,0.001,0.0006,age,7.0,,B,analytic,hybrid,False,budget,cuda,0.9999999230433523,age-local,common-temperature-soft,0.4078321111633308,0.40318737559438245,0.4089932950555678,0.707426928978215,0.6627051612780605,0.7372414407783183,0.9784886704495189,0.9432789577113052,1.0313032395568396,0.10019527238906183,0.20028678086641616,0.22524959185577634,0.516415764005999,0.12368822025140087,0.36399846134440994,0.1273779635792084,0.39857130654190137,1.0,0.4998647037865184,0.46887113825913307,0.8827822625234988,0.5697984050908308,0.5238692314179705,0.8375539091009621,81dd96190f4edbbd,0.9999999230433523,0.9999999230433523,0.01707317073170732,1.4142134535399602,0.03306025292353201,,
bank,common_temperature_study,1200,0,0,512,8,2,0.0015,0.0006,age,7.0,,B,analytic,hybrid,False,budget,cuda,0.999977205198173,age-local,common-temperature-soft,0.38932383818976,0.21697981173283207,0.432409844803992,0.6794615828541412,0.599516178777784,0.7327585189050462,0.9484829426075416,0.9057376907552803,1.0126008203859338,0.04724342410994039,0.10589056279719133,0.22336622132006204,0.5132907640059989,0.11932830745922163,0.3673728557309521,0.12152497784818338,0.39390097832287,0.998046875,0.5879408815915476,0.48449151601306445,0.8810129381842309,0.5598596375765998,0.5165614135224882,0.8255003870396992,9989881c08b79d3d,0.999977205198173,0.999977205198173,0.01707317073170732,1.4141813256551998,0.0514399950237753,,
bank,common_temperature_study,1200,0,0,512,8,2,0.002,0.0006,age,7.0,,B,analytic,hybrid,False,budget,cuda,0.9996077590838693,age-local,common-temperature-soft,0.41120903253898045,0.3275496240185779,0.432123884669081,0.7058825714641159,0.6530185856809134,0.7411252286529176,0.9856621229818645,0.9544262913994249,1.0325158703555237,0.061244939028082784,0.13707728007851394,0.22696774389425123,0.5216790179558772,0.12220276528275524,0.3725673302208889,0.1247982206199197,0.39402140184581236,0.9921875,0.517793050059599,0.46984118548289994,0.8828928452947031,0.561293505189906,0.5404498302412224,0.8416454716355192,a9c3d23592e137d3,0.9996077590838693,0.9996077590838693,0.01707317073170732,1.4136588499497855,0.0676121853574588,,
bank,common_temperature_study,1200,0,0,512,8,2,0.0025,0.0006,age,7.0,,B,analytic,hybrid,False,budget,cuda,0.9978390388444542,age-local,common-temperature-soft,0.3858019497124849,0.24942462401857793,0.4198962811359616,0.6732357728353423,0.5741900243973239,0.7392662717940213,0.9494150776152825,0.892767181222124,1.0343869222050206,0.0484714153409899,0.1045177813640385,0.23375963649863346,0.527646232755999,0.12402113442689913,0.3701642715705517,0.12635415476787945,0.3790736868572552,1.0,0.5709152202913544,0.4688399412628487,0.8826716797522945,0.5448733625074424,0.5085441828362738,0.8407608094658852,79f59ce1acc8063c,0.9978390388444542,0.9978390388444542,0.01707317073170732,1.4111575017991609,0.0358149950237753,,
bank,common_temperature_study,1200,0,0,512,8,2,0.003,0.0006,age,7.0,,B,analytic,hybrid,False,budget,cuda,0.9932706725063394,age-local,common-temperature-soft,0.4039758825887427,0.31321706015702755,0.4266655881966715,0.7081035141131262,0.6327444656778725,0.7583428797366287,0.9824342723653654,0.9311380349441557,1.0593786284971802,0.05594165590459346,0.12411490586641616,0.23229479274863346,0.510947014005999,0.12452224493275135,0.3763095851072651,0.1269986012424113,0.3968499795470807,0.998046875,0.48841814697453756,0.4733193542323722,0.8793541966161672,0.5480336476829784,0.4987741659875475,0.8458476169412805,f16a4e7f2c8735cc,0.9932706725063394,0.9932706725063394,0.01707317073170732,1.4046968561659101,0.045151247857458804,,
bank,common_temperature_study,1200,0,0,512,8,2,0.004,0.0006,age,7.0,,B,analytic,hybrid,False,budget,cuda,0.9723755493150279,age-local,common-temperature-soft,0.3963270105330089,0.2806746240185779,0.42524010716161675,0.710596939621807,0.6379855922744112,0.7590045045200707,0.9994652718262745,0.9524558158474328,1.0699794557945372,0.05978636132657205,0.13518743779719133,0.24436231507006204,0.550009514005999,0.13193763562492616,0.40043190995452277,0.1345007663379534,0.38563044991792605,0.998046875,0.5487871280389861,0.47487906237030125,0.8813446864978436,0.5424041178343609,0.4983575673045799,0.8450735375428509,e2e3e3ac760897c6,0.9723755493150279,0.9723755493150279,0.01707317073170732,1.375146689561301,0.04184931542353201,,
bank,common_temperature_study,1200,0,0,512,8,2,0.006,0.0006,age,7.0,,B,analytic,hybrid,False,budget,cuda,0.8901741643274665,age-local,common-temperature-soft,0.37258471676987737,0.25462331015702755,0.40207506842308977,0.6795483644116995,0.5914370490296361,0.7382892413330753,0.9722250635850935,0.9218791036575252,1.047744003476446,0.04419363520455185,0.09872428086641616,0.22866756060577634,0.523642326505999,0.12300177811054476,0.3890103403530354,0.12504835724530242,0.36690100555997235,0.99609375,0.5785940793998199,0.48105339700882416,0.8789118655313503,0.5426542915414417,0.5079198541624611,0.8083600575030411,c41aaa27edb12460,0.8901741643274665,0.8901741643274665,0.01707317073170732,1.2588963760660394,0.023841818257215517,,
bank,common_temperature_study,1200,0,0,512,8,2,0.008,0.0006,age,7.0,,B,analytic,hybrid,False,budget,cuda,0.7883559845346195,age-local,common-temperature-soft,0.37184070206236874,0.19083087401857793,0.41709315907331646,0.6591950870148181,0.5557625502806037,0.7281501115042942,0.9300367860499834,0.8794485087452539,1.0059192020070773,0.031297022361416134,0.07848353007851394,0.22221836197295458,0.5008484527915236,0.11709116763135088,0.3573689162197279,0.11888376479131363,0.378001558895359,0.994140625,0.5476101811880262,0.48334367642857845,0.8685170850381511,0.5432688654175539,0.5379193572966074,0.7626893729956873,df0e4b326f0eadeb,0.7883559845346195,0.7883559845346195,0.01707317073170732,1.114903725306853,0.0494868700237753,,
bank,common_temperature_study,1200,0,0,512,8,2,0.012,0.0006,age,7.0,,B,analytic,hybrid,False,budget,cuda,0.6115427887510412,age-local,common-temperature-soft,0.3543694881399978,0.19731681272807697,0.39363265699297806,0.6657251724400088,0.5571651372263076,0.738098529249143,0.977753813377751,0.9117275908621769,1.0767931471511114,0.03241122194620414,0.06527601632478164,0.24091978608404682,0.5577243577559989,0.12822261489018638,0.40900653475063575,0.13001771935110393,0.341791188031871,0.998046875,0.5148113251098172,0.4688399412628487,0.8826716797522945,0.4911009892129974,0.4971463027938295,0.8074753953334071,97644d5f1f8b5954,0.6115427887510412,0.6115427887510412,0.01707317073170732,0.8648521058231872,0.036362185357458804,,
bank,common_temperature_study,1200,0,0,512,8,2,0.016,0.0006,age,7.0,,B,analytic,hybrid,False,budget,cuda,0.48807983095164215,age-local,common-temperature-soft,0.309478412169634,0.14511656115227248,0.3505688749239744,0.610133787874599,0.48470610036768774,0.6937522462125401,0.9239281246544289,0.8469185275673635,1.0394425202850273,0.01974363227542484,0.0459240313640385,0.22850234210853695,0.5362297992058771,0.12056114432669009,0.39097201823924577,0.12198215811760867,0.3192830030434978,0.990234375,0.578212101376281,0.46964864727789485,0.8822293486674776,0.5394906920229684,0.5016629768384462,0.8425301338051532,a0f25a405c98f19c,0.48807983095164215,0.48807983095164215,0.01707317073170732,0.6902491164525799,0.004081195399756713,,
bank,common_temperature_study,1200,0,0,512,8,2,0.023,0.0006,age,7.0,,B,analytic,hybrid,False,budget,cuda,0.35500233981490636,age-local,common-temperature-soft,0.29633219410040923,0.2228830310737587,0.31469448485707185,0.5882859152106602,0.5098721041136791,0.6405617892753143,0.8812673217543956,0.8234494222050204,0.9679941710784584,0.03213211152535768,0.06112721856684722,0.21008716353710838,0.49384698670587723,0.11187401944183346,0.3802831890861715,0.11356222661361007,0.31179644556296027,0.998046875,0.554922331924343,0.46893352125910265,0.8830034280659074,0.5172425732085089,0.49018390849329363,0.8564635629768882,2ae1e81db9d8fd2b,0.35500233981490636,0.35500233981490636,0.01707317073170732,0.5020491236404228,0.009393380066073213,,
bank,common_temperature_study,1200,0,0,512,8,2,0.032,0.0006,age,7.0,,B,analytic,hybrid,False,budget,cuda,0.26061517189404104,age-local,common-temperature-soft,0.3122169772199491,0.2424142810737587,0.3296676512564968,0.6100311532400752,0.5310507566280549,0.6626847509814221,0.9136768425854254,0.8566488035174538,0.9992189011873827,0.035758736861713616,0.0771740313640385,0.21525014322690397,0.5166110765059989,0.11448741162428976,0.39007217253676857,0.11632109186739666,0.3010418065951009,0.986328125,0.542991289196544,0.46893352125910265,0.8830034280659074,0.4969684415367661,0.49690394160859475,0.8070330642485901,9d87993f59dcc041,0.26061517189404104,0.26061517189404104,0.01707317073170732,0.36856551065274834,0.0095362521425412,,
bank,common_temperature_study,1200,0,0,512,8,2,0.05,0.0006,age,7.0,,B,analytic,hybrid,False,budget,cuda,0.16909191998223996,age-local,common-temperature-soft,0.39871758542519076,0.31272678107375873,0.4202152865130488,0.7123738665265951,0.6370022263421983,0.7626216266495263,1.0149365790528584,0.967263612047993,1.086446029560157,0.054639552001548165,0.12362721856684722,0.22920103608404682,0.5370212327559989,0.12560004126989452,0.40491326595847615,0.12781457436276894,0.28046584285673265,0.9921875,0.5763733512623503,0.46893352125910265,0.8830034280659074,0.5361158623269292,0.5229926240548266,0.8260533008957205,b7d6b620b7fe9459,0.16909191998223996,0.16909191998223996,0.01707317073170732,0.23913208652658993,0.0335209424762247,,
bank,common_temperature_study,1200,0,0,512,8,2,0.08,0.0006,age,7.0,,B,analytic,hybrid,False,budget,cuda,0.10630414734522789,age-local,common-temperature-soft,0.4234854479984519,0.2725035939400642,0.4612309115130488,0.7376724832052416,0.6178324221773747,0.8175658572238196,1.0252566297827048,0.9535565319860666,1.1328067764776624,0.03583445397123799,0.07830426503925714,0.2315726878697611,0.5405368577559989,0.12508964206985182,0.40312690064137996,0.12682773678308035,0.2628854990177975,0.986328125,0.5984435608827042,0.46893352125910265,0.8830034280659074,0.5113473040779438,0.4814118227960802,0.8695123299789893,79dd346101db476e,0.10630414734522789,0.10630414734522789,0.01707317073170732,0.15033676691212913,0.0598881299762247,,
bank,common_temperature_study,1200,0,0,512,8,2,0.12,0.0006,age,7.0,,B,analytic,hybrid,False,budget,cuda,0.07101845205266616,age-local,common-temperature-soft,0.4949088728851045,0.27366428107375873,0.550220020837941,0.8405799029636182,0.6958401439649453,0.9370730756294002,1.1342033375262635,1.0689978177181245,1.2320116172384716,0.03812466512509019,0.07918935917284098,0.23668324564876536,0.5393535141131258,0.12833714704607652,0.38948318969092094,0.13012557505319516,0.2226522416615953,0.9921875,0.5648884427678078,0.46893352125910265,0.8830034280659074,0.5028906397036977,0.46880874060150374,0.8825610969810903,be446a88be9e9497,0.07101845205266616,0.07101845205266616,0.01707317073170732,0.10043525807162386,0.0803959424762247,,
bank,common_temperature_study,1200,0,0,512,8,2,0.18,0.0006,age,7.0,,B,analytic,hybrid,False,budget,cuda,0.047389950141086525,age-local,common-temperature-soft,0.5656384772752405,0.2694046845626451,0.6396969254533893,0.9423729421237421,0.8067286376548158,1.0328024784363594,1.2461826481809135,1.1969309249327287,1.3200602330531903,0.06903867945082494,0.1263094987144754,0.2655615938630511,0.5717753891131259,0.14784136330220465,0.4199910756247926,0.1504179882548337,0.21376843396589812,0.984375,0.5,0.46893352125910265,0.8830034280659074,0.5,0.46893352125910265,0.8830034280659074,a55d501e789ebb11,0.047389950141086525,0.047389950141086525,0.01707317073170732,0.06701951020970934,0.1247706271425412,,
bank,common_temperature_study,1200,0,0,512,8,2,0.3,0.0006,age,7.0,,B,analytic,hybrid,False,budget,cuda,0.028447606927641905,age-local,common-temperature-soft,0.624684752709278,0.42010481173283204,0.6758297379533894,1.0202506859587528,0.8853713464489107,1.1101702456319804,1.3586331451122415,1.3053327101533416,1.4385837975505915,0.08033058735907286,0.18785853007851394,0.2759610873914906,0.609470701613126,0.16048762291637048,0.45649874644061694,0.16292083996283843,0.22322485186541408,0.962890625,0.5,0.46893352125910265,0.8830034280659074,0.5,0.46893352125910265,0.8830034280659074,8a21025515738005,0.028447606927641905,0.028447606927641905,0.01707317073170732,0.04023099153413,0.1120753146425412,,
bank,common_temperature_study,1200,0,0,512,8,2,0.4,0.0006,age,7.0,,B,analytic,hybrid,False,budget,cuda,0.02133822395762797,age-local,common-temperature-soft,0.6082066239079952,0.4166814974289506,0.6560879055277563,1.0256620711461903,0.8676252954633418,1.1310199216014227,1.3529562316847286,1.2702846671228205,1.4769635785275903,0.10287774794895295,0.19762415507851394,0.2578946811414906,0.567771482863126,0.14915183540483262,0.4283145349821683,0.15240622134526108,0.2185722584324982,0.966796875,0.5,0.46893352125910265,0.8830034280659074,0.5,0.46893352125910265,0.8830034280659074,f0283dcf8beffc1e,0.02133822395762797,0.02133822395762797,0.01707317073170732,0.030176805717831975,0.14918468964254122,,
bank,common_temperature_study,1201,0,0,512,8,2,0.0,0.0006,global,7.0,,B,global,hybrid,False,budget,cuda,1.0,hard,common-temperature-hard,0.38071013145526933,0.2833860617328321,0.40504114888587867,0.669269609435475,0.5913751701937963,0.721199235596594,0.9463469240711045,0.8956244787635003,1.0224305920325114,0.060258230517685404,0.13707728007851394,0.21680930167720489,0.513388420255999,0.11897598135274509,0.3761078255453112,0.12134059705376334,0.3702154026579752,0.994140625,0.5814319855399952,0.47955505789859443,0.8772531239632865,0.5672869617299923,0.5212670782180122,0.8351210881344686,6cf916f6b045b96c,1.0,1.0,1.0,1.4142135623730951,0.046127810357458804,,
bank,common_temperature_study,1201,0,0,512,8,2,0.00025,0.0006,age,7.0,,B,analytic,hybrid,False,budget,cuda,1.0,age-local,common-temperature-soft,0.41414664657746325,0.37571706015702755,0.42375404318257215,0.7284731197473183,0.6726255373631538,0.7657048413367614,1.0231355571989382,0.9856648443547494,1.0793416264652216,0.0774897661569328,0.16708365586641616,0.23355037310577634,0.5262790452559989,0.12788483524318991,0.38902212216977217,0.13086809836617425,0.3826421154248926,0.994140625,0.542641034169692,0.4697449254083393,0.8825610969810903,0.5720220924630657,0.5159554947026912,0.8538095764679863,1b9a5159e6083ec5,1.0,1.0,0.01707317073170732,1.4142135623730951,0.0426509325237753,,
bank,common_temperature_study,1201,0,0,512,8,2,0.0005,0.0006,age,7.0,,B,analytic,hybrid,False,budget,cuda,0.999999999999997,age-local,common-temperature-soft,0.4143299720778503,0.38756237559438245,0.42102187119871726,0.7029003355495964,0.6612989026387814,0.7306346241568064,0.9800262029332079,0.9510203996415275,1.0235349078707288,0.08512830810334754,0.18856803086641616,0.22399401149863346,0.516415764005999,0.1256256013408349,0.37955860195731483,0.12861441190038142,0.3863087973771016,0.994140625,0.5884846705720674,0.46890233159100253,0.8828928452947031,0.5554928723871436,0.5005939990176997,0.8297025323454605,f270add68e608dcf,0.999999999999997,0.999999999999997,0.01707317073170732,1.414213562373091,0.046127810357458804,,
bank,common_temperature_study,1201,0,0,512,8,2,0.001,0.0006,age,7.0,,B,analytic,hybrid,False,budget,cuda,0.9999999230433523,age-local,common-temperature-soft,0.4028709188046003,0.3849485617328321,0.40735150807254233,0.6906973971580228,0.6384675560516421,0.7255172912289432,0.9655838770319584,0.9258384852233772,1.0252019647448303,0.07756336458613086,0.16253118779719133,0.2315274936414906,0.5244235765059989,0.1267197660262269,0.3842787044364424,0.12970615840140015,0.3890493817969235,0.998046875,0.4892634227929731,0.4731380980185443,0.878801282760146,0.535068352404615,0.4934649223009566,0.8523720004423311,a4bfb4f374ff57ae,0.9999999230433523,0.9999999230433523,0.01707317073170732,1.4142134535399602,0.0285496853574588,,
bank,common_temperature_study,1201,0,0,512,8,2,0.0015,0.0006,age,7.0,,B,analytic,hybrid,False,budget,cuda,0.999977205198173,age-local,common-temperature-soft,0.3829258473404844,0.34459362559438245,0.3925089027770099,0.6693118555097866,0.6157984119277342,0.7049874845644881,0.947756249654429,0.9140482451896496,0.9983182563515979,0.06596908191287135,0.14559928086641616,0.21678359210853695,0.5024407367058772,0.11787435647362447,0.365298878016836,0.12051085228524416,0.3746241270805615,1.0,0.5587838965546221,0.4935456033110343,0.8647572708172067,0.53279619276692,0.510561739101612,0.8450735375428509,ff5c975dfd9f2755,0.999977205198173,0.999977205198173,0.01707317073170732,1.4141813256551998,0.0348384325237753,,
bank,common_temperature_study,1201,0,0,512,8,2,0.002,0.0006,age,7.0,,B,analytic,hybrid,False,budget,cuda,0.9996077590838693,age-local,common-temperature-soft,0.37576785911754945,0.30540456015702755,0.39335868385768,0.6710034695344467,0.6062028727330533,0.7142038674020421,0.9547604155147628,0.9135288085397546,1.0166078259772753,0.06431219161887917,0.14755240586641616,0.23375963649863346,0.534384514005999,0.12629467970631245,0.379838935761777,0.12897503534265292,0.3854381458049934,0.994140625,0.547748199897492,0.46893352125910265,0.8830034280659074,0.5513878219203538,0.488214062090522,0.8611080393674665,e2e5e41d76f12888,0.9996077590838693,0.9996077590838693,0.01707317073170732,1.4136588499497855,0.035385622857458804,,
bank,common_temperature_study,1201,0,0,512,8,2,0.0025,0.0006,age,7.0,,B,analytic,hybrid,False,budget,cuda,0.9978390388444542,age-local,common-temperature-soft,0.3591333593663608,0.29368581015702755,0.3754952466686941,0.6873120524853479,0.6212981769393454,0.7313213028493495,0.9870680792463784,0.9375375808636514,1.0613638268204688,0.05910385828554584,0.12606803086641616,0.24059557399863346,0.545419670255999,0.12803840430448135,0.3877606146501436,0.1307134047519517,0.3659250728255562,0.994140625,0.5441313047976298,0.47525137301007225,0.8824505142098861,0.5567163975933136,0.5134852461415216,0.8267167975229459,08073b1a4a5f85d3,0.9978390388444542,0.9978390388444542,0.01707317073170732,1.4111575017991609,0.038315310357458804,,
bank,common_temperature_study,1201,0,0,512,8,2,0.003,0.0006,age,7.0,,B,analytic,hybrid,False,budget,cuda,0.9932706725063394,age-local,common-temperature-soft,0.4077934935861993,0.3654173117328321,0.4183875390495412,0.7234613012136457,0.6548307824422205,0.7692149803945961,1.0122538669412806,0.9607570830568766,1.0894990427678868,0.07513918289863779,0.16637415507851394,0.24499010524863346,0.550302482755999,0.13459793703538306,0.3994050128552471,0.1374901613259629,0.3814384589538288,0.9921875,0.5432990496121627,0.4710653749873577,0.8807917726418224,0.5940277907655305,0.5177622982023343,0.8229569833020015,327bcda52f26d56c,0.9932706725063394,0.9932706725063394,0.01707317073170732,1.4046968561659101,0.0309321825237753,,
bank,common_temperature_study,1201,0,0,512,8,2,0.004,0.0006,age,7.0,,B,analytic,hybrid,False,budget,cuda,0.9723755493150279,age-local,common-temperature-soft,0.4047571325887428,0.34446706015702755,0.41982965069667155,0.6848510242729182,0.6111616028972686,0.7339773051900181,0.9587916758818977,0.9090778519987834,1.0333624117065687,0.07193867971411727,0.14559928086641616,0.23710785078434776,0.540439201505999,0.12883187359491236,0.38922761821989366,0.1317156574093668,0.39182373392796244,0.9921875,0.572427152517776,0.47510236011011614,0.8820081831250691,0.5609581647062722,0.5225844593857578,0.8394338162114343,cd89fc88ce9c4013,0.9723755493150279,0.9723755493150279,0.01707317073170732,1.375146689561301,0.0563228075237753,,
bank,common_temperature_study,1201,0,0,512,8,2,0.006,0.0006,age,7.0,,B,analytic,hybrid,False,budget,cuda,0.8901741643274665,age-local,common-temperature-soft,0.3870340836835122,0.27415456015702755,0.41525396456513336,0.6922199404926463,0.6194859801780382,0.7407092473690517,0.9880883780963178,0.9445875924978805,1.0533395564939734,0.05591238520455185,0.13583365586641616,0.22964412310577634,0.5313571702559989,0.12668338261366135,0.3947829013981808,0.1288760196437837,0.3704902627752207,0.998046875,0.5674710261324104,0.49618712399124637,0.8791330310737587,0.5641345481189328,0.5175921337022812,0.8148844410040915,4442b992c9ed0ea9,0.8901741643274665,0.8901741643274665,0.01707317073170732,1.2588963760660394,0.046127810357458804,,
bank,common_temperature_study,1201,0,0,512,8,2,0.008,0.0006,age,7.0,,B,analytic,hybrid,False,budget,cuda,0.7883559845346195,age-local,common-temperature-soft,0.34074102551697455,0.20965024742895058,0.37351372003898053,0.6390412041772643,0.5464947637329979,0.7007388311401085,0.9502545131593498,0.899703298361532,1.0260813353560767,0.043569426727066,0.09606165507851394,0.2325040561414906,0.553134514005999,0.1265607526029736,0.4070820381614232,0.12848162333403235,0.3495569592793031,0.9921875,0.5532498908042371,0.4711330290448132,0.8810129381842309,0.5716190446879961,0.4937107472392967,0.8650890191308194,ea55847db34cd802,0.7883559845346195,0.7883559845346195,0.01707317073170732,1.114903725306853,0.0192134325237753,,
bank,common_temperature_study,1201,0,0,512,8,2,0.012,0.0006,age,7.0,,B,analytic,hybrid,False,budget,cuda,0.6115427887510412,age-local,common-temperature-soft,0.30076768633196954,0.15683531115227248,0.3367507801268938,0.6076403623659183,0.48912843929697,0.6866483110785505,0.9165484093359504,0.8403582190644697,1.0308336947431715,0.022789512935551363,0.04510114003925714,0.22643541774863346,0.5438571702559989,0.11993277195180845,0.40038358398761476,0.12141168190937471,0.3272616026355021,0.98828125,0.5722364594294832,0.46893352125910265,0.8830034280659074,0.564668512440031,0.5243156682181073,0.8252792214972907,55d2bf75f84a1e8f,0.6115427887510412,0.6115427887510412,0.01707317073170732,0.8648521058231872,0.0192134325237753,,
bank,common_temperature_study,1201,0,0,512,8,2,0.016,0.0006,age,7.0,,B,analytic,hybrid,False,budget,cuda,0.48807983095164215,age-local,common-temperature-soft,0.33124930885768,0.22453399729072213,0.3579281367494195,0.618410735513657,0.5157960577242066,0.6868205207066239,0.9063906042657305,0.840237125170482,1.0056208229086034,0.029765525031200175,0.06285853007851394,0.22654313875866888,0.5206726715415235,0.12123166036810332,0.37099417151042235,0.12284536924229619,0.3104697612093148,1.0,0.5517154683935972,0.46893352125910265,0.8830034280659074,0.5667308031481523,0.5365605454878325,0.8006192635187438,09004bf94aea89a4,0.48807983095164215,0.48807983095164215,0.01707317073170732,0.6902491164525799,0.0060887478574588,,
bank,common_temperature_study,1201,0,0,512,8,2,0.023,0.0006,age,7.0,,B,analytic,hybrid,False,budget,cuda,0.35500233981490636,age-local,common-temperature-soft,0.35811375165874165,0.2753152472907221,0.3788133777507465,0.6902688025268162,0.6135244457038592,0.7414317070754541,1.0166740244526153,0.9620013552148992,1.0986830283091893,0.03880790867574503,0.07067103007851394,0.2538941164411897,0.570517326505999,0.1361663702218557,0.43422173919053375,0.1381315965981085,0.3179957982679451,0.984375,0.5824971916862075,0.46893352125910265,0.8830034280659074,0.5619170159550102,0.5065652597639033,0.8532566626119651,4daedd15ef940236,0.35500233981490636,0.35500233981490636,0.01707317073170732,0.5020491236404228,0.012123068257215517,,
bank,common_temperature_study,1201,0,0,512,8,2,0.032,0.0006,age,7.0,,B,analytic,hybrid,False,budget,cuda,0.26061517189404104,age-local,common-temperature-soft,0.3535363160732058,0.21636296721220835,0.3878296532884552,0.6630447497373659,0.558388783105717,0.7328153941584651,0.967890262150282,0.9062440964926831,1.0603595106366803,0.030807278090656826,0.0595959063640385,0.23778083519118967,0.545798826613126,0.12750730315867084,0.4112739351224703,0.12916657846555032,0.30853795481681956,0.986328125,0.5430914297010108,0.46893352125910265,0.8830034280659074,0.523425539142982,0.4956663136907582,0.8445206236868296,a7b4b4b350513d0a,0.26061517189404104,0.26061517189404104,0.01707317073170732,0.36856551065274834,0.0236668728574588,,
bank,common_temperature_study,1201,0,0,512,8,2,0.05,0.0006,age,7.0,,B,analytic,hybrid,False,budget,cuda,0.16909191998223996,age-local,common-temperature-soft,0.37329236011279443,0.22026921721220835,0.41154814583794097,0.6828003618130045,0.5595373752488112,0.7649756861891334,0.9782497511887648,0.8995497351773011,1.0962997752059604,0.03569585525241837,0.07788245224206558,0.24043150483404682,0.5537204515059989,0.12899954539761274,0.4265837310281431,0.13082170767574627,0.290919893196352,0.986328125,0.5619512247089,0.48522853718159675,0.8827822625234988,0.517531039413456,0.4980555630809683,0.8423089682627447,58b6ad20b9a8680c,0.16909191998223996,0.16909191998223996,0.01707317073170732,0.23913208652658993,0.0237553174762247,,
bank,common_temperature_study,1201,0,0,512,8,2,0.08,0.0006,age,7.0,,B,analytic,hybrid,False,budget,cuda,0.10630414734522789,age-local,common-temperature-soft,0.4892973156032291,0.42339421721220843,0.5057730902009843,0.8151498396549817,0.7361221861868296,0.8678349419670831,1.083200403627115,1.027918694017472,1.166122968041579,0.07330228705576006,0.1483716254976224,0.23429311197690397,0.561825920255999,0.1308520521825616,0.41605084086102506,0.13350166694956123,0.23824124714922615,0.984375,0.547145818068614,0.46893352125910265,0.8830034280659074,0.5383886729962726,0.516753863233116,0.8579011390025434,366087abff434d76,0.10630414734522789,0.10630414734522789,0.01707317073170732,0.15033676691212913,0.0745365674762247,,
bank,common_temperature_study,1201,0,0,512,8,2,0.12,0.0006,age,7.0,,B,analytic,hybrid,False,budget,cuda,0.07101845205266616,age-local,common-temperature-soft,0.551797315603229,0.22808171721220835,0.6327262152009843,0.9069467146549819,0.7389560856809134,1.0189404673043605,1.194372460051974,1.118452002469682,1.3082531464254121,0.05076281953813264,0.10327307724206558,0.2700771521554754,0.598642326505999,0.14763222222567007,0.5021324332356517,0.1498209201559625,0.2122783625657288,0.947265625,0.5568495039730686,0.46893352125910265,0.8830034280659074,0.5140371892951457,0.4724976835675008,0.8824505142098861,77752a88358ee089,0.07101845205266616,0.07101845205266616,0.01707317073170732,0.10043525807162386,0.0823490674762247,,
bank,common_temperature_study,1201,0,0,512,8,2,0.18,0.0006,age,7.0,,B,analytic,hybrid,False,budget,cuda,0.047389950141086525,age-local,common-temperature-soft,0.5961862766780935,0.2529723439400642,0.6819897598626009,0.9569447276208118,0.7964691698689593,1.0639284327887133,1.241088367729183,1.1874819295080907,1.3214980250608204,0.041673310683612214,0.09392926503925689,0.24936007626261825,0.5619235765059989,0.1371281761574612,0.43650754122663915,0.13891458279481372,0.21003895778611162,0.9765625,0.5,0.46893352125910265,0.8830034280659074,0.5,0.46893352125910265,0.8830034280659074,545b2b39485f82db,0.047389950141086525,0.047389950141086525,0.01707317073170732,0.06701951020970934,0.0491459424762247,,
bank,common_temperature_study,1201,0,0,512,8,2,0.3,0.0006,age,7.0,,B,analytic,hybrid,False,budget,cuda,0.028447606927641905,age-local,common-temperature-soft,0.6184473660566183,0.3635080310737587,0.6821821998023333,1.0085264068201925,0.9050907167491429,1.0774835335342254,1.3000116198302556,1.2585684369125292,1.362176394206845,0.05679554578521671,0.1447105150392569,0.25284779947690394,0.5830173265059989,0.1412194514506842,0.43307425935461114,0.14334298634198614,0.2108157752852514,0.953125,0.5,0.46893352125910265,0.8830034280659074,0.5,0.46893352125910265,0.8830034280659074,c7d259ea95d84b54,0.028447606927641905,0.028447606927641905,0.01707317073170732,0.04023099153413,0.0730128146425412,,
bank,common_temperature_study,1201,0,0,512,8,2,0.4,0.0006,age,7.0,,B,analytic,hybrid,False,budget,cuda,0.02133822395762797,age-local,common-temperature-soft,0.5962521943768662,0.1955392810737587,0.696430422702643,0.9722834219147408,0.7818569093497733,1.0992344302913855,1.284215864480814,1.218540713466217,1.3827285910027094,0.03417824247773864,0.06893971856684722,0.26110338649863346,0.5837871078631259,0.13798857708653514,0.418791662922979,0.1399778983373264,0.20308720728295337,0.9765625,0.5,0.46893352125910265,0.8830034280659074,0.5,0.46893352125910265,0.8830034280659074,4ddc1f827fa0aeca,0.02133822395762797,0.02133822395762797,0.01707317073170732,0.030176805717831975,0.1325831271425412,,
bank,common_temperature_study,1202,0,0,512,8,2,0.0,0.0006,global,7.0,,B,global,hybrid,False,budget,cuda,1.0,hard,common-temperature-hard,0.4394692372553356,0.4279173117328321,0.4423572186359615,0.7382358073924584,0.6940278392126507,0.7677077861789968,1.0084030811124627,0.9736533667846216,1.0605276526042244,0.08763125121772701,0.20738978007851394,0.2382239222129192,0.5277438890059989,0.13108585267050807,0.38671170898761476,0.1343626490860169,0.4057639449563863,0.9921875,0.5591820911846763,0.46893352125910265,0.8830034280659074,0.5624382555666165,0.5163208925545417,0.8135574477496406,c440d5c1c651b295,1.0,1.0,1.0,1.4142135623730951,0.0680415575237753,,
bank,common_temperature_study,1202,0,0,512,8,2,0.00025,0.0006,age,7.0,,B,analytic,hybrid,False,budget,cuda,1.0,age-local,common-temperature-soft,0.4031503994802611,0.32493581015702755,0.42270404681106943,0.7078017872940394,0.6315995452283535,0.7586032820044969,0.9818408834872276,0.9319018911957683,1.0567493719244168,0.073211492347409,0.15731803086641616,0.22964412310577634,0.515829826505999,0.12397173405986023,0.38182990080379836,0.12694325967575376,0.3926167211787823,0.998046875,0.5238323747385516,0.470875398114759,0.8832245936083158,0.5487745808835802,0.5022038306819716,0.780050868074754,47f4d54514b576dc,1.0,1.0,0.01707317073170732,1.4142135623730951,0.046127810357458804,,
bank,common_temperature_study,1202,0,0,512,8,2,0.0005,0.0006,age,7.0,,B,analytic,hybrid,False,budget,cuda,0.999999999999997,age-local,common-temperature-soft,0.427185132837554,0.39524831015702755,0.4351693385076856,0.7221995345156474,0.6699861296375651,0.7570084711010359,0.9885196509040142,0.9468143666602159,1.0510775772697114,0.0892085161569328,0.19247428086641616,0.23857269453434776,0.535849357755999,0.13309374599772175,0.3865203165604611,0.13628341747710787,0.40023889420863457,0.994140625,0.5357447151026322,0.46893352125910265,0.8830034280659074,0.5629928753463784,0.5251354872194394,0.8306977772862988,5d8498b9a80d7857,0.999999999999997,0.999999999999997,0.01707317073170732,1.414213562373091,0.0524165575237753,,
bank,common_temperature_study,1202,0,0,512,8,2,0.001,0.0006,age,7.0,,B,analytic,hybrid,False,budget,cuda,0.9999999230433523,age-local,common-temperature-soft,0.37195733232887324,0.31712331015702755,0.3856658378718346,0.6774258231505031,0.6021698413137233,0.7275964777083562,0.9633500186608426,0.9080520096114859,1.046297032234878,0.07004928996645661,0.13583365586641616,0.22950461417720489,0.533407951505999,0.12763517403809913,0.38915703531046114,0.13021451588800567,0.3733905492177058,0.998046875,0.5089121497893616,0.46893352125910265,0.8830034280659074,0.5591706093537859,0.5063695484301054,0.8437465442883999,92bc7cc6593171a4,0.9999999230433523,0.9999999230433523,0.01707317073170732,1.4142134535399602,0.0328853075237753,,
bank,common_temperature_study,1202,0,0,512,8,2,0.0015,0.0006,age,7.0,,B,analytic,hybrid,False,budget,cuda,0.999977205198173,age-local,common-temperature-soft,0.40908670725975893,0.34837331015702766,0.4242650565354418,0.7252679040418003,0.6444637556328099,0.7791373363144604,1.0082406626672564,0.9510045609633603,1.094094815223101,0.0698632780616947,0.17098990586641616,0.24680372132006204,0.5361423265059989,0.1343132720576896,0.392684388131704,0.13713318211331052,0.3890345702646453,0.990234375,0.5375144558618298,0.46893352125910265,0.8830034280659074,0.5618569434892693,0.492540046119246,0.8518190865863099,6621f322021ce7ed,0.999977205198173,0.999977205198173,0.01707317073170732,1.4141813256551998,0.0348384325237753,,
bank,common_temperature_study,1202,0,0,512,8,2,0.002,0.0006,age,7.0,,B,analytic,hybrid,False,budget,cuda,0.9996077590838693,age-local,common-temperature-soft,0.37671075002764576,0.29771862559438245,0.39645878113596156,0.6789239605219508,0.5988239565478823,0.7323239631713298,0.966769618074754,0.9124248526714954,1.0482867661796416,0.06727116524620469,0.13973990586641616,0.23745662310577634,0.5281345140059989,0.12762645541878145,0.386079896916123,0.1304644202564765,0.3679876535188629,0.99609375,0.5843512114515282,0.46893352125910265,0.8830034280659074,0.5461667256540796,0.4953797499973212,0.8669689262412916,2c120f8234ee4961,0.9996077590838693,0.9996077590838693,0.01707317073170732,1.4136588499497855,0.0289790575237753,,
bank,common_temperature_study,1202,0,0,512,8,2,0.0025,0.0006,age,7.0,,B,analytic,hybrid,False,budget,cuda,0.9978390388444542,age-local,common-temperature-soft,0.40925845612628553,0.3966673117328321,0.41240624222464894,0.6958760401691916,0.6593757991333076,0.7202095341931144,0.9738682112545616,0.9409434006275572,1.023255427195068,0.08521912338141056,0.19378118779719133,0.2274817347129192,0.5273532640059989,0.12883734660754437,0.38261851578914624,0.1317354002640619,0.38501433281793185,0.99609375,0.5331854505079823,0.46893352125910265,0.8830034280659074,0.5596677016097052,0.5035263624015872,0.8172066791993807,6e17f0e446cdf4b8,0.9978390388444542,0.9978390388444542,0.01707317073170732,1.4111575017991609,0.040268435357458804,,
bank,common_temperature_study,1202,0,0,512,8,2,0.003,0.0006,age,7.0,,B,analytic,hybrid,False,budget,cuda,0.9932706725063394,age-local,common-temperature-soft,0.370287100519739,0.2689558740185779,0.39561990714502937,0.6700198012274688,0.5893742051863319,0.7237835319215599,0.9614708458890855,0.9053216374774227,1.0456946585065796,0.05640887634081615,0.10979681279719133,0.23808441328434776,0.5334079515059988,0.128677317922082,0.3886152661243503,0.13110394491884317,0.3824473966934752,0.99609375,0.5592224551468787,0.46893352125910265,0.8830034280659074,0.5520992219579954,0.5228547933640759,0.800729846289948,82e5c6503526464f,0.9932706725063394,0.9932706725063394,0.01707317073170732,1.4046968561659101,0.0270259325237753,,
bank,common_temperature_study,1202,0,0,512,8,2,0.004,0.0006,age,7.0,,B,analytic,hybrid,False,budget,cuda,0.9723755493150279,age-local,common-temperature-soft,0.38249941252902797,0.3587996240185779,0.3884243596566405,0.6912445658935088,0.6396569687880129,0.7256362972971727,0.9889426300038707,0.9433959479477682,1.057262653088024,0.07221988824557805,0.16057806279719133,0.2427579623914906,0.5274509202559989,0.13222602151657686,0.3885523073786352,0.13510634419445222,0.37452231841683176,0.9921875,0.5142612625515943,0.4764095774452169,0.8805706070994139,0.5094393078704991,0.5095388196067099,0.8274908769213757,7d227e5c420e4a42,0.9723755493150279,0.9723755493150279,0.01707317073170732,1.375146689561301,0.0367915575237753,,
bank,common_temperature_study,1202,0,0,512,8,2,0.006,0.0006,age,7.0,,B,analytic,hybrid,False,budget,cuda,0.8901741643274665,age-local,common-temperature-soft,0.3644707923255557,0.33274831015702755,0.3724014128676877,0.6669757944680968,0.6248626354638948,0.6950512338042315,0.9590726684313834,0.9280188952550777,1.0056533281958422,0.06446893282359947,0.13973990586641616,0.23599177935577634,0.536825920255999,0.1270789440506657,0.37894753495452277,0.12980225512252552,0.3692463229706742,0.99609375,0.5453559545130106,0.46893352125910265,0.8830034280659074,0.547667176049611,0.5258360256363718,0.8389914851266173,57d59e62f39c1475,0.8901741643274665,0.8901741643274665,0.01707317073170732,1.2588963760660394,0.0377681200237753,,
bank,common_temperature_study,1202,0,0,512,8,2,0.008,0.0006,age,7.0,,B,analytic,hybrid,False,budget,cuda,0.7883559845346195,age-local,common-temperature-soft,0.3495498071712927,0.23118581015702758,0.379140806424859,0.6343905075058056,0.5372997631109699,0.6991176704356961,0.930183783382174,0.8693165783156401,1.021484590981975,0.04659486109355836,0.10263053086641616,0.2310392123914906,0.5133884202559988,0.12532121735574964,0.38652431222699857,0.12737278781021547,0.35009438465266923,0.998046875,0.5428938711880616,0.46893352125910265,0.8830034280659074,0.5162382089290767,0.5105551758578799,0.8105717129271259,577dc34cd6029bf3,0.7883559845346195,0.7883559845346195,0.01707317073170732,1.114903725306853,0.0231196825237753,,
bank,common_temperature_study,1202,0,0,512,8,2,0.012,0.0006,age,7.0,,B,analytic,hybrid,False,budget,cuda,0.6115427887510412,age-local,common-temperature-soft,0.3187112960300786,0.12962331015702758,0.36598329249834133,0.6379209920656862,0.5115999599137454,0.7221350135003134,0.9660760135602121,0.890227737153968,1.0798484281695788,0.024645456331653597,0.04794303086641616,0.24726744233404682,0.5710056077559988,0.13322716776083426,0.42597656249999993,0.13466031022243105,0.3224964172143235,0.998046875,0.6115803142233843,0.46893352125910265,0.8830034280659074,0.5839540821459897,0.517558163569,0.8601127944266284,c30d1303a249e421,0.6115427887510412,0.6115427887510412,0.01707317073170732,0.8648521058231872,0.0158543728574588,,
bank,common_temperature_study,1202,0,0,512,8,2,0.016,0.0006,age,7.0,,B,analytic,hybrid,False,budget,cuda,0.48807983095164215,age-local,common-temperature-soft,0.3389423276291055,0.27011656115227245,0.35614876924831373,0.6314538005916177,0.5594854315838217,0.6794327132634819,0.9261896719147407,0.8744285836881197,1.003831304254672,0.0352843375960359,0.0682935004976224,0.2237601878697611,0.5443454515059989,0.12004751200871534,0.403668399850022,0.12181192058240922,0.32937065218272193,0.9921875,0.5669713889345926,0.47177596974797364,0.8831140108371116,0.5922169166430914,0.5496020656158817,0.8306977772862988,9624aea89e699a68,0.48807983095164215,0.48807983095164215,0.01707317073170732,0.6902491164525799,0.0207371853574588,,
bank,common_temperature_study,1202,0,0,512,8,2,0.023,0.0006,age,7.0,,B,analytic,hybrid,False,budget,cuda,0.35500233981490636,age-local,common-temperature-soft,0.333201613126175,0.24797149729072213,0.35450914208503825,0.6391193032594271,0.5611336980260975,0.6911097067483136,0.9510862165487117,0.8945091478445576,1.0359518196049429,0.03363974798976325,0.07049176503925714,0.2357825159629192,0.5469821702559989,0.1264337559363013,0.40076875544274576,0.12818115171945357,0.3173382335422658,0.998046875,0.5362771406216524,0.46893352125910265,0.8830034280659074,0.4901622015759701,0.4913408501656075,0.809687050757492,33d6d76f205c49c0,0.35500233981490636,0.35500233981490636,0.01707317073170732,0.5020491236404228,0.016029318257215517,,
bank,common_temperature_study,1202,0,0,512,8,2,0.032,0.0006,age,7.0,,B,analytic,hybrid,False,budget,cuda,0.26061517189404104,age-local,common-temperature-soft,0.3029564476667036,0.10227956015702758,0.35312566954412256,0.6153076360859229,0.4934721607873493,0.6965312862849719,0.9344254965857569,0.8668165149609276,1.0358389690230012,0.022430036650289954,0.04119489003925714,0.23779931707733679,0.5430644516131259,0.12654663296501556,0.39245676472824276,0.12800444557496182,0.3076014939039927,0.99609375,0.5588927963939949,0.46893352125910265,0.8830034280659074,0.5541184262079301,0.5186442838564785,0.8207453278779167,b2e77629df46cf44,0.26061517189404104,0.26061517189404104,0.01707317073170732,0.36856551065274834,0.0081303174762247,,
bank,common_temperature_study,1202,0,0,512,8,2,0.05,0.0006,age,7.0,,B,analytic,hybrid,False,budget,cuda,0.16909191998223996,age-local,common-temperature-soft,0.38292757519628445,0.1838205310737587,0.4327043362269159,0.7010612922287957,0.5852408501396107,0.7782749202882523,0.994095095999668,0.925068437488481,1.0976350837664492,0.025949596636177442,0.060481000497622395,0.2383634311414906,0.5519511703631259,0.12626170939665812,0.4054531561014044,0.1278822648768547,0.2885790606560398,0.98828125,0.5556443852071405,0.46893352125910265,0.8830034280659074,0.5188764259072718,0.4967947853793622,0.8356740019904899,cc8878c7bbd79c1d,0.16909191998223996,0.16909191998223996,0.01707317073170732,0.23913208652658993,0.0227787549762247,,
bank,common_temperature_study,1202,0,0,512,8,2,0.08,0.0006,age,7.0,,B,analytic,hybrid,False,budget,cuda,0.10630414734522789,age-local,common-temperature-soft,0.48990310184673225,0.1564767810737587,0.5732596820399757,0.8543851252349886,0.7016101024272917,0.9562351404401194,1.1621552063750966,1.1042006478307347,1.24908704419164,0.027388201147427904,0.0556896563640385,0.2516167793557763,0.563474607863126,0.13316593760555198,0.4146533402908327,0.13488538988716214,0.2399907768616603,0.978515625,0.6083941653359974,0.46893352125910265,0.8830034280659074,0.5840209608516915,0.5530557916718872,0.8216299900475506,dda5958b9e9f4549,0.10630414734522789,0.10630414734522789,0.01707317073170732,0.15033676691212913,0.0569584424762247,,
bank,common_temperature_study,1202,0,0,512,8,2,0.12,0.0006,age,7.0,,B,analytic,hybrid,False,budget,cuda,0.07101845205266616,age-local,common-temperature-soft,0.5728017354583655,0.17484734394006415,0.672290333337941,0.9191290483661396,0.7244679068063695,1.0489031427393194,1.1924568727192304,1.1208028222796638,1.29993794837858,0.02706262374738685,0.050135031930775176,0.24199066328434776,0.5573222641131259,0.13079299874357844,0.4159585409640053,0.13226112548175983,0.20403714902636155,0.974609375,0.5433758121619814,0.46893352125910265,0.8830034280659074,0.5179581161748221,0.4833141362089981,0.8666371779276789,8cd5ae70661b0b1c,0.07101845205266616,0.07101845205266616,0.01707317073170732,0.10043525807162386,0.0882084424762247,,
bank,common_temperature_study,1202,0,0,512,8,2,0.18,0.0006,age,7.0,,B,analytic,hybrid,False,budget,cuda,0.047389950141086525,age-local,common-temperature-soft,0.6669552761804711,0.4617811255943824,0.7182488138269932,1.0377260899314389,0.916418107410428,1.118598078278779,1.3191794153627117,1.262614067280401,1.4040274374861772,0.11103898684459967,0.22485192275793442,0.26456654947690394,0.596591545255999,0.1526732194833866,0.4413343927969147,0.15621905049500975,0.20909762420629535,0.970703125,0.5530595528241161,0.46893352125910265,0.8830034280659074,0.533600098483333,0.48126039906919454,0.8751520513104059,741889bab3fffa4a,0.047389950141086525,0.047389950141086525,0.01707317073170732,0.06701951020970934,0.0835550028336835,,
bank,common_temperature_study,1202,0,0,512,8,2,0.3,0.0006,age,7.0,,B,analytic,hybrid,False,budget,cuda,0.028447606927641905,age-local,common-temperature-soft,0.6656394275959305,0.43443737559438245,0.7234399405963176,1.0624352918002875,0.958828220032069,1.1315066729791,1.3399685875815548,1.3029626679475836,1.3954774670325114,0.10397053446364729,0.2080334063640385,0.23924452960853695,0.5590813617058772,0.13846675970993838,0.4223546419709996,0.14175931359846056,0.1969413220940627,0.982421875,0.5,0.46893352125910265,0.8830034280659074,0.5,0.46893352125910265,0.8830034280659074,b08dc88f0fce9473,0.028447606927641905,0.028447606927641905,0.01707317073170732,0.04023099153413,0.0803959424762247,,
bank,common_temperature_study,1202,0,0,512,8,2,0.4,0.0006,age,7.0,,B,analytic,hybrid,False,budget,cuda,0.02133822395762797,age-local,common-temperature-soft,0.6764791309576468,0.4848600955158686,0.7243838898180913,1.0386137758487228,0.9343587581554794,1.1081171209775516,1.3228585387177927,1.2831779271029158,1.3823794561401086,0.11342299588474117,0.2424300477579342,0.25382436197690394,0.5759860765059989,0.1456055538939146,0.4333895282435309,0.1493014611280293,0.21353333125569288,0.978515625,0.5,0.46893352125910265,0.8830034280659074,0.5,0.46893352125910265,0.8830034280659074,2c5fd4d9a14f1fcc,0.02133822395762797,0.02133822395762797,0.01707317073170732,0.030176805717831975,0.0481693799762247,,
bank,common_temperature_study,1203,0,0,512,8,2,0.0,0.0006,global,7.0,,B,global,hybrid,False,budget,cuda,1.0,hard,common-temperature-hard,0.3995874744277341,0.37962331015702755,0.40457851549541085,0.7236072618323565,0.6692939074076634,0.7598161647821521,1.0311769116996572,0.9801107958734195,1.1077760854390135,0.0657710161569328,0.13778678086641616,0.24624568560577634,0.5295993577559989,0.13420627282415232,0.3860424672398539,0.13687497481453514,0.38982667939167087,0.998046875,0.5389698075195339,0.46893352125910265,0.8830034280659074,0.5541173608834145,0.5241997985157996,0.8600022116554241,cdba002f6cca7e5b,1.0,1.0,1.0,1.4142135623730951,0.0153071825237753,,
bank,common_temperature_study,1203,0,0,512,8,2,0.00025,0.0006,age,7.0,,B,analytic,hybrid,False,budget,cuda,1.0,age-local,common-temperature-soft,0.4535846096428176,0.39915456015702755,0.46719212201426513,0.7758390899729073,0.7078365387938185,0.8211741240922997,1.0518532117383612,1.0079166753059456,1.1177580163869845,0.07993719161887917,0.16122428086641616,0.2676603061414906,0.564072014005999,0.144320021097707,0.40432975825569495,0.14761906122670318,0.42225356197540037,0.998046875,0.5862928245659098,0.47757730714046237,0.8813446864978436,0.5730523204543491,0.504259820217454,0.8663054296140661,62514470c387126e,1.0,1.0,0.01707317073170732,1.4142135623730951,0.0612056200237753,,
bank,common_temperature_study,1203,0,0,512,8,2,0.0005,0.0006,age,7.0,,B,analytic,hybrid,False,budget,cuda,0.999999999999997,age-local,common-temperature-soft,0.4111362898097976,0.41477956015702766,0.41022547222299016,0.726616106726197,0.6773411798144974,0.7594660580006632,1.0287843497733054,0.9839833526853182,1.095985845405286,0.08328540590459346,0.17684928086641616,0.2475012659629192,0.543857170255999,0.13681227092981113,0.402994287708725,0.13991309933702847,0.38022232689239926,1.0,0.5556846307999521,0.46893352125910265,0.8830034280659074,0.5698977761942584,0.5314648106997043,0.8406502266946809,ccc88414e3742b8c,0.999999999999997,0.999999999999997,0.01707317073170732,1.414213562373091,0.0289790575237753,,
bank,common_temperature_study,1203,0,0,512,8,2,0.001,0.0006,age,7.0,,B,analytic,hybrid,False,budget,cuda,0.9999999230433523,age-local,common-temperature-soft,0.4362963756496738,0.4161985617328321,0.44132082912888426,0.7496489428978216,0.6830056310820525,0.7940778174416677,1.0213204446809687,0.9809329672582846,1.081901660814995,0.08611388527959016,0.20543665507851394,0.2525235873914906,0.5173923265059989,0.13867478855276488,0.40016306639113114,0.14194635432787894,0.40560394052951426,0.998046875,0.5271138109853897,0.46890233159100253,0.8828928452947031,0.5601707715198511,0.5356057556627206,0.8161008514873382,d5d2c8b152b935d8,0.9999999230433523,0.9999999230433523,0.01707317073170732,1.4142134535399602,0.0533931200237753,,
bank,common_temperature_study,1203,0,0,512,8,2,0.0015,0.0006,age,7.0,,B,analytic,hybrid,False,budget,cuda,0.999977205198173,age-local,common-temperature-soft,0.3983282131206458,0.3497923117328321,0.4104621884675993,0.7092750435419661,0.6464411786049984,0.7511642868332781,1.002394376174942,0.9614775269315124,1.0637696500400862,0.07349434645582226,0.16246790507851394,0.2380587037156798,0.5333977679558772,0.13159510437447952,0.3848777196450292,0.13435941342512597,0.3917022577988894,0.99609375,0.49804797037924375,0.4700180912143863,0.8803494415570055,0.5352448411660332,0.48828953297183275,0.8483910206789782,faf42ab2384477fa,0.999977205198173,0.999977205198173,0.01707317073170732,1.4141813256551998,0.0387446825237753,,
bank,common_temperature_study,1203,0,0,512,8,2,0.002,0.0006,age,7.0,,B,analytic,hybrid,False,budget,cuda,0.9996077590838693,age-local,common-temperature-soft,0.4227172433097423,0.40306081015702766,0.42763135159792104,0.7496520530382617,0.6967214584139666,0.7849391161211251,1.0380565423532013,1.0079483526622803,1.083218826889583,0.08269809949026613,0.19638053086641616,0.2476407748914906,0.533700920255999,0.1355891576590135,0.38813665006773185,0.1387708422131197,0.39292544319589207,0.99609375,0.5484825635969144,0.46887113825913307,0.8827822625234988,0.5318539132328692,0.4963490574419445,0.8287072874046224,e587c0ca4c3d64c9,0.9996077590838693,0.9996077590838693,0.01707317073170732,1.4136588499497855,0.03501337792353201,,
bank,common_temperature_study,1203,0,0,512,8,2,0.0025,0.0006,age,7.0,,B,analytic,hybrid,False,budget,cuda,0.9978390388444542,age-local,common-temperature-soft,0.4171671113015593,0.37571706015702755,0.42752962408769224,0.7372786184756165,0.6740857914961849,0.7794071697952377,1.0272245711461907,0.9822220916731174,1.0947282903558,0.07919314399983156,0.16122428086641616,0.25189579721291916,0.554989982755999,0.14077359045637772,0.40927422281046105,0.1436279584526033,0.39237028866306844,0.998046875,0.5827709800867175,0.48010634394413765,0.8764790445648568,0.5536196767805419,0.5335974058661784,0.8450735375428509,7a82a07df12c8ac4,0.9978390388444542,0.9978390388444542,0.01707317073170732,1.4111575017991609,0.0299556200237753,,
bank,common_temperature_study,1203,0,0,512,8,2,0.003,0.0006,age,7.0,,B,analytic,hybrid,False,budget,cuda,0.9932706725063394,age-local,common-temperature-soft,0.42394868613844966,0.3534402472907222,0.44157579585038154,0.7440299126396107,0.6839006603864868,0.7841160808083601,1.0265571436470196,0.9861392847598512,1.087183931977773,0.06301917952849619,0.14755240586641616,0.2427579623914906,0.5504001390059989,0.13025631071708788,0.3933820531073757,0.13298482954271243,0.39110360217305157,0.998046875,0.48918399693186543,0.46893352125910265,0.8830034280659074,0.5340128525484338,0.5032072941265766,0.8412031405507022,0354976d0eea7cf3,0.9932706725063394,0.9932706725063394,0.01707317073170732,1.4046968561659101,0.0406978075237753,,
bank,common_temperature_study,1203,0,0,512,8,2,0.004,0.0006,age,7.0,,B,analytic,hybrid,False,budget,cuda,0.9723755493150279,age-local,common-temperature-soft,0.4149663413690147,0.4005735617328321,0.4185645362780604,0.7287344579370785,0.6713540514762801,0.7669880622442773,1.0217167284087139,0.9775114528041948,1.0880246418154929,0.0831669655034413,0.18981165507851394,0.2530118686414906,0.5458102952559989,0.13895436105749664,0.4070820381614232,0.142128732966,0.39104333453498374,0.998046875,0.5067163975933136,0.4722894804776738,0.8817870175826606,0.5644929706337379,0.5400469276308932,0.8385491540418003,a25a584624348eba,0.9723755493150279,0.9723755493150279,0.01707317073170732,1.375146689561301,0.032455935357458804,,
bank,common_temperature_study,1203,0,0,512,8,2,0.006,0.0006,age,7.0,,B,analytic,hybrid,False,budget,cuda,0.8901741643274665,age-local,common-temperature-soft,0.3822174264624572,0.24041731173283207,0.4176674551448635,0.6847019967101626,0.5934598282165764,0.74553010903922,0.9870409087139225,0.9317330652853034,1.0700026738568509,0.04856875121772702,0.11559290507851394,0.2553835204272049,0.5432712327559989,0.13646634273836977,0.40718524514818083,0.1387957486306051,0.3811515869472345,0.998046875,0.5872419103399213,0.4789230797834986,0.8755943823952228,0.5148294948112777,0.5189849741383489,0.8278226252349884,43382d04c274e581,0.8901741643274665,0.8901741643274665,0.01707317073170732,1.2588963760660394,0.0358149950237753,,
bank,common_temperature_study,1203,0,0,512,8,2,0.008,0.0006,age,7.0,,B,analytic,hybrid,False,budget,cuda,0.7883559845346195,age-local,common-temperature-soft,0.33951243365033734,0.20774831015702758,0.3724534645236648,0.6572821778585646,0.5388506216825169,0.7362365486425965,0.9619936086613954,0.89045509417966,1.0693013803839986,0.03878236109355836,0.08505240586641616,0.2504689200086689,0.5520591505515312,0.13319326299855339,0.4088507145547661,0.13523578961751465,0.3475300018222082,1.0,0.5635614035295384,0.46880874060150374,0.8825610969810903,0.5420167540035488,0.49654590468856796,0.8623244498507132,0ffdc8e53031ff02,0.7883559845346195,0.7883559845346195,0.01707317073170732,1.114903725306853,0.028749684666316496,,
bank,common_temperature_study,1203,0,0,512,8,2,0.012,0.0006,age,7.0,,B,analytic,hybrid,False,budget,cuda,0.6115427887510412,age-local,common-temperature-soft,0.3309549686221388,0.28312774729072215,0.34291177395499295,0.6552090964696451,0.6034972665321242,0.6896836497613256,0.9561734127916621,0.9114676925522504,1.0232319931507796,0.039180385018930765,0.10067740586641616,0.23131823024863346,0.5316501390059989,0.1234044566678684,0.3971160466832078,0.1253713014961788,0.3335568966629601,0.99609375,0.5880280014630457,0.46893352125910265,0.8830034280659074,0.5435727788279773,0.5015269774353998,0.8392126506690257,06a39b474c86cfd3,0.6115427887510412,0.6115427887510412,0.01707317073170732,0.8648521058231872,0.0041356228574588,,
bank,common_temperature_study,1203,0,0,512,8,2,0.016,0.0006,age,7.0,,B,analytic,hybrid,False,budget,cuda,0.48807983095164215,age-local,common-temperature-soft,0.2979839378524826,0.14640899729072213,0.33587767299292276,0.6156088445482693,0.5325214858868739,0.6710004169891999,0.9333822604500719,0.8831381288243209,1.0087484578886985,0.022485513163299206,0.05380240586641616,0.22640362983009746,0.5198914215415235,0.12045149086568441,0.3878443508618543,0.12187908012667888,0.32819405378049765,0.99609375,0.583391709171142,0.46893352125910265,0.8830034280659074,0.5020998138049486,0.49405097663583175,0.8325776843967709,351668f2182ebfe5,0.48807983095164215,0.48807983095164215,0.01707317073170732,0.6902491164525799,0.008416817566073213,,
bank,common_temperature_study,1203,0,0,512,8,2,0.023,0.0006,age,7.0,,B,analytic,hybrid,False,budget,cuda,0.35500233981490636,age-local,common-temperature-soft,0.3080539678480593,0.16203399729072213,0.3445589604873936,0.6003009492839764,0.5087379827629105,0.6613429269646872,0.9081509437548378,0.8581225925209185,0.983193470605717,0.022826188731878926,0.04681171728132261,0.22828700036581173,0.5105164215415235,0.12068803520627258,0.36934427440423534,0.12219144532951406,0.3165752948879106,0.994140625,0.6147494179185216,0.46893352125910265,0.8830034280659074,0.5225728060529372,0.4890822754800642,0.8435253787459914,1f5b007f27895480,0.35500233981490636,0.35500233981490636,0.01707317073170732,0.5020491236404228,0.010369942566073213,,
bank,common_temperature_study,1203,0,0,512,8,2,0.032,0.0006,age,7.0,,B,analytic,hybrid,False,budget,cuda,0.26061517189404104,age-local,common-temperature-soft,0.32019448744885554,0.16074156115227248,0.3600577190230013,0.6363930923780826,0.5304484908907442,0.7070228267029748,0.9534675474123631,0.8847817516541339,1.056496241049707,0.022449516167464472,0.04528040507851394,0.23324679501261825,0.5428691391131258,0.12545326682522503,0.40373830241623354,0.12679571584474472,0.31085631458988383,0.99609375,0.5350518990593185,0.46893352125910265,0.8830034280659074,0.549076304460277,0.512671008644973,0.8368904124737366,5443b57d3fad9acd,0.26061517189404104,0.26061517189404104,0.01707317073170732,0.36856551065274834,0.005487130066073213,,
bank,common_temperature_study,1203,0,0,512,8,2,0.05,0.0006,age,7.0,,B,analytic,hybrid,False,budget,cuda,0.16909191998223996,age-local,common-temperature-soft,0.38326182890080723,0.24667906115227248,0.4174075208379409,0.7105653630570608,0.6256654404650006,0.7671653114517675,1.012812785096207,0.9611616892900585,1.0902894288054297,0.03616490639300065,0.0908459063640385,0.24610009832733679,0.5430461363416452,0.13196308697024647,0.38868712332743555,0.1338219166811984,0.28481598473291597,0.99609375,0.5681019349844285,0.46893352125910265,0.8830034280659074,0.4778666994944444,0.4972383551936667,0.8303660289726861,708132d0057ae311,0.16909191998223996,0.16909191998223996,0.01707317073170732,0.23913208652658993,0.0266850049762247,,
bank,common_temperature_study,1203,0,0,512,8,2,0.08,0.0006,age,7.0,,B,analytic,hybrid,False,budget,cuda,0.10630414734522789,age-local,common-temperature-soft,0.49907361011279444,0.2944879672122084,0.550220020837941,0.8299517323482251,0.6979084953486122,0.9179805570146337,1.1161796849082162,1.0565284583609789,1.205656524729072,0.04141810226800003,0.08025739003925689,0.2530570628697611,0.574521232755999,0.13909705241435286,0.4704489466127114,0.14088609847350206,0.24220754860796226,0.96484375,0.5662762055034665,0.46893352125910265,0.8830034280659074,0.5342967615318419,0.5214457097945797,0.8613292049098751,cda51643690974de,0.10630414734522789,0.10630414734522789,0.01707317073170732,0.15033676691212913,0.0667240674762247,,
bank,common_temperature_study,1203,0,0,512,8,2,0.12,0.0006,age,7.0,,B,analytic,hybrid,False,budget,cuda,0.07101845205266616,age-local,common-temperature-soft,0.5187820517250913,0.27757053107375873,0.5790849318879244,0.8737257927402411,0.7262599092530134,0.972036381731726,1.162551706084817,1.083846506505953,1.280609505453113,0.04127596555873263,0.08309560917284076,0.2490810584054754,0.5773417953631259,0.13530097746448186,0.43253863485568944,0.13720257403642389,0.22215878945869977,0.984375,0.5620804840834599,0.46893352125910265,0.8830034280659074,0.48455528028096156,0.4711668576554591,0.8811235209554351,0191013883eee569,0.07101845205266616,0.07101845205266616,0.01707317073170732,0.10043525807162386,0.0755131299762247,,
bank,common_temperature_study,1203,0,0,512,8,2,0.18,0.0006,age,7.0,,B,analytic,hybrid,False,budget,cuda,0.047389950141086525,age-local,common-temperature-soft,0.5586258017250914,0.3556955310737588,0.6093583693879244,0.9256297170463341,0.7545211506828485,1.0397020946219913,1.2191433031764902,1.1320281254607616,1.3498160697500832,0.050267665433142185,0.1240490313640385,0.25656326797019396,0.5640605453631259,0.13771752558496028,0.4077413555374322,0.14005855183864688,0.21982309895740107,0.990234375,0.4848652897150021,0.46893352125910265,0.8830034280659074,0.48759571644849214,0.47152688029431916,0.8793541966161672,6cef9d0e8804d368,0.047389950141086525,0.047389950141086525,0.01707317073170732,0.06701951020970934,0.0774662549762247,,
bank,common_temperature_study,1203,0,0,512,8,2,0.3,0.0006,age,7.0,,B,analytic,hybrid,False,budget,cuda,0.028447606927641905,age-local,common-temperature-soft,0.5471578499944708,0.2983942172122084,0.6093487581900365,0.9427602410013269,0.7446668650821078,1.0748224916141398,1.28775373562424,1.1903973262007448,1.4337883497594823,0.053694887982285736,0.11346051503925689,0.26791476376261825,0.601279045255999,0.1478457292235566,0.438830664948026,0.1500196150964405,0.23636932017061385,0.98828125,0.5,0.46893352125910265,0.8830034280659074,0.5,0.46893352125910265,0.8830034280659074,3a21d663127ba468,0.028447606927641905,0.028447606927641905,0.01707317073170732,0.04023099153413,0.0657475049762247,,
bank,common_temperature_study,1203,0,0,512,8,2,0.4,0.0006,age,7.0,,B,analytic,hybrid,False,budget,cuda,0.02133822395762797,age-local,common-temperature-soft,0.5769811594603561,0.47727956015702766,0.6019065592861882,0.9398624972354309,0.8202851782801615,1.019580709872277,1.27369987490324,1.214217834236426,1.3629229359034611,0.1089088491887965,0.21005240586641616,0.2901212436414906,0.6145602952559991,0.1678746061017711,0.4779395794744552,0.1713041586228695,0.2544365916935523,0.98828125,0.4394914614240074,0.46893352125910265,0.8830034280659074,0.4739711036643612,0.4696165505305464,0.8821187658962734,0e0f7784b5bfb276,0.02133822395762797,0.02133822395762797,0.01707317073170732,0.030176805717831975,0.0393803174762247,,
bank,common_temperature_study,1204,0,0,512,8,2,0.0,0.0006,global,7.0,,B,global,hybrid,False,budget,cuda,1.0,hard,common-temperature-hard,0.46436565230012167,0.3966673117328321,0.4812902374419441,0.7813852479127502,0.7173628557655092,0.8240668426775776,1.0741850136155038,1.0381000843193628,1.1283124075597148,0.0835157455385118,0.18596868779719133,0.25433720346291916,0.5466892015059989,0.139925956706704,0.4019507276000774,0.14309534520692688,0.41543658850189136,0.994140625,0.5889052370169494,0.48780186511507506,0.8826716797522945,0.5256295180116783,0.4895362317566142,0.7714254119208227,7a90cae94d0d388a,1.0,1.0,1.0,1.4142135623730951,0.0533931200237753,,
bank,common_temperature_study,1204,0,0,512,8,2,0.00025,0.0006,age,7.0,,B,analytic,hybrid,False,budget,cuda,1.0,age-local,common-temperature-soft,0.466456962567732,0.43443737559438245,0.4744618593110694,0.7735498106270042,0.7020035135947694,0.8212473419818275,1.0654872466963399,1.0199221053807734,1.1338349586696892,0.09740509381763325,0.19638053086641616,0.25915026149863346,0.5562595140059989,0.1429678769626561,0.4071845972022558,0.14657272519022577,0.4019391145696605,0.994140625,0.5095058906527243,0.4688399412628487,0.8826716797522945,0.5680890327208507,0.5110904122126784,0.8276014596925799,b855430b4e876b91,1.0,1.0,0.01707317073170732,1.4142135623730951,0.045151247857458804,,
bank,common_temperature_study,1204,0,0,512,8,2,0.0005,0.0006,age,7.0,,B,analytic,hybrid,False,budget,cuda,0.999999999999997,age-local,common-temperature-soft,0.4367634150724317,0.41881237559438245,0.4412511749419441,0.7557341054544952,0.7075011187866306,0.7878894298997383,1.0317836482638505,0.9988440644697557,1.0811930239549927,0.09219676048429992,0.20028678086641616,0.2455481409629192,0.5167087327559988,0.136249448349712,0.3976406561014044,0.1396015000734108,0.4100232553226875,0.9921875,0.5171421367805656,0.46916698082564895,0.8805706070994139,0.5966183640639999,0.5379393090571906,0.8199712484794869,81722dfcf161ef02,0.999999999999997,0.999999999999997,0.01707317073170732,1.414213562373091,0.0494868700237753,,
bank,common_temperature_study,1204,0,0,512,8,2,0.001,0.0006,age,7.0,,B,analytic,hybrid,False,budget,cuda,0.9999999230433523,age-local,common-temperature-soft,0.4226736149507907,0.42271862559438245,0.42266236228989273,0.7514212909847395,0.7214768804254672,0.7713842313575877,1.044251294163994,1.012397581347451,1.092031863388809,0.09852116524620469,0.20809928086641616,0.24757102042720489,0.545322014005999,0.1363407506891676,0.38892639895844844,0.1399831937949177,0.3979807910185771,1.0,0.5934963122016351,0.4928956996952907,0.8807917726418224,0.5564629687279907,0.5123641313097868,0.7990711047218844,04224c61ddd0f76e,0.9999999230433523,0.9999999230433523,0.01707317073170732,1.4142134535399602,0.0338618700237753,,
bank,common_temperature_study,1204,0,0,512,8,2,0.0015,0.0006,age,7.0,,B,analytic,hybrid,False,budget,cuda,0.999977205198173,age-local,common-temperature-soft,0.4348256247926573,0.37193737559438245,0.4505476870922261,0.756877773208559,0.698152015025434,0.7960282786639757,1.0509871672149729,1.010903130068377,1.1111132229348668,0.08605836762715706,0.18466178086641616,0.2563600829272049,0.557529045255999,0.1390827498528854,0.40001598266615057,0.14248974090365565,0.40810949646738975,0.99609375,0.578485534668619,0.46893352125910265,0.8830034280659074,0.5407311440519973,0.5148620108097443,0.7979652770098419,52197098ce4c23bc,0.999977205198173,0.999977205198173,0.01707317073170732,1.4141813256551998,0.0289790575237753,,
bank,common_temperature_study,1204,0,0,512,8,2,0.002,0.0006,age,7.0,,B,analytic,hybrid,False,budget,cuda,0.9996077590838693,age-local,common-temperature-soft,0.42330523263850495,0.42271862559438245,0.42345188439953557,0.7398416765730399,0.6761703415279774,0.7822892332697483,1.044580450693907,0.9928197512348409,1.1222214998825057,0.0992652128652523,0.17880240586641616,0.25336064096291916,0.5451267015059988,0.13967008124472002,0.40426903492342137,0.1433354398571859,0.3850140347613554,0.998046875,0.5797080537349686,0.4740457240477198,0.8815658520402522,0.5678686289155115,0.5356857653467335,0.8424195510339489,3b9562007bb61b7b,0.9996077590838693,0.9996077590838693,0.01707317073170732,1.4136588499497855,0.0275731228574588,,
bank,common_temperature_study,1204,0,0,512,8,2,0.0025,0.0006,age,7.0,,B,analytic,hybrid,False,budget,cuda,0.9978390388444542,age-local,common-temperature-soft,0.40441026553687937,0.3380735617328321,0.42099444148789117,0.6993820755695013,0.6215189105178038,0.7512908522706329,0.9879428494415571,0.9405825667413099,1.0589832734919276,0.07216901934803562,0.15862493779719133,0.24485059632006204,0.520712639005999,0.1322942644743538,0.3863090213943104,0.13525964460626455,0.3874465665337797,0.998046875,0.5169018469176019,0.46890233159100253,0.8828928452947031,0.5233299558600543,0.4871337339170413,0.8446312064580338,6b15f6003c62c656,0.9978390388444542,0.9978390388444542,0.01707317073170732,1.4111575017991609,0.048080935357458804,,
bank,common_temperature_study,1204,0,0,512,8,2,0.003,0.0006,age,7.0,,B,analytic,hybrid,False,budget,cuda,0.9932706725063394,age-local,common-temperature-soft,0.418282096649342,0.36399831015702755,0.4318530432724207,0.7199314645996904,0.670389691957868,0.752959313027572,1.0147759316598475,0.9819069019775887,1.0640794761832355,0.07674571853788519,0.16317740586641616,0.23801465882006204,0.533896232755999,0.12975126992699657,0.3855256007754615,0.1327626644479298,0.37632550735384046,0.994140625,0.5858470454408253,0.46890233159100253,0.8828928452947031,0.5813290041701535,0.5382215208260945,0.7818201924140219,b6347d49c67869a0,0.9932706725063394,0.9932706725063394,0.01707317073170732,1.4046968561659101,0.051987185357458804,,
bank,common_temperature_study,1204,0,0,512,8,2,0.004,0.0006,age,7.0,,B,analytic,hybrid,False,budget,cuda,0.9723755493150279,age-local,common-temperature-soft,0.41877764569280107,0.3302610617328321,0.44090679168279334,0.7299273263850492,0.6441027417615836,0.7871437161340263,1.0231263131704078,0.9683376184157174,1.105309355302444,0.06881477813673302,0.14098353007851394,0.25712738203434776,0.5541110765059989,0.13828037387719933,0.4026737812569114,0.1412143436069487,0.38986524513174586,1.0,0.5308199566057814,0.46874632828104806,0.8823399314386818,0.562819582558507,0.4994173209672105,0.8600022116554241,2c4df9e0aec9d694,0.9723755493150279,0.9723755493150279,0.01707317073170732,1.375146689561301,0.0416743700237753,,
bank,common_temperature_study,1204,0,0,512,8,2,0.006,0.0006,age,7.0,,B,analytic,hybrid,False,budget,cuda,0.8901741643274665,age-local,common-temperature-soft,0.35406840926683625,0.29368581015702755,0.3691640590442884,0.6561397196035608,0.5877476449325445,0.7017344360509049,0.9498105406115229,0.8976627726556452,1.0280321925453388,0.06766040590459346,0.13388053086641616,0.24052581953434776,0.5241306077559988,0.13050445049813023,0.38661513264748965,0.1332687729416935,0.3693165487293392,0.9921875,0.5564363947997959,0.46893352125910265,0.8830034280659074,0.5556744510323587,0.5122325219414843,0.8575693906889307,9d45ad623bc06c3b,0.8901741643274665,0.8901741643274665,0.01707317073170732,1.2588963760660394,0.0236668728574588,,
bank,common_temperature_study,1204,0,0,512,8,2,0.008,0.0006,age,7.0,,B,analytic,hybrid,False,budget,cuda,0.7883559845346195,age-local,common-temperature-soft,0.34833071851155595,0.22337331015702758,0.379570070600188,0.6547135042297909,0.5472256467364259,0.7263720758920343,0.9645783081527147,0.8954442778023517,1.0682793536782595,0.04459492971411728,0.09872428086641616,0.24623960725590824,0.5455851988416451,0.1316722848720794,0.4074291859898538,0.13383752909253468,0.35646928386970383,0.990234375,0.6004269583919755,0.46890233159100253,0.8828928452947031,0.5746593033014407,0.5192143399396087,0.8472851929669357,2121d78d08c5b1e7,0.7883559845346195,0.7883559845346195,0.01707317073170732,1.114903725306853,0.017982443257215517,,
bank,common_temperature_study,1204,0,0,512,8,2,0.012,0.0006,age,7.0,,B,analytic,hybrid,False,budget,cuda,0.6115427887510412,age-local,common-temperature-soft,0.33901498396549823,0.18417906115227248,0.3777239646688047,0.662914814981201,0.565665323834734,0.7277478090788456,0.9863854466161672,0.927103491651001,1.0753083790639169,0.025641194945577515,0.05699915507851394,0.25266309632006206,0.561423826613126,0.13236039830202787,0.4107470902908327,0.13413021348887166,0.3400749895443659,0.998046875,0.5317576789182932,0.46893352125910265,0.8830034280659074,0.5132291998347563,0.5005068735014667,0.8221829039035718,fe24fe4f1fb5b2ff,0.6115427887510412,0.6115427887510412,0.01707317073170732,0.8648521058231872,0.0158543728574588,,
bank,common_temperature_study,1204,0,0,512,8,2,0.016,0.0006,age,7.0,,B,analytic,hybrid,False,budget,cuda,0.48807983095164215,age-local,common-temperature-soft,0.34914082370341715,0.28587331015702755,0.3649577020900145,0.6550186003676877,0.6044573064110361,0.6887261296721222,0.9617962443326331,0.9219413784603193,1.0215785431411037,0.05482558447602203,0.12606803086641616,0.2315029334054754,0.5537204515059989,0.12735968168265036,0.4119138033216299,0.1295461730592593,0.3342195433227506,0.994140625,0.583040152080993,0.47411848449645194,0.8817870175826606,0.5385254488271369,0.5190260811213877,0.8206347451067124,422efd2e04a762b8,0.48807983095164215,0.48807983095164215,0.01707317073170732,0.6902491164525799,0.0123774950237753,,
bank,common_temperature_study,1204,0,0,512,8,2,0.023,0.0006,age,7.0,,B,analytic,hybrid,False,budget,cuda,0.35500233981490636,age-local,common-temperature-soft,0.3008928694846843,0.22808171721220835,0.31909565755280334,0.6179827888283755,0.5698289163579564,0.6500853704753214,0.925343972893398,0.8856738292049099,0.9848491884261307,0.04205228705576004,0.0839185004976224,0.21350513228710838,0.5111321429558772,0.11576693732998837,0.3817802465477439,0.11763296841796415,0.3097332516167437,0.994140625,0.604648721077919,0.46893352125910265,0.8830034280659074,0.5321627389730035,0.49153284524357765,0.8205241623355082,df2d2815528689aa,0.35500233981490636,0.35500233981490636,0.01707317073170732,0.5020491236404228,0.002500315333683504,,
bank,common_temperature_study,1204,0,0,512,8,2,0.032,0.0006,age,7.0,,B,analytic,hybrid,False,budget,cuda,0.26061517189404104,age-local,common-temperature-soft,0.28422856422094445,0.1252267810737587,0.3239790100077409,0.5744997857458808,0.464180145381787,0.6480462126552766,0.8768022831886542,0.810613541436286,0.9760853958172067,0.021587686378045624,0.042322531930775176,0.21727302269118967,0.5193454515059989,0.11509542806534313,0.3830765379644476,0.11650407810316174,0.31097167123057723,0.9921875,0.5411241304288641,0.46893352125910265,0.8830034280659074,0.5212154050659732,0.5100475202623739,0.8218511555899591,e2881584f29892f9,0.26061517189404104,0.26061517189404104,0.01707317073170732,0.36856551065274834,0.010337869242784483,,
bank,common_temperature_study,1204,0,0,512,8,2,0.05,0.0006,age,7.0,,B,analytic,hybrid,False,budget,cuda,0.16909191998223996,age-local,common-temperature-soft,0.3905595142651775,0.2385080310737587,0.4285723850630322,0.7170698330200154,0.5983486882118766,0.796217262892108,1.0330665811953996,0.9667741248986325,1.1325052656405505,0.03347436750604257,0.0615490313640385,0.2466396521554754,0.559872795255999,0.13045252226042464,0.42368381664339816,0.13236256682434835,0.2832009733953879,0.990234375,0.6003490713329458,0.46893352125910265,0.8830034280659074,0.49339078588989516,0.5046439440048691,0.844741789229238,de20660cffb04b08,0.16909191998223996,0.16909191998223996,0.01707317073170732,0.23913208652658993,0.0286381299762247,,
bank,common_temperature_study,1204,0,0,512,8,2,0.08,0.0006,age,7.0,,B,analytic,hybrid,False,budget,cuda,0.10630414734522789,age-local,common-temperature-soft,0.501797315603229,0.34526921721220843,0.5409293402009843,0.8231081274881124,0.7159885624585315,0.8945211708411662,1.1117494194404514,1.059592306664455,1.1899850886044456,0.047216498357056,0.09823659356684722,0.2440772188630511,0.5369121078631259,0.13235498920242927,0.39678910396853917,0.13445909300579595,0.24633650407374144,0.998046875,0.4849775038973121,0.46893352125910265,0.8830034280659074,0.5131282899292506,0.49703270687055084,0.848280437907774,cce55e28a082bc8d,0.10630414734522789,0.10630414734522789,0.01707317073170732,0.15033676691212913,0.0725834424762247,,
bank,common_temperature_study,1204,0,0,512,8,2,0.12,0.0006,age,7.0,,B,analytic,hybrid,False,budget,cuda,0.07101845205266616,age-local,common-temperature-soft,0.5654558429171734,0.23589421721220835,0.6478462493434148,0.9280544602869624,0.7464567077090013,1.0491196286722697,1.2180490089019131,1.1352040684092668,1.3423164196408826,0.057195215287541575,0.11303870224206558,0.24819273225590824,0.5509746078631259,0.13702875392423083,0.40029618688142754,0.13928320774199612,0.21310121917348318,0.982421875,0.5456604597703871,0.46893352125910265,0.8830034280659074,0.4916401026025878,0.4787272533870612,0.8370009952449409,7dc77e08ff6857c3,0.07101845205266616,0.07101845205266616,0.01707317073170732,0.10043525807162386,0.0803959424762247,,
bank,common_temperature_study,1204,0,0,512,8,2,0.18,0.0006,age,7.0,,B,analytic,hybrid,False,budget,cuda,0.047389950141086525,age-local,common-temperature-soft,0.5782926884053964,0.20006237559438242,0.67285026660815,0.943906975699436,0.7677100899867301,1.0613715661745733,1.2541683657248701,1.1840653106454346,1.359322948344023,0.04032870975577011,0.08700553086641616,0.26828201797019396,0.5773417953631259,0.14533962571986936,0.42393655875055286,0.14728178858919905,0.2185398501892561,0.990234375,0.463281223181935,0.46893352125910265,0.8830034280659074,0.4899793208674583,0.4716654452303382,0.8797965277009842,1c1f70ea5d42c221,0.047389950141086525,0.047389950141086525,0.01707317073170732,0.06701951020970934,0.0847315646425412,,
bank,common_temperature_study,1204,0,0,512,8,2,0.3,0.0006,age,7.0,,B,analytic,hybrid,False,budget,cuda,0.028447606927641905,age-local,common-temperature-soft,0.7441814455932765,0.44864337401857785,0.8180659634869512,1.1275621509731286,0.9925692481408273,1.2175574195279957,1.4045613665265952,1.3666253709130451,1.4614653599469203,0.06724958761841576,0.18590540507851394,0.26096387757006206,0.5818339828631259,0.15153830913723995,0.4425854359898538,0.15356947517212804,0.17949027463448947,0.96484375,0.5,0.46893352125910265,0.8830034280659074,0.5,0.46893352125910265,0.8830034280659074,3a1070190dc53d8a,0.028447606927641905,0.028447606927641905,0.01707317073170732,0.04023099153413,0.1325831271425412,,
bank,common_temperature_study,1204,0,0,512,8,2,0.4,0.0006,age,7.0,,B,analytic,hybrid,False,budget,cuda,0.02133822395762797,age-local,common-temperature-soft,0.648619356822957,0.31792546721220843,0.7312928292256441,1.0469226888200818,0.8849157324726308,1.1549273263850492,1.357571161741126,1.2964251815400492,1.4492901320427403,0.04941661417276193,0.12127301503925689,0.28398285078434776,0.612498045363126,0.15361226062497316,0.44620336085231654,0.1559078147049827,0.2077307571856032,0.96875,0.5,0.46893352125910265,0.8830034280659074,0.5,0.46893352125910265,0.8830034280659074,0025f3899890ad98,0.02133822395762797,0.02133822395762797,0.01707317073170732,0.030176805717831975,0.0671534396425412,,
bank,common_temperature_study,1205,0,0,512,8,2,0.0,0.0006,global,7.0,,B,global,hybrid,False,budget,cuda,1.0,hard,common-temperature-hard,0.4131842308968262,0.32884206015702755,0.434269773581776,0.7360856204384607,0.6744756389610749,0.7771589414233845,1.009192797605883,0.9694921140661285,1.0687438229155148,0.08046595663312328,0.15927115586641616,0.23654981507006204,0.5185642015059989,0.1310980358170167,0.38079828449836867,0.13406408943746176,0.39469227347472724,0.99609375,0.5862713997062072,0.46887113825913307,0.8827822625234988,0.5552849565525152,0.5099093378839508,0.8412031405507022,6d4c1627adffa2be,1.0,1.0,1.0,1.4142135623730951,0.0328853075237753,,
bank,common_temperature_study,1205,0,0,512,8,2,0.00025,0.0006,age,7.0,,B,analytic,hybrid,False,budget,cuda,1.0,age-local,common-temperature-soft,0.37260208172066794,0.22479231173283207,0.40955452421762695,0.6598359919274577,0.5692131517472077,0.720251218714291,0.9305857690340595,0.8816199915219874,1.0040344353021675,0.05114364718435207,0.10778040507851394,0.2372473597129192,0.508017326505999,0.12605718401654867,0.36807836085231654,0.1284749872285145,0.3780301799150897,0.99609375,0.5655060942480762,0.5077085740132543,0.8710604887758487,0.5522592573741172,0.5156123628968025,0.8301448634302776,35f19173e6d0442b,1.0,1.0,0.01707317073170732,1.4142135623730951,0.0221431200237753,,
bank,common_temperature_study,1205,0,0,512,8,2,0.0005,0.0006,age,7.0,,B,analytic,hybrid,False,budget,cuda,0.999999999999997,age-local,common-temperature-soft,0.40694321574698666,0.32115612559438245,0.4283899882851377,0.70663924271536,0.629633893273803,0.7579761423430647,0.9987994425937187,0.9504862042233402,1.0712693001492868,0.06823049547005582,0.15145865586641616,0.24645494899863346,0.539755607755999,0.13266577477571254,0.38779720199671,0.13554325674246762,0.38529779155765737,0.998046875,0.5314822333463145,0.47080946097588605,0.8830034280659074,0.5315151400369076,0.5102706703972916,0.8337940948800177,e78d32e3deb8fc0e,0.999999999999997,0.999999999999997,0.01707317073170732,1.414213562373091,0.028724630757215517,,
bank,common_temperature_study,1205,0,0,512,8,2,0.001,0.0006,age,7.0,,B,analytic,hybrid,False,budget,cuda,0.9999999230433523,age-local,common-temperature-soft,0.39880164560986403,0.33665456015702766,0.4143384169730731,0.6927143664298352,0.6328899295380406,0.7325973243576983,0.9579269272503593,0.9191092788160272,1.0161533999018577,0.07193867971411727,0.15731803086641616,0.22424731978710838,0.5018547992058773,0.12277583011011821,0.36221193404083263,0.1255601653575903,0.3939212440194034,1.0,0.5799413598038856,0.4910656631341861,0.8804600243282097,0.552422370394395,0.5179705855600981,0.8403184783810682,68dab92c494d6715,0.9999999230433523,0.9999999230433523,0.01707317073170732,1.4142134535399602,0.03891962792353201,,
bank,common_temperature_study,1205,0,0,512,8,2,0.0015,0.0006,age,7.0,,B,analytic,hybrid,False,budget,cuda,0.999977205198173,age-local,common-temperature-soft,0.40007049651664267,0.24822981173283207,0.43803066771259536,0.7001806905202921,0.5999339959084375,0.7670118202615281,0.9893174019269049,0.9397951684544213,1.0636007521356299,0.04987083455106035,0.11363978007851394,0.23850294007006204,0.540243889005999,0.12620661636184935,0.37767328449836884,0.1286261542673492,0.3829026448251526,0.99609375,0.5555869760526886,0.5174375671452865,0.8796859449297799,0.5636834423712703,0.5186694739088341,0.8543624903240076,385afdd60297d8c0,0.999977205198173,0.999977205198173,0.01707317073170732,1.4141813256551998,0.057846560357458804,,
bank,common_temperature_study,1205,0,0,512,8,2,0.002,0.0006,age,7.0,,B,analytic,hybrid,False,budget,cuda,0.9996077590838693,age-local,common-temperature-soft,0.40145174444321585,0.35227956015702766,0.4137447905147629,0.7190869750774079,0.6625816195883556,0.7567572120701095,1.004319466714586,0.9603721311834198,1.0702404700113346,0.07417082257126013,0.17098990586641616,0.24108385524863346,0.5429782640059989,0.13267443682832247,0.4002606794447362,0.13551099540975167,0.3748428255699311,0.99609375,0.601496780944422,0.46887113825913307,0.8827822625234988,0.5306880931046278,0.5029699692778048,0.8348999225920601,083cd295849ded4b,0.9996077590838693,0.9996077590838693,0.01707317073170732,1.4136588499497855,0.0240962450237753,,
bank,common_temperature_study,1205,0,0,512,8,2,0.0025,0.0006,age,7.0,,B,analytic,hybrid,False,budget,cuda,0.9978390388444542,age-local,common-temperature-soft,0.34908527313944493,0.20774831015702758,0.38441951388504925,0.6262381382699325,0.5392369054448192,0.6842389601533415,0.9117955099939179,0.8640471220833793,0.9834180918597257,0.04608302495221252,0.09677115586641616,0.22350573024863346,0.5047946702559989,0.11920105440578307,0.3619789110879962,0.12137539083447198,0.37640280877137183,0.990234375,0.5519153942943587,0.46893352125910265,0.8830034280659074,0.5837978937350632,0.5290303012440336,0.8481698551365697,5db4d10650917656,0.9978390388444542,0.9978390388444542,0.01707317073170732,1.4111575017991609,0.0162837450237753,,
bank,common_temperature_study,1205,0,0,512,8,2,0.003,0.0006,age,7.0,,B,analytic,hybrid,False,budget,cuda,0.9932706725063394,age-local,common-temperature-soft,0.4166453852427292,0.35227956015702755,0.4327368415141546,0.7238950794122526,0.6720024293652549,0.7584901794435844,1.0168405897517416,0.9735512073104425,1.0817746634136902,0.0759847420459393,0.1653719987144754,0.25231432399863346,0.558993889005999,0.1387622899033134,0.40325631704080506,0.14168399861550193,0.3932501968472692,0.998046875,0.5527129672483734,0.46890233159100253,0.8828928452947031,0.5502584595644243,0.492374819843885,0.865310184673228,6425d4c8cf03331f,0.9932706725063394,0.9932706725063394,0.01707317073170732,1.4046968561659101,0.043198122857458804,,
bank,common_temperature_study,1205,0,0,512,8,2,0.004,0.0006,age,7.0,,B,analytic,hybrid,False,budget,cuda,0.9723755493150279,age-local,common-temperature-soft,0.36478742190091784,0.23234649729072213,0.3978976530534668,0.661357800923366,0.5569922436553134,0.7309348391020679,0.9509510118323565,0.8936519873797412,1.0368995485112795,0.042016763163299206,0.09481803086641616,0.23508497132006204,0.5310642015059989,0.12390819421978398,0.377194128486813,0.12609536801353846,0.37940049988881547,0.998046875,0.5673846164772559,0.46890233159100253,0.8828928452947031,0.5854372506104901,0.5399332419133995,0.8315824394559328,a78ae8f8097c536d,0.9723755493150279,0.9723755493150279,0.01707317073170732,1.375146689561301,0.047104372857458804,,
bank,common_temperature_study,1205,0,0,512,8,2,0.006,0.0006,age,7.0,,B,analytic,hybrid,False,budget,cuda,0.8901741643274665,age-local,common-temperature-soft,0.3313401076799735,0.19473712401857793,0.3654908535953224,0.6290487981035056,0.5475794252114896,0.6833617133648494,0.9302874115337831,0.8930244157543586,0.9861819052029195,0.03743566205510187,0.07268743779719133,0.22441253828434776,0.534677482755999,0.11924481279469928,0.3846600314124184,0.12117056498964217,0.3628027443318885,0.9921875,0.5985509219199988,0.46890233159100253,0.8828928452947031,0.5731992168681116,0.5418775160415337,0.8416454716355192,0c0a2ea3d87b83ef,0.8901741643274665,0.8901741643274665,0.01707317073170732,1.2588963760660394,0.0211665575237753,,
bank,common_temperature_study,1205,0,0,512,8,2,0.008,0.0006,age,7.0,,B,analytic,hybrid,False,budget,cuda,0.7883559845346195,age-local,common-temperature-soft,0.32749130888532574,0.18431081015702758,0.36328643356740026,0.6226174596372885,0.5328862794426629,0.6824382464337057,0.9181450344880018,0.863794351178628,0.9996710594520624,0.03696844161887918,0.08505240586641616,0.22368928407282265,0.5301751117058773,0.12028526408524538,0.38839332304683166,0.12208378730009384,0.3532979612685055,0.9921875,0.6213812997669307,0.46893352125910265,0.8830034280659074,0.5180596771119762,0.527112826440595,0.8095764679862877,a38e5f2434de0104,0.7883559845346195,0.7883559845346195,0.01707317073170732,1.114903725306853,0.0265965603574588,,
bank,common_temperature_study,1205,0,0,512,8,2,0.012,0.0006,age,7.0,,B,analytic,hybrid,False,budget,cuda,0.6115427887510412,age-local,common-temperature-soft,0.33602950832135364,0.21281524729072213,0.3668330735790115,0.6266691518992592,0.5336263416800288,0.6886976920454128,0.9301010190893508,0.87591338777231,1.0113824660649122,0.031001682437876234,0.06090540507851394,0.22559836417720489,0.5213962327559989,0.11926026505613577,0.37698048991623345,0.12102484361250387,0.34114575719088586,0.9921875,0.5439472403952117,0.4761243308461937,0.8823399314386818,0.5879138933704855,0.5080931819114902,0.807917726418224,78a4a0f18c82ddee,0.6115427887510412,0.6115427887510412,0.01707317073170732,0.8648521058231872,0.0168309353574588,,
bank,common_temperature_study,1205,0,0,512,8,2,0.016,0.0006,age,7.0,,B,analytic,hybrid,False,budget,cuda,0.48807983095164215,age-local,common-temperature-soft,0.3244101964226474,0.2788629672122084,0.33579700372525717,0.6247992663524273,0.567510673829205,0.6629916613679089,0.932236994429393,0.8824876631095875,1.006860991409101,0.04223829896052195,0.0915543272420658,0.22071555167720489,0.5245212327559988,0.1211072305076238,0.387451620037598,0.12288554358495368,0.3174873999998011,0.98828125,0.5473967611767337,0.46893352125910265,0.8830034280659074,0.5340114913004417,0.4932461559996314,0.8445206236868296,4661116d3540748b,0.48807983095164215,0.48807983095164215,0.01707317073170732,0.6902491164525799,0.0045649950237753,,
bank,common_temperature_study,1205,0,0,512,8,2,0.023,0.0006,age,7.0,,B,analytic,hybrid,False,budget,cuda,0.35500233981490636,age-local,common-temperature-soft,0.31620530037045236,0.12096718456264513,0.36501482932240414,0.6139214205739246,0.4998328299513436,0.6899804809889787,0.9178868496350768,0.855484228708209,1.0114907810253786,0.024209810403205894,0.05209074871447539,0.22655036644118967,0.5282321702559989,0.12190494523966557,0.3983176732002654,0.1232840252429262,0.3106180923065277,0.98828125,0.577777093865743,0.46893352125910265,0.8830034280659074,0.5245556708999506,0.4962927662524137,0.7909985624239744,e762efd5fd38a636,0.35500233981490636,0.35500233981490636,0.01707317073170732,0.5020491236404228,0.005287130757215517,,
bank,common_temperature_study,1205,0,0,512,8,2,0.032,0.0006,age,7.0,,B,analytic,hybrid,False,budget,cuda,0.26061517189404104,age-local,common-temperature-soft,0.3439359172840871,0.2632379672122084,0.36411040480205686,0.637056761790888,0.5465360162902244,0.697403925457997,0.9429847326661506,0.8833450395563788,1.0324442723308083,0.03750370666208539,0.0856949522420658,0.23457212983404682,0.5572360765059988,0.12606157491540793,0.4117741925729845,0.1279117794749089,0.30212830763783655,0.990234375,0.5977424589820469,0.46893352125910265,0.8830034280659074,0.5404872439226196,0.5251123391849372,0.7879022448302554,6da4feb149505d10,0.26061517189404104,0.26061517189404104,0.01707317073170732,0.36856551065274834,0.0095362521425412,,
bank,common_temperature_study,1205,0,0,512,8,2,0.05,0.0006,age,7.0,,B,analytic,hybrid,False,budget,cuda,0.16909191998223996,age-local,common-temperature-soft,0.3687083586752184,0.21152281115227248,0.4080047455559549,0.6820455048103505,0.5933245155092336,0.7411928310110952,0.9783436601514983,0.9287555377778393,1.052725843711987,0.030416001030789463,0.05593112421209778,0.22168603582733679,0.5157207016131259,0.12002094842968702,0.3908555391601238,0.12153573422522444,0.2901739730520769,0.990234375,0.5751576976206569,0.46893352125910265,0.8830034280659074,0.5282361303625773,0.48083320106311483,0.8590069667145859,c4fbfd6b127774da,0.16909191998223996,0.16909191998223996,0.01707317073170732,0.23913208652658993,0.0296146924762247,,
bank,common_temperature_study,1205,0,0,512,8,2,0.08,0.0006,age,7.0,,B,analytic,hybrid,False,budget,cuda,0.10630414734522789,age-local,common-temperature-soft,0.5085282642651776,0.30491428107375873,0.5594317600630322,0.842812076675329,0.7095866407373106,0.9316290339673413,1.1293538078486123,1.0595743081665376,1.234023057371724,0.04645502819202435,0.10214284356684722,0.25710282179833255,0.586423826613126,0.13866072695077974,0.43068960236854464,0.1408272245674165,0.24590774637130733,0.982421875,0.5694944324957121,0.47447035365797696,0.880128276014597,0.4853189404045629,0.48809750363791893,0.8099082162999005,ba98f52dfc8eefc3,0.10630414734522789,0.10630414734522789,0.01707317073170732,0.15033676691212913,0.0618412549762247,,
bank,common_temperature_study,1205,0,0,512,8,2,0.12,0.0006,age,7.0,,B,analytic,hybrid,False,budget,cuda,0.07101845205266616,age-local,common-temperature-soft,0.5181946671458586,0.17339421721220835,0.6043947796292712,0.8683870638891961,0.7010099965097314,0.9799717754755058,1.1540576101680855,1.079758615664971,1.2655061019227578,0.04034615287146598,0.07592932724206558,0.23491367447295458,0.5382896193015312,0.12927507962711787,0.3959041502232388,0.13098681148553978,0.20723324880512367,0.982421875,0.5640177175303884,0.46893352125910265,0.8830034280659074,0.5208004611671458,0.4877141867490376,0.8713922370894615,7498ff5746c30f86,0.07101845205266616,0.07101845205266616,0.01707317073170732,0.10043525807162386,0.0827784396425412,,
bank,common_temperature_study,1205,0,0,512,8,2,0.18,0.0006,age,7.0,,B,analytic,hybrid,False,budget,cuda,0.047389950141086525,age-local,common-temperature-soft,0.5398459098197501,0.21568737559438242,0.620885543376092,0.9250594382395223,0.7261866913634855,1.0576412694902133,1.24426671527701,1.156504786736518,1.3759096080877473,0.044639010606730846,0.08813317275793442,0.2593534465416225,0.5737285141131259,0.13910470802034455,0.41226033560143205,0.14127611309555635,0.2158104607654095,0.990234375,0.5,0.46893352125910265,0.8830034280659074,0.5,0.46893352125910265,0.8830034280659074,c0828924f30742d9,0.047389950141086525,0.047389950141086525,0.01707317073170732,0.06701951020970934,0.0598881299762247,,
bank,common_temperature_study,1205,0,0,512,8,2,0.3,0.0006,age,7.0,,B,analytic,hybrid,False,budget,cuda,0.028447606927641905,age-local,common-temperature-soft,0.5825479652770098,0.3172498755943824,0.6488724876976667,0.9607409995991374,0.8320172111716244,1.0465568585508127,1.297972793182572,1.2444066427992184,1.3783220187576024,0.05536640334144278,0.13388053086641616,0.2749845248914906,0.5889628891131259,0.14994163300168842,0.44249199138836653,0.15232015913991342,0.232631899173779,0.97265625,0.5,0.46893352125910265,0.8830034280659074,0.5,0.46893352125910265,0.8830034280659074,74c1160f0c6df7e7,0.028447606927641905,0.028447606927641905,0.01707317073170732,0.04023099153413,0.0384037549762247,,
bank,common_temperature_study,1205,0,0,512,8,2,0.4,0.0006,age,7.0,,B,analytic,hybrid,False,budget,cuda,0.02133822395762797,age-local,common-temperature-soft,0.5346168134192193,0.296299624018578,0.5941961107693796,0.9765936446007963,0.8556420755349441,1.0572280239780307,1.3467797519490214,1.2887016661137527,1.4338968807019241,0.05312171296003752,0.1435802813640385,0.2866335204272049,0.589353514113126,0.15483980079162593,0.454752910141131,0.15727958777017045,0.2664538819466403,0.98046875,0.5,0.46893352125910265,0.8830034280659074,0.5,0.46893352125910265,0.8830034280659074,e33fc3aefdbafdf2,0.02133822395762797,0.02133822395762797,0.01707317073170732,0.030176805717831975,0.06235712792353201,,
bank,common_temperature_study,1200,0,0,512,8,2,0.0,0.003,global,7.0,,B,global,hybrid,False,budget,cuda,1.0,hard,common-temperature-hard,0.2738610838493863,0.1096017810737587,0.3149259095432932,0.523178969575915,0.4279235752101072,0.5866825658197871,0.7738470018246157,0.7204075176702053,0.8540062280562314,0.017175010070930998,0.04705426503925689,0.17659894233009746,0.41237189029152366,0.09275572624341673,0.2867498946007961,0.09394947037340867,0.33762514676202554,0.998046875,0.6082331829647508,0.47915986714535297,0.8832245936083158,0.5905706943430085,0.5314382148454998,0.847838106822957,56ae2146fe998ed7,1.0,1.0,1.0,1.4142135623730951,0.0201899950237753,,
bank,common_temperature_study,1200,0,0,512,8,2,0.00025,0.003,age,7.0,,B,analytic,hybrid,False,budget,cuda,1.0,age-local,common-temperature-soft,0.2935770416344134,0.16099987559438242,0.3267213331444211,0.5495751634551586,0.4508177725519739,0.6154134240572818,0.8125660472879576,0.7598534576698367,0.8916349317151387,0.026967879654349897,0.05102379775793442,0.1929912414372403,0.44459845279152366,0.10076087481879846,0.3144368291599855,0.10238222076363825,0.3432852916950066,1.0,0.6016054440450135,0.4928956996952907,0.8807917726418224,0.5847967538378316,0.5357945853823805,0.8258321353533119,2d6620f140863f6b,1.0,1.0,0.01707317073170732,1.4142135623730951,0.0148778103574588,,
bank,common_temperature_study,1200,0,0,512,8,2,0.0005,0.003,age,7.0,,B,analytic,hybrid,False,budget,cuda,0.999999999999997,age-local,common-temperature-soft,0.3106930084042906,0.14134206015702758,0.35303074546610635,0.5599803110831583,0.4580898856505032,0.6279072613715949,0.815440465000553,0.758431000382432,0.9009546619277342,0.028551706331653597,0.05575553086641616,0.18608554947295458,0.44498907779152364,0.09855591924373419,0.3187356587968594,0.10009554432264231,0.3444717103138972,1.0,0.5428493642971877,0.46893352125910265,0.8830034280659074,0.5034401104149676,0.4949467543316366,0.8193077518522615,4efc643926517310,0.999999999999997,0.999999999999997,0.01707317073170732,1.414213562373091,0.0207371853574588,,
bank,common_temperature_study,1200,0,0,512,8,2,0.001,0.003,age,7.0,,B,analytic,hybrid,False,budget,cuda,0.9999999230433523,age-local,common-temperature-soft,0.2706572936249033,0.09708087401857793,0.3140513985264846,0.5150073347478712,0.41511282034446534,0.5816036776834753,0.7706047236121863,0.7187883008035681,0.8483293578251134,0.014928015881792352,0.03142926503925714,0.17994715661581173,0.4326843902915236,0.0936866452873309,0.2968628078175107,0.09488187778290569,0.3383183799969647,1.0,0.6077524848694327,0.46893352125910265,0.8830034280659074,0.5076155314844824,0.48829622027286523,0.8406502266946809,d15e6c681796d32b,0.9999999230433523,0.9999999230433523,0.01707317073170732,1.4142134535399602,0.031479372857458804,,
bank,common_temperature_study,1200,0,0,512,8,2,0.0015,0.003,age,7.0,,B,analytic,hybrid,False,budget,cuda,0.999977205198173,age-local,common-temperature-soft,0.2959512882892845,0.19864337401857793,0.32027826685696115,0.5272816767803826,0.44691325040777397,0.580860627695455,0.7897607265288069,0.7431182383243025,0.8597244588355634,0.027407495537195348,0.05699915507851394,0.17924961197295458,0.41080939029152364,0.09437100621412171,0.3092727649321298,0.0958943456757102,0.3431053858684276,1.0,0.5822889799281024,0.47324122927200474,0.8818976003538649,0.6033486700607117,0.542006730081894,0.8489439345349995,34104c68cf36c2c4,0.999977205198173,0.999977205198173,0.01707317073170732,1.4141813256551998,0.0217137478574588,,
bank,common_temperature_study,1200,0,0,512,8,2,0.002,0.003,age,7.0,,B,analytic,hybrid,False,budget,cuda,0.9996077590838693,age-local,common-temperature-soft,0.24972587567731952,0.0797707826495632,0.2922146489342586,0.49729642402963614,0.36641298863762023,0.5845520476243136,0.7619359414740685,0.6916611807245014,0.8673480825984187,0.011610615024512503,0.031184125497622395,0.18092371911581173,0.4215515777915237,0.0936793827097631,0.28524912224925336,0.09480873482589983,0.3291807023117806,0.998046875,0.5361552201493112,0.46893352125910265,0.8830034280659074,0.5278167476116016,0.5100635862523639,0.8203029967930996,48f17f66b9bc0f45,0.9996077590838693,0.9996077590838693,0.01707317073170732,1.4136588499497855,0.011146505757215517,,
bank,common_temperature_study,1200,0,0,512,8,2,0.0025,0.003,age,7.0,,B,analytic,hybrid,False,budget,cuda,0.9978390388444542,age-local,common-temperature-soft,0.2564228719727967,0.10418149742895058,0.2944832156087582,0.4944257644034059,0.3909095562520734,0.5634365698376277,0.7474425574339266,0.692407830412105,0.8299946479666592,0.02120179858269755,0.04918665507851394,0.16676356286581173,0.39352423404152365,0.089759800597918,0.3018560087049374,0.09088442744435661,0.3248156996539793,1.0,0.567719483483327,0.46890233159100253,0.8828928452947031,0.5590411132404449,0.5166869309028943,0.8342364259648347,a83ad2c4e794dc8b,0.9978390388444542,0.9978390388444542,0.01707317073170732,1.4111575017991609,0.0060022470764679835,,
bank,common_temperature_study,1200,0,0,512,8,2,0.003,0.003,age,7.0,,B,analytic,hybrid,False,budget,cuda,0.9932706725063394,age-local,common-temperature-soft,0.2758272109642818,0.12371274742895058,0.31385582684811464,0.5346462733606104,0.42111387952007073,0.6103345359209702,0.8045030081969479,0.7416958530308895,0.8987137409460356,0.02366615291754218,0.05504603007851394,0.187201620901526,0.4359070465415236,0.09993241571378354,0.33605765077269706,0.10125415233314891,0.33141781643496293,0.99609375,0.5826297654037047,0.46890233159100253,0.8828928452947031,0.5383122063699304,0.5277202151472244,0.8455158686276678,51e0370efc9c3de6,0.9932706725063394,0.9932706725063394,0.01707317073170732,1.4046968561659101,0.022865255757215517,,
bank,common_temperature_study,1200,0,0,512,8,2,0.004,0.003,age,7.0,,B,analytic,hybrid,False,budget,cuda,0.9723755493150279,age-local,common-temperature-soft,0.25759072970806146,0.08652281115227248,0.30035770934700873,0.5160217588880903,0.42072770374875595,0.5795511289809799,0.7788620168915183,0.7263409744876331,0.8576435804973461,0.013201188567321252,0.02379603007851394,0.1783428039372403,0.41705939029152367,0.09240183463493766,0.31344364684700865,0.0935684493492933,0.3259846482995293,0.99609375,0.5561204668962243,0.46893352125910265,0.8830034280659074,0.5394035129667749,0.4960930123331495,0.8441888753732169,1025d029501baca3,0.9723755493150279,0.9723755493150279,0.01707317073170732,1.375146689561301,0.0129246853574588,,
bank,common_temperature_study,1200,0,0,512,8,2,0.006,0.003,age,7.0,,B,analytic,hybrid,False,budget,cuda,0.8901741643274665,age-local,common-temperature-soft,0.2789239605219508,0.09953399729072213,0.32377145132975793,0.5423939787681078,0.4275759522213314,0.6189393297992923,0.8131352461848943,0.7447373112029562,0.9157321486578016,0.014370658967999458,0.027277875497622395,0.1902768956799655,0.45830011170587726,0.10016948825518815,0.35393166027935963,0.10130172058307327,0.3175868749493486,1.0,0.5725707345886013,0.46893352125910265,0.8830034280659074,0.5925536183747172,0.5494344318089032,0.854583655866416,f2acddcdfab0b1e7,0.8901741643274665,0.8901741643274665,0.01707317073170732,1.2588963760660394,0.016029318257215517,,
bank,common_temperature_study,1200,0,0,512,8,2,0.008,0.003,age,7.0,,B,analytic,hybrid,False,budget,cuda,0.7883559845346195,age-local,common-temperature-soft,0.27063845999668257,0.1096017810737587,0.3108976297274135,0.5260923936331969,0.4077428674112573,0.6049920777811567,0.801121335217848,0.7297408187502303,0.9081921099192746,0.021681299136927783,0.04598623417284098,0.19320050483009746,0.45866095279152364,0.10177891687748856,0.3456005443609698,0.10315686741143092,0.3115705681050925,0.998046875,0.6152044298560747,0.4899208982942412,0.8797965277009842,0.5408111025753628,0.5226700309647914,0.8052637399093221,a5abe325d45ca5ae,0.7883559845346195,0.7883559845346195,0.01707317073170732,1.114903725306853,0.018926932433926787,,
bank,common_temperature_study,1200,0,0,512,8,2,0.012,0.003,age,7.0,,B,analytic,hybrid,False,budget,cuda,0.6115427887510412,age-local,common-temperature-soft,0.29591923656419333,0.26194553107375873,0.304412662936802,0.5729781927319475,0.5165416275019352,0.6106025695519555,0.8507383991761583,0.8054209027931364,0.9187146437506913,0.05032713247026111,0.11190846856684722,0.19759503608009746,0.4548523590415236,0.10735529451572455,0.3330053287072874,0.10944182726430808,0.3026790976079602,1.0,0.5767915503194198,0.46893352125910265,0.8830034280659074,0.5497560998706222,0.49049634556136446,0.864425522503594,bc1f4aac6d7ca1a9,0.6115427887510412,0.6115427887510412,0.01707317073170732,0.8648521058231872,0.006463692566073213,,
bank,common_temperature_study,1200,0,0,512,8,2,0.016,0.003,age,7.0,,B,analytic,hybrid,False,budget,cuda,0.48807983095164215,age-local,common-temperature-soft,0.27865856187106053,0.16783700099524493,0.30636395209001444,0.5559390723487782,0.4570369735223377,0.6218738048997383,0.8457798417975229,0.7804726088779534,0.9437406911768772,0.03615608198659311,0.08065846856684722,0.19962399389425123,0.4807610492058772,0.10785597379225936,0.3635697047267223,0.10952600022073154,0.3009025577783553,0.99609375,0.5925160952778898,0.46893352125910265,0.8830034280659074,0.538844691073646,0.4973260331293291,0.8061484020789561,cd43458a9b10a308,0.48807983095164215,0.48807983095164215,0.01707317073170732,0.6902491164525799,0.0022709424762247,,
bank,common_temperature_study,1200,0,0,512,8,2,0.023,0.003,age,7.0,,B,analytic,hybrid,False,budget,cuda,0.35500233981490636,age-local,common-temperature-soft,0.3175912135076855,0.28502450099524496,0.32573289163579566,0.5959314179475838,0.5490502624612961,0.6271855216051089,0.8760928687935421,0.8389364097229902,0.9318275573993697,0.05475727246278358,0.12558034356684722,0.19703700036581173,0.45553595279152365,0.10761511568923156,0.352598252360251,0.10980318172249505,0.2961343961747798,1.0,0.5880568835943576,0.46893352125910265,0.8830034280659074,0.5584839485187847,0.5136011018814679,0.8558000663496628,c7991bb7717d9d7e,0.35500233981490636,0.35500233981490636,0.01707317073170732,0.5020491236404228,0.012265940333683504,,
bank,common_temperature_study,1200,0,0,512,8,2,0.032,0.003,age,7.0,,B,analytic,hybrid,False,budget,cuda,0.26061517189404104,age-local,common-temperature-soft,0.31096618240628116,0.30455575099524496,0.31256879025904016,0.5967181538897489,0.5634558282303992,0.6188930376626488,0.8811985962899478,0.8474466034962586,0.9318265854804821,0.05754745103421215,0.11611946913358384,0.1944560851872403,0.4656922027915236,0.10703570216721542,0.3555783716514154,0.10924687555931532,0.2944085715988597,0.994140625,0.6124122143006796,0.46893352125910265,0.8830034280659074,0.5288513552703379,0.49508862535983733,0.8457370341700763,1b1b83d9631c59ab,0.26061517189404104,0.26061517189404104,0.01707317073170732,0.36856551065274834,0.0183253146425412,,
bank,common_temperature_study,1200,0,0,512,8,2,0.05,0.003,age,7.0,,B,analytic,hybrid,False,budget,cuda,0.16909191998223996,age-local,common-temperature-soft,0.37162022766228026,0.28502450099524496,0.39326915932903905,0.6872123120092889,0.6086407692759593,0.7395933404981753,0.9866007374488553,0.9348190877382136,1.064273212014818,0.046014712938974064,0.08456471856684722,0.2178495402916225,0.5145305113416452,0.11889425347954895,0.3681615787072874,0.12084131420072003,0.27798714461254087,1.0,0.5912464651940725,0.46893352125910265,0.8830034280659074,0.5542929026897077,0.5157045764530277,0.8426407165763574,89e418cd595b244c,0.16909191998223996,0.16909191998223996,0.01707317073170732,0.23913208652658993,0.0335209424762247,,
bank,common_temperature_study,1200,0,0,512,8,2,0.08,0.003,age,7.0,,B,analytic,hybrid,False,budget,cuda,0.10630414734522789,age-local,common-temperature-soft,0.4151238354251908,0.25803928107375873,0.45439497401304885,0.7537613692911644,0.6711124756372332,0.8088606317271186,1.0367244087277452,0.9959868389223709,1.0978307634358067,0.05055539456327708,0.1093091254976224,0.2167334688630511,0.5008586363416452,0.11730271462954582,0.34512705787625775,0.1194728361321306,0.25035756059960845,0.99609375,0.5861013028918827,0.4784126417401648,0.8836669246931328,0.5206935144227185,0.5234407917962901,0.8089129713590623,62d2098449d50ca1,0.10630414734522789,0.10630414734522789,0.01707317073170732,0.15033676691212913,0.0745365674762247,,
bank,common_temperature_study,1200,0,0,512,8,2,0.12,0.003,age,7.0,,B,analytic,hybrid,False,budget,cuda,0.07101845205266616,age-local,common-temperature-soft,0.4781718248921819,0.14404615448413136,0.5617032424941945,0.8552392907497512,0.7043414104832467,0.9558378775940874,1.177034679793763,1.1203867690018061,1.2620065459816985,0.03727451893203375,0.07202307724206558,0.2471279334054754,0.5720798265059989,0.13437791898904589,0.4229926851224703,0.13613275258788854,0.22882255421069303,0.978515625,0.5005703037240194,0.46893352125910265,0.8830034280659074,0.5003473549767818,0.46893352125910265,0.8830034280659074,a29e49c925d516db,0.07101845205266616,0.07101845205266616,0.01707317073170732,0.10043525807162386,0.0915675021425412,,
bank,common_temperature_study,1200,0,0,512,8,2,0.18,0.003,age,7.0,,B,analytic,hybrid,False,budget,cuda,0.047389950141086525,age-local,common-temperature-soft,0.6066463701205351,0.28386899742895055,0.6873407132934314,0.995436214475285,0.8321055477994028,1.1043233255925393,1.2939878393508792,1.2368597286344871,1.3796800054254672,0.0740459027108577,0.14175523367521858,0.2437797191197611,0.5581149827559989,0.14017043287512945,0.41994950989370217,0.1425447576496977,0.1912247997802163,0.9609375,0.5,0.46893352125910265,0.8830034280659074,0.5,0.46893352125910265,0.8830034280659074,26a52dc162d06e4c,0.047389950141086525,0.047389950141086525,0.01707317073170732,0.06701951020970934,0.1198878146425412,,
bank,common_temperature_study,1200,0,0,512,8,2,0.3,0.003,age,7.0,,B,analytic,hybrid,False,budget,cuda,0.028447606927641905,age-local,common-temperature-soft,0.6243296783423642,0.26788546735043683,0.7134407310903461,0.9883073838189759,0.8233028784349773,1.0983103874083084,1.2910035300093994,1.239043306401821,1.3689438654207673,0.05964866767507628,0.13394273367521836,0.23989802935577634,0.5408298265059989,0.13449333784644565,0.40114389453513766,0.1366591043906568,0.19114772790529094,0.9609375,0.5,0.46893352125910265,0.8830034280659074,0.5,0.46893352125910265,0.8830034280659074,5c77fc87fdc68c84,0.028447606927641905,0.028447606927641905,0.01707317073170732,0.04023099153413,0.1286768771425412,,
bank,common_temperature_study,1200,0,0,512,8,2,0.4,0.003,age,7.0,,B,analytic,hybrid,False,budget,cuda,0.02133822395762797,age-local,common-temperature-soft,0.6137298877584872,0.32364337401857796,0.6862515161934646,1.0216696875345572,0.8552597874391794,1.1326096209314755,1.3288471573316376,1.2627779975994324,1.4279508969299457,0.06166320354997031,0.13518743779719133,0.25368485304833255,0.5663181077559989,0.14242892186006048,0.4231721661437021,0.14465668636360793,0.20405301711340595,0.966796875,0.5,0.46893352125910265,0.8830034280659074,0.5,0.46893352125910265,0.8830034280659074,ea10934bdc5698bf,0.02133822395762797,0.02133822395762797,0.01707317073170732,0.030176805717831975,0.16285656464254122,,
bank,common_temperature_study,1201,0,0,512,8,2,0.0,0.003,global,7.0,,B,global,hybrid,False,budget,cuda,1.0,hard,common-temperature-hard,0.2895667747152494,0.11803112559438242,0.3324506869954662,0.5508939061981643,0.4448244887274687,0.621606851178628,0.8231920580836007,0.7691709920656863,0.9042236571104723,0.023744379531918974,0.05575553086641616,0.19132321264425123,0.4614251117058772,0.10143514630189959,0.33240938044274576,0.10282503602782778,0.33689937641140344,0.998046875,0.5610765932815902,0.47313460888278763,0.8815658520402522,0.5416347759800098,0.4947453960626187,0.8427512993475617,014a816bbf86c53b,1.0,1.0,1.0,1.4142135623730951,0.012090994933926787,,
bank,common_temperature_study,1201,0,0,512,8,2,0.00025,0.003,age,7.0,,B,analytic,hybrid,False,budget,cuda,1.0,age-local,common-temperature-soft,0.2868094624295035,0.13078399729072213,0.32581582871419884,0.5373615987504147,0.43441502145996896,0.6059926502773785,0.8001371053577353,0.7474604119438607,0.8791521454785469,0.01876506937094207,0.03924176503925714,0.17924961197295458,0.4378601715415236,0.09603176508321729,0.31213071401913056,0.09714243871422963,0.3472818788401857,0.99609375,0.5760091286474047,0.46893352125910265,0.8830034280659074,0.5435355516546265,0.5261373555890773,0.8212982417339378,bd3a151c638a9adb,1.0,1.0,0.01707317073170732,1.4142135623730951,0.024239117100243287,,
bank,common_temperature_study,1201,0,0,512,8,2,0.0005,0.003,age,7.0,,B,analytic,hybrid,False,budget,cuda,0.999999999999997,age-local,common-temperature-soft,0.28853809576467987,0.19860924886652662,0.31102030748921816,0.5243150779608537,0.45372834564718567,0.5713728995032991,0.7724906350215637,0.727458249244351,0.8400392136873825,0.03619300461946365,0.06552115586641616,0.18071445572295458,0.4210632965415237,0.0962460559340539,0.298713330580283,0.0979791817056125,0.33563800842932856,0.998046875,0.6120014725152194,0.46893352125910265,0.8830034280659074,0.5648724037153785,0.5383487175241801,0.8199712484794869,3b62ad97f926d3c3,0.999999999999997,0.999999999999997,0.01707317073170732,1.414213562373091,0.030677755757215517,,
bank,common_temperature_study,1201,0,0,512,8,2,0.001,0.003,age,7.0,,B,analytic,hybrid,False,budget,cuda,0.9999999230433523,age-local,common-temperature-soft,0.2963069674057282,0.17387931272807697,0.32691388107514097,0.5295305243005639,0.4427134809037377,0.5874085532317815,0.7740312344492979,0.7309842989743447,0.8386016376617274,0.03985169813668033,0.07504164132478164,0.16885619679438316,0.4066101715415237,0.09041505317846477,0.30186485316681405,0.09219609174262214,0.33074265129392943,1.0,0.5692138970399366,0.46893352125910265,0.8830034280659074,0.5455578926934126,0.5071902248135308,0.8347893398208559,ade324013f5f4d71,0.9999999230433523,0.9999999230433523,0.01707317073170732,1.4142134535399602,0.038315310357458804,,
bank,common_temperature_study,1201,0,0,512,8,2,0.0015,0.003,age,7.0,,B,analytic,hybrid,False,budget,cuda,0.999977205198173,age-local,common-temperature-soft,0.27918054710826057,0.14121031115227248,0.3136731060972576,0.5411493610389251,0.42743513197362604,0.6169588470824579,0.8119180149701426,0.7417301941649158,0.917199746177983,0.021368948061642024,0.04769789132478164,0.19634553407282265,0.4691399554558772,0.10369081356313672,0.331494588787598,0.1050496408767,0.3330510235303505,0.99609375,0.6056459831939139,0.46893352125910265,0.8830034280659074,0.5900892860313466,0.5311348709455262,0.8216299900475506,cdf03494ae314ead,0.999977205198173,0.999977205198173,0.01707317073170732,1.4141813256551998,0.007240255757215517,,
bank,common_temperature_study,1201,0,0,512,8,2,0.002,0.003,age,7.0,,B,analytic,hybrid,False,budget,cuda,0.9996077590838693,age-local,common-temperature-soft,0.2617812983799624,0.06263174900475507,0.3115686857237642,0.4986239356408272,0.38357556431770434,0.5753228498562423,0.7602297702642928,0.7028152818478381,0.8463515028889748,0.015090804581812873,0.027989968069224824,0.167670370901526,0.3996765777915237,0.0891261462148721,0.3179371518370562,0.09013791405934943,0.32900981879811575,0.998046875,0.6030712122090924,0.46893352125910265,0.8830034280659074,0.5704375406154971,0.5415136056107427,0.8331305982527922,b414f71677877117,0.9996077590838693,0.9996077590838693,0.01707317073170732,1.4136588499497855,0.0226903103574588,,
bank,common_temperature_study,1201,0,0,512,8,2,0.0025,0.003,age,7.0,,B,analytic,hybrid,False,budget,cuda,0.9978390388444542,age-local,common-temperature-soft,0.28561585964281766,0.15422149729072213,0.3184644502308415,0.5349362507602564,0.4337253910137676,0.6024101572579159,0.797891454370784,0.7424736041228942,0.8810182297426186,0.025702739523598923,0.05113978007851394,0.18392316108009746,0.4424500152915236,0.09847746636252641,0.3302521632754616,0.09983415425652094,0.32793950230255764,1.0,0.569421990428651,0.46893352125910265,0.8830034280659074,0.5627067765292437,0.5313004661434919,0.8529249142983523,becff0288f697a1f,0.9978390388444542,0.9978390388444542,0.01707317073170732,1.4111575017991609,0.026771505757215517,,
bank,common_temperature_study,1201,0,0,512,8,2,0.003,0.003,age,7.0,,B,analytic,hybrid,False,budget,cuda,0.9932706725063394,age-local,common-temperature-soft,0.27716292989052305,0.15292906115227248,0.3082213970750857,0.5319076651139002,0.43537538531184344,0.5962625183152716,0.7935524628856574,0.7429029762892108,0.8695266927803273,0.020263572883261485,0.04918665507851394,0.184271933401526,0.4295593902915237,0.09727762551685219,0.3271459537072874,0.09856262632606015,0.32413029124069753,1.0,0.5625564474031531,0.46893352125910265,0.8830034280659074,0.5641230662880424,0.5146603803724585,0.8318036049983413,fa8ac868d423dd3c,0.9932706725063394,0.9932706725063394,0.01707317073170732,1.4046968561659101,0.0114009325237753,,
bank,common_temperature_study,1201,0,0,512,8,2,0.004,0.003,age,7.0,,B,analytic,hybrid,False,budget,cuda,0.9723755493150279,age-local,common-temperature-soft,0.27093176351874376,0.14928112559438242,0.3013444229998341,0.5267665165735927,0.42446699968207446,0.5949661945012718,0.7953353076965609,0.7356011296721222,0.884936574733219,0.026935852612912974,0.04989615586641616,0.18351071264425123,0.4445305804558773,0.09794483718097434,0.3385782144165375,0.0993650190287647,0.32532218303242044,1.0,0.5974912791351459,0.46893352125910265,0.8830034280659074,0.5606916560232856,0.513604459433844,0.8375539091009621,03f7d996b46587f3,0.9723755493150279,0.9723755493150279,0.01707317073170732,1.375146689561301,0.0158543728574588,,
bank,common_temperature_study,1201,0,0,512,8,2,0.006,0.003,age,7.0,,B,analytic,hybrid,False,budget,cuda,0.8901741643274665,age-local,common-temperature-soft,0.2617870003041026,0.11515899729072213,0.2984440010574477,0.5304753158520402,0.43641674240434586,0.5931810314838365,0.8083989342585426,0.7509416814110362,0.894584813529802,0.013876492209180519,0.029233592281322607,0.185248495901526,0.44010626529152364,0.09675259170142123,0.3355376741678645,0.09791034245223108,0.33072939158756354,0.99609375,0.6065567172853638,0.46890233159100253,0.8828928452947031,0.5319973769343038,0.4906993012405258,0.8430830476611744,bb9211967121c858,0.8901741643274665,0.8901741643274665,0.01707317073170732,1.2588963760660394,0.0129246853574588,,
bank,common_temperature_study,1201,0,0,512,8,2,0.008,0.003,age,7.0,,B,analytic,hybrid,False,budget,cuda,0.7883559845346195,age-local,common-temperature-soft,0.2410428819252461,0.06982740448413136,0.2838467512855248,0.506587968594493,0.39475209156944596,0.5811452199445244,0.7969305937603671,0.7328748611955841,0.8930141926075418,0.015139102265367077,0.03491370224206558,0.1846904601872403,0.43971564029152366,0.09785679146769291,0.3546825756109698,0.09894669923990401,0.31023817610883725,0.99609375,0.6061406488773255,0.46893352125910265,0.8830034280659074,0.5262974764829613,0.5156920945116295,0.8271591286077629,1867c06f17b87389,0.7883559845346195,0.7883559845346195,0.01707317073170732,1.114903725306853,0.0035884325237753,,
bank,common_temperature_study,1201,0,0,512,8,2,0.012,0.003,age,7.0,,B,analytic,hybrid,False,budget,cuda,0.6115427887510412,age-local,common-temperature-soft,0.2916010657414575,0.21245671721220835,0.3113871528737698,0.5516593031211988,0.4775937059396771,0.6010363679088797,0.8218024300563972,0.7712233247862067,0.8976710879616829,0.03461181086528385,0.0761060004976224,0.1902071412156798,0.4598626117058773,0.10248413475751904,0.3465569233454053,0.10410254194604583,0.29999356169417635,1.0,0.6066833725333298,0.46893352125910265,0.8830034280659074,0.5480688625766885,0.529517097052642,0.8458476169412805,23c1cf63c220080b,0.6115427887510412,0.6115427887510412,0.01707317073170732,0.8648521058231872,0.0159428174762247,,
bank,common_temperature_study,1201,0,0,512,8,2,0.016,0.003,age,7.0,,B,analytic,hybrid,False,budget,cuda,0.48807983095164215,age-local,common-temperature-soft,0.27536699657193403,0.2072580310737587,0.2923942379464779,0.5235733526622802,0.4491716659294482,0.5731744771508349,0.7922643031903129,0.7452025363771241,0.8628569534100964,0.02956811750604257,0.0556896563640385,0.17855206733009746,0.43424689029152364,0.09522335777414745,0.3430786200306866,0.09672169972381216,0.2997990611044446,0.998046875,0.5782362487319679,0.46893352125910265,0.8830034280659074,0.534691523449568,0.4980391198479416,0.837996240185779,4ae7b5a92178de61,0.48807983095164215,0.48807983095164215,0.01707317073170732,0.6902491164525799,0.007440255066073213,,
bank,common_temperature_study,1201,0,0,512,8,2,0.023,0.003,age,7.0,,B,analytic,hybrid,False,budget,cuda,0.35500233981490636,age-local,common-temperature-soft,0.29691681411036164,0.26158700099524496,0.30574926738914077,0.5748514475975892,0.5273580048103506,0.6065137427890818,0.8664869840622582,0.8346049632081906,0.9143100153433595,0.04917691531992644,0.12362721856684722,0.19344280575148892,0.46227423404152357,0.10790413116099307,0.3633668436566957,0.10972801084054015,0.29879118806201327,0.998046875,0.5799379270915574,0.46893352125910265,0.8830034280659074,0.5520646580959336,0.5270496254534207,0.8468428618821188,243be7f4c2844118,0.35500233981490636,0.35500233981490636,0.01707317073170732,0.5020491236404228,0.0091068799762247,,
bank,common_temperature_study,1201,0,0,512,8,2,0.032,0.003,age,7.0,,B,analytic,hybrid,False,budget,cuda,0.26061517189404104,age-local,common-temperature-soft,0.33324264970142653,0.2827692172122084,0.3458610078237311,0.6289405911340263,0.5673985791841756,0.6699685991005935,0.9239889451785912,0.8747100082015554,0.9979073506441446,0.04837669181766481,0.1132153754976224,0.2130253283296275,0.5103585927132863,0.11645458132972585,0.39739694204080506,0.11845512330185137,0.2995456607421906,0.990234375,0.6087612288163179,0.46893352125910265,0.8830034280659074,0.5484903759766955,0.5022509948471785,0.8289284529470309,501aa99686e53cfb,0.26061517189404104,0.26061517189404104,0.01707317073170732,0.36856551065274834,0.013067557433926787,,
bank,common_temperature_study,1201,0,0,512,8,2,0.05,0.003,age,7.0,,B,analytic,hybrid,False,budget,cuda,0.16909191998223996,age-local,common-temperature-soft,0.3835043334623466,0.3062067172122084,0.40282873752488113,0.6857268311815768,0.596718672246489,0.7450656038049689,0.9717862746046666,0.9060855657230271,1.0703373379271257,0.055224986572092044,0.1307935004976224,0.22529478608404682,0.5425876390059989,0.12322367534699102,0.4080790109580615,0.12546860256263417,0.27830038758280734,0.994140625,0.5936510209951789,0.46893352125910265,0.8830034280659074,0.5480793382677587,0.519410389371425,0.8284861218622138,a8d132adc05589b7,0.16909191998223996,0.16909191998223996,0.01707317073170732,0.23913208652658993,0.0296146924762247,,
bank,common_temperature_study,1201,0,0,512,8,2,0.08,0.003,age,7.0,,B,analytic,hybrid,False,budget,cuda,0.10630414734522789,age-local,common-temperature-soft,0.47145539021895394,0.26549325099524496,0.5229459250248812,0.7952532345460577,0.6541423398968815,0.8893271643121752,1.0811074518964943,1.0074814716263039,1.1915464223017804,0.05233911770087882,0.10800221856684722,0.22740590189876536,0.5352336363416452,0.12377812899287491,0.3947686141905341,0.1259780636933977,0.23307854516099324,0.97265625,0.5440530626304283,0.46893352125910265,0.8830034280659074,0.5125665679860513,0.4853704735751243,0.8504920933318589,ed3bcf8fed9d39a9,0.10630414734522789,0.10630414734522789,0.01707317073170732,0.15033676691212913,0.0677006299762247,,
bank,common_temperature_study,1201,0,0,512,8,2,0.12,0.003,age,7.0,,B,analytic,hybrid,False,budget,cuda,0.07101845205266616,age-local,common-temperature-soft,0.6117508017250912,0.4846017810737588,0.6435380568879244,0.9636840563833907,0.8556286846524936,1.035720970870655,1.2245631980537435,1.1582486971967267,1.324034949339268,0.08030919485869102,0.19979909356684722,0.2432216834054754,0.571982170255999,0.13622686794846767,0.4312339957356518,0.13908649698757425,0.19571283999750658,0.9609375,0.5567213691077196,0.46893352125910265,0.8830034280659074,0.5021813111303922,0.4728149742734934,0.8805706070994139,0413bfc53995d22f,0.07101845205266616,0.07101845205266616,0.01707317073170732,0.10043525807162386,0.0891850049762247,,
bank,common_temperature_study,1201,0,0,512,8,2,0.18,0.003,age,7.0,,B,analytic,hybrid,False,budget,cuda,0.047389950141086525,age-local,common-temperature-soft,0.6475111101127944,0.2944879672122084,0.735766895837941,1.0253306684037378,0.8363670881482915,1.1513063885740351,1.2978568540583877,1.2197416452412548,1.415029667284087,0.051910918008141,0.1112622504976224,0.2560565048340468,0.5821384202559989,0.1380926972950382,0.4448468968573757,0.14043676204553646,0.17959421961107414,0.96484375,0.5,0.46893352125910265,0.8830034280659074,0.5,0.46893352125910265,0.8830034280659074,b426ed0af4141780,0.047389950141086525,0.047389950141086525,0.01707317073170732,0.06701951020970934,0.0891850049762247,,
bank,common_temperature_study,1201,0,0,512,8,2,0.3,0.003,age,7.0,,B,analytic,hybrid,False,budget,cuda,0.028447606927641905,age-local,common-temperature-soft,0.6942340588023886,0.4767892810737587,0.748595253234546,1.0704069273194734,0.9623254001714032,1.1424612787515203,1.3241072601045007,1.2781629696312065,1.3930236958144422,0.06522737924098096,0.1466636400392569,0.2511039378697611,0.5797832016131259,0.14287239382925568,0.43274599914989487,0.14507009858087322,0.18910063999903548,0.958984375,0.5,0.46893352125910265,0.8830034280659074,0.5,0.46893352125910265,0.8830034280659074,f63dc7e01cd9593a,0.028447606927641905,0.028447606927641905,0.01707317073170732,0.04023099153413,0.0803959424762247,,
bank,common_temperature_study,1201,0,0,512,8,2,0.4,0.003,age,7.0,,B,analytic,hybrid,False,budget,cuda,0.02133822395762797,age-local,common-temperature-soft,0.6643482009565409,0.46888174900475504,0.7132148139444874,1.078487331361274,0.9908242217737477,1.1369294044196248,1.3837106826412693,1.3558660128460318,1.4254776873341257,0.10088246532440255,0.2220126237144754,0.26067878136305106,0.584958982863126,0.1522737307006735,0.42584343121060486,0.15534457033276905,0.20432332532730138,0.962890625,0.5,0.46893352125910265,0.8830034280659074,0.5,0.46893352125910265,0.8830034280659074,02119691656343ac,0.02133822395762797,0.02133822395762797,0.01707317073170732,0.030176805717831975,0.1189112521425412,,
bank,common_temperature_study,1202,0,0,512,8,2,0.0,0.003,global,7.0,,B,global,hybrid,False,budget,cuda,1.0,hard,common-temperature-hard,0.2748770630598253,0.13365612559438242,0.310182297426186,0.517132381399978,0.41977349538316927,0.5820383054111835,0.7717105081278338,0.7131094147406835,0.8596121482085592,0.029696760484299933,0.05688317275793442,0.18043543786581173,0.43043829654152366,0.09557189317657284,0.2995157144165375,0.0971304512060249,0.33781647504084433,0.998046875,0.6198563469075404,0.46893352125910265,0.8830034280659074,0.5561169158145057,0.5243710819216882,0.8072542297909986,d214160756dc45ae,1.0,1.0,1.0,1.4142135623730951,0.024786307433926787,,
bank,common_temperature_study,1202,0,0,512,8,2,0.00025,0.003,age,7.0,,B,analytic,hybrid,False,budget,cuda,1.0,age-local,common-temperature-soft,0.2804806722050205,0.0783517810737587,0.3310128949878359,0.5336293006330863,0.41146920442607543,0.6150693647710938,0.7858616471303771,0.7213374640605994,0.8826479217350438,0.016870516625593072,0.035979141324781416,0.18748063875866888,0.4256531402915236,0.0970969624718183,0.2998638557620533,0.09842504343455157,0.3433444059010956,0.998046875,0.5714432661429215,0.46893352125910265,0.8830034280659074,0.5668895365009772,0.5439832826200979,0.8194183346234657,a04788ed596eb6ac,1.0,1.0,0.01707317073170732,1.4142135623730951,0.0265965603574588,,
bank,common_temperature_study,1202,0,0,512,8,2,0.0005,0.003,age,7.0,,B,analytic,hybrid,False,budget,cuda,0.999999999999997,age-local,common-temperature-soft,0.28307306065465,0.17911212401857793,0.309063294813668,0.5413769628441889,0.45625673863762023,0.5981237789819013,0.8037259914436581,0.7468514867623207,0.8890377484656641,0.03731070105527562,0.0713146563640385,0.18992812335853695,0.44697198670587723,0.09984804536724011,0.32084677461157796,0.10174593854338618,0.33890828018228053,1.0,0.5648889162453703,0.46890233159100253,0.8828928452947031,0.571834476978929,0.5083260148113744,0.7904456485679531,62dc5647bf8ab71e,0.999999999999997,0.999999999999997,0.01707317073170732,1.414213562373091,0.0109715603574588,,
bank,common_temperature_study,1202,0,0,512,8,2,0.001,0.003,age,7.0,,B,analytic,hybrid,False,budget,cuda,0.9999999230433523,age-local,common-temperature-soft,0.28736971967267505,0.09588606173283207,0.3352406341576358,0.5264510964972907,0.40836068385076857,0.605178038261639,0.769897209858454,0.7093334018716133,0.8607429218387149,0.020451682898637778,0.03746790507851394,0.18545775929438316,0.42203985904152364,0.09729560124115993,0.30610117762012035,0.0986375449464932,0.3492275690089872,0.998046875,0.6034245448401007,0.46893352125910265,0.8830034280659074,0.591118211959333,0.5389799747134875,0.8396549817538428,fbcda73e2514db03,0.9999999230433523,0.9999999230433523,0.01707317073170732,1.4142134535399602,0.017435252923532017,,
bank,common_temperature_study,1202,0,0,512,8,2,0.0015,0.003,age,7.0,,B,analytic,hybrid,False,budget,cuda,0.999977205198173,age-local,common-temperature-soft,0.28774008556341923,0.20122306272807697,0.30936934127225485,0.5458825196284419,0.47290635712705964,0.5945332946293634,0.7860041520374875,0.7354949385344097,0.8617679722921043,0.046734138612870804,0.10003118779719133,0.18741088429438316,0.4295593902915236,0.0992635812463186,0.31032867920974777,0.10140644810666931,0.3405331979868328,0.99609375,0.6057731119194425,0.46893352125910265,0.8830034280659074,0.5672737635429379,0.5267447327579182,0.8471746101957315,654bf9f596970f98,0.999977205198173,0.999977205198173,0.01707317073170732,1.4141813256551998,0.0139012478574588,,
bank,common_temperature_study,1202,0,0,512,8,2,0.002,0.003,age,7.0,,B,analytic,hybrid,False,budget,cuda,0.9996077590838693,age-local,common-temperature-soft,0.25290150185226146,0.16348712401857793,0.2752550963106823,0.5084670117770651,0.4206275961033396,0.5670266222262156,0.7736903716963396,0.7180886631925244,0.8570929344520622,0.023478495435827813,0.049249937797191334,0.1789766724656798,0.4324212054558773,0.09255599213691612,0.3094580666675881,0.0940774232491336,0.33291791288272576,0.99609375,0.49832329758183175,0.46893352125910265,0.8830034280659074,0.5843947713872775,0.5161758252327965,0.8425301338051532,f90e5b6ae0909047,0.9996077590838693,0.9996077590838693,0.01707317073170732,1.4136588499497855,0.0129246853574588,,
bank,common_temperature_study,1202,0,0,512,8,2,0.0025,0.003,age,7.0,,B,analytic,hybrid,False,budget,cuda,0.9978390388444542,age-local,common-temperature-soft,0.2821890896273361,0.20371031115227248,0.30180878424610197,0.526218440713812,0.4487421857721442,0.5778692773415902,0.7853587546997677,0.7437689920150024,0.8477433987269157,0.03885406710926107,0.08831243779719133,0.183295370901526,0.42282110904152365,0.09775898322221456,0.31693779243959397,0.09957690412747153,0.3369713027601358,0.998046875,0.5732573954236027,0.4712006873391091,0.8812341037266394,0.5308972518178579,0.5062915210338264,0.8245051420988609,8f0344763829efe5,0.9978390388444542,0.9978390388444542,0.01707317073170732,1.4111575017991609,0.0153071825237753,,
bank,common_temperature_study,1202,0,0,512,8,2,0.003,0.003,age,7.0,,B,analytic,hybrid,False,budget,cuda,0.9932706725063394,age-local,common-temperature-soft,0.2761247477330532,0.16739337401857793,0.303307591161672,0.522184545366582,0.43520184379492427,0.5801730130810202,0.786535942856353,0.7312326782456043,0.869490839772476,0.02670802248384705,0.0517834063640385,0.17555262536581173,0.4171570465415237,0.0929678249506703,0.3152802495714917,0.0944135369755065,0.33180279025097503,1.0,0.570067103607544,0.46893352125910265,0.8830034280659074,0.5781680087782741,0.5260482180293501,0.8423089682627447,59f29d794ce4cb04,0.9932706725063394,0.9932706725063394,0.01707317073170732,1.4046968561659101,0.0074946825237753,,
bank,common_temperature_study,1202,0,0,512,8,2,0.004,0.003,age,7.0,,B,analytic,hybrid,False,budget,cuda,0.9723755493150279,age-local,common-temperature-soft,0.26027374419440447,0.13339781115227248,0.2919927274549375,0.5080159118240629,0.41540957957812674,0.569753466654687,0.7759316166510009,0.7215435108647573,0.8575137753303661,0.019897575999325998,0.051203062797191334,0.18155150929438316,0.42789923404152364,0.09431786877120912,0.3090355087325831,0.09569889826326457,0.32454684418622365,1.0,0.5756111707561318,0.46893352125910265,0.8830034280659074,0.5691178402794466,0.5174910067625061,0.8543624903240076,25e5a6be03fd4122,0.9723755493150279,0.9723755493150279,0.01707317073170732,1.375146689561301,0.013099630757215517,,
bank,common_temperature_study,1202,0,0,512,8,2,0.006,0.003,age,7.0,,B,analytic,hybrid,False,budget,cuda,0.8901741643274665,age-local,common-temperature-soft,0.2675970882174058,0.08536212401857793,0.3131558292671128,0.5472994477772863,0.4293970042436139,0.6259010767997346,0.8349362939566515,0.7616865686857238,0.9448108818630433,0.012173340633112758,0.02676340643315278,0.19515362983009746,0.46481329654152365,0.10282582411904272,0.3591771713099911,0.10389564579361883,0.31621066052653374,0.998046875,0.6020400964473794,0.46893352125910265,0.8830034280659074,0.5381295032155045,0.5092926438819968,0.841092557779498,dd4515406336c119,0.8901741643274665,0.8901741643274665,0.01707317073170732,1.2588963760660394,0.006406565333683504,,
bank,common_temperature_study,1202,0,0,512,8,2,0.008,0.003,age,7.0,,B,analytic,hybrid,False,budget,cuda,0.7883559845346195,age-local,common-temperature-soft,0.2867548621862214,0.17246031115227248,0.3153284999447087,0.549818747926573,0.44795104379768885,0.6177305506791625,0.8337064925909544,0.7756156782179587,0.9208427141504478,0.02327785846590103,0.0556896563640385,0.20017595125866888,0.4566101715415236,0.1050539485360383,0.3437675701336668,0.10653922041164393,0.31144941296463813,1.0,0.5926903350208863,0.46893352125910265,0.8830034280659074,0.5371934972591568,0.5287817828277426,0.8319141877695455,f926c0a2e04ba4d1,0.7883559845346195,0.7883559845346195,0.01707317073170732,1.114903725306853,0.0091068799762247,,
bank,common_temperature_study,1202,0,0,512,8,2,0.012,0.003,age,7.0,,B,analytic,hybrid,False,budget,cuda,0.6115427887510412,age-local,common-temperature-soft,0.2877758521784807,0.2189767810737587,0.30497561995466116,0.5518443564773859,0.484101026864702,0.5970065762191751,0.8139888069501271,0.7695297381261751,0.8806774101860556,0.033028025327403954,0.09237721856684722,0.1905498351872403,0.4380554840415236,0.1007155670897962,0.2998022037072874,0.10243286870630829,0.3117552515191076,0.998046875,0.5532528500390027,0.46893352125910265,0.8830034280659074,0.5438167381420504,0.5117330346115125,0.8479486895941613,1fe6a9e0b99e9082,0.6115427887510412,0.6115427887510412,0.01707317073170732,0.8648521058231872,0.0114009325237753,,
bank,common_temperature_study,1202,0,0,512,8,2,0.016,0.003,age,7.0,,B,analytic,hybrid,False,budget,cuda,0.48807983095164215,age-local,common-temperature-soft,0.28854206983302005,0.23625274729072213,0.30161440046859456,0.5517192597174609,0.49893445292629657,0.5869091309115706,0.8194801054683181,0.7783243801605293,0.8812136934300011,0.038552206587047076,0.0800148422813226,0.189154745901526,0.4449890777915237,0.10164682333005909,0.3335208236861384,0.10341328311090339,0.30556941053337006,0.998046875,0.5829942247574316,0.46893352125910265,0.8830034280659074,0.5498207887425974,0.5162688312117136,0.8335729293376092,ccfe83b73f3afc33,0.48807983095164215,0.48807983095164215,0.01707317073170732,0.6902491164525799,0.009218434666316496,,
bank,common_temperature_study,1202,0,0,512,8,2,0.023,0.003,age,7.0,,B,analytic,hybrid,False,budget,cuda,0.35500233981490636,age-local,common-temperature-soft,0.3027586081775959,0.2346017810737587,0.31979781495355525,0.5743245379713591,0.512537429676269,0.6155159435014191,0.8469723214779389,0.8071944027839212,0.906639199518965,0.04381671580359445,0.10018971856684722,0.19131713429438316,0.44332892154152365,0.10371984036516572,0.3502256471683899,0.10559544258529932,0.29429686680752115,1.0,0.5720679014172367,0.46893352125910265,0.8830034280659074,0.5335188378966707,0.4984952301923825,0.824947473183678,b12632854f0c1e55,0.35500233981490636,0.35500233981490636,0.01707317073170732,0.5020491236404228,0.0178959424762247,,
bank,common_temperature_study,1202,0,0,512,8,2,0.032,0.003,age,7.0,,B,analytic,hybrid,False,budget,cuda,0.26061517189404104,age-local,common-temperature-soft,0.3499272572708173,0.32573796721220843,0.3559745797854695,0.6452273599054517,0.5810870847962513,0.6879875433115853,0.9417402445261528,0.8907766193464558,1.0181856822956983,0.058201177048282524,0.1267105772420658,0.22193934411581173,0.5022156402915235,0.12197151690835017,0.3590579384606877,0.12426338821878583,0.2928672000991525,1.0,0.605598280329493,0.46893352125910265,0.8830034280659074,0.5696695600091382,0.5347860579591638,0.8319141877695455,e919408969121bc4,0.26061517189404104,0.26061517189404104,0.01707317073170732,0.36856551065274834,0.0100834424762247,,
bank,common_temperature_study,1202,0,0,512,8,2,0.05,0.003,age,7.0,,B,analytic,hybrid,False,budget,cuda,0.16909191998223996,age-local,common-temperature-soft,0.35381683346234655,0.22417546721220835,0.38622717502488113,0.6397257806452504,0.5368722267914409,0.7082948165477901,0.9240316664132479,0.8594405145324192,1.0209183942344908,0.04112222753195052,0.0856949522420658,0.20885121439876536,0.49597582384164524,0.11287697875926883,0.38048977584526705,0.114730085230434,0.28537555612680826,0.998046875,0.6069105233939345,0.46893352125910265,0.8830034280659074,0.569991643121022,0.5290083634266944,0.7991816874930886,2138f6fb120c4f21,0.16909191998223996,0.16909191998223996,0.01707317073170732,0.23913208652658993,0.0276615674762247,,
bank,common_temperature_study,1202,0,0,512,8,2,0.08,0.003,age,7.0,,B,analytic,hybrid,False,budget,cuda,0.10630414734522789,age-local,common-temperature-soft,0.4765228457093885,0.28111825099524496,0.5253739943879244,0.8189912518660842,0.7073806008445759,0.8933983525470897,1.1000060474953002,1.046826836019573,1.179774864708891,0.044020808485121306,0.1373623762855246,0.22573179475590824,0.5273417953631259,0.12133505402499659,0.39046235477371993,0.1233751004678979,0.23764368097330035,0.9921875,0.5874518976388857,0.46893352125910265,0.8830034280659074,0.5688000184656249,0.5445640871040225,0.7799402853035498,b6028533e5539f6e,0.10630414734522789,0.10630414734522789,0.01707317073170732,0.15033676691212913,0.0686771924762247,,
bank,common_temperature_study,1202,0,0,512,8,2,0.12,0.003,age,7.0,,B,analytic,hybrid,False,budget,cuda,0.07101845205266616,age-local,common-temperature-soft,0.5402213728851045,0.1564767810737587,0.636157520837941,0.8986800477579344,0.7200107947791109,1.0177928830771499,1.175934294827491,1.1057534862370526,1.2812055077131483,0.02670362056549921,0.05184560917284098,0.22627134858404682,0.5362399827559989,0.11909470899523136,0.4048750047516035,0.12075991001793542,0.19170232697101766,0.98046875,0.5614615305398947,0.46893352125910265,0.8830034280659074,0.5213871590517665,0.4882571224476543,0.8381068229569834,84a8cc5d322ade10,0.07101845205266616,0.07101845205266616,0.01707317073170732,0.10043525807162386,0.0882084424762247,,
bank,common_temperature_study,1202,0,0,512,8,2,0.18,0.003,age,7.0,,B,analytic,hybrid,False,budget,cuda,0.047389950141086525,age-local,common-temperature-soft,0.6279065990268716,0.3723810025710494,0.6917879981408271,0.9820760014652217,0.8303943226114121,1.0831971207010946,1.2339010923504368,1.1641735147351542,1.3384924587733606,0.08383408239996208,0.17660414132478164,0.2234800206799655,0.5298821429558772,0.12737447350940817,0.39482173495728734,0.13016349565615423,0.19428699881568895,0.9921875,0.5,0.46893352125910265,0.8830034280659074,0.5,0.46893352125910265,0.8830034280659074,20e3c1c857ee2a0e,0.047389950141086525,0.047389950141086525,0.01707317073170732,0.06701951020970934,0.0882084424762247,,
bank,common_temperature_study,1202,0,0,512,8,2,0.3,0.003,age,7.0,,B,analytic,hybrid,False,budget,cuda,0.028447606927641905,age-local,common-temperature-soft,0.6960219575915072,0.3649270326495631,0.7787956888269932,1.0754018128663057,0.9122432838245051,1.1841741655608389,1.3276304444736258,1.2633741798444469,1.4240148414173945,0.08405424002648718,0.18246351632478142,0.26456654947690394,0.5823222641131259,0.14529741226324377,0.46446026320427397,0.14852100602307203,0.1833131079009504,0.958984375,0.5,0.46893352125910265,0.8830034280659074,0.5,0.46893352125910265,0.8830034280659074,86321a412c18cc2b,0.028447606927641905,0.028447606927641905,0.01707317073170732,0.04023099153413,0.0862553174762247,,
bank,common_temperature_study,1202,0,0,512,8,2,0.4,0.003,age,7.0,,B,analytic,hybrid,False,budget,cuda,0.02133822395762797,age-local,common-temperature-soft,0.6463512005142099,0.2282082826495632,0.7508869299803715,1.0400565354417783,0.8386585489121419,1.1743218597948688,1.3367838901636624,1.2629502072275056,1.4475344145678977,0.04763005241491709,0.11410414132478142,0.2729370851911897,0.6110446702559991,0.14650438124872583,0.4988515590442883,0.14880226948244485,0.19134997392415143,0.96484375,0.5,0.46893352125910265,0.8830034280659074,0.5,0.46893352125910265,0.8830034280659074,23489553a8d94618,0.02133822395762797,0.02133822395762797,0.01707317073170732,0.030176805717831975,0.0794193799762247,,
bank,common_temperature_study,1203,0,0,512,8,2,0.0,0.003,global,7.0,,B,global,hybrid,False,budget,cuda,1.0,hard,common-temperature-hard,0.30385916592944817,0.21152281115227248,0.3269432546237421,0.5544651681549264,0.4782201616581886,0.605295172486085,0.8222589727551698,0.774514026157433,0.8938763926517748,0.03012823076123076,0.059015562797191334,0.1846904601872403,0.4241882965415237,0.0972393239786515,0.302437637364536,0.09887087634328988,0.324913124965818,0.99609375,0.5148799793563783,0.46893352125910265,0.8830034280659074,0.5103007411107547,0.489306599879505,0.8320247705407497,e75c26cc330beec2,1.0,1.0,1.0,1.4142135623730951,0.0168309353574588,,
bank,common_temperature_study,1203,0,0,512,8,2,0.00025,0.003,age,7.0,,B,analytic,hybrid,False,budget,cuda,1.0,age-local,common-temperature-soft,0.3201063668030521,0.22989337401857793,0.34265961499917064,0.583411158838328,0.48816839941805823,0.6469063317851745,0.8479294671983857,0.7889380223884036,0.9364166344133587,0.03805474867432324,0.0791271563640385,0.20752587957733679,0.47732348009164527,0.11005229155758839,0.34238605222962504,0.11196329950735981,0.33955256796053385,0.99609375,0.5728951850882977,0.46893352125910265,0.8830034280659074,0.5012650136775831,0.49826617182805866,0.8405396439234767,ffa75bb37008008c,1.0,1.0,0.01707317073170732,1.4142135623730951,0.0348384325237753,,
bank,common_temperature_study,1203,0,0,512,8,2,0.0005,0.003,age,7.0,,B,analytic,hybrid,False,budget,cuda,0.999999999999997,age-local,common-temperature-soft,0.31281205075749197,0.18027281115227248,0.3459468606587969,0.56575566909488,0.46882300190755277,0.6303774472197649,0.8161880650088467,0.7588162402318552,0.9022458021743337,0.0304162067279085,0.0615490313640385,0.19138688875866888,0.4377625152915236,0.10142182814807332,0.3204566463701204,0.10303549164457758,0.35024735980556815,1.0,0.5292937016830944,0.46890233159100253,0.8828928452947031,0.5740859811579604,0.5184900921800126,0.8323565188543625,549e06dabac7227d,0.999999999999997,0.999999999999997,0.01707317073170732,1.414213562373091,0.029701193257215517,,
bank,common_temperature_study,1203,0,0,512,8,2,0.001,0.003,age,7.0,,B,analytic,hybrid,False,budget,cuda,0.9999999230433523,age-local,common-temperature-soft,0.2892603394891077,0.13339781115227248,0.32822597157331646,0.5587091707674444,0.451862693347064,0.6299401557143648,0.8225223411754948,0.7649949805789008,0.908813382070386,0.02899543615688012,0.060968687797191334,0.19438633072295458,0.44498907779152364,0.10137857959415933,0.32367586850671776,0.10308057491507519,0.3391453043131144,1.0,0.577907892042381,0.46890233159100253,0.8828928452947031,0.5298291456215755,0.49580824361859577,0.8370009952449409,c25e3ce5cafa6dab,0.9999999230433523,0.9999999230433523,0.01707317073170732,1.4142134535399602,0.035385622857458804,,
bank,common_temperature_study,1203,0,0,512,8,2,0.0015,0.003,age,7.0,,B,analytic,hybrid,False,budget,cuda,0.999977205198173,age-local,common-temperature-soft,0.2833224766393896,0.13078399729072213,0.32145709647655646,0.5259707957812674,0.4197582686539312,0.5967791471994913,0.7779394714834679,0.726102962351174,0.8556942351819086,0.026019739353775398,0.05575553086641616,0.18385340661581173,0.43161017154152365,0.09670224439300211,0.3031365226383665,0.0982028722366676,0.3443264325296973,0.998046875,0.5754665233607911,0.46893352125910265,0.8830034280659074,0.5605480147677653,0.5132584212742649,0.8552471524936415,1bbdaf70f880435d,0.999977205198173,0.999977205198173,0.01707317073170732,1.4141813256551998,0.0114009325237753,,
bank,common_temperature_study,1203,0,0,512,8,2,0.002,0.003,age,7.0,,B,analytic,hybrid,False,budget,cuda,0.9996077590838693,age-local,common-temperature-soft,0.25014246171071547,0.1096017810737587,0.2852776318699547,0.5019429738471746,0.4020609216037266,0.56853100867614,0.7703810958752626,0.7139141635795642,0.8550814943188102,0.015027120753753252,0.035090375497622395,0.1832256164372403,0.43073126529152367,0.09567314537953021,0.29707296907829245,0.09686294549330506,0.3218690260076712,1.0,0.5645651759620176,0.46893352125910265,0.8830034280659074,0.5088043152745045,0.48725953753369733,0.854583655866416,7282f03e9d5318da,0.9996077590838693,0.9996077590838693,0.01707317073170732,1.4136588499497855,0.010369942566073213,,
bank,common_temperature_study,1203,0,0,512,8,2,0.0025,0.003,age,7.0,,B,analytic,hybrid,False,budget,cuda,0.9978390388444542,age-local,common-temperature-soft,0.2588994940838218,0.11906524729072213,0.29385805578209667,0.496172799402853,0.3889638826302112,0.5676454105846144,0.7451838611356851,0.6770932685041838,0.847319750082937,0.014827676827117022,0.030299031364038498,0.18210954500866888,0.4280945465415236,0.09368138017571565,0.2900992782746322,0.09496875983819934,0.32459000308538627,0.998046875,0.6052490906271565,0.46893352125910265,0.8830034280659074,0.5887604120675227,0.4940323342647525,0.8671900917837001,1ea49e76c0421702,0.9978390388444542,0.9978390388444542,0.01707317073170732,1.4111575017991609,0.008184744933926787,,
bank,common_temperature_study,1203,0,0,512,8,2,0.003,0.003,age,7.0,,B,analytic,hybrid,False,budget,cuda,0.9932706725063394,age-local,common-temperature-soft,0.26909341134026316,0.15173424886652662,0.2984332019586973,0.534740311912529,0.4445958718069224,0.5948366053162667,0.8081052851653212,0.7531032290169191,0.8906083693879243,0.02503229033374936,0.04403678086641616,0.18999179947295458,0.4353211090415236,0.09994101164946238,0.3214315890053078,0.1014297697521748,0.3306198070926655,0.998046875,0.539787029792392,0.46893352125910265,0.8830034280659074,0.5513598275594717,0.5051827572067269,0.8477275240517528,e4a81b2dd9dbfeee,0.9932706725063394,0.9932706725063394,0.01707317073170732,1.4046968561659101,0.0143306200237753,,
bank,common_temperature_study,1203,0,0,512,8,2,0.004,0.003,age,7.0,,B,analytic,hybrid,False,budget,cuda,0.9723755493150279,age-local,common-temperature-soft,0.2737040217571602,0.13042546721220835,0.3095236603933982,0.5258582259758929,0.4287630971469646,0.5905883118618453,0.7886183978629879,0.7292725698284123,0.8776371399148513,0.021776989436712427,0.044856000497622395,0.17959838429438316,0.4117859527915237,0.0944754937389088,0.29930191385947674,0.09582050526984624,0.3031483747780039,0.998046875,0.5839048404794906,0.4698091007886949,0.8827822625234988,0.5058805321414324,0.4948122548679658,0.8524825832135353,b531ae46a271155f,0.9723755493150279,0.9723755493150279,0.01707317073170732,1.375146689561301,0.0207371853574588,,
bank,common_temperature_study,1203,0,0,512,8,2,0.006,0.003,age,7.0,,B,analytic,hybrid,False,budget,cuda,0.8901741643274665,age-local,common-temperature-soft,0.2777663835286963,0.12442462401857793,0.3161018234062259,0.5371665238305872,0.41684866747760696,0.6173784280659074,0.8036275900558442,0.7314941604233476,0.9118277345045893,0.017584409046987208,0.03356165507851394,0.200873495901526,0.44723517154152365,0.10546264373409431,0.3357820145761914,0.10675944268583502,0.3189851070668489,0.99609375,0.5640706286479966,0.46893352125910265,0.8830034280659074,0.5409845137326249,0.5067615891457389,0.8464005307973018,96d1dce7ce74afe3,0.8901741643274665,0.8901741643274665,0.01707317073170732,1.2588963760660394,0.010369942566073213,,
bank,common_temperature_study,1203,0,0,512,8,2,0.008,0.003,age,7.0,,B,analytic,hybrid,False,budget,cuda,0.7883559845346195,age-local,common-temperature-soft,0.30058064594161227,0.21672149729072213,0.3215454331043348,0.5441105171126839,0.45475231619069995,0.6036826510606731,0.8004728709360831,0.7435008863900254,0.8859308477551697,0.03427393277752327,0.0761060004976224,0.1862763309796646,0.4692376117058773,0.10020988055767756,0.3461656611985788,0.10181930867138618,0.29892190164171506,1.0,0.5782366038401398,0.46893352125910265,0.8830034280659074,0.532143622316418,0.5117330346115125,0.8479486895941613,d9ea245591817217,0.7883559845346195,0.7883559845346195,0.01707317073170732,1.114903725306853,0.013099630757215517,,
bank,common_temperature_study,1203,0,0,512,8,2,0.012,0.003,age,7.0,,B,analytic,hybrid,False,budget,cuda,0.6115427887510412,age-local,common-temperature-soft,0.29305557475395333,0.2424142810737587,0.305715898174002,0.5712391058691805,0.5105906761445317,0.6116713923522797,0.853701283105717,0.805378282350068,0.9261857842391904,0.03752645676345292,0.08651784356684722,0.19822282625866888,0.4708679840415236,0.1066729721943101,0.36955103394891076,0.10841758614996792,0.3058111665799067,1.0,0.5956718232318868,0.46893352125910265,0.8830034280659074,0.5853273446312971,0.5139518732994209,0.8573482251465222,3e1c7af07170a0f5,0.6115427887510412,0.6115427887510412,0.01707317073170732,0.8648521058231872,0.0035884325237753,,
bank,common_temperature_study,1203,0,0,512,8,2,0.016,0.003,age,7.0,,B,analytic,hybrid,False,budget,cuda,0.48807983095164215,age-local,common-temperature-soft,0.28196377723100746,0.19908700099524493,0.3026829712899481,0.5621839319777728,0.4893903174416676,0.6107130083351764,0.8375481207840318,0.7857288902097387,0.9152769666454718,0.03197020732294905,0.059900656930775176,0.19905987983009746,0.4676453277915236,0.10694030351656032,0.35834686100436797,0.10851797402945389,0.3063002115874541,0.998046875,0.5875706221376802,0.46893352125910265,0.8830034280659074,0.547142030248114,0.5325924368756773,0.8022780050868075,2ac68256b0ae09eb,0.48807983095164215,0.48807983095164215,0.01707317073170732,0.6902491164525799,0.010137869933926787,,
bank,common_temperature_study,1203,0,0,512,8,2,0.023,0.003,age,7.0,,B,analytic,hybrid,False,budget,cuda,0.35500233981490636,age-local,common-temperature-soft,0.3301384703638174,0.3761606871336946,0.31863291617134804,0.6291440893508791,0.6191243183608869,0.6358239366775406,0.9154032729044564,0.8839597242572523,0.9625685958752627,0.06337536465985263,0.1288403754976224,0.2066631164372403,0.49000860904152355,0.11460545458922261,0.3700161943284861,0.11696304115629912,0.29926058152336843,1.0,0.5629303763081297,0.46893352125910265,0.8830034280659074,0.5792765973061496,0.519581909596371,0.8387703195842088,f93bd6c147850a8b,0.35500233981490636,0.35500233981490636,0.01707317073170732,0.5020491236404228,0.0071537549762247,,
bank,common_temperature_study,1203,0,0,512,8,2,0.032,0.003,age,7.0,,B,analytic,hybrid,False,budget,cuda,0.26061517189404104,age-local,common-temperature-soft,0.3416790784308305,0.34136296721220843,0.341758106235486,0.6348200956540969,0.599856998334347,0.6581288272005972,0.9204559552278004,0.8868754809198643,0.9708266666897047,0.05711925134147434,0.1542310004976224,0.20457048250866888,0.49127814029152356,0.11346494413900968,0.3802980378469532,0.1156120328762188,0.2916069322314443,0.99609375,0.5766240576316889,0.46893352125910265,0.8830034280659074,0.5620705410546476,0.514760131797982,0.8455158686276678,69ca802d9ea71ff8,0.26061517189404104,0.26061517189404104,0.01707317073170732,0.36856551065274834,0.004310568257215517,,
bank,common_temperature_study,1203,0,0,512,8,2,0.05,0.003,age,7.0,,B,analytic,hybrid,False,budget,cuda,0.16909191998223996,age-local,common-temperature-soft,0.3547890115282539,0.22417546721220835,0.3874423976072653,0.6558898284584762,0.5536465748714475,0.7240519975164953,0.9419595526235762,0.8820962317768809,1.0317545338936194,0.04335437038909338,0.0995435004976224,0.20401244679438316,0.4867859527915236,0.11133457140078468,0.3832993341707674,0.11316721863748049,0.27613876331728393,0.98828125,0.5753928975998238,0.46893352125910265,0.8830034280659074,0.5421276069378668,0.5164692228199781,0.8050425743669136,c790762c7c78e726,0.16909191998223996,0.16909191998223996,0.01707317073170732,0.23913208652658993,0.0335209424762247,,
bank,common_temperature_study,1203,0,0,512,8,2,0.08,0.003,age,7.0,,B,analytic,hybrid,False,budget,cuda,0.10630414734522789,age-local,common-temperature-soft,0.4645465588023886,0.31272678107375873,0.5025015032345461,0.7914652130791773,0.6761747691584652,0.8683255090263186,1.0762773174001992,1.0079071001050537,1.1788326433429173,0.05572147770835635,0.11972096856684722,0.22341141554833252,0.5303806077559989,0.1216557710959674,0.39456646586102506,0.12395488865252374,0.2336983083683978,0.98046875,0.5786804890549743,0.46893352125910265,0.8830034280659074,0.534890206471728,0.5273173226621992,0.868959416122968,9a442f5c3a977a2a,0.10630414734522789,0.10630414734522789,0.01707317073170732,0.15033676691212913,0.0677006299762247,,
bank,common_temperature_study,1203,0,0,512,8,2,0.12,0.003,age,7.0,,B,analytic,hybrid,False,budget,cuda,0.07101845205266616,age-local,common-temperature-soft,0.5144032331637731,0.20098893826716793,0.5927568068879244,0.8767467326246822,0.7211431882740794,0.9804824288584172,1.1541445645112245,1.0910517371862214,1.2487838054987284,0.049607480529533475,0.09918756220280867,0.22349965189876536,0.5179667953631258,0.12185243811149638,0.3636259248348169,0.12393874561043249,0.20359988896866743,0.994140625,0.5734180226866774,0.46893352125910265,0.8830034280659074,0.5009239322785042,0.46893352125910265,0.8830034280659074,3ac2b5db3ebcc40e,0.07101845205266616,0.07101845205266616,0.01707317073170732,0.10043525807162386,0.0882084424762247,,
bank,common_temperature_study,1203,0,0,512,8,2,0.18,0.003,age,7.0,,B,analytic,hybrid,False,budget,cuda,0.047389950141086525,age-local,common-temperature-soft,0.5824645962346566,0.2267892810737587,0.6713834250248811,0.9581599718013933,0.7557679066335841,1.0930880152465996,1.2536639182240406,1.1678271378183862,1.3824190888325223,0.035724591139950385,0.09829987628552461,0.2407987590416225,0.5452128891131258,0.1275228935310301,0.3776519670774356,0.12947573479332825,0.1943002663301423,0.970703125,0.5,0.46893352125910265,0.8830034280659074,0.5,0.46893352125910265,0.8830034280659074,43a919e09fd910f4,0.047389950141086525,0.047389950141086525,0.01707317073170732,0.06701951020970934,0.0872318799762247,,
bank,common_temperature_study,1203,0,0,512,8,2,0.3,0.003,age,7.0,,B,analytic,hybrid,False,budget,cuda,0.028447606927641905,age-local,common-temperature-soft,0.6018453499944708,0.2632379672122084,0.6864971956900364,0.9876883794786021,0.8064206473584541,1.1085335342253675,1.3198851580642488,1.2535678782391537,1.419361077801891,0.04975473909706538,0.10717932724206558,0.26493988203434776,0.597861076505999,0.14618473086424383,0.44267000373216836,0.14822572679148427,0.21439311448936405,0.974609375,0.5,0.46893352125910265,0.8830034280659074,0.5,0.46893352125910265,0.8830034280659074,53fdf3117e98e85f,0.028447606927641905,0.028447606927641905,0.01707317073170732,0.04023099153413,0.0784428174762247,,
bank,common_temperature_study,1203,0,0,512,8,2,0.4,0.003,age,7.0,,B,analytic,hybrid,False,budget,cuda,0.02133822395762797,age-local,common-temperature-soft,0.5849329246378414,0.4066085300785139,0.6295140232776734,0.9876684659405065,0.8491888580946588,1.079988204504405,1.3261545100492094,1.2634130565999484,1.4202666902231007,0.10684529569043151,0.2033042650392569,0.28732498672019396,0.590427732863126,0.16483890671440532,0.477790357527922,0.16831103294463864,0.23320686974623578,0.994140625,0.5,0.46893352125910265,0.8830034280659074,0.5,0.46893352125910265,0.8830034280659074,439c8a5baddc2743,0.02133822395762797,0.02133822395762797,0.01707317073170732,0.030176805717831975,0.0637943799762247,,
bank,common_temperature_study,1204,0,0,512,8,2,0.0,0.003,global,7.0,,B,global,hybrid,False,budget,cuda,1.0,hard,common-temperature-hard,0.295261269075528,0.20512931272807697,0.3177942581623908,0.5558889645305761,0.4764055890951565,0.6088778814875225,0.8243288144144643,0.7760313715258581,0.8967749787473737,0.04766419813668034,0.09612493779719133,0.18106322804438316,0.4237000152915236,0.09780590126580599,0.31500125485527475,0.09981254080126677,0.3426322436578205,0.998046875,0.567129648809855,0.46890233159100253,0.8828928452947031,0.4938455019039717,0.4891305991080416,0.8351210881344686,2421e149bb05cfb2,1.0,1.0,1.0,1.4142135623730951,0.0328853075237753,,
bank,common_temperature_study,1204,0,0,512,8,2,0.00025,0.003,age,7.0,,B,analytic,hybrid,False,budget,cuda,1.0,age-local,common-temperature-soft,0.26281732071768216,0.11386656115227248,0.3000550106090346,0.5117729614757272,0.41486444107320575,0.5763786417440747,0.7660182167837,0.7123763719175051,0.8464809840829923,0.019136805204499167,0.043390562797191334,0.17346606978710838,0.41269464295587727,0.09080663951864333,0.2939428287072874,0.09207727927832936,0.3369468882750227,1.0,0.5919823676955729,0.4736325072044459,0.8831140108371116,0.5546488986320048,0.5238381189777876,0.8468428618821188,bece1c67a82c174c,1.0,1.0,0.01707317073170732,1.4142135623730951,0.0289790575237753,,
bank,common_temperature_study,1204,0,0,512,8,2,0.0005,0.003,age,7.0,,B,analytic,hybrid,False,budget,cuda,0.999999999999997,age-local,common-temperature-soft,0.266798127695455,0.15173424886652662,0.2955640974026872,0.5085951754810351,0.4310014263449629,0.5603243415717498,0.7588293431383389,0.7117800456845075,0.8294032893190866,0.029249513238337518,0.06676478007851394,0.1749248351872403,0.4002625152915237,0.09292085401353396,0.28547371110596587,0.0944263694241849,0.3351691988554892,0.998046875,0.5786088755736476,0.46893352125910265,0.8830034280659074,0.5432617632541167,0.5154532861455811,0.8448523720004424,de8468f3931c26cb,0.999999999999997,0.999999999999997,0.01707317073170732,1.414213562373091,0.016029318257215517,,
bank,common_temperature_study,1204,0,0,512,8,2,0.001,0.003,age,7.0,,B,analytic,hybrid,False,budget,cuda,0.9999999230433523,age-local,common-temperature-soft,0.2550055118600022,0.11661212401857793,0.2896038588203583,0.5039954073592835,0.40957050688377744,0.5669453410096207,0.7593030780023222,0.7026345049347561,0.8443059376036713,0.018468474694975905,0.05113978007851394,0.17966813875866888,0.4163757965415237,0.09414322971323329,0.2805722269642263,0.09540779423111208,0.33458461344544765,0.99609375,0.561627010947985,0.46893352125910265,0.8830034280659074,0.545569374524303,0.49843977847978055,0.8486121862213867,827166b607abeb50,0.9999999230433523,0.9999999230433523,0.01707317073170732,1.4142134535399602,0.011543804600243287,,
bank,common_temperature_study,1204,0,0,512,8,2,0.0015,0.003,age,7.0,,B,analytic,hybrid,False,budget,cuda,0.999977205198173,age-local,common-temperature-soft,0.26303943658078077,0.10240612559438242,0.30319776432738027,0.5173053397655646,0.41739747767610313,0.5839105811585389,0.7792505252681633,0.7223465318478381,0.8646065153986509,0.018164022389061833,0.04403678086641616,0.17764525929438316,0.41090704654152366,0.09349014062559946,0.3052034161437023,0.09470598809774805,0.3303094051817211,0.998046875,0.5458560651883908,0.46893352125910265,0.8830034280659074,0.5264283930289898,0.4839864140761471,0.8446312064580338,ee168d2cc0e42c52,0.999977205198173,0.999977205198173,0.01707317073170732,1.4141813256551998,0.0094478075237753,,
bank,common_temperature_study,1204,0,0,512,8,2,0.002,0.003,age,7.0,,B,analytic,hybrid,False,budget,cuda,0.9996077590838693,age-local,common-temperature-soft,0.2605245424637842,0.16739337401857793,0.2838073345750857,0.509168780410262,0.41722404415017134,0.5704652712503225,0.7706044644338161,0.7175616671735043,0.850168660324284,0.027948808075701853,0.06481165507851394,0.17555262536581173,0.4003601715415237,0.09322277257172082,0.3064388330407496,0.0946897782606033,0.3301057133137043,0.998046875,0.5757603161883161,0.46893352125910265,0.8830034280659074,0.5585061427795264,0.4957184105074534,0.8634302775627557,fb3c4f0c0e0f8972,0.9996077590838693,0.9996077590838693,0.01707317073170732,1.4136588499497855,0.0123774950237753,,
bank,common_temperature_study,1204,0,0,512,8,2,0.0025,0.003,age,7.0,,B,analytic,hybrid,False,budget,cuda,0.9978390388444542,age-local,common-temperature-soft,0.26941228712816545,0.10876549886652662,0.3095739841935751,0.5234056210604888,0.41896453489577573,0.5930330118369641,0.7900430149701427,0.7371550479883151,0.869374965442884,0.018646834666908942,0.04723353007851394,0.177924277151526,0.42330939029152365,0.09419296801125347,0.31803177354030726,0.09538293324782553,0.32066662045547994,1.0,0.5515821844597563,0.46893352125910265,0.8830034280659074,0.5268213794058566,0.48947139023349706,0.8323565188543625,68e6538a04ff9945,0.9978390388444542,0.9978390388444542,0.01707317073170732,1.4111575017991609,0.0080418728574588,,
bank,common_temperature_study,1204,0,0,512,8,2,0.003,0.003,age,7.0,,B,analytic,hybrid,False,budget,cuda,0.9932706725063394,age-local,common-temperature-soft,0.26810075818312507,0.11661212401857793,0.3059729167242618,0.5148222813916842,0.40875539091009616,0.5855335417127429,0.7789160555816654,0.723359271328652,0.8622512319611855,0.01849774539501752,0.04723353007851394,0.17339023697295458,0.4074890777915237,0.09192945707808722,0.3087558336731448,0.0930893250399582,0.3264995414253421,0.998046875,0.5399463549921699,0.46893352125910265,0.8830034280659074,0.5368509362426951,0.5234628891192151,0.8415348888643149,730f566b2dedf12b,0.9932706725063394,0.9932706725063394,0.01707317073170732,1.4046968561659101,0.017982443257215517,,
bank,common_temperature_study,1204,0,0,512,8,2,0.004,0.003,age,7.0,,B,analytic,hybrid,False,budget,cuda,0.9723755493150279,age-local,common-temperature-soft,0.2893324774687604,0.17246031115227248,0.3185505190478824,0.5456998420739798,0.46033933792021453,0.6026068448431569,0.8091403139859562,0.7547860165782004,0.8906717600975893,0.02750734091878488,0.05551039132478164,0.189154745901526,0.4346375152915236,0.09973415528021448,0.32079430179074964,0.10128362692198323,0.32975396912705796,1.0,0.5706037904246266,0.46893352125910265,0.8830034280659074,0.5398397633559143,0.49667692664940244,0.8354528364480814,e7e4a7ac83389449,0.9723755493150279,0.9723755493150279,0.01707317073170732,1.375146689561301,0.016172190333683504,,
bank,common_temperature_study,1204,0,0,512,8,2,0.006,0.003,age,7.0,,B,analytic,hybrid,False,budget,cuda,0.8901741643274665,age-local,common-temperature-soft,0.2859186663717793,0.16167546721220835,0.3169794661616721,0.5427993769351984,0.44054091821712926,0.6109716827472446,0.8072521563640385,0.7451746027083564,0.9003684868475617,0.02117483169038933,0.05136159356684722,0.19215418786581173,0.44791876529152364,0.10085525453408166,0.31835479618212975,0.10224156733403598,0.30893936683952783,1.0,0.5911833743088708,0.46893352125910265,0.8830034280659074,0.5733883711543265,0.5065684998005554,0.846068782483689,17e0559a9106f0a2,0.8901741643274665,0.8901741643274665,0.01707317073170732,1.2588963760660394,0.015195627833683504,,
bank,common_temperature_study,1204,0,0,512,8,2,0.008,0.003,age,7.0,,B,analytic,hybrid,False,budget,cuda,0.7883559845346195,age-local,common-temperature-soft,0.2937681424859008,0.19719024729072213,0.3179126162846954,0.5529131216825168,0.45631332591507245,0.6173129855274798,0.8239933944072761,0.7591767141481439,0.9212184147959748,0.025447078574324804,0.0537365313640385,0.19075909858009746,0.4295593902915237,0.1014790824718973,0.33860525535980857,0.1028969292053048,0.31108870514241815,1.0,0.5863303476627372,0.46893352125910265,0.8830034280659074,0.5313471146869189,0.5053033873831557,0.8219617383611634,f072fbbf08631c44,0.7883559845346195,0.7883559845346195,0.01707317073170732,1.114903725306853,0.004453440333683504,,
bank,common_temperature_study,1204,0,0,512,8,2,0.012,0.003,age,7.0,,B,analytic,hybrid,False,budget,cuda,0.6115427887510412,age-local,common-temperature-soft,0.26877894158465115,0.1955392810737587,0.2870888567123743,0.5244213410925578,0.4497988775848722,0.5741696500976814,0.8018502743835011,0.7483599768697703,0.882085720654097,0.028225861525357682,0.05136159356684722,0.18287684411581173,0.4470398590415236,0.09762706084417343,0.3395705651989107,0.09908635243900978,0.30677010528317306,0.998046875,0.6167123375232152,0.46893352125910265,0.8830034280659074,0.5784196029180422,0.543880851166854,0.8424195510339489,f6f474a1e58c1af4,0.6115427887510412,0.6115427887510412,0.01707317073170732,0.8648521058231872,0.012090994933926787,,
bank,common_temperature_study,1204,0,0,512,8,2,0.016,0.003,age,7.0,,B,analytic,hybrid,False,budget,cuda,0.48807983095164215,age-local,common-temperature-soft,0.30207731463562976,0.29319553107375873,0.3042977605260975,0.5822815731090345,0.5507299542809354,0.6033159856611007,0.8654754972768993,0.8313551544242324,0.9166560115558994,0.049245206763452926,0.12167409356684722,0.18845720125866888,0.4384461090415236,0.10315426291293635,0.3491688797619706,0.10512662098913943,0.29338777382748493,0.998046875,0.547178724759207,0.46893352125910265,0.8830034280659074,0.5694419948556663,0.5116367180413219,0.8301448634302776,abc9428a22180618,0.48807983095164215,0.48807983095164215,0.01707317073170732,0.6902491164525799,0.0081303174762247,,
bank,common_temperature_study,1204,0,0,512,8,2,0.023,0.003,age,7.0,,B,analytic,hybrid,False,budget,cuda,0.35500233981490636,age-local,common-temperature-soft,0.2983197466272255,0.29283700099524496,0.2996904330352206,0.568903735969811,0.5257990469147407,0.5976401953398578,0.8362846262302334,0.7939993439907479,0.8997125495894616,0.05512929627230739,0.13339284356684722,0.1892757729439503,0.47040948670587723,0.104426351198516,0.3693089397531234,0.10653081847547326,0.29527497873075376,0.994140625,0.5953793324676585,0.46893352125910265,0.8830034280659074,0.5864336841407507,0.5350005437068567,0.8506026761030632,e017d27939d4a74c,0.35500233981490636,0.35500233981490636,0.01707317073170732,0.5020491236404228,0.011146505757215517,,
bank,common_temperature_study,1204,0,0,512,8,2,0.032,0.003,age,7.0,,B,analytic,hybrid,False,budget,cuda,0.26061517189404104,age-local,common-temperature-soft,0.30368750345571166,0.2550669371336946,0.3158426450362159,0.5746626361550371,0.5169788830103395,0.6131184715848353,0.8525720429475838,0.8059396195031149,0.9225206781142872,0.052214650374138326,0.10504693720280867,0.188178183401526,0.45084845279152364,0.10384493212958906,0.33628094373755935,0.10584979102872528,0.29914219266737707,0.994140625,0.6201578337454561,0.46893352125910265,0.8830034280659074,0.5341753145370632,0.5093583705243275,0.8085812230454495,25049aee99ec1205,0.26061517189404104,0.26061517189404104,0.01707317073170732,0.36856551065274834,0.0178959424762247,,
bank,common_temperature_study,1204,0,0,512,8,2,0.05,0.003,age,7.0,,B,analytic,hybrid,False,budget,cuda,0.16909191998223996,age-local,common-temperature-soft,0.36528340290832684,0.22026921721220835,0.4015369493323565,0.6853555581665376,0.567343179807586,0.7640304770725054,0.9929113419910427,0.9215693855053632,1.099924276719562,0.046668438953044435,0.0954605772420658,0.2291240539372403,0.5250672027915235,0.1240311482034343,0.37881866930913405,0.12610019760106125,0.27843105222515735,1.0,0.6080069790592711,0.46990534890622254,0.8831140108371116,0.5383288964540082,0.5392439436359382,0.8324671016255667,3381cb1651d17bd4,0.16909191998223996,0.16909191998223996,0.01707317073170732,0.23913208652658993,0.0344975049762247,,
bank,common_temperature_study,1204,0,0,512,8,2,0.08,0.003,age,7.0,,B,analytic,hybrid,False,budget,cuda,0.10630414734522789,age-local,common-temperature-soft,0.47714366429835237,0.24515984394006415,0.5351396193879244,0.799558748825058,0.6401734896812452,0.9058155882542666,1.0980107196173838,1.0189429870940694,1.2166123184023556,0.04143568937167922,0.0995435004976224,0.2339688998914906,0.5436503891131259,0.1267577942811123,0.4142998641905341,0.12865755370653223,0.24136054475634114,0.98046875,0.5784830489114159,0.46893352125910265,0.8830034280659074,0.5663051468194736,0.5655792676646947,0.8431936304323786,1676da60ec1a92eb,0.10630414734522789,0.10630414734522789,0.01707317073170732,0.15033676691212913,0.0716068799762247,,
bank,common_temperature_study,1204,0,0,512,8,2,0.12,0.003,age,7.0,,B,analytic,hybrid,False,budget,cuda,0.07101845205266616,age-local,common-temperature-soft,0.6078445517250912,0.26585178107375873,0.6933427443879243,0.9705795401139001,0.7986144108357293,1.0852229596326808,1.235957543127281,1.1661264957471709,1.3407041141974456,0.052931299136927776,0.12948659356684722,0.23277699564876536,0.539451170363126,0.12672239013376002,0.3876928287072874,0.12895145770595257,0.18593869399413362,0.966796875,0.5726219885347409,0.46893352125910265,0.8830034280659074,0.5098620641491075,0.47829162932744146,0.8784695344465332,a6e60a28c7faf8c5,0.07101845205266616,0.07101845205266616,0.01707317073170732,0.10043525807162386,0.0852787549762247,,
bank,common_temperature_study,1204,0,0,512,8,2,0.18,0.003,age,7.0,,B,analytic,hybrid,False,budget,cuda,0.047389950141086525,age-local,common-temperature-soft,0.5435112967212208,0.23486009551586864,0.6206740970225589,0.8843611771535995,0.7568966284349773,0.9693375429660142,1.1733557724206567,1.1287114342585427,1.2403222796638285,0.04572093631353905,0.09677115586641616,0.2476346965416225,0.5579082016131259,0.13447581392116725,0.41454214197099964,0.13652384576357315,0.21016520028907973,0.986328125,0.5,0.46893352125910265,0.8830034280659074,0.5,0.46893352125910265,0.8830034280659074,3279571126e98cfc,0.047389950141086525,0.047389950141086525,0.01707317073170732,0.06701951020970934,0.1218409396425412,,
bank,common_temperature_study,1204,0,0,512,8,2,0.3,0.003,age,7.0,,B,analytic,hybrid,False,budget,cuda,0.028447606927641905,age-local,common-temperature-soft,0.7634931715138782,0.3635080310737588,0.863489456623908,1.1597353875234988,0.9920602866167201,1.271518788128018,1.4142918296610638,1.3548061173006747,1.5035203982016476,0.06878456122994372,0.1425122504976224,0.2538941164411897,0.5729472641131259,0.13966051485941883,0.43991342578513754,0.14234520217193153,0.15051300476782128,0.958984375,0.5,0.46893352125910265,0.8830034280659074,0.5,0.46893352125910265,0.8830034280659074,20ff53a5f81ac61c,0.028447606927641905,0.028447606927641905,0.01707317073170732,0.04023099153413,0.16090343964254122,,
bank,common_temperature_study,1204,0,0,512,8,2,0.4,0.003,age,7.0,,B,analytic,hybrid,False,budget,cuda,0.02133822395762797,age-local,common-temperature-soft,0.6721269213756497,0.18265984394006415,0.794493690734546,1.0868824643370563,0.9087538790362711,1.2056348545375795,1.3976861419053412,1.3555989151369383,1.4608169820579455,0.042423632064791036,0.08806989003925689,0.2915102545773368,0.595408201613126,0.15822319956955466,0.4668232356000496,0.1602644030587507,0.19878786053929906,0.990234375,0.5,0.46893352125910265,0.8830034280659074,0.5,0.46893352125910265,0.8830034280659074,ecf09d2647e8e059,0.02133822395762797,0.02133822395762797,0.01707317073170732,0.030176805717831975,0.0710596896425412,,
bank,common_temperature_study,1205,0,0,512,8,2,0.0,0.003,global,7.0,,B,global,hybrid,False,budget,cuda,1.0,hard,common-temperature-hard,0.30797474565962624,0.17649831015702758,0.3408438545352759,0.5691803656834015,0.47384965840290827,0.6327341705370636,0.8268568402355413,0.777493137532714,0.9009023942897822,0.03450408728403455,0.06356803086641616,0.17862182179438316,0.4105164215415237,0.09634547669801913,0.3199782138981809,0.09792329221607958,0.344783967512738,0.998046875,0.5453255335796205,0.46890233159100253,0.8828928452947031,0.5439105458841187,0.504378600688267,0.8452947030852593,e4a6ac7b63d6d8a4,1.0,1.0,1.0,1.4142135623730951,0.034409060357458804,,
bank,common_temperature_study,1205,0,0,512,8,2,0.00025,0.003,age,7.0,,B,analytic,hybrid,False,budget,cuda,1.0,age-local,common-temperature-soft,0.29173618406502266,0.19153799900475507,0.31678573033008955,0.5387451792823178,0.4656304643439677,0.5874883225745513,0.7963950016587416,0.7588687958457739,0.852684310378193,0.0411726438958311,0.08309928086641616,0.17924961197295458,0.42897345279152366,0.09651848119853103,0.30573073613568497,0.09833042637643866,0.34833133070387196,0.994140625,0.6159358343207313,0.46893352125910265,0.8830034280659074,0.56009542940272,0.49817720517556535,0.8576799734601349,9b0ec7cee5669423,1.0,1.0,0.01707317073170732,1.4142135623730951,0.035385622857458804,,
bank,common_temperature_study,1205,0,0,512,8,2,0.0005,0.003,age,7.0,,B,analytic,hybrid,False,budget,cuda,0.999999999999997,age-local,common-temperature-soft,0.29347077850270925,0.15567462401857793,0.3279198171237421,0.5260560654650006,0.44616411692745767,0.5793173644900291,0.7674698316377309,0.7228837510136753,0.8343489525738139,0.025008162061684193,0.05895228007851394,0.17220441108009746,0.4058289215415236,0.0918595347502597,0.29377832603602233,0.0931872862585413,0.3361508827458142,1.0,0.5932702266655461,0.46893352125910265,0.8830034280659074,0.5781101261462597,0.5324979774077836,0.8464005307973018,03e9c4a34c61ab76,0.999999999999997,0.999999999999997,0.01707317073170732,1.414213562373091,0.009622752923532017,,
bank,common_temperature_study,1205,0,0,512,8,2,0.001,0.003,age,7.0,,B,analytic,hybrid,False,budget,cuda,0.9999999230433523,age-local,common-temperature-soft,0.29167778253898047,0.17520587401857793,0.3207957596690811,0.5299053826163884,0.4562536068989827,0.5790065664279923,0.7721556037819308,0.7281555110536696,0.8381557428743226,0.03130329612354733,0.07262415507851394,0.174018027151526,0.3895203277915237,0.092433061661508,0.2816261326094766,0.09400394699498262,0.35284043626721273,0.998046875,0.5739355336624792,0.48284110441600264,0.8812341037266394,0.5888756446692937,0.5200513756793478,0.8363374986177153,fedb8428f5db6dbd,0.9999999230433523,0.9999999230433523,0.01707317073170732,1.4142134535399602,0.028724630757215517,,
bank,common_temperature_study,1205,0,0,512,8,2,0.0015,0.003,age,7.0,,B,analytic,hybrid,False,budget,cuda,0.999977205198173,age-local,common-temperature-soft,0.28856496392237097,0.22349987559438242,0.304831236004368,0.5365795712153048,0.46167151474206564,0.5865182755307974,0.8001767164519519,0.7520932973017805,0.872301845177209,0.04147680822577846,0.08422692275793442,0.18287684411581173,0.4263367340415236,0.09769024806061702,0.3164387336890412,0.09958152349705947,0.33497783693822286,1.0,0.6032832117876974,0.46893352125910265,0.8830034280659074,0.5501225715039897,0.5055081791293153,0.8374433263297578,d1a4bc776a18428c,0.999977205198173,0.999977205198173,0.01707317073170732,1.4141813256551998,0.008184744933926787,,
bank,common_temperature_study,1205,0,0,512,8,2,0.002,0.003,age,7.0,,B,analytic,hybrid,False,budget,cuda,0.9996077590838693,age-local,common-temperature-soft,0.2635818969092116,0.08581093456264513,0.3080246374958532,0.5195674053826165,0.418228144351985,0.5871269127363707,0.7808249474731837,0.7241327027811567,0.8658633145112241,0.021402908655998112,0.04037199871447539,0.1871318664372403,0.4334656402915236,0.0986948397316186,0.31617001971483466,0.10003409592497713,0.3286322789158707,0.998046875,0.5900666774777377,0.4841664725941766,0.8823399314386818,0.5491685734002673,0.5137688368413323,0.8493862656198164,4567760a900a220f,0.9996077590838693,0.9996077590838693,0.01707317073170732,1.4136588499497855,0.0104243700237753,,
bank,common_temperature_study,1205,0,0,512,8,2,0.0025,0.003,age,7.0,,B,analytic,hybrid,False,budget,cuda,0.9978390388444542,age-local,common-temperature-soft,0.2598124066957868,0.13469024729072213,0.291092946547053,0.49607841527977437,0.4007921354915404,0.5596026018052639,0.7544557081444212,0.6949665688700284,0.8436894170560103,0.023415366989989687,0.04876484228132261,0.17346606978710838,0.4193352679558773,0.09268277576014369,0.3064908846967267,0.09395014883484036,0.33253779330031485,1.0,0.5551686586262286,0.46893352125910265,0.8830034280659074,0.5743364507885177,0.5081658150783805,0.8364480813889196,ef59048cc585e0e5,0.9978390388444542,0.9978390388444542,0.01707317073170732,1.4111575017991609,0.004278494933926787,,
bank,common_temperature_study,1205,0,0,512,8,2,0.003,0.003,age,7.0,,B,analytic,hybrid,False,budget,cuda,0.9932706725063394,age-local,common-temperature-soft,0.2670229217350437,0.10605406115227248,0.30726513688073653,0.5211316764348115,0.42024293220584985,0.5883908392541192,0.7964183277120425,0.7355082574228685,0.8877834331458034,0.014773537345381602,0.0342052813640385,0.18880597358009746,0.44303595279152364,0.09936624100527637,0.3125181964813944,0.10050888737142581,0.3219272789777089,0.9921875,0.557333279672543,0.46893352125910265,0.8830034280659074,0.5628429013284597,0.5221626409486096,0.83125069114232,56624bc5dd043d74,0.9932706725063394,0.9932706725063394,0.01707317073170732,1.4046968561659101,0.021888693257215517,,
bank,common_temperature_study,1205,0,0,512,8,2,0.004,0.003,age,7.0,,B,analytic,hybrid,False,budget,cuda,0.9723755493150279,age-local,common-temperature-soft,0.30034030119982313,0.15306081015702758,0.337160173960522,0.566380677734159,0.4581000368033285,0.6385677716880461,0.8481302440423532,0.7841748279055625,0.9440633682475394,0.02390140871260598,0.04427824871447539,0.1993388976872403,0.44010626529152364,0.10645955629086201,0.3392030718684339,0.10782046753098007,0.3233130090216085,1.0,0.591862222764091,0.46893352125910265,0.8830034280659074,0.5549484915596706,0.503694226810159,0.8208559106491209,8461631c6566a605,0.9723755493150279,0.9723755493150279,0.01707317073170732,1.375146689561301,0.0114009325237753,,
bank,common_temperature_study,1205,0,0,512,8,2,0.006,0.003,age,7.0,,B,analytic,hybrid,False,budget,cuda,0.8901741643274665,age-local,common-temperature-soft,0.2932871938239523,0.12687774729072213,0.33488955545725985,0.5763375763712263,0.4717222359490766,0.6460811366526595,0.8707780707453278,0.8080931757759225,0.9648054131994361,0.017286004236373338,0.03768971856684722,0.20999284883680744,0.5119133929558772,0.1110145757389957,0.38245415350616485,0.11227531615529654,0.3279600546096894,0.998046875,0.5768016117176227,0.46890233159100253,0.8828928452947031,0.5805045021797723,0.5350073457394711,0.8374433263297578,1e965918a574dce4,0.8901741643274665,0.8901741643274665,0.01707317073170732,1.2588963760660394,0.0114893771425412,,
bank,common_temperature_study,1205,0,0,512,8,2,0.008,0.003,age,7.0,,B,analytic,hybrid,False,budget,cuda,0.7883559845346195,age-local,common-temperature-soft,0.26306138034944154,0.15683531115227248,0.2896178976487338,0.5167987756413801,0.4343240930484906,0.571781897369973,0.7846720616084264,0.731078755091415,0.8650620213839435,0.02048767989447246,0.04616549921209778,0.17897059411581173,0.41071173404152367,0.09460653382323568,0.3271459537072874,0.09587136546481825,0.3105325373714262,1.0,0.5691640635264845,0.46893352125910265,0.8830034280659074,0.5220441091697217,0.5046147308247347,0.8340152604224262,706a5aa7fd036f19,0.7883559845346195,0.7883559845346195,0.01707317073170732,1.114903725306853,0.007440255066073213,,
bank,common_temperature_study,1205,0,0,512,8,2,0.012,0.003,age,7.0,,B,analytic,hybrid,False,budget,cuda,0.6115427887510412,age-local,common-temperature-soft,0.28815762191750527,0.2515192172122084,0.2973172230938295,0.5555593328403184,0.5041244997857459,0.5898492215433669,0.8314256365420768,0.7876976379059308,0.8970176344962955,0.04205228705576004,0.0800122504976224,0.18669485776537886,0.4654290179558772,0.10143954601634966,0.3380431838680471,0.10322921052310076,0.30741642527970775,0.998046875,0.5846235794193508,0.46893352125910265,0.8830034280659074,0.5431874272768056,0.5171095833642932,0.8028309189428287,8f738b7fb3460b42,0.6115427887510412,0.6115427887510412,0.01707317073170732,0.8648521058231872,0.0109715603574588,,
bank,common_temperature_study,1205,0,0,512,8,2,0.016,0.003,age,7.0,,B,analytic,hybrid,False,budget,cuda,0.48807983095164215,age-local,common-temperature-soft,0.28765611177153605,0.20819193713369458,0.30752215543099637,0.5611537411533783,0.4969954747456596,0.6039259187585241,0.834374438446865,0.7889303910252865,0.9025405095792326,0.04365810275509071,0.0878247504976224,0.18791372118677035,0.45303437396328633,0.1025455103700498,0.35937260260007703,0.10435661608897295,0.29954261242471275,0.994140625,0.5915974304372683,0.46893352125910265,0.8830034280659074,0.5226291498828736,0.4994387297448481,0.8575693906889307,63335ec301b3241f,0.48807983095164215,0.48807983095164215,0.01707317073170732,0.6902491164525799,0.0022709424762247,,
bank,common_temperature_study,1205,0,0,512,8,2,0.023,0.003,age,7.0,,B,analytic,hybrid,False,budget,cuda,0.35500233981490636,age-local,common-temperature-soft,0.3242367197003207,0.32480406115227245,0.32409488433733274,0.6004510567566073,0.5641112255335619,0.6246776109053044,0.8725124923974346,0.8325855317418629,0.9324029333807917,0.050395423913787575,0.11776784356684722,0.19384285065105608,0.4590890614632863,0.10741678473093592,0.36869803473681295,0.10933590760158467,0.2936055948686195,1.0,0.577271893306566,0.46893352125910265,0.8830034280659074,0.5411554983173791,0.4988498240959669,0.834347008736039,7e1a621f17a516e1,0.35500233981490636,0.35500233981490636,0.01707317073170732,0.5020491236404228,0.0081303174762247,,
bank,common_temperature_study,1205,0,0,512,8,2,0.032,0.003,age,7.0,,B,analytic,hybrid,False,budget,cuda,0.26061517189404104,age-local,common-temperature-soft,0.3433128524825832,0.3221902472907221,0.3485935037805485,0.6375701941418778,0.5816425904359726,0.6748552632791479,0.9253990482970254,0.8814885304931991,0.9912648250027646,0.057153397063237535,0.1268872504976224,0.202338339651526,0.4736023590415236,0.11231025381096814,0.3678602514548545,0.11444917439469385,0.2914453246479509,1.0,0.6002231263013235,0.46893352125910265,0.8830034280659074,0.5796330667260092,0.5115552669341128,0.8259427181245163,807df8676ca89c96,0.26061517189404104,0.26061517189404104,0.01707317073170732,0.36856551065274834,0.015195627833683504,,
bank,common_temperature_study,1205,0,0,512,8,2,0.05,0.003,age,7.0,,B,analytic,hybrid,False,budget,cuda,0.16909191998223996,age-local,common-temperature-soft,0.3428433076689152,0.17174325099524493,0.3856183218373327,0.6352726210881345,0.5244743214710273,0.7091381541662058,0.9146014614204356,0.8488170091276862,1.0132781398595596,0.028535620816943344,0.05337800128552461,0.2057011095796275,0.4970773427132863,0.11137399913071219,0.3769777253469531,0.11278931019504575,0.2781944812250409,0.984375,0.567020157123529,0.46893352125910265,0.8830034280659074,0.5350598889931854,0.49953037837949377,0.8386597368130045,3bdfa1e7044a488e,0.16909191998223996,0.16909191998223996,0.01707317073170732,0.23913208652658993,0.0286381299762247,,
bank,common_temperature_study,1205,0,0,512,8,2,0.08,0.003,age,7.0,,B,analytic,hybrid,False,budget,cuda,0.10630414734522789,age-local,common-temperature-soft,0.4822189815326772,0.2710504672122084,0.5350111101127945,0.8078573378580117,0.6768708790639169,0.8951816437207417,1.093146805540197,1.0306612331361276,1.186875164146301,0.053026989436712434,0.1112622504976224,0.2284155019272997,0.5358378891131259,0.12791179405453987,0.40234737849718005,0.12986080963297456,0.23816550102458817,0.9921875,0.6012238211296465,0.48780186511507506,0.8826716797522945,0.5538101923147489,0.5282375549649523,0.8524825832135353,49ce24fa59c5fb80,0.10630414734522789,0.10630414734522789,0.01707317073170732,0.15033676691212913,0.0716068799762247,,
bank,common_temperature_study,1205,0,0,512,8,2,0.12,0.003,age,7.0,,B,analytic,hybrid,False,budget,cuda,0.07101845205266616,age-local,common-temperature-soft,0.5626803017527369,0.20018678121198716,0.6533036818879243,0.9073175125096758,0.7340863400904014,1.0228049607891923,1.1835981560322901,1.1186969260293413,1.2809500010367134,0.03247558457475665,0.06167710867521836,0.22984730814876536,0.5246074203631259,0.12372865957037466,0.38519994315354417,0.1253848724201187,0.19445158621853767,0.978515625,0.5607435018163783,0.46893352125910265,0.8830034280659074,0.536226478522466,0.5055677831036213,0.8329094327103838,5004fc379ac9877f,0.07101845205266616,0.07101845205266616,0.01707317073170732,0.10043525807162386,0.0944971896425412,,
bank,common_temperature_study,1205,0,0,512,8,2,0.18,0.003,age,7.0,,B,analytic,hybrid,False,budget,cuda,0.047389950141086525,age-local,common-temperature-soft,0.5920676732002655,0.2516457826495632,0.677173145837941,0.9604000936497844,0.7814746212540087,1.0796837419136347,1.2499162421900918,1.1773669176665194,1.3587402289754507,0.046530704162124896,0.09634675128552461,0.2460364222129192,0.5615214828631259,0.13249189385854696,0.40838069458075305,0.1346489767632527,0.19171471829699605,0.984375,0.5,0.46893352125910265,0.8830034280659074,0.5,0.46893352125910265,0.8830034280659074,a50478332ca67bbc,0.047389950141086525,0.047389950141086525,0.01707317073170732,0.06701951020970934,0.0843021924762247,,
bank,common_temperature_study,1205,0,0,512,8,2,0.3,0.003,age,7.0,,B,analytic,hybrid,False,budget,cuda,0.028447606927641905,age-local,common-temperature-soft,0.5980081278336835,0.3328748755943824,0.6642914408935088,0.9883879450956542,0.856132786582163,1.0765580507713148,1.325164707854141,1.2756313729081428,1.3994647102731395,0.05877591536863561,0.12802115586641616,0.2632657748914906,0.5802714828631259,0.14555917286673042,0.4272682535006358,0.14787210292832115,0.22756613034269943,0.986328125,0.5,0.46893352125910265,0.8830034280659074,0.5,0.46893352125910265,0.8830034280659074,d85ca94504ce1dae,0.028447606927641905,0.028447606927641905,0.01707317073170732,0.04023099153413,0.0716068799762247,,
bank,common_temperature_study,1205,0,0,512,8,2,0.4,0.003,age,7.0,,B,analytic,hybrid,False,budget,cuda,0.02133822395762797,age-local,common-temperature-soft,0.6225714986730068,0.32719109394006424,0.6964165998562424,1.0041848235513657,0.8153346554309964,1.130084935631612,1.3349058404981755,1.2571120704550482,1.4515964955628662,0.044547742795005896,0.09701003193077518,0.2832607459054754,0.6316501390059991,0.15296194697918147,0.5261906222354307,0.15511527206877102,0.22226503442494291,0.9453125,0.5,0.46893352125910265,0.8830034280659074,0.5,0.46893352125910265,0.8830034280659074,c8676bb65c0dd834,0.02133822395762797,0.02133822395762797,0.01707317073170732,0.030176805717831975,0.0532815653336835,,
xor3,common_temperature_study,1200,0,0,512,8,2,0.0,0.0001,global,1.0,,B,global,hybrid,False,budget,cuda,1.0,hard,common-temperature-hard,0.16421406250000004,0.28242500000000004,0.12481041666666672,0.39302604166666666,0.4754895833333333,0.3105625,0.8528703124999999,0.9040895833333332,0.6992125,0.04842048611111111,0.11317500000000003,0.02444270833333338,0.04918671875000008,0.029352097800925923,0.08024062500000001,0.02972470303362573,0.4131899549203242,0.40234375,0.5250883557105905,0.5414787093280697,0.5464,0.6710679447771006,0.6366440727687364,0.6381,056188f3f5226c1f,1.0,1.0,1.0,1.4142135623730951,,0.658203125,0.68359375
xor3,common_temperature_study,1200,0,0,512,8,2,0.00025,0.0001,age,1.0,,B,analytic,hybrid,False,budget,cuda,1.0,age-local,common-temperature-soft,0.17458437499999996,0.1352125,0.18770833333333328,0.3736447916666667,0.3968895833333333,0.3504,0.8421765625,0.8687020833333333,0.7626,0.01777725694444444,0.0427125,0.034656770833333364,0.08922578125000008,0.019862967785493832,0.05175078125000006,0.020197391264619887,0.4016710494129159,0.41796875,0.5268731978900597,0.36891996284771916,0.4785,0.5750830053059046,0.5597663779803481,0.5639,72250845d4d050cb,1.0,1.0,0.03571428571428571,1.4142135623730951,,0.548828125,0.90234375
xor3,common_temperature_study,1200,0,0,512,8,2,0.0005,0.0001,age,1.0,,B,analytic,hybrid,False,budget,cuda,1.0,age-local,common-temperature-soft,0.17458437499999996,0.1352125,0.18770833333333328,0.3736447916666667,0.3968895833333333,0.3504,0.8421765625,0.8687020833333333,0.7626,0.01777725694444444,0.0427125,0.034656770833333364,0.08922578125000008,0.019862967785493832,0.05175078125000006,0.020197391264619887,0.4016710494129159,0.41796875,0.5268731978900597,0.36891996284771916,0.4785,0.5750830053059046,0.5597663779803481,0.5639,37ac0bed90979b08,1.0,1.0,0.03571428571428571,1.4142135623730951,,0.548828125,0.90234375
xor3,common_temperature_study,1200,0,0,512,8,2,0.001,0.0001,age,1.0,,B,analytic,hybrid,False,budget,cuda,0.9999999999999993,age-local,common-temperature-soft,0.17458437499999996,0.1352125,0.18770833333333328,0.3736447916666667,0.3968895833333333,0.3504,0.8421765625,0.8687020833333333,0.7626,0.01777725694444444,0.0427125,0.034656770833333364,0.08922578125000008,0.019862967785493832,0.05175078125000006,0.020197391264619887,0.4016710494129159,0.41796875,0.5268731978900597,0.36891996284771916,0.4785,0.5750830053059046,0.5597663779803481,0.5639,0a6ec9d90732f40b,0.9999999999999993,0.9999999999999993,0.03571428571428571,1.4142135623730943,,0.548828125,0.90234375
xor3,common_temperature_study,1200,0,0,512,8,2,0.0015,0.0001,age,1.0,,B,analytic,hybrid,False,budget,cuda,0.999999999908655,age-local,common-temperature-soft,0.17458437499999996,0.1352125,0.18770833333333328,0.3736447916666667,0.3968895833333333,0.3504,0.8421765625,0.8687020833333333,0.7626,0.01777725694444444,0.0427125,0.034656770833333364,0.08922578125000008,0.019862967785493832,0.05175078125000006,0.020197391264619887,0.4016710494129159,0.41796875,0.5268731978900597,0.36891996284771916,0.4785,0.5750830053059046,0.5597663779803481,0.5639,0bfc2252a7c9ae69,0.999999999908655,0.999999999908655,0.03571428571428571,1.4142135622439138,,0.548828125,0.90234375
xor3,common_temperature_study,1200,0,0,512,8,2,0.002,0.0001,age,1.0,,B,analytic,hybrid,False,budget,cuda,0.9999999648624576,age-local,common-temperature-soft,0.17458437499999996,0.1352125,0.18770833333333328,0.3736447916666667,0.3968895833333333,0.3504,0.8421765625,0.8687020833333333,0.7626,0.01777725694444444,0.0427125,0.034656770833333364,0.08922578125000008,0.019862967785493832,0.05175078125000006,0.020197391264619887,0.4016710494129159,0.41796875,0.5268731978900597,0.36891996284771916,0.4785,0.5750830053059046,0.5597663779803481,0.5639,975a55171e9b032d,0.9999999648624576,0.9999999648624576,0.03571428571428571,1.4142135126811062,,0.548828125,0.90234375
xor3,common_temperature_study,1200,0,0,512,8,2,0.0025,0.0001,age,1.0,,B,analytic,hybrid,False,budget,cuda,0.999998750250879,age-local,common-temperature-soft,0.17458437499999996,0.1352125,0.18770833333333328,0.3736447916666667,0.3968895833333333,0.3504,0.8421765625,0.8687020833333333,0.7626,0.01777725694444444,0.0427125,0.034656770833333364,0.08922578125000008,0.019862967785493832,0.05175078125000006,0.020197391264619887,0.4016710494129159,0.41796875,0.5268731978900597,0.36891996284771916,0.4785,0.5750830053059046,0.5597663779803481,0.5639,32a274a513c9019a,0.999998750250879,0.999998750250879,0.03571428571428571,1.4142117949609387,,0.548828125,0.90234375
xor3,common_temperature_study,1200,0,0,512,8,2,0.003,0.0001,age,1.0,,B,analytic,hybrid,False,budget,cuda,0.9999864837985184,age-local,common-temperature-soft,0.21869999999999995,0.19670000000000004,0.2260333333333333,0.4411177083333333,0.4593375,0.4228979166666667,0.86605,0.8936562499999999,0.78323125,0.025621180555555553,0.050270312500000025,0.04258628472222224,0.10406250000000007,0.02642985628858025,0.06695546875000002,0.026833744517543865,0.40350978255171926,0.435546875,0.47278764968127274,0.33801138620415727,0.5106,0.5757715547675747,0.5558572571997822,0.5613,d1ad703922d19565,0.9999864837985184,0.9999864837985184,0.03571428571428571,1.414194447577648,,0.537109375,0.92578125
xor3,common_temperature_study,1200,0,0,512,8,2,0.004,0.0001,age,1.0,,B,analytic,hybrid,False,budget,cuda,0.9997349406477949,age-local,common-temperature-soft,0.16950156249999998,0.14653125,0.1771583333333333,0.40150729166666665,0.4265041666666667,0.3765104166666666,0.8714843750000001,0.9081958333333334,0.76135,0.03425763888888889,0.06861640625000001,0.0281619791666667,0.056385937500000094,0.0235912181712963,0.06098984375000002,0.023992196637426907,0.4101409613502935,0.423828125,0.5015564995531592,0.45870798039409433,0.5372,0.629326924693034,0.5967785676535524,0.6019,8c04bb85b3894384,0.9997349406477949,0.9997349406477949,0.03571428571428571,1.4138387118423728,,0.65234375,0.6953125
xor3,common_temperature_study,1200,0,0,512,8,2,0.006,0.0001,age,1.0,,B,analytic,hybrid,False,budget,cuda,0.9948141942133263,age-local,common-temperature-soft,0.173275,0.09764375000000002,0.19848541666666666,0.38316666666666666,0.3910708333333333,0.3752625,0.8418578125,0.8573000000000001,0.79553125,0.020508333333333333,0.04562734375000001,0.03339253472222226,0.06962265625000005,0.019902131558641976,0.052553124999999985,0.02027309484649123,0.40420295900894593,0.419921875,0.501218427610105,0.4622820728002034,0.5353,0.5961894113690457,0.5620910900392622,0.5714,f57de858fbbca568,0.9948141942133263,0.9948141942133263,0.03571428571428571,1.4068797254977483,,0.57421875,0.8515624999999999
xor3,common_temperature_study,1200,0,0,512,8,2,0.008,0.0001,age,1.0,,B,analytic,hybrid,False,budget,cuda,0.9772362445412965,age-local,common-temperature-soft,0.18227656249999996,0.13531875,0.19792916666666663,0.4151229166666666,0.4335166666666666,0.39672916666666663,0.8846484375,0.9033791666666667,0.82845625,0.024819965277777772,0.049394531249999984,0.03407951388888894,0.07015937500000008,0.02401723572530864,0.06965937499999997,0.024303156980994153,0.4137859392472742,0.412109375,0.519813745089593,0.4423643392107397,0.5042,0.5691285291261303,0.5384931915914867,0.5475,f5706e4c4af08542,0.9772362445412965,0.9772362445412965,0.03571428571428571,1.3820207506728521,,0.578125,0.84375
xor3,common_temperature_study,1200,0,0,512,8,2,0.012,0.0001,age,1.0,,B,analytic,hybrid,False,budget,cuda,0.9029736543063381,age-local,common-temperature-soft,0.20978124999999997,0.16383750000000002,0.22509583333333336,0.4220760416666666,0.4409666666666667,0.40318541666666663,0.8879250000000001,0.9280145833333334,0.7676562499999999,0.02450399305555555,0.050483593750000014,0.059198958333333364,0.1240867187500001,0.028206809413580246,0.08363359374999998,0.02892494974415205,0.4008197992381884,0.40625,0.5276918058052011,0.3830857425095244,0.4876,0.6126266789345804,0.5877942664170721,0.5978,371d3ba1b9fdecf8,0.9029736543063381,0.9029736543063381,0.03571428571428571,1.2769975883856182,,0.6015625,0.796875
xor3,common_temperature_study,1200,0,0,512,8,2,0.016,0.0001,age,1.0,,B,analytic,hybrid,False,budget,cuda,0.8061980899518151,age-local,common-temperature-soft,0.19602812499999994,0.15896875,0.20838124999999996,0.44113020833333333,0.43558125,0.4466791666666667,0.8930671875,0.9148958333333335,0.8275812499999999,0.021055555555555543,0.04160859374999999,0.0292447916666667,0.06655468750000007,0.019693764467592592,0.05023906249999999,0.01998094389619883,0.41508301736790615,0.408203125,0.5344036223640354,0.41616344467183014,0.4897,0.628978608145645,0.5935466929481388,0.6003,a638289eb1d25e4f,0.8061980899518151,0.8061980899518151,0.03571428571428571,1.1401362727691413,,0.630859375,0.73828125
xor3,common_temperature_study,1200,0,0,512,8,2,0.023,0.0001,age,1.0,,B,analytic,hybrid,False,budget,cuda,0.6506341092311254,age-local,common-temperature-soft,0.15973593749999998,0.07843125,0.1868375,0.3787947916666667,0.38430416666666667,0.37328541666666665,0.8295703125000001,0.8599312500000001,0.7384875000000001,0.01428506944444444,0.030909375000000003,0.03953854166666669,0.09194375000000005,0.020360927854938274,0.05480937499999993,0.020705710891812865,0.4043247221833939,0.439453125,0.5448142613216085,0.3869349690030926,0.4798,0.5808857332839672,0.5643052785822463,0.5773,3614d07a1f2fa7f6,0.6506341092311254,0.6506341092311254,0.03571428571428571,0.9201355814171954,,0.6015625,0.796875
xor3,common_temperature_study,1200,0,0,512,8,2,0.032,0.0001,age,1.0,,B,analytic,hybrid,False,budget,cuda,0.5065185597697057,age-local,common-temperature-soft,0.16903749999999995,0.1887375,0.1624708333333333,0.40234895833333334,0.46399791666666673,0.3407,0.863878125,0.9417416666666667,0.6302875,0.02779166666666666,0.07051249999999998,0.03161892361111113,0.06524609374999998,0.024054267939814807,0.05904453124999998,0.0243516904239766,0.4099045333030472,0.396484375,0.5488054151057652,0.43000542014653725,0.4901,0.6020554878184452,0.5832566518504156,0.5873,2734f1218ee61fc7,0.5065185597697057,0.5065185597697057,0.03571428571428571,0.7163254168200051,,0.6015625,0.796875
xor3,common_temperature_study,1200,0,0,512,8,2,0.05,0.0001,age,1.0,,B,analytic,hybrid,False,budget,cuda,0.3426949069654599,age-local,common-temperature-soft,0.13325312500000003,0.16214375000000003,0.12362291666666668,0.3702510416666667,0.38596875,0.35453333333333337,0.8439359375,0.8961270833333334,0.6873625,0.02646579861111111,0.056028906249999996,0.03800434027777782,0.08001875000000003,0.02336088445216049,0.06621640625,0.02382794682017544,0.41606940828557437,0.421875,0.5009262162786443,0.4560259821887729,0.4882,0.5907659738592913,0.5750810920313738,0.5759,75eed61be0a856ab,0.3426949069654599,0.3426949069654599,0.03571428571428571,0.48464378518673945,,0.6171875,0.765625
xor3,common_temperature_study,1200,0,0,512,8,2,0.08,0.0001,age,1.0,,B,analytic,hybrid,False,budget,cuda,0.2195795200967781,age-local,common-temperature-soft,0.12340624999999997,0.17146250000000002,0.10738749999999996,0.38783645833333336,0.42335833333333334,0.35231458333333326,0.8365515625000001,0.8876520833333333,0.68325,0.03001440972222223,0.06581015625,0.024972743055555524,0.05401718749999994,0.0243940875771605,0.06370078125,0.02455721856725146,0.39373624021526427,0.431640625,0.4840556339641288,0.4776851345141899,0.4838,0.6174980283138454,0.5966155968378993,0.5976,f60f6c1162e33bbb,0.2195795200967781,0.2195795200967781,0.03571428571428571,0.3105323353402392,,0.5703125,0.859375
xor3,common_temperature_study,1200,0,0,512,8,2,0.12,0.0001,age,1.0,,B,analytic,hybrid,False,budget,cuda,0.14772074061076285,age-local,common-temperature-soft,0.17714687499999998,0.23005625000000002,0.15951041666666663,0.4076979166666666,0.4333833333333333,0.38201250000000003,0.864078125,0.9019270833333334,0.7505312500000001,0.032370312500000005,0.07721015625000001,0.022667013888888858,0.05598359374999998,0.025228891782407406,0.07001718749999998,0.025349406067251456,0.3970202967745318,0.419921875,0.45123152149502077,0.4115728889418456,0.4185,0.4509341678523996,0.493448326663803,0.4935,175be4c244699976,0.14772074061076285,0.14772074061076285,0.03571428571428571,0.20890867481553888,,0.46875,1.0625
xor3,common_temperature_study,1200,0,0,512,8,2,0.18,0.0001,age,1.0,,B,analytic,hybrid,False,budget,cuda,0.09888216573214147,age-local,common-temperature-soft,0.1704453125,0.21461875000000002,0.15572083333333334,0.40547500000000003,0.458075,0.352875,0.8435406249999999,0.8938437499999999,0.69263125,0.03178541666666666,0.06440234375000002,0.05136545138888885,0.1197671874999999,0.02495927372685185,0.0663921875,0.02583380847953216,0.3948241914488398,0.41796875,0.49311898739769605,0.4706079454259914,0.4775,0.5385576693589167,0.5226841828837765,0.5252,d7fad3f825241560,0.09888216573214147,0.09888216573214147,0.03571428571428571,0.13984049985521857,,0.54296875,0.9140625
xor3,common_temperature_study,1200,0,0,512,8,2,0.3,0.0001,age,1.0,,B,analytic,hybrid,False,budget,cuda,0.05945360972790323,age-local,common-temperature-soft,0.18608749999999996,0.17435625,0.18999791666666663,0.42083125,0.41943125,0.42223125,0.8827453125,0.9064895833333333,0.8115125,0.024082986111111124,0.060146875,0.03965538194444441,0.08795781249999991,0.02385332272376543,0.06576640625000003,0.02427521016081871,0.38868416052208554,0.41015625,0.44728274675770274,0.4425947496095923,0.4776,0.5695440958984606,0.5539695762437895,0.5541,c621874814fc6f5c,0.05945360972790323,0.05945360972790323,0.03571428571428571,0.08408010120923773,,0.513671875,0.97265625
xor3,common_temperature_study,1200,0,0,512,8,2,0.4,0.0001,age,1.0,,B,analytic,hybrid,False,budget,cuda,0.04461322325626036,age-local,common-temperature-soft,0.20702187500000002,0.25529375,0.19093125,0.4090260416666667,0.4298041666666667,0.38824791666666664,0.8299062500000001,0.88018125,0.6790812500000001,0.05405625,0.1100703125,0.03762361111111106,0.0875382812499999,0.03471084587191359,0.09381718750000004,0.035296587171052635,0.3849687456318143,0.4140625,0.5362635783026324,0.5568434824124253,0.5614,0.6519733428992326,0.6237260673746439,0.6239,57284b09783fe14a,0.04461322325626036,0.04461322325626036,0.03571428571428571,0.06309262539018218,,0.6015625,0.82201875
xor3,common_temperature_study,1201,0,0,512,8,2,0.0,0.0001,global,1.0,,B,global,hybrid,False,budget,cuda,1.0,hard,common-temperature-hard,0.14318906250000002,0.20423125000000003,0.12284166666666668,0.41122812500000006,0.46827500000000005,0.35418124999999995,0.8898609375,0.94433125,0.72645,0.0490829861111111,0.09610312499999997,0.02620295138888892,0.06757343750000008,0.02856431327160494,0.08267656249999995,0.029042137244152052,0.41680845069192063,0.392578125,0.4790481433975686,0.44815224617705307,0.4506,0.6096223286593927,0.6083576261594446,0.6101,c5560b55e9f879fb,1.0,1.0,1.0,1.4142135623730951,,0.595703125,0.80859375
xor3,common_temperature_study,1201,0,0,512,8,2,0.00025,0.0001,age,1.0,,B,analytic,hybrid,False,budget,cuda,1.0,age-local,common-temperature-soft,0.168184375,0.23970625,0.14434374999999997,0.3878104166666667,0.43188541666666663,0.3437354166666667,0.8692078125,0.9170125000000001,0.72579375,0.040953819444444435,0.08295781249999999,0.04829513888888891,0.09682812500000007,0.03145719521604938,0.08384375000000002,0.03215021016081871,0.40883569288160476,0.39453125,0.5278998993307552,0.33486111247131334,0.4458,0.667160588654965,0.6288145716335767,0.6296,b22d576a31e31b65,1.0,1.0,0.03571428571428571,1.4142135623730951,,0.638671875,0.7389749999999999
xor3,common_temperature_study,1201,0,0,512,8,2,0.0005,0.0001,age,1.0,,B,analytic,hybrid,False,budget,cuda,1.0,age-local,common-temperature-soft,0.168184375,0.23970625,0.14434374999999997,0.3878104166666667,0.43188541666666663,0.3437354166666667,0.8692078125,0.9170125000000001,0.72579375,0.040953819444444435,0.08295781249999999,0.04829513888888891,0.09682812500000007,0.03145719521604938,0.08384375000000002,0.03215021016081871,0.40883569288160476,0.39453125,0.5278998993307552,0.33486111247131334,0.4458,0.667160588654965,0.6288145716335767,0.6296,fc8079b1c63704f2,1.0,1.0,0.03571428571428571,1.4142135623730951,,0.638671875,0.7389749999999999
xor3,common_temperature_study,1201,0,0,512,8,2,0.001,0.0001,age,1.0,,B,analytic,hybrid,False,budget,cuda,0.9999999999999993,age-local,common-temperature-soft,0.168184375,0.23970625,0.14434374999999997,0.3878104166666667,0.43188541666666663,0.3437354166666667,0.8692078125,0.9170125000000001,0.72579375,0.040953819444444435,0.08295781249999999,0.04829513888888891,0.09682812500000007,0.03145719521604938,0.08384375000000002,0.03215021016081871,0.40883569288160476,0.39453125,0.5278998993307552,0.33486111247131334,0.4458,0.667160588654965,0.6288145716335767,0.6296,3fd1eead3d420eef,0.9999999999999993,0.9999999999999993,0.03571428571428571,1.4142135623730943,,0.638671875,0.7389749999999999
xor3,common_temperature_study,1201,0,0,512,8,2,0.0015,0.0001,age,1.0,,B,analytic,hybrid,False,budget,cuda,0.999999999908655,age-local,common-temperature-soft,0.168184375,0.23970625,0.14434374999999997,0.3878104166666667,0.43188541666666663,0.3437354166666667,0.8692078125,0.9170125000000001,0.72579375,0.040953819444444435,0.08295781249999999,0.04829513888888891,0.09682812500000007,0.03145719521604938,0.08384375000000002,0.03215021016081871,0.40883569288160476,0.39453125,0.5278998993307552,0.33486111247131334,0.4458,0.667160588654965,0.6288145716335767,0.6296,cb889bd6a716363b,0.999999999908655,0.999999999908655,0.03571428571428571,1.4142135622439138,,0.638671875,0.7389749999999999
xor3,common_temperature_study,1201,0,0,512,8,2,0.002,0.0001,age,1.0,,B,analytic,hybrid,False,budget,cuda,0.9999999648624576,age-local,common-temperature-soft,0.168184375,0.23970625,0.14434374999999997,0.3878104166666667,0.43188541666666663,0.3437354166666667,0.8692078125,0.9170125000000001,0.72579375,0.040953819444444435,0.08295781249999999,0.04829513888888891,0.09682812500000007,0.03145719521604938,0.08384375000000002,0.03215021016081871,0.40883569288160476,0.39453125,0.5278998993307552,0.33486111247131334,0.4458,0.667160588654965,0.6288145716335767,0.6296,c33419805c391522,0.9999999648624576,0.9999999648624576,0.03571428571428571,1.4142135126811062,,0.638671875,0.7389749999999999
xor3,common_temperature_study,1201,0,0,512,8,2,0.0025,0.0001,age,1.0,,B,analytic,hybrid,False,budget,cuda,0.999998750250879,age-local,common-temperature-soft,0.16724843749999996,0.22385625000000003,0.14837916666666665,0.39380416666666673,0.4452020833333334,0.34240625,0.880634375,0.9188583333333332,0.7659625,0.04449947916666666,0.08997890625,0.0489498263888889,0.09895625000000008,0.03059285783179012,0.08568046875000004,0.03144189967105263,0.40580690217011467,0.388671875,0.48959844512517703,0.42812986903445194,0.5292,0.6731592847089195,0.6328692271257085,0.6341,181765badfeb9aa4,0.999998750250879,0.999998750250879,0.03571428571428571,1.4142117949609387,,0.662109375,0.7387874999999999
xor3,common_temperature_study,1201,0,0,512,8,2,0.003,0.0001,age,1.0,,B,analytic,hybrid,False,budget,cuda,0.9999864837985184,age-local,common-temperature-soft,0.16724843749999996,0.22385625000000003,0.14837916666666665,0.39380416666666673,0.4452020833333334,0.34240625,0.880634375,0.9188583333333332,0.7659625,0.04449947916666666,0.08997890625,0.0489498263888889,0.09895625000000008,0.03059285783179012,0.08568046875000004,0.03144189967105263,0.40580690217011467,0.388671875,0.48959844512517703,0.42812986903445194,0.5292,0.6731592847089195,0.6328692271257085,0.6341,de7125af3054b096,0.9999864837985184,0.9999864837985184,0.03571428571428571,1.414194447577648,,0.662109375,0.7387874999999999
xor3,common_temperature_study,1201,0,0,512,8,2,0.004,0.0001,age,1.0,,B,analytic,hybrid,False,budget,cuda,0.9997349406477949,age-local,common-temperature-soft,0.17586875000000002,0.2638125,0.14655416666666668,0.4237479166666667,0.5204395833333334,0.32705625,0.8823328125000001,0.9424854166666666,0.701875,0.06407152777777776,0.12818671875,0.03793333333333335,0.077803125,0.035240485146604945,0.10000625000000006,0.03607006122076024,0.4110001288614761,0.404296875,0.5043402306732738,0.541059599665605,0.5436,0.7083023394034216,0.6626081450674945,0.6627,66ca042e7fb800c9,0.9997349406477949,0.9997349406477949,0.03571428571428571,1.4138387118423728,,0.65234375,0.6953125
xor3,common_temperature_study,1201,0,0,512,8,2,0.006,0.0001,age,1.0,,B,analytic,hybrid,False,budget,cuda,0.9948141942133263,age-local,common-temperature-soft,0.156653125,0.13213124999999998,0.16482708333333332,0.3799468750000001,0.4140395833333333,0.34585416666666663,0.8488375,0.9075229166666667,0.67278125,0.018736111111111103,0.03711953124999995,0.025920138888888913,0.05295312500000006,0.02041690297067901,0.05287734375000001,0.020517493603801167,0.4093232916025999,0.416015625,0.5183043467055835,0.4339279022646002,0.4844,0.5687101410858095,0.5384906178083935,0.5387,2fb5609f9515b1c6,0.9948141942133263,0.9948141942133263,0.03571428571428571,1.4068797254977483,,0.580078125,0.83984375
xor3,common_temperature_study,1201,0,0,512,8,2,0.008,0.0001,age,1.0,,B,analytic,hybrid,False,budget,cuda,0.9772362445412965,age-local,common-temperature-soft,0.1605609375,0.20360625000000004,0.14621250000000002,0.3800760416666667,0.4130895833333334,0.3470625,0.8310921875,0.87591875,0.6966125,0.03773211805555555,0.07451406249999998,0.0314758680555555,0.06763437499999991,0.022127522183641973,0.05954062500000003,0.022784178545321637,0.40832625323245736,0.419921875,0.5153091205311315,0.573166946048302,0.5732,0.6391867761046526,0.6041359752886926,0.6055,fcbb671c2c1d33bd,0.9772362445412965,0.9772362445412965,0.03571428571428571,1.3820207506728521,,0.56640625,0.8671875
xor3,common_temperature_study,1201,0,0,512,8,2,0.012,0.0001,age,1.0,,B,analytic,hybrid,False,budget,cuda,0.9029736543063381,age-local,common-temperature-soft,0.14070781249999997,0.09966874999999999,0.15438749999999996,0.38386562500000004,0.4022979166666667,0.3654333333333333,0.8702546875000001,0.9091312500000002,0.753625,0.00990451388888888,0.023996093749999975,0.014617361111111072,0.03386249999999991,0.015057590663580245,0.036950781249999995,0.014910398391812863,0.41644671031940167,0.38671875,0.4970232621349339,0.4862154596512527,0.5049,0.6396093460244772,0.5880746764206937,0.5903,1bc4f9fdc6e0f21f,0.9029736543063381,0.9029736543063381,0.03571428571428571,1.2769975883856182,,0.634765625,0.73046875
xor3,common_temperature_study,1201,0,0,512,8,2,0.016,0.0001,age,1.0,,B,analytic,hybrid,False,budget,cuda,0.8061980899518151,age-local,common-temperature-soft,0.14404218750000003,0.18608750000000002,0.13002708333333332,0.38065,0.41263958333333334,0.3486604166666667,0.8250265625000001,0.8698020833333334,0.6907,0.04147690972222221,0.083628125,0.024180208333333328,0.05278125,0.026555570023148154,0.07406640625000004,0.02688572733918129,0.4158531830968688,0.4296875,0.5270728076026489,0.5709423468927249,0.5794,0.7257485204150154,0.6909769474410468,0.6914,60634c10d4a4e80a,0.8061980899518151,0.8061980899518151,0.03571428571428571,1.1401362727691413,,0.62890625,0.7421875
xor3,common_temperature_study,1201,0,0,512,8,2,0.023,0.0001,age,1.0,,B,analytic,hybrid,False,budget,cuda,0.6506341092311254,age-local,common-temperature-soft,0.20735468749999997,0.25250625,0.19230416666666664,0.43531145833333335,0.45486458333333335,0.4157583333333334,0.877190625,0.9192791666666666,0.7509250000000001,0.042869270833333334,0.09242890625,0.035085416666666695,0.07211796875000004,0.027748500192901236,0.07236562499999993,0.028339491959064333,0.4134351193388315,0.416015625,0.4918315287622869,0.47781483441315414,0.4913,0.6036446220389291,0.5852407868813798,0.5865,5f1f7a7fd465106e,0.6506341092311254,0.6506341092311254,0.03571428571428571,0.9201355814171954,,0.587890625,0.82421875
xor3,common_temperature_study,1201,0,0,512,8,2,0.032,0.0001,age,1.0,,B,analytic,hybrid,False,budget,cuda,0.5065185597697057,age-local,common-temperature-soft,0.17576562499999998,0.20514999999999994,0.16597083333333337,0.40500833333333336,0.44272500000000004,0.36729166666666674,0.8520203125,0.8884479166666667,0.7427375,0.03130312500000001,0.06781874999999998,0.026705208333333355,0.06295390625000012,0.019468417245370368,0.04988828124999999,0.01997029879385965,0.4053932895932347,0.427734375,0.4628058834762696,0.40424712176449307,0.4095,0.5841663477233208,0.5846314603503038,0.586,bd1a59e9059c6eeb,0.5065185597697057,0.5065185597697057,0.03571428571428571,0.7163254168200051,,0.560546875,0.87890625
xor3,common_temperature_study,1201,0,0,512,8,2,0.05,0.0001,age,1.0,,B,analytic,hybrid,False,budget,cuda,0.3426949069654599,age-local,common-temperature-soft,0.168021875,0.1796875,0.16413333333333333,0.384390625,0.431325,0.33745624999999996,0.854565625,0.9009125,0.715525,0.019917013888888883,0.044568750000000004,0.03808506944444445,0.07610390625000002,0.01997230420524691,0.05322890625,0.02044750091374269,0.40156976210861056,0.40625,0.5199723363668567,0.3793063218792861,0.5216,0.5863290797415991,0.5706210283949256,0.5718,5f112a78b1f3d1eb,0.3426949069654599,0.3426949069654599,0.03571428571428571,0.48464378518673945,,0.59375,0.8125
xor3,common_temperature_study,1201,0,0,512,8,2,0.08,0.0001,age,1.0,,B,analytic,hybrid,False,budget,cuda,0.2195795200967781,age-local,common-temperature-soft,0.17309531250000004,0.16356874999999998,0.17627083333333338,0.420290625,0.44665,0.39393125,0.8831,0.9260166666666666,0.7543500000000001,0.030620833333333337,0.06408671875000001,0.041665798611111145,0.0966148437500001,0.02236374421296296,0.05716328124999996,0.023088984831871343,0.40977430676894044,0.404296875,0.5125548826664656,0.49350043871574656,0.5047,0.5936583738195295,0.5752964282429616,0.5753,57b84a4e25af9214,0.2195795200967781,0.2195795200967781,0.03571428571428571,0.3105323353402392,,0.603515625,0.79296875
xor3,common_temperature_study,1201,0,0,512,8,2,0.12,0.0001,age,1.0,,B,analytic,hybrid,False,budget,cuda,0.14772074061076285,age-local,common-temperature-soft,0.15997187499999999,0.16539375,0.15816458333333333,0.38420104166666663,0.41979166666666673,0.3486104166666666,0.8559046875,0.8974583333333334,0.73124375,0.020002777777777765,0.04955781249999995,0.025818229166666658,0.06406249999999988,0.015811140046296288,0.038303124999999966,0.016184790752923967,0.39482391843723785,0.41015625,0.5128439325770574,0.4098713362904783,0.5026,0.4429134630268228,0.4743269857298114,0.4797,6e1d530f070cf139,0.14772074061076285,0.14772074061076285,0.03571428571428571,0.20890867481553888,,0.4609375,1.078125
xor3,common_temperature_study,1201,0,0,512,8,2,0.18,0.0001,age,1.0,,B,analytic,hybrid,False,budget,cuda,0.09888216573214147,age-local,common-temperature-soft,0.17694062499999996,0.2804375,0.14244166666666666,0.40970208333333336,0.48944375,0.3299604166666667,0.8717250000000001,0.9338541666666668,0.6853374999999999,0.060342881944444454,0.128325,0.037010243055555545,0.0756312499999999,0.04051323302469136,0.11625234375000007,0.04094288194444445,0.38591773396002227,0.392578125,0.49410467040306594,0.49287473474910826,0.5101,0.5781910421819981,0.571828731492597,0.572,8f399e1a7b69015f,0.09888216573214147,0.09888216573214147,0.03571428571428571,0.13984049985521857,,0.556640625,0.88671875
xor3,common_temperature_study,1201,0,0,512,8,2,0.3,0.0001,age,1.0,,B,analytic,hybrid,False,budget,cuda,0.05945360972790323,age-local,common-temperature-soft,0.2158234375,0.16774375000000002,0.23184999999999997,0.4412416666666667,0.45989583333333334,0.42258750000000006,0.8815124999999999,0.9278354166666666,0.7425437500000001,0.022500000000000006,0.052381250000000004,0.03514253472222226,0.07547890625000009,0.025294810956790127,0.06982968749999999,0.025480413925438605,0.3912474664523344,0.408203125,0.49317853416039303,0.42576513863161003,0.5006,0.5435303242689394,0.5374914471367658,0.5401,ecccac1ad700ad51,0.05945360972790323,0.05945360972790323,0.03571428571428571,0.08408010120923773,,0.51171875,0.9765624999999999
xor3,common_temperature_study,1201,0,0,512,8,2,0.4,0.0001,age,1.0,,B,analytic,hybrid,False,budget,cuda,0.04461322325626036,age-local,common-temperature-soft,0.11635312499999997,0.1178,0.11587083333333331,0.36099583333333324,0.4030520833333333,0.31893958333333333,0.8299515625,0.881275,0.67598125,0.013426215277777771,0.02891484374999999,0.0165817708333333,0.03820078124999998,0.01733695987654321,0.0436359375,0.017214172149122808,0.3965092190557731,0.39453125,0.5070707378724294,0.48819978223537197,0.4934,0.42830489735306637,0.4395525169560379,0.4399,706f48eec8ca8a98,0.04461322325626036,0.04461322325626036,0.03571428571428571,0.06309262539018218,,0.439453125,1.12109375
xor3,common_temperature_study,1202,0,0,512,8,2,0.0,0.0001,global,1.0,,B,global,hybrid,False,budget,cuda,1.0,hard,common-temperature-hard,0.1649,0.15414374999999997,0.16848541666666672,0.3923614583333334,0.3757770833333334,0.40894583333333334,0.8231234375,0.8521833333333334,0.7359437499999999,0.022766145833333334,0.052728125000000015,0.04234722222222225,0.09459062500000007,0.022558376736111115,0.05912421874999996,0.02308460343567252,0.4174344662950796,0.439453125,0.4615847746611237,0.44422042764640285,0.4491,0.5585136983966074,0.5498722146138735,0.5508,579365e47045aaa5,1.0,1.0,1.0,1.4142135623730951,,0.5546875,0.890625
xor3,common_temperature_study,1202,0,0,512,8,2,0.00025,0.0001,age,1.0,,B,analytic,hybrid,False,budget,cuda,1.0,age-local,common-temperature-soft,0.15325781250000003,0.20373750000000002,0.13643125000000003,0.35727812499999995,0.4247958333333333,0.2897604166666667,0.8311203125000001,0.876,0.69648125,0.03244913194444444,0.064353125,0.02532760416666667,0.0690734375,0.020299850501543214,0.05346640625000004,0.02075187774122807,0.4166170695589881,0.423828125,0.43691820851963703,0.4087122300010603,0.4256,0.5452135407737653,0.5123955613744264,0.5128,9c4980ae1e483670,1.0,1.0,0.03571428571428571,1.4142135623730951,,0.572265625,0.85546875
xor3,common_temperature_study,1202,0,0,512,8,2,0.0005,0.0001,age,1.0,,B,analytic,hybrid,False,budget,cuda,1.0,age-local,common-temperature-soft,0.15325781250000003,0.20373750000000002,0.13643125000000003,0.35727812499999995,0.4247958333333333,0.2897604166666667,0.8311203125000001,0.876,0.69648125,0.03244913194444444,0.064353125,0.02532760416666667,0.0690734375,0.020299850501543214,0.05346640625000004,0.02075187774122807,0.4166170695589881,0.423828125,0.43691820851963703,0.4087122300010603,0.4256,0.5452135407737653,0.5123955613744264,0.5128,3fe146fe8b6d275e,1.0,1.0,0.03571428571428571,1.4142135623730951,,0.572265625,0.85546875
xor3,common_temperature_study,1202,0,0,512,8,2,0.001,0.0001,age,1.0,,B,analytic,hybrid,False,budget,cuda,0.9999999999999993,age-local,common-temperature-soft,0.15325781250000003,0.20373750000000002,0.13643125000000003,0.35727812499999995,0.4247958333333333,0.2897604166666667,0.8311203125000001,0.876,0.69648125,0.03244913194444444,0.064353125,0.02532760416666667,0.0690734375,0.020299850501543214,0.05346640625000004,0.02075187774122807,0.4166170695589881,0.423828125,0.43691820851963703,0.4087122300010603,0.4256,0.5452135407737653,0.5123955613744264,0.5128,425572d7ea8ccbf2,0.9999999999999993,0.9999999999999993,0.03571428571428571,1.4142135623730943,,0.572265625,0.85546875
xor3,common_temperature_study,1202,0,0,512,8,2,0.0015,0.0001,age,1.0,,B,analytic,hybrid,False,budget,cuda,0.999999999908655,age-local,common-temperature-soft,0.15325781250000003,0.20373750000000002,0.13643125000000003,0.35727812499999995,0.4247958333333333,0.2897604166666667,0.8311203125000001,0.876,0.69648125,0.03244913194444444,0.064353125,0.02532760416666667,0.0690734375,0.020299850501543214,0.05346640625000004,0.02075187774122807,0.4166170695589881,0.423828125,0.43691820851963703,0.4087122300010603,0.4256,0.5452135407737653,0.5123955613744264,0.5128,99649282a69a3f00,0.999999999908655,0.999999999908655,0.03571428571428571,1.4142135622439138,,0.572265625,0.85546875
xor3,common_temperature_study,1202,0,0,512,8,2,0.002,0.0001,age,1.0,,B,analytic,hybrid,False,budget,cuda,0.9999999648624576,age-local,common-temperature-soft,0.15325781250000003,0.20373750000000002,0.13643125000000003,0.35727812499999995,0.4247958333333333,0.2897604166666667,0.8311203125000001,0.876,0.69648125,0.03244913194444444,0.064353125,0.02532760416666667,0.0690734375,0.020299850501543214,0.05346640625000004,0.02075187774122807,0.4166170695589881,0.423828125,0.43691820851963703,0.4087122300010603,0.4256,0.5452135407737653,0.5123955613744264,0.5128,f9621f6c8dff1861,0.9999999648624576,0.9999999648624576,0.03571428571428571,1.4142135126811062,,0.572265625,0.85546875
xor3,common_temperature_study,1202,0,0,512,8,2,0.0025,0.0001,age,1.0,,B,analytic,hybrid,False,budget,cuda,0.999998750250879,age-local,common-temperature-soft,0.15325781250000003,0.20373750000000002,0.13643125000000003,0.35727812499999995,0.4247958333333333,0.2897604166666667,0.8311203125000001,0.876,0.69648125,0.03244913194444444,0.064353125,0.02532760416666667,0.0690734375,0.020299850501543214,0.05346640625000004,0.02075187774122807,0.4166170695589881,0.423828125,0.43691820851963703,0.4087122300010603,0.4256,0.5452135407737653,0.5123955613744264,0.5128,2a82fec3a30bcda2,0.999998750250879,0.999998750250879,0.03571428571428571,1.4142117949609387,,0.572265625,0.85546875
xor3,common_temperature_study,1202,0,0,512,8,2,0.003,0.0001,age,1.0,,B,analytic,hybrid,False,budget,cuda,0.9999864837985184,age-local,common-temperature-soft,0.15325781250000003,0.20373750000000002,0.13643125000000003,0.35727812499999995,0.4247958333333333,0.2897604166666667,0.8311203125000001,0.876,0.69648125,0.03244913194444444,0.064353125,0.02532760416666667,0.0690734375,0.020299850501543214,0.05346640625000004,0.02075187774122807,0.4166170695589881,0.423828125,0.43691820851963703,0.4087122300010603,0.4256,0.5452135407737653,0.5123955613744264,0.5128,0475b309492c4099,0.9999864837985184,0.9999864837985184,0.03571428571428571,1.414194447577648,,0.572265625,0.85546875
xor3,common_temperature_study,1202,0,0,512,8,2,0.004,0.0001,age,1.0,,B,analytic,hybrid,False,budget,cuda,0.9997349406477949,age-local,common-temperature-soft,0.1187984375,0.09975000000000002,0.12514791666666666,0.3613895833333333,0.3957354166666667,0.32704375,0.8434484375,0.8752479166666666,0.74805,0.021959722222222214,0.048445312500000004,0.028188888888888857,0.06247890624999991,0.018214332561728396,0.051279687499999976,0.018575383771929823,0.4086658796652222,0.423828125,0.48993551661858903,0.47755453210584253,0.4804,0.5895845028589649,0.5716984239982354,0.5718,82770480a0e5e0da,0.9997349406477949,0.9997349406477949,0.03571428571428571,1.4138387118423728,,0.583984375,0.83203125
xor3,common_temperature_study,1202,0,0,512,8,2,0.006,0.0001,age,1.0,,B,analytic,hybrid,False,budget,cuda,0.9948141942133263,age-local,common-temperature-soft,0.10909218750000003,0.14061250000000003,0.09858541666666669,0.386378125,0.4466083333333333,0.3261479166666667,0.8545890625000001,0.88734375,0.7563250000000001,0.02874999999999999,0.05860859374999994,0.018255034722222237,0.04332031250000004,0.018969386574074074,0.05391015625000002,0.019207972404970762,0.40990098415222254,0.416015625,0.468893979710241,0.43262424968758323,0.4328,0.7029416300862259,0.7022877639240237,0.7025,1d1df6d5943a20d0,0.9948141942133263,0.9948141942133263,0.03571428571428571,1.4068797254977483,,0.681640625,0.63671875
xor3,common_temperature_study,1202,0,0,512,8,2,0.008,0.0001,age,1.0,,B,analytic,hybrid,False,budget,cuda,0.9772362445412965,age-local,common-temperature-soft,0.12650781250000004,0.13710625000000004,0.122975,0.3803604166666667,0.40990624999999997,0.3508145833333334,0.8578453125,0.9002770833333332,0.73055,0.028538541666666657,0.062493750000000015,0.02413663194444447,0.05100703125000006,0.024081081211419754,0.06304218750000001,0.024199844663742684,0.4110547311818563,0.423828125,0.46784442799972015,0.43422073849878595,0.4344,0.5353212747937433,0.5225630272808326,0.5226,1361d8193565c12a,0.9772362445412965,0.9772362445412965,0.03571428571428571,1.3820207506728521,,0.5625,0.875
xor3,common_temperature_study,1202,0,0,512,8,2,0.012,0.0001,age,1.0,,B,analytic,hybrid,False,budget,cuda,0.9029736543063381,age-local,common-temperature-soft,0.12095312499999998,0.06801874999999998,0.13859791666666665,0.35520833333333335,0.38700208333333336,0.32341458333333334,0.8282656250000001,0.8858395833333335,0.65554375,0.007507986111111111,0.016864843749999997,0.018028298611111118,0.03933515624999989,0.015065446566358026,0.039398437499999994,0.014944535818713455,0.4059196559616997,0.427734375,0.4987051380372395,0.45185071946115707,0.496,0.5585272444847612,0.5339734232075525,0.5381,f2585d6f3c41dd47,0.9029736543063381,0.9029736543063381,0.03571428571428571,1.2769975883856182,,0.5859375,0.828125
xor3,common_temperature_study,1202,0,0,512,8,2,0.016,0.0001,age,1.0,,B,analytic,hybrid,False,budget,cuda,0.8061980899518151,age-local,common-temperature-soft,0.14883906250000006,0.19730000000000003,0.1326854166666667,0.36401041666666667,0.4118291666666667,0.31619166666666665,0.8140484375,0.8703979166666667,0.645,0.023864062500000005,0.05058750000000001,0.032847569444444474,0.06926171875000009,0.024495881558641967,0.06687499999999999,0.024699036001461987,0.41650376974419895,0.42578125,0.5030578943400321,0.5325958296082798,0.5377,0.6146498482277875,0.5675979071738707,0.5676,b4085aace4de72f1,0.8061980899518151,0.8061980899518151,0.03571428571428571,1.1401362727691413,,0.5859375,0.828125
xor3,common_temperature_study,1202,0,0,512,8,2,0.023,0.0001,age,1.0,,B,analytic,hybrid,False,budget,cuda,0.6506341092311254,age-local,common-temperature-soft,0.15409687499999997,0.14511875000000002,0.1570895833333333,0.3870677083333333,0.40829166666666666,0.36584374999999997,0.8266859375,0.87648125,0.6773,0.030039930555555552,0.059484375000000006,0.05130069444444445,0.11313515624999998,0.029812692901234575,0.0855640625,0.03038414656432749,0.4258443156800391,0.421875,0.5399896129316359,0.603505830665915,0.6065,0.698760350852087,0.6719007603694873,0.6722,0e2cf78b70f44768,0.6506341092311254,0.6506341092311254,0.03571428571428571,0.9201355814171954,,0.666015625,0.66796875
xor3,common_temperature_study,1202,0,0,512,8,2,0.032,0.0001,age,1.0,,B,analytic,hybrid,False,budget,cuda,0.5065185597697057,age-local,common-temperature-soft,0.1636625,0.2085375,0.14870416666666667,0.38549479166666667,0.42267083333333333,0.34831875,0.8137296875,0.86371875,0.6637625,0.023621875000000004,0.05782187500000002,0.02543107638888888,0.053472656250000014,0.01940447530864197,0.05010859374999995,0.019674054276315783,0.40229706501607493,0.439453125,0.4670314626205602,0.44624353484558654,0.4774,0.6518850031958363,0.6425975529578976,0.6428,95770625ae7539e5,0.5065185597697057,0.5065185597697057,0.03571428571428571,0.7163254168200051,,0.61328125,0.7734375
xor3,common_temperature_study,1202,0,0,512,8,2,0.05,0.0001,age,1.0,,B,analytic,hybrid,False,budget,cuda,0.3426949069654599,age-local,common-temperature-soft,0.1540578125,0.14611875000000002,0.15670416666666667,0.37838749999999993,0.40817499999999995,0.3486,0.85774375,0.8968270833333333,0.74049375,0.018165625000000005,0.03877109375000004,0.033817881944444426,0.07066562499999997,0.0205555362654321,0.05247500000000002,0.020841652960526317,0.40536789951425783,0.423828125,0.4917940319097015,0.46423024671136803,0.4644,0.6414778458030177,0.627097242916258,0.6272,a92706ca6bded450,0.3426949069654599,0.3426949069654599,0.03571428571428571,0.48464378518673945,,0.63671875,0.7265625
xor3,common_temperature_study,1202,0,0,512,8,2,0.08,0.0001,age,1.0,,B,analytic,hybrid,False,budget,cuda,0.2195795200967781,age-local,common-temperature-soft,0.16236875,0.10046875000000001,0.18300208333333332,0.4063052083333334,0.4221020833333333,0.3905083333333333,0.8698640625,0.9151000000000001,0.7341562500000001,0.013707291666666665,0.030210156249999995,0.034571354166666624,0.07841640624999989,0.021199430941358025,0.054662500000000044,0.021354162097953218,0.4044404791026,0.427734375,0.4628356968756038,0.43502752773507025,0.4465,0.6452827958997891,0.6140494195676383,0.6152,ff66e9162d1d974e,0.2195795200967781,0.2195795200967781,0.03571428571428571,0.3105323353402392,,0.62890625,0.7421875
xor3,common_temperature_study,1202,0,0,512,8,2,0.12,0.0001,age,1.0,,B,analytic,hybrid,False,budget,cuda,0.14772074061076285,age-local,common-temperature-soft,0.15797968749999997,0.18216875,0.14991666666666664,0.3906635416666666,0.4235479166666667,0.3577791666666667,0.8828671875,0.92895625,0.7445999999999999,0.03833472222222223,0.08129296875000006,0.042713020833333296,0.08874999999999991,0.034554952739197536,0.10081562499999998,0.03486910635964913,0.3873242897330165,0.435546875,0.4885978354111472,0.47752505892040775,0.4848,0.5499942694244502,0.5568600066155971,0.5569,e966dfbe63a6a436,0.14772074061076285,0.14772074061076285,0.03571428571428571,0.20890867481553888,,0.548828125,0.90234375
xor3,common_temperature_study,1202,0,0,512,8,2,0.18,0.0001,age,1.0,,B,analytic,hybrid,False,budget,cuda,0.09888216573214147,age-local,common-temperature-soft,0.1712359375,0.15175624999999998,0.1777291666666667,0.39152395833333326,0.3908354166666666,0.3922125,0.8394890625000001,0.8625270833333335,0.770375,0.029589409722222224,0.06951015624999998,0.039088715277777734,0.0869039062499999,0.02756670524691358,0.07599140625000002,0.027923145102339186,0.39500356007128873,0.421875,0.5141038588383163,0.5000851478482251,0.5134,0.49070710340055235,0.47990933823634163,0.4805,a7ec85252b2f39eb,0.09888216573214147,0.09888216573214147,0.03571428571428571,0.13984049985521857,,0.470703125,1.05859375
xor3,common_temperature_study,1202,0,0,512,8,2,0.3,0.0001,age,1.0,,B,analytic,hybrid,False,budget,cuda,0.05945360972790323,age-local,common-temperature-soft,0.17007656250000003,0.24498749999999997,0.14510625000000002,0.4111177083333333,0.46421874999999996,0.35801666666666665,0.847021875,0.8925604166666666,0.7104062499999999,0.04709479166666667,0.09490937500000002,0.014865451388888846,0.03855312499999991,0.02117621527777777,0.059853906249999984,0.021692210343567248,0.3892490215264188,0.41796875,0.46729770227931244,0.4262688482901592,0.4283,0.48764248603892535,0.4961919390710251,0.4962,e72d1de55dcfd619,0.05945360972790323,0.05945360972790323,0.03571428571428571,0.08408010120923773,,0.51171875,0.9765624999999999
xor3,common_temperature_study,1202,0,0,512,8,2,0.4,0.0001,age,1.0,,B,analytic,hybrid,False,budget,cuda,0.04461322325626036,age-local,common-temperature-soft,0.14704218750000003,0.08483124999999998,0.1677791666666667,0.36076562500000003,0.396975,0.32455625,0.8307796875,0.8820125,0.6770812500000001,0.020410243055555565,0.03973359375000002,0.02731788194444443,0.059193750000000045,0.02254309895833333,0.05923359374999995,0.02261262335526315,0.3959970492906066,0.416015625,0.47694944015638385,0.4076747721535645,0.5195,0.41820221680432046,0.4413484303215758,0.4434,02955237d8a68d8d,0.04461322325626036,0.04461322325626036,0.03571428571428571,0.06309262539018218,,0.443359375,1.11328125
xor3,common_temperature_study,1203,0,0,512,8,2,0.0,0.0001,global,1.0,,B,global,hybrid,False,budget,cuda,1.0,hard,common-temperature-hard,0.18941718750000003,0.20823125000000003,0.18314583333333334,0.4101020833333333,0.4388770833333333,0.3813270833333333,0.8874703125,0.9131812499999999,0.8103375,0.042220833333333325,0.09414999999999997,0.02694930555555554,0.05841718750000002,0.02393608699845679,0.06365703125000001,0.024496559758771925,0.4071558524951076,0.404296875,0.5029524469477562,0.45799410319365036,0.4824,0.5742311424446603,0.5438588156851187,0.5443,ebb5225d204c91b7,1.0,1.0,1.0,1.4142135623730951,,0.587890625,0.8337375
xor3,common_temperature_study,1203,0,0,512,8,2,0.00025,0.0001,age,1.0,,B,analytic,hybrid,False,budget,cuda,1.0,age-local,common-temperature-soft,0.1685859375,0.18211249999999995,0.16407708333333335,0.4009541666666667,0.41637083333333336,0.38553750000000003,0.86279375,0.89915,0.7537250000000001,0.020585763888888886,0.04392343750000001,0.020780381944444426,0.04447343749999992,0.016929398148148145,0.042186718750000005,0.01712695997807017,0.411921816029494,0.421875,0.4928063268755509,0.4893274670018856,0.4922,0.6263895845348735,0.6043588374934528,0.6044,fa02131613011a1b,1.0,1.0,0.03571428571428571,1.4142135623730951,,0.6015625,0.796875
xor3,common_temperature_study,1203,0,0,512,8,2,0.0005,0.0001,age,1.0,,B,analytic,hybrid,False,budget,cuda,1.0,age-local,common-temperature-soft,0.1685859375,0.18211249999999995,0.16407708333333335,0.4009541666666667,0.41637083333333336,0.38553750000000003,0.86279375,0.89915,0.7537250000000001,0.020585763888888886,0.04392343750000001,0.020780381944444426,0.04447343749999992,0.016929398148148145,0.042186718750000005,0.01712695997807017,0.411921816029494,0.421875,0.4928063268755509,0.4893274670018856,0.4922,0.6263895845348735,0.6043588374934528,0.6044,d546b6af177c45da,1.0,1.0,0.03571428571428571,1.4142135623730951,,0.6015625,0.796875
xor3,common_temperature_study,1203,0,0,512,8,2,0.001,0.0001,age,1.0,,B,analytic,hybrid,False,budget,cuda,0.9999999999999993,age-local,common-temperature-soft,0.1685859375,0.18211249999999995,0.16407708333333335,0.4009541666666667,0.41637083333333336,0.38553750000000003,0.86279375,0.89915,0.7537250000000001,0.020585763888888886,0.04392343750000001,0.020780381944444426,0.04447343749999992,0.016929398148148145,0.042186718750000005,0.01712695997807017,0.411921816029494,0.421875,0.4928063268755509,0.4893274670018856,0.4922,0.6263895845348735,0.6043588374934528,0.6044,68990fb80619f377,0.9999999999999993,0.9999999999999993,0.03571428571428571,1.4142135623730943,,0.6015625,0.796875
xor3,common_temperature_study,1203,0,0,512,8,2,0.0015,0.0001,age,1.0,,B,analytic,hybrid,False,budget,cuda,0.999999999908655,age-local,common-temperature-soft,0.1685859375,0.18211249999999995,0.16407708333333335,0.4009541666666667,0.41637083333333336,0.38553750000000003,0.86279375,0.89915,0.7537250000000001,0.020585763888888886,0.04392343750000001,0.020780381944444426,0.04447343749999992,0.016929398148148145,0.042186718750000005,0.01712695997807017,0.411921816029494,0.421875,0.4928063268755509,0.4893274670018856,0.4922,0.6263895845348735,0.6043588374934528,0.6044,e7ecde5880ef1e73,0.999999999908655,0.999999999908655,0.03571428571428571,1.4142135622439138,,0.6015625,0.796875
xor3,common_temperature_study,1203,0,0,512,8,2,0.002,0.0001,age,1.0,,B,analytic,hybrid,False,budget,cuda,0.9999999648624576,age-local,common-temperature-soft,0.1685859375,0.18211249999999995,0.16407708333333335,0.4009541666666667,0.41637083333333336,0.38553750000000003,0.86279375,0.89915,0.7537250000000001,0.020585763888888886,0.04392343750000001,0.020780381944444426,0.04447343749999992,0.016929398148148145,0.042186718750000005,0.01712695997807017,0.411921816029494,0.421875,0.4928063268755509,0.4893274670018856,0.4922,0.6263895845348735,0.6043588374934528,0.6044,28ba4d59219828c5,0.9999999648624576,0.9999999648624576,0.03571428571428571,1.4142135126811062,,0.6015625,0.796875
xor3,common_temperature_study,1203,0,0,512,8,2,0.0025,0.0001,age,1.0,,B,analytic,hybrid,False,budget,cuda,0.999998750250879,age-local,common-temperature-soft,0.1685859375,0.18211249999999995,0.16407708333333335,0.4009541666666667,0.41637083333333336,0.38553750000000003,0.86279375,0.89915,0.7537250000000001,0.020585763888888886,0.04392343750000001,0.020780381944444426,0.04447343749999992,0.016929398148148145,0.042186718750000005,0.01712695997807017,0.411921816029494,0.421875,0.4928063268755509,0.4893274670018856,0.4922,0.6263895845348735,0.6043588374934528,0.6044,cdda85ca7495b3e3,0.999998750250879,0.999998750250879,0.03571428571428571,1.4142117949609387,,0.6015625,0.796875
xor3,common_temperature_study,1203,0,0,512,8,2,0.003,0.0001,age,1.0,,B,analytic,hybrid,False,budget,cuda,0.9999864837985184,age-local,common-temperature-soft,0.1685859375,0.18211249999999995,0.16407708333333335,0.4009541666666667,0.41637083333333336,0.38553750000000003,0.86279375,0.89915,0.7537250000000001,0.020585763888888886,0.04392343750000001,0.020780381944444426,0.04447343749999992,0.016929398148148145,0.042186718750000005,0.01712695997807017,0.4119218160294941,0.421875,0.4928063268755509,0.4893274670018856,0.4922,0.6263895845348735,0.6043588374934528,0.6044,0e6395e310661d8b,0.9999864837985184,0.9999864837985184,0.03571428571428571,1.414194447577648,,0.6015625,0.796875
xor3,common_temperature_study,1203,0,0,512,8,2,0.004,0.0001,age,1.0,,B,analytic,hybrid,False,budget,cuda,0.9997349406477949,age-local,common-temperature-soft,0.17938750000000003,0.19984375,0.17256875000000002,0.449084375,0.4457541666666666,0.4524145833333333,0.8921687500000002,0.9363854166666669,0.75951875,0.02471388888888888,0.04956796874999998,0.022297743055555517,0.05902968749999987,0.017808386381172832,0.04821562500000002,0.01810825109649122,0.4149983837713168,0.400390625,0.48684216634324134,0.4488703644202078,0.4494,0.6661921333924319,0.6535413960522394,0.6542,622e580c9a8ffd9c,0.9997349406477949,0.9997349406477949,0.03571428571428571,1.4138387118423728,,0.609375,0.78125
xor3,common_temperature_study,1203,0,0,512,8,2,0.006,0.0001,age,1.0,,B,analytic,hybrid,False,budget,cuda,0.9948141942133263,age-local,common-temperature-soft,0.17728125,0.14576875,0.18778541666666668,0.4365812500000001,0.41397708333333333,0.4591854166666667,0.9015875000000001,0.9335833333333334,0.8056,0.021593923611111104,0.04418515624999998,0.03366857638888884,0.07225390624999992,0.01909742476851851,0.051132812499999965,0.019546573464912273,0.41479826626712335,0.400390625,0.4670265804263068,0.44363280074962474,0.4546,0.6273381508585218,0.5944938322511886,0.5945,e6d05bc8f3e6e69b,0.9948141942133263,0.9948141942133263,0.03571428571428571,1.4068797254977483,,0.619140625,0.76171875
xor3,common_temperature_study,1203,0,0,512,8,2,0.008,0.0001,age,1.0,,B,analytic,hybrid,False,budget,cuda,0.9772362445412965,age-local,common-temperature-soft,0.14699843750000002,0.16867500000000002,0.13977291666666666,0.3699406250000001,0.39381875000000005,0.3460625,0.8341796875,0.8848916666666667,0.6820437500000001,0.02001493055555555,0.051825781249999994,0.04165729166666668,0.08524140624999996,0.02664416956018519,0.07231875000000007,0.026864798062865503,0.4184497964425496,0.412109375,0.4650818663940321,0.4192118246311805,0.4194,0.6274150854359983,0.6073501605280588,0.6081,d9cce5e82dcd3eaa,0.9772362445412965,0.9772362445412965,0.03571428571428571,1.3820207506728521,,0.59375,0.8125
xor3,common_temperature_study,1203,0,0,512,8,2,0.012,0.0001,age,1.0,,B,analytic,hybrid,False,budget,cuda,0.9029736543063381,age-local,common-temperature-soft,0.12925625000000002,0.14353125,0.12449791666666667,0.41711458333333334,0.4611333333333334,0.37309583333333335,0.8784437500000001,0.9256770833333334,0.73674375,0.018835590277777772,0.04747187499999997,0.033360590277777734,0.0719367187499999,0.0219639274691358,0.054448437500000016,0.022181514985380114,0.40549949110637407,0.404296875,0.47155397521862225,0.43971887334188803,0.44,0.5652086273654832,0.5505892247380056,0.5507,252cbc309fc43b52,0.9029736543063381,0.9029736543063381,0.03571428571428571,1.2769975883856182,,0.53515625,0.9296875
xor3,common_temperature_study,1203,0,0,512,8,2,0.016,0.0001,age,1.0,,B,analytic,hybrid,False,budget,cuda,0.8061980899518151,age-local,common-temperature-soft,0.15665624999999997,0.17054375,0.1520270833333333,0.4193635416666666,0.4454458333333333,0.39328124999999997,0.8839953125000001,0.9032562500000001,0.8262125,0.023878472222222235,0.04989375000000003,0.020257465277777737,0.04357734374999994,0.016666570216049392,0.04163515625000004,0.01695085434941521,0.40277510833100366,0.412109375,0.45730973328652824,0.45315875094277214,0.4883,0.5140065551061269,0.5238669338192036,0.5294,adfd5ff552eb127c,0.8061980899518151,0.8061980899518151,0.03571428571428571,1.1401362727691413,,0.537109375,0.92578125
xor3,common_temperature_study,1203,0,0,512,8,2,0.023,0.0001,age,1.0,,B,analytic,hybrid,False,budget,cuda,0.6506341092311254,age-local,common-temperature-soft,0.163559375,0.18579374999999998,0.1561479166666667,0.407346875,0.4553020833333334,0.3593916666666666,0.8568250000000001,0.9088666666666668,0.7007,0.024472743055555555,0.05188125000000002,0.03978958333333334,0.08984609375000002,0.02279305555555556,0.06515156250000001,0.023284534904970768,0.41704269464635163,0.4140625,0.4696163043518279,0.4386718190663508,0.4491,0.6006038153787838,0.56204826709032,0.5629,dd9cdef6e076a91a,0.6506341092311254,0.6506341092311254,0.03571428571428571,0.9201355814171954,,0.5859375,0.828125
xor3,common_temperature_study,1203,0,0,512,8,2,0.032,0.0001,age,1.0,,B,analytic,hybrid,False,budget,cuda,0.5065185597697057,age-local,common-temperature-soft,0.1487265625,0.13048125000000005,0.1548083333333333,0.359453125,0.40155416666666666,0.3173520833333333,0.8448171874999999,0.8925770833333333,0.7015374999999999,0.027326215277777777,0.05476953125,0.03707621527777773,0.08055781249999988,0.02219557773919753,0.06598124999999999,0.02272219024122807,0.4013663684651943,0.392578125,0.5001066079138607,0.4845595799965022,0.5156,0.5318885719997997,0.5337605374918932,0.5338,8f688b739c87df84,0.5065185597697057,0.5065185597697057,0.03571428571428571,0.7163254168200051,,0.564453125,0.87109375
xor3,common_temperature_study,1203,0,0,512,8,2,0.05,0.0001,age,1.0,,B,analytic,hybrid,False,budget,cuda,0.3426949069654599,age-local,common-temperature-soft,0.14866406250000003,0.18359375,0.13702083333333334,0.4035947916666667,0.3909208333333334,0.41626874999999997,0.8738953125000001,0.8929916666666667,0.81660625,0.017967708333333332,0.04301250000000001,0.035597395833333295,0.07771093749999991,0.022064834104938275,0.05635390624999999,0.022313135051169594,0.40510662741123854,0.416015625,0.5150158687320429,0.5415088600926992,0.5435,0.6049322607552738,0.5814687254157955,0.5822,4c26aabc9243afc9,0.3426949069654599,0.3426949069654599,0.03571428571428571,0.48464378518673945,,0.607421875,0.78515625
xor3,common_temperature_study,1203,0,0,512,8,2,0.08,0.0001,age,1.0,,B,analytic,hybrid,False,budget,cuda,0.2195795200967781,age-local,common-temperature-soft,0.12537343750000002,0.140625,0.12028958333333334,0.4003781250000001,0.48360625000000007,0.31715,0.885125,0.9446666666666667,0.7065,0.020304861111111117,0.059301562500000016,0.01999739583333329,0.046034374999999905,0.02208755304783951,0.06077421874999997,0.021985635964912285,0.39998301867836183,0.390625,0.4858666078882493,0.46254161347650874,0.4632,0.5547617321128808,0.5354198921933538,0.5366,a37db68d340104e8,0.2195795200967781,0.2195795200967781,0.03571428571428571,0.3105323353402392,,0.548828125,0.90234375
xor3,common_temperature_study,1203,0,0,512,8,2,0.12,0.0001,age,1.0,,B,analytic,hybrid,False,budget,cuda,0.14772074061076285,age-local,common-temperature-soft,0.20199843750000002,0.18920624999999996,0.20626250000000002,0.4210604166666667,0.4542979166666667,0.3878229166666667,0.88575,0.9419270833333333,0.71721875,0.040494097222222226,0.084409375,0.05609861111111108,0.1286421874999999,0.04003640528549383,0.11519531249999997,0.040471139437134505,0.37761627018101757,0.39453125,0.484520642957771,0.45178930167349907,0.5325,0.5720101042212411,0.5253220660611061,0.5281,76b29414665d3e92,0.14772074061076285,0.14772074061076285,0.03571428571428571,0.20890867481553888,,0.556640625,0.88671875
xor3,common_temperature_study,1203,0,0,512,8,2,0.18,0.0001,age,1.0,,B,analytic,hybrid,False,budget,cuda,0.09888216573214147,age-local,common-temperature-soft,0.14962968749999994,0.14742499999999997,0.1503645833333333,0.38051666666666667,0.41272708333333336,0.34830625000000004,0.8528781249999999,0.88959375,0.74273125,0.028296875000000006,0.06141484375000003,0.054432118055555506,0.11864374999999988,0.030363507908950618,0.08756406249999996,0.030942507309941514,0.38465369024322066,0.41796875,0.5324736349504922,0.5356037737444814,0.5459,0.47222733785472537,0.4570281919783892,0.4571,7a4a3482e0992fe6,0.09888216573214147,0.09888216573214147,0.03571428571428571,0.13984049985521857,,0.51171875,0.9765625
xor3,common_temperature_study,1203,0,0,512,8,2,0.3,0.0001,age,1.0,,B,analytic,hybrid,False,budget,cuda,0.05945360972790323,age-local,common-temperature-soft,0.200771875,0.15223750000000003,0.21694999999999998,0.4327666666666667,0.4313229166666667,0.4342104166666667,0.8901343750000001,0.9157104166666669,0.8134062499999999,0.028339756944444447,0.058287500000000006,0.053265277777777724,0.1042601562499999,0.029087133487654317,0.07875078125000003,0.029703732638888883,0.3851303685001398,0.412109375,0.5130082064082881,0.5092636040187332,0.5116,0.4728208446003972,0.48800264168720237,0.4954,a38cbb0df24d3e06,0.05945360972790323,0.05945360972790323,0.03571428571428571,0.08408010120923773,,0.494140625,1.01171875
xor3,common_temperature_study,1203,0,0,512,8,2,0.4,0.0001,age,1.0,,B,analytic,hybrid,False,budget,cuda,0.04461322325626036,age-local,common-temperature-soft,0.19737187499999997,0.21444375,0.19168125,0.434946875,0.4497166666666666,0.42017708333333337,0.8671718750000001,0.9068104166666667,0.7482562500000001,0.03728402777777778,0.08362890625,0.055308333333333286,0.11278437499999988,0.03955071855709876,0.11798203125000002,0.039905742872807015,0.378340569960861,0.412109375,0.5290482954659143,0.367664912990692,0.475,0.47311349612970055,0.47489376780354836,0.4791,0f1b1d8da9bcf1b4,0.04461322325626036,0.04461322325626036,0.03571428571428571,0.06309262539018218,,0.529296875,0.94140625
xor3,common_temperature_study,1204,0,0,512,8,2,0.0,0.0001,global,1.0,,B,global,hybrid,False,budget,cuda,1.0,hard,common-temperature-hard,0.19623281250000002,0.21976250000000003,0.18838958333333333,0.4100645833333334,0.44921041666666667,0.37091874999999996,0.8499125000000001,0.9066104166666668,0.67981875,0.04140052083333333,0.08448124999999998,0.04555607638888894,0.0989500000000001,0.034167486496913584,0.09789531250000001,0.03465752923976608,0.4168472183393907,0.423828125,0.5167984699043138,0.4424011151272434,0.494,0.6146995105480207,0.5835355284019563,0.5838,e480cece598338f4,1.0,1.0,1.0,1.4142135623730951,,0.5703125,0.859375
xor3,common_temperature_study,1204,0,0,512,8,2,0.00025,0.0001,age,1.0,,B,analytic,hybrid,False,budget,cuda,1.0,age-local,common-temperature-soft,0.17477187500000002,0.19163124999999998,0.1691520833333334,0.39894583333333333,0.4416291666666667,0.3562625,0.8479203125000001,0.90099375,0.6887000000000001,0.022697743055555553,0.04527499999999997,0.02572326388888888,0.05700546875000001,0.01827923900462963,0.04527656249999997,0.01859141081871345,0.39225214914733025,0.41796875,0.5526527842673611,0.5161837677171355,0.5362,0.5945178200890608,0.5830936588545512,0.5831,bc0f7a96df6e130e,1.0,1.0,0.03571428571428571,1.4142135623730951,,0.591796875,0.81640625
xor3,common_temperature_study,1204,0,0,512,8,2,0.0005,0.0001,age,1.0,,B,analytic,hybrid,False,budget,cuda,1.0,age-local,common-temperature-soft,0.17477187500000002,0.19163124999999998,0.1691520833333334,0.39894583333333333,0.4416291666666667,0.3562625,0.8479203125000001,0.90099375,0.6887000000000001,0.022697743055555553,0.04527499999999997,0.02572326388888888,0.05700546875000001,0.01827923900462963,0.04527656249999997,0.01859141081871345,0.39225214914733025,0.41796875,0.5526527842673611,0.5161837677171355,0.5362,0.5945178200890608,0.5830936588545512,0.5831,aaf2793b2abf9384,1.0,1.0,0.03571428571428571,1.4142135623730951,,0.591796875,0.81640625
xor3,common_temperature_study,1204,0,0,512,8,2,0.001,0.0001,age,1.0,,B,analytic,hybrid,False,budget,cuda,0.9999999999999993,age-local,common-temperature-soft,0.17477187500000002,0.19163124999999998,0.1691520833333334,0.39894583333333333,0.4416291666666667,0.3562625,0.8479203125000001,0.90099375,0.6887000000000001,0.022697743055555553,0.04527499999999997,0.02572326388888888,0.05700546875000001,0.01827923900462963,0.04527656249999997,0.01859141081871345,0.39225214914733025,0.41796875,0.5526527842673611,0.5161837677171355,0.5362,0.5945178200890608,0.5830936588545512,0.5831,c9897adb450a1a5d,0.9999999999999993,0.9999999999999993,0.03571428571428571,1.4142135623730943,,0.591796875,0.81640625
xor3,common_temperature_study,1204,0,0,512,8,2,0.0015,0.0001,age,1.0,,B,analytic,hybrid,False,budget,cuda,0.999999999908655,age-local,common-temperature-soft,0.17477187500000002,0.19163124999999998,0.1691520833333334,0.39894583333333333,0.4416291666666667,0.3562625,0.8479203125000001,0.90099375,0.6887000000000001,0.022697743055555553,0.04527499999999997,0.02572326388888888,0.05700546875000001,0.01827923900462963,0.04527656249999997,0.01859141081871345,0.39225214914733025,0.41796875,0.5526527842673611,0.5161837677171355,0.5362,0.5945178200890608,0.5830936588545512,0.5831,15469262714051fc,0.999999999908655,0.999999999908655,0.03571428571428571,1.4142135622439138,,0.591796875,0.81640625
xor3,common_temperature_study,1204,0,0,512,8,2,0.002,0.0001,age,1.0,,B,analytic,hybrid,False,budget,cuda,0.9999999648624576,age-local,common-temperature-soft,0.17477187500000002,0.19163124999999998,0.1691520833333334,0.39894583333333333,0.4416291666666667,0.3562625,0.8479203125000001,0.90099375,0.6887000000000001,0.022697743055555553,0.04527499999999997,0.02572326388888888,0.05700546875000001,0.01827923900462963,0.04527656249999997,0.01859141081871345,0.39225214914733025,0.41796875,0.5526527842673611,0.5161837677171355,0.5362,0.5945178200890608,0.5830936588545512,0.5831,fd0e5a71e206c22d,0.9999999648624576,0.9999999648624576,0.03571428571428571,1.4142135126811062,,0.591796875,0.81640625
xor3,common_temperature_study,1204,0,0,512,8,2,0.0025,0.0001,age,1.0,,B,analytic,hybrid,False,budget,cuda,0.999998750250879,age-local,common-temperature-soft,0.17477187500000002,0.19163124999999998,0.1691520833333334,0.39894583333333333,0.4416291666666667,0.3562625,0.8479203125000001,0.90099375,0.6887000000000001,0.022697743055555553,0.04527499999999997,0.02572326388888888,0.05700546875000001,0.01827923900462963,0.04527656249999997,0.01859141081871345,0.39225214914733025,0.41796875,0.5526527842673611,0.5161837677171355,0.5362,0.5945178200890608,0.5830936588545512,0.5831,e599dbef6d03fca2,0.999998750250879,0.999998750250879,0.03571428571428571,1.4142117949609387,,0.591796875,0.81640625
xor3,common_temperature_study,1204,0,0,512,8,2,0.003,0.0001,age,1.0,,B,analytic,hybrid,False,budget,cuda,0.9999864837985184,age-local,common-temperature-soft,0.17477187500000002,0.19163124999999998,0.1691520833333334,0.39894583333333333,0.4416291666666667,0.3562625,0.8479203125000001,0.90099375,0.6887000000000001,0.022697743055555553,0.04527499999999997,0.02572326388888888,0.05700546875000001,0.01827923900462963,0.04527656249999997,0.01859141081871345,0.39225214914733025,0.41796875,0.5526527842673611,0.5161837677171355,0.5362,0.5945178200890608,0.5830936588545512,0.5831,72ee4d42f5b529cf,0.9999864837985184,0.9999864837985184,0.03571428571428571,1.414194447577648,,0.591796875,0.81640625
xor3,common_temperature_study,1204,0,0,512,8,2,0.004,0.0001,age,1.0,,B,analytic,hybrid,False,budget,cuda,0.9997349406477949,age-local,common-temperature-soft,0.127090625,0.15904999999999997,0.11643750000000003,0.3275479166666667,0.3710479166666667,0.2840479166666667,0.7929593749999999,0.8355354166666666,0.6652312499999999,0.02230017361111112,0.044683593750000056,0.017525173611111097,0.03604921874999997,0.015884437692901234,0.04026562499999997,0.01609645010964912,0.3971999384085826,0.435546875,0.5019405521617636,0.48629333995146196,0.5019,0.5901408929229153,0.5857926933831112,0.5858,dc0563456a9d9a05,0.9997349406477949,0.9997349406477949,0.03571428571428571,1.4138387118423728,,0.5859375,0.828125
xor3,common_temperature_study,1204,0,0,512,8,2,0.006,0.0001,age,1.0,,B,analytic,hybrid,False,budget,cuda,0.9948141942133263,age-local,common-temperature-soft,0.1333796875,0.12441249999999997,0.13636875,0.35283333333333333,0.38987083333333333,0.31579583333333333,0.8106093750000001,0.8506208333333335,0.690575,0.02848072916666667,0.056842187500000016,0.03741440972222226,0.08001875000000003,0.022259095293209883,0.05824921875000006,0.022821646564327492,0.4040623580339671,0.4296875,0.49500463488310187,0.46465389158472015,0.4913,0.5813685102632528,0.5542476950640922,0.5548,82ffad2bf861e1c7,0.9948141942133263,0.9948141942133263,0.03571428571428571,1.4068797254977483,,0.609375,0.78125
xor3,common_temperature_study,1204,0,0,512,8,2,0.008,0.0001,age,1.0,,B,analytic,hybrid,False,budget,cuda,0.9772362445412965,age-local,common-temperature-soft,0.14203593750000004,0.08110000000000002,0.16234791666666668,0.36652812500000004,0.3795291666666667,0.35352708333333327,0.8329578125,0.8776479166666666,0.6988875,0.012850000000000004,0.025585156250000005,0.02113020833333332,0.05548984375000002,0.017719714506172837,0.045554687499999996,0.017681313961988306,0.4061670044730222,0.416015625,0.4813645044628858,0.45589357556179566,0.483,0.6372445431874901,0.6341081226405939,0.6343,aba86e92e769d4c5,0.9772362445412965,0.9772362445412965,0.03571428571428571,1.3820207506728521,,0.611328125,0.77734375
xor3,common_temperature_study,1204,0,0,512,8,2,0.012,0.0001,age,1.0,,B,analytic,hybrid,False,budget,cuda,0.9029736543063381,age-local,common-temperature-soft,0.17257968750000002,0.10805625000000003,0.19408749999999997,0.4021635416666666,0.4340437499999999,0.37028333333333335,0.876846875,0.9212520833333334,0.74363125,0.024879861111111106,0.05233671875000001,0.029399826388888852,0.0639546874999999,0.020976359953703706,0.051535156249999964,0.0213007538377193,0.39479607125384386,0.4140625,0.4607106217818537,0.3402494828558892,0.4948,0.5255284935261304,0.5136916217229921,0.5139,046361fd28479aad,0.9029736543063381,0.9029736543063381,0.03571428571428571,1.2769975883856182,,0.556640625,0.8867187499999999
xor3,common_temperature_study,1204,0,0,512,8,2,0.016,0.0001,age,1.0,,B,analytic,hybrid,False,budget,cuda,0.8061980899518151,age-local,common-temperature-soft,0.20976875,0.12000000000000001,0.23969166666666672,0.4689083333333333,0.4722104166666667,0.46560625,0.9221,0.9647562500000001,0.79413125,0.019871180555555548,0.04634140624999997,0.032926736111111105,0.07223593749999993,0.021410088734567904,0.056032812500000015,0.02167266081871345,0.3950223978718199,0.408203125,0.4781685080542599,0.4710256976658567,0.5061,0.5801835176801862,0.5433827297807147,0.5444,fd9b248be2377607,0.8061980899518151,0.8061980899518151,0.03571428571428571,1.1401362727691413,,0.591796875,0.81640625
xor3,common_temperature_study,1204,0,0,512,8,2,0.023,0.0001,age,1.0,,B,analytic,hybrid,False,budget,cuda,0.6506341092311254,age-local,common-temperature-soft,0.161465625,0.16165000000000002,0.16140416666666665,0.3934500000000001,0.41045000000000004,0.37645,0.86590625,0.9145020833333333,0.7201187500000001,0.026900000000000004,0.069971875,0.034792881944444395,0.0762835937499999,0.0238093074845679,0.06252109375,0.024179682931286545,0.3955345676369862,0.408203125,0.47951363260703894,0.4575852642824496,0.4787,0.5654777883371902,0.5072118279119457,0.5091,c51b85e33bada7a7,0.6506341092311254,0.6506341092311254,0.03571428571428571,0.9201355814171954,,0.623046875,0.75390625
xor3,common_temperature_study,1204,0,0,512,8,2,0.032,0.0001,age,1.0,,B,analytic,hybrid,False,budget,cuda,0.5065185597697057,age-local,common-temperature-soft,0.15820625,0.12348125000000003,0.16978125,0.4058989583333333,0.4260916666666667,0.38570625,0.877446875,0.9368458333333333,0.69925,0.019426736111111106,0.04301015625,0.03427100694444444,0.07567578124999999,0.021896503665123454,0.058460156249999964,0.022157154605263154,0.40684161614131953,0.40625,0.5094934667436932,0.4790009409128103,0.4831,0.6352232947575959,0.6116628635409151,0.6139,1a4980526a448204,0.5065185597697057,0.5065185597697057,0.03571428571428571,0.7163254168200051,,0.607421875,0.78515625
xor3,common_temperature_study,1204,0,0,512,8,2,0.05,0.0001,age,1.0,,B,analytic,hybrid,False,budget,cuda,0.3426949069654599,age-local,common-temperature-soft,0.17181562500000003,0.1971,0.1633875,0.3742125,0.403075,0.34535,0.8341281250000002,0.8883041666666669,0.6716000000000001,0.04219913194444444,0.08696640625000002,0.025977083333333286,0.055652343749999916,0.025831269290123464,0.06747421875000001,0.026265839729532163,0.4005549779843445,0.419921875,0.5011362306675112,0.3285886934335974,0.4894,0.5898297530842262,0.5566443347779331,0.5581,e69627d3839d2aa0,0.3426949069654599,0.3426949069654599,0.03571428571428571,0.48464378518673945,,0.578125,0.84375
xor3,common_temperature_study,1204,0,0,512,8,2,0.08,0.0001,age,1.0,,B,analytic,hybrid,False,budget,cuda,0.2195795200967781,age-local,common-temperature-soft,0.14123281250000003,0.15282500000000004,0.13736875,0.3763458333333334,0.39757500000000007,0.3551166666666667,0.8676046875000001,0.9170354166666668,0.7193125,0.027857986111111104,0.065546875,0.03489496527777783,0.08061875000000013,0.028633998842592597,0.076065625,0.02877833972953217,0.4027450770547945,0.404296875,0.5375770886467214,0.5697710796504372,0.5716,0.5541978987035934,0.5548327883812258,0.5551,5b3495723c20e12a,0.2195795200967781,0.2195795200967781,0.03571428571428571,0.3105323353402392,,0.595703125,0.80859375
xor3,common_temperature_study,1204,0,0,512,8,2,0.12,0.0001,age,1.0,,B,analytic,hybrid,False,budget,cuda,0.14772074061076285,age-local,common-temperature-soft,0.1271875,0.18648749999999997,0.10742083333333335,0.3587916666666666,0.3939625,0.3236208333333333,0.8391578125,0.8899458333333333,0.6867937500000001,0.02951128472222223,0.06247968750000002,0.03390850694444449,0.06580859375000009,0.020998688271604938,0.05806562500000001,0.021562436038011695,0.40030981356583734,0.421875,0.4826145062636952,0.4717524687673647,0.4984,0.45692984254843494,0.4491744062563705,0.4493,7363e2ae1f032898,0.14772074061076285,0.14772074061076285,0.03571428571428571,0.20890867481553888,,0.484375,1.03125
xor3,common_temperature_study,1204,0,0,512,8,2,0.18,0.0001,age,1.0,,B,analytic,hybrid,False,budget,cuda,0.09888216573214147,age-local,common-temperature-soft,0.18003125000000003,0.23778749999999998,0.16077916666666667,0.41134270833333336,0.47559999999999997,0.34708541666666665,0.8652078125,0.9096395833333334,0.7319125,0.045592013888888894,0.1011953125,0.022818576388888838,0.05534062499999992,0.025453293788580245,0.07535859375,0.02591392543859649,0.38369050531171367,0.412109375,0.48281695725326795,0.4572273130756157,0.5249,0.5568999130969423,0.5522549305975135,0.5524,7500af6fbc850b29,0.09888216573214147,0.09888216573214147,0.03571428571428571,0.13984049985521857,,0.537109375,0.92578125
xor3,common_temperature_study,1204,0,0,512,8,2,0.3,0.0001,age,1.0,,B,analytic,hybrid,False,budget,cuda,0.05945360972790323,age-local,common-temperature-soft,0.20498125,0.3103,0.169875,0.43028958333333334,0.5091666666666667,0.35141249999999996,0.893434375,0.96231875,0.6867812500000001,0.06806267361111111,0.14544453125,0.045868923611111084,0.1021921874999999,0.04577318672839507,0.13665624999999998,0.046362271564327484,0.3750597895408163,0.404296875,0.5076628439886023,0.4842907026067931,0.5059,0.4722398634842444,0.47116268523907046,0.4712,b02766419baf9fb0,0.05945360972790323,0.05945360972790323,0.03571428571428571,0.08408010120923773,,0.49609375,1.0078125
xor3,common_temperature_study,1204,0,0,512,8,2,0.4,0.0001,age,1.0,,B,analytic,hybrid,False,budget,cuda,0.04461322325626036,age-local,common-temperature-soft,0.1563671875,0.21833750000000002,0.13571041666666667,0.3785885416666667,0.46809166666666674,0.2890854166666667,0.87063125,0.9346520833333333,0.6785687499999999,0.02612725694444444,0.05646875000000001,0.012778472222222231,0.026788281250000087,0.017915928819444447,0.04298750000000001,0.017996820175438598,0.39609697153690243,0.421875,0.48737532596650235,0.45372747354947685,0.4821,0.5030325629550945,0.5014969386556548,0.5048,9eec59147380586f,0.04461322325626036,0.04461322325626036,0.03571428571428571,0.06309262539018218,,0.552734375,0.89453125
xor3,common_temperature_study,1205,0,0,512,8,2,0.0,0.0001,global,1.0,,B,global,hybrid,False,budget,cuda,1.0,hard,common-temperature-hard,0.13358281250000004,0.16455625000000002,0.12325833333333334,0.35117708333333336,0.3989541666666667,0.3034,0.8222609375,0.8734166666666666,0.66879375,0.027996701388888885,0.060546874999999944,0.042124131944444435,0.08418281249999998,0.027722193287037036,0.07876953125,0.028108415570175436,0.41742108872658656,0.408203125,0.4724320498604893,0.4258906666185508,0.426,0.7024297400223556,0.6660051693962012,0.6675,908c1125e1f22bc1,1.0,1.0,1.0,1.4142135623730951,,0.6875,0.625
xor3,common_temperature_study,1205,0,0,512,8,2,0.00025,0.0001,age,1.0,,B,analytic,hybrid,False,budget,cuda,1.0,age-local,common-temperature-soft,0.16590312500000004,0.17439375000000001,0.1630729166666667,0.4038,0.4470875,0.3605125,0.8418171875,0.8906624999999999,0.6952812500000001,0.03773732638888889,0.077078125,0.044270833333333294,0.1027953124999999,0.0304271942515432,0.08083046874999994,0.030983872441520465,0.40036878407184795,0.42578125,0.4659739073129027,0.4239070599163395,0.4247,0.5627329747081529,0.543690022664802,0.5458,d705410ea2f50c2b,1.0,1.0,0.03571428571428571,1.4142135623730951,,0.58984375,0.8806812499999999
xor3,common_temperature_study,1205,0,0,512,8,2,0.0005,0.0001,age,1.0,,B,analytic,hybrid,False,budget,cuda,1.0,age-local,common-temperature-soft,0.16590312500000004,0.17439375000000001,0.1630729166666667,0.4038,0.4470875,0.3605125,0.8418171875,0.8906624999999999,0.6952812500000001,0.03773732638888889,0.077078125,0.044270833333333294,0.1027953124999999,0.0304271942515432,0.08083046874999994,0.030983872441520465,0.40036878407184795,0.42578125,0.4659739073129027,0.4239070599163395,0.4247,0.5627329747081529,0.543690022664802,0.5458,909e95a6febc5ad7,1.0,1.0,0.03571428571428571,1.4142135623730951,,0.58984375,0.8806812499999999
xor3,common_temperature_study,1205,0,0,512,8,2,0.001,0.0001,age,1.0,,B,analytic,hybrid,False,budget,cuda,0.9999999999999993,age-local,common-temperature-soft,0.16590312500000004,0.17439375000000001,0.1630729166666667,0.4038,0.4470875,0.3605125,0.8418171875,0.8906624999999999,0.6952812500000001,0.03773732638888889,0.077078125,0.044270833333333294,0.1027953124999999,0.0304271942515432,0.08083046874999994,0.030983872441520465,0.40036878407184795,0.42578125,0.4659739073129027,0.4239070599163395,0.4247,0.5627329747081529,0.543690022664802,0.5458,4b4524ce808647ea,0.9999999999999993,0.9999999999999993,0.03571428571428571,1.4142135623730943,,0.58984375,0.8806812499999999
xor3,common_temperature_study,1205,0,0,512,8,2,0.0015,0.0001,age,1.0,,B,analytic,hybrid,False,budget,cuda,0.999999999908655,age-local,common-temperature-soft,0.16590312500000004,0.17439375000000001,0.1630729166666667,0.4038,0.4470875,0.3605125,0.8418171875,0.8906624999999999,0.6952812500000001,0.03773732638888889,0.077078125,0.044270833333333294,0.1027953124999999,0.0304271942515432,0.08083046874999994,0.030983872441520465,0.40036878407184795,0.42578125,0.4659739073129027,0.4239070599163395,0.4247,0.5627329747081529,0.543690022664802,0.5458,28a1c8aa9886cd1f,0.999999999908655,0.999999999908655,0.03571428571428571,1.4142135622439138,,0.58984375,0.8806812499999999
xor3,common_temperature_study,1205,0,0,512,8,2,0.002,0.0001,age,1.0,,B,analytic,hybrid,False,budget,cuda,0.9999999648624576,age-local,common-temperature-soft,0.16590312500000004,0.17439375000000001,0.1630729166666667,0.4038,0.4470875,0.3605125,0.8418171875,0.8906624999999999,0.6952812500000001,0.03773732638888889,0.077078125,0.044270833333333294,0.1027953124999999,0.0304271942515432,0.08083046874999994,0.030983872441520465,0.40036878407184795,0.42578125,0.4659739073129027,0.4239070599163395,0.4247,0.5627329747081529,0.543690022664802,0.5458,a23e709135b68845,0.9999999648624576,0.9999999648624576,0.03571428571428571,1.4142135126811062,,0.58984375,0.8806812499999999
xor3,common_temperature_study,1205,0,0,512,8,2,0.0025,0.0001,age,1.0,,B,analytic,hybrid,False,budget,cuda,0.999998750250879,age-local,common-temperature-soft,0.16590312500000004,0.17439375000000001,0.1630729166666667,0.4038,0.4470875,0.3605125,0.8418171875,0.8906624999999999,0.6952812500000001,0.03773732638888889,0.077078125,0.044270833333333294,0.1027953124999999,0.0304271942515432,0.08083046874999994,0.030983872441520465,0.40036878407184795,0.42578125,0.4659739073129027,0.4239070599163395,0.4247,0.5627329747081529,0.543690022664802,0.5458,b981f720a998683a,0.999998750250879,0.999998750250879,0.03571428571428571,1.4142117949609387,,0.58984375,0.8806812499999999
xor3,common_temperature_study,1205,0,0,512,8,2,0.003,0.0001,age,1.0,,B,analytic,hybrid,False,budget,cuda,0.9999864837985184,age-local,common-temperature-soft,0.16590312500000004,0.17439375000000001,0.1630729166666667,0.4038,0.4470875,0.3605125,0.8418171875,0.8906624999999999,0.6952812500000001,0.03773732638888889,0.077078125,0.044270833333333294,0.1027953124999999,0.0304271942515432,0.08083046874999994,0.030983872441520465,0.40036878407184795,0.42578125,0.4659739073129027,0.4239070599163395,0.4247,0.5627329747081529,0.543690022664802,0.5458,3ef9fb2b56240f3a,0.9999864837985184,0.9999864837985184,0.03571428571428571,1.414194447577648,,0.58984375,0.8806812499999999
xor3,common_temperature_study,1205,0,0,512,8,2,0.004,0.0001,age,1.0,,B,analytic,hybrid,False,budget,cuda,0.9997349406477949,age-local,common-temperature-soft,0.1606140625,0.22405625,0.13946666666666668,0.38338645833333335,0.4124270833333334,0.35434583333333336,0.8668781249999999,0.9084354166666667,0.74220625,0.04396493055555555,0.09359999999999999,0.040835243055555505,0.0905882812499999,0.030868209876543207,0.08309765625000001,0.031475150767543855,0.40825172106513835,0.38671875,0.4622403092846049,0.45173171609504337,0.4988,0.5796553202871498,0.5532605036185698,0.555,c5f944ad3a42a341,0.9997349406477949,0.9997349406477949,0.03571428571428571,1.4138387118423728,,0.591796875,0.9002124999999999
xor3,common_temperature_study,1205,0,0,512,8,2,0.006,0.0001,age,1.0,,B,analytic,hybrid,False,budget,cuda,0.9948141942133263,age-local,common-temperature-soft,0.19939218749999998,0.14655624999999994,0.21700416666666666,0.398221875,0.40219374999999996,0.39425,0.8378828125,0.8787583333333333,0.71525625,0.027848784722222224,0.06346015625000005,0.04613993055555554,0.10632734375000003,0.02944320987654321,0.08166484374999998,0.029840638706140354,0.4011692540886218,0.435546875,0.501543493707812,0.4678645566164425,0.4926,0.6421324400038353,0.6320126014928296,0.633,b1c445cb32291496,0.9948141942133263,0.9948141942133263,0.03571428571428571,1.4068797254977483,,0.61328125,0.8338062499999999
xor3,common_temperature_study,1205,0,0,512,8,2,0.008,0.0001,age,1.0,,B,analytic,hybrid,False,budget,cuda,0.9772362445412965,age-local,common-temperature-soft,0.15669375000000002,0.1815,0.148425,0.3514885416666667,0.39134375000000005,0.3116333333333334,0.8300421874999999,0.8885979166666665,0.6543749999999999,0.04339774305555556,0.08620546875000001,0.03511597222222221,0.07563359374999996,0.026824778163580244,0.07563359375000005,0.027479098135964906,0.40357257522015655,0.4140625,0.5404772721051749,0.40509716489090064,0.4719,0.5788592424979483,0.5601173020527859,0.5614,76de845ffff94d89,0.9772362445412965,0.9772362445412965,0.03571428571428571,1.3820207506728521,,0.60546875,0.7890625
xor3,common_temperature_study,1205,0,0,512,8,2,0.012,0.0001,age,1.0,,B,analytic,hybrid,False,budget,cuda,0.9029736543063381,age-local,common-temperature-soft,0.17698281250000003,0.2061,0.16727708333333333,0.3860979166666667,0.4274166666666667,0.3447791666666667,0.841534375,0.8831541666666666,0.716675,0.027557118055555566,0.06292031249999999,0.041668923611111075,0.09306171874999994,0.027313300540123448,0.07694921874999995,0.027697496345029233,0.39929775955759017,0.4140625,0.48032279627755897,0.4405594405594406,0.4635,0.645597617393161,0.6082659919153467,0.6086,86baba0f9dd523c3,0.9029736543063381,0.9029736543063381,0.03571428571428571,1.2769975883856182,,0.599609375,0.80078125
xor3,common_temperature_study,1205,0,0,512,8,2,0.016,0.0001,age,1.0,,B,analytic,hybrid,False,budget,cuda,0.8061980899518151,age-local,common-temperature-soft,0.22709687500000003,0.21201875,0.23212291666666665,0.43071875,0.44255208333333323,0.4188854166666667,0.867371875,0.9058583333333333,0.7519125,0.03150625,0.06622656250000002,0.07062604166666661,0.1552617187499999,0.03378782793209876,0.09268281249999996,0.03469721308479532,0.3822601975293543,0.4140625,0.5533991997363295,0.3619600586996746,0.4372,0.6237013163196068,0.5845550799238706,0.5852,7dbc068908e7ecd8,0.8061980899518151,0.8061980899518151,0.03571428571428571,1.1401362727691413,,0.61328125,0.8338062499999999
xor3,common_temperature_study,1205,0,0,512,8,2,0.023,0.0001,age,1.0,,B,analytic,hybrid,False,budget,cuda,0.6506341092311254,age-local,common-temperature-soft,0.17655468749999997,0.25760000000000005,0.1495395833333333,0.3863604166666667,0.4140458333333334,0.358675,0.8551843750000001,0.8977041666666667,0.727625,0.058527430555555565,0.1259546875,0.03122187499999998,0.07149374999999991,0.03081521990740741,0.08984374999999996,0.03155519005847953,0.40571244015585683,0.419921875,0.5120258448957299,0.535216872264226,0.5401,0.5430113310126103,0.5173789770282393,0.5174,0cf27435ea9d7efa,0.6506341092311254,0.6506341092311254,0.03571428571428571,0.9201355814171954,,0.591796875,0.81640625
xor3,common_temperature_study,1205,0,0,512,8,2,0.032,0.0001,age,1.0,,B,analytic,hybrid,False,budget,cuda,0.5065185597697057,age-local,common-temperature-soft,0.17669531250000003,0.22315000000000002,0.16121041666666672,0.414271875,0.43113958333333335,0.3974041666666667,0.8936906250000001,0.9256604166666668,0.7977812500000001,0.02956284722222222,0.06141328124999999,0.0667098958333333,0.14002499999999996,0.03067646122685185,0.08953750000000002,0.031595403874269,0.39975641904878384,0.3984375,0.5091561551423672,0.5543075812200418,0.5544,0.636077958877838,0.610060222243271,0.6101,576b71ba85f1199a,0.5065185597697057,0.5065185597697057,0.03571428571428571,0.7163254168200051,,0.6484375,0.71661875
xor3,common_temperature_study,1205,0,0,512,8,2,0.05,0.0001,age,1.0,,B,analytic,hybrid,False,budget,cuda,0.3426949069654599,age-local,common-temperature-soft,0.22757343750000003,0.19519375,0.2383666666666667,0.43389166666666673,0.4478125000000001,0.41997083333333335,0.8863000000000001,0.9195500000000001,0.7865500000000001,0.03444340277777778,0.07468515625,0.0571269097222222,0.12324843749999995,0.03324018614969136,0.09072734375000002,0.03390044773391813,0.40054951775230646,0.412109375,0.5229772068758582,0.3604577821042002,0.4515,0.580774603337724,0.5591861019628477,0.5699,be983d556c5c96f8,0.3426949069654599,0.3426949069654599,0.03571428571428571,0.48464378518673945,,0.576171875,0.84765625
xor3,common_temperature_study,1205,0,0,512,8,2,0.08,0.0001,age,1.0,,B,analytic,hybrid,False,budget,cuda,0.2195795200967781,age-local,common-temperature-soft,0.2240859375,0.24969375000000002,0.21555,0.47885208333333334,0.5306354166666666,0.42706874999999994,0.928715625,0.9686354166666667,0.80895625,0.04839583333333334,0.11399062500000001,0.06656545138888885,0.1454960937499999,0.03964272280092593,0.10532656249999998,0.040581560672514616,0.3813439705933743,0.400390625,0.4933541330815722,0.4981247358711459,0.5054,0.552872302927828,0.5301427825184755,0.5308,d9c07dd6715ae6e5,0.2195795200967781,0.2195795200967781,0.03571428571428571,0.3105323353402392,,0.576171875,0.8806812499999999
xor3,common_temperature_study,1205,0,0,512,8,2,0.12,0.0001,age,1.0,,B,analytic,hybrid,False,budget,cuda,0.14772074061076285,age-local,common-temperature-soft,0.19556250000000003,0.22288124999999998,0.18645625,0.41267604166666666,0.4315416666666667,0.39381041666666666,0.8645406250000001,0.9190437500000002,0.70103125,0.04495729166666668,0.09443125000000001,0.06635329861111108,0.1400734374999999,0.03510452353395062,0.0968578125,0.03618614309210526,0.39255901418786676,0.40234375,0.5041455831909093,0.4941322899624103,0.4947,0.581574682925494,0.5677633244859555,0.568,3d21c2e3e9a65449,0.14772074061076285,0.14772074061076285,0.03571428571428571,0.20890867481553888,,0.546875,0.90625
xor3,common_temperature_study,1205,0,0,512,8,2,0.18,0.0001,age,1.0,,B,analytic,hybrid,False,budget,cuda,0.09888216573214147,age-local,common-temperature-soft,0.1915671875,0.1534375,0.2042770833333333,0.4246062499999999,0.42753541666666667,0.42167708333333337,0.8661796874999999,0.8997624999999999,0.76543125,0.027685416666666678,0.05550859375,0.06407517361111108,0.13044453124999994,0.034498770254629635,0.10335624999999998,0.03509779788011695,0.3785125672700589,0.423828125,0.5058196956039922,0.540433319336421,0.5417,0.5492161797198133,0.5406413444932783,0.5407,0e9f4c8ad5369632,0.09888216573214147,0.09888216573214147,0.03571428571428571,0.13984049985521857,,0.529296875,0.94140625
xor3,common_temperature_study,1205,0,0,512,8,2,0.3,0.0001,age,1.0,,B,analytic,hybrid,False,budget,cuda,0.05945360972790323,age-local,common-temperature-soft,0.13263906249999996,0.1846875,0.11528958333333329,0.3463302083333333,0.38351874999999996,0.30914166666666665,0.79195,0.8310604166666667,0.67461875,0.03330486111111112,0.08003906249999998,0.014283333333333308,0.029586718749999935,0.018490475501543216,0.04641093749999999,0.01876961348684211,0.39246946638244334,0.4375,0.49747602562495685,0.4844313294030066,0.5147,0.44061967210543107,0.44705226970818907,0.448,0925795526252475,0.05945360972790323,0.05945360972790323,0.03571428571428571,0.08408010120923773,,0.447265625,1.10546875
xor3,common_temperature_study,1205,0,0,512,8,2,0.4,0.0001,age,1.0,,B,analytic,hybrid,False,budget,cuda,0.04461322325626036,age-local,common-temperature-soft,0.13620312500000004,0.16356874999999998,0.12708125,0.39457812499999995,0.4063208333333333,0.3828354166666667,0.87994375,0.9174541666666668,0.7674125,0.037443750000000005,0.07879140625000002,0.04184218749999997,0.09031874999999993,0.02708829571759259,0.07773593750000003,0.027749067982456136,0.38826781782918657,0.39453125,0.49651439342898274,0.504760870679853,0.5074,0.47878210382874475,0.48795216884972326,0.4882,ac910fb7563a782d,0.04461322325626036,0.04461322325626036,0.03571428571428571,0.06309262539018218,,0.49609375,1.0078125
xor3,common_temperature_study,1200,0,0,512,8,2,0.0,0.0006,global,1.0,,B,global,hybrid,False,budget,cuda,1.0,hard,common-temperature-hard,0.1122484375,0.13123749999999995,0.10591875,0.34363020833333335,0.3747416666666667,0.31251875,0.8118375,0.8470729166666665,0.7061312500000001,0.021003124999999994,0.04186874999999998,0.021512152777777745,0.04592187499999989,0.015946474729938268,0.04121562499999998,0.016226009685672508,0.40387834821428575,0.421875,0.44777452778376703,0.39272143776546575,0.3958,0.8230076325503735,0.7731745138883805,0.7732,794770299c890637,1.0,1.0,1.0,1.4142135623730951,,0.732421875,0.53515625
xor3,common_temperature_study,1200,0,0,512,8,2,0.00025,0.0006,age,1.0,,B,analytic,hybrid,False,budget,cuda,1.0,age-local,common-temperature-soft,0.1489609375,0.24118750000000003,0.11821875000000003,0.363065625,0.3995270833333333,0.3266041666666667,0.8220859375,0.8631791666666667,0.6988062500000001,0.03256805555555555,0.07471874999999999,0.032095659722222274,0.0657265625000001,0.024500959683641972,0.06580078124999998,0.024913112207602336,0.41541418044101214,0.419921875,0.49499290961329656,0.4411150254534256,0.4448,0.7562244175022022,0.7232736017997097,0.7244,bc136d26070d3da2,1.0,1.0,0.03571428571428571,1.4142135623730951,,0.7109375,0.578125
xor3,common_temperature_study,1200,0,0,512,8,2,0.0005,0.0006,age,1.0,,B,analytic,hybrid,False,budget,cuda,1.0,age-local,common-temperature-soft,0.1489609375,0.24118750000000003,0.11821875000000003,0.363065625,0.3995270833333333,0.3266041666666667,0.8220859375,0.8631791666666667,0.6988062500000001,0.03256805555555555,0.07471874999999999,0.032095659722222274,0.0657265625000001,0.024500959683641972,0.06580078124999998,0.024913112207602336,0.41541418044101214,0.419921875,0.49499290961329656,0.4411150254534256,0.4448,0.7562244175022022,0.7232736017997097,0.7244,2009f823f5db2acb,1.0,1.0,0.03571428571428571,1.4142135623730951,,0.7109375,0.578125
xor3,common_temperature_study,1200,0,0,512,8,2,0.001,0.0006,age,1.0,,B,analytic,hybrid,False,budget,cuda,0.9999999999999993,age-local,common-temperature-soft,0.1489609375,0.24118750000000003,0.11821875000000003,0.363065625,0.3995270833333333,0.3266041666666667,0.8220859375,0.8631791666666667,0.6988062500000001,0.03256805555555555,0.07471874999999999,0.032095659722222274,0.0657265625000001,0.024500959683641972,0.06580078124999998,0.024913112207602336,0.41541418044101214,0.419921875,0.49499290961329656,0.4411150254534256,0.4448,0.7562244175022022,0.7232736017997097,0.7244,b5f9cead44644e0e,0.9999999999999993,0.9999999999999993,0.03571428571428571,1.4142135623730943,,0.7109375,0.578125
xor3,common_temperature_study,1200,0,0,512,8,2,0.0015,0.0006,age,1.0,,B,analytic,hybrid,False,budget,cuda,0.999999999908655,age-local,common-temperature-soft,0.1489609375,0.24118750000000003,0.11821875000000003,0.363065625,0.3995270833333333,0.3266041666666667,0.8220859375,0.8631791666666667,0.6988062500000001,0.03256805555555555,0.07471874999999999,0.032095659722222274,0.0657265625000001,0.024500959683641972,0.06580078124999998,0.024913112207602336,0.41541418044101214,0.419921875,0.49499290961329656,0.4411150254534256,0.4448,0.7562244175022022,0.7232736017997097,0.7244,59bcdca577c70929,0.999999999908655,0.999999999908655,0.03571428571428571,1.4142135622439138,,0.7109375,0.578125
xor3,common_temperature_study,1200,0,0,512,8,2,0.002,0.0006,age,1.0,,B,analytic,hybrid,False,budget,cuda,0.9999999648624576,age-local,common-temperature-soft,0.1489609375,0.24118750000000003,0.11821875000000003,0.363065625,0.3995270833333333,0.3266041666666667,0.8220859375,0.8631791666666667,0.6988062500000001,0.03256805555555555,0.07471874999999999,0.032095659722222274,0.0657265625000001,0.024500959683641972,0.06580078124999998,0.024913112207602336,0.41541418044101214,0.419921875,0.49499290961329656,0.4411150254534256,0.4448,0.7562244175022022,0.7232736017997097,0.7244,4e600913dee51816,0.9999999648624576,0.9999999648624576,0.03571428571428571,1.4142135126811062,,0.7109375,0.578125
xor3,common_temperature_study,1200,0,0,512,8,2,0.0025,0.0006,age,1.0,,B,analytic,hybrid,False,budget,cuda,0.999998750250879,age-local,common-temperature-soft,0.1489609375,0.24118750000000003,0.11821875000000003,0.363065625,0.3995270833333333,0.3266041666666667,0.8220859375,0.8631791666666667,0.6988062500000001,0.03256805555555555,0.07471874999999999,0.032095659722222274,0.0657265625000001,0.024500959683641972,0.06580078124999998,0.024913112207602336,0.41541418044101214,0.419921875,0.49499290961329656,0.4411150254534256,0.4448,0.7562244175022022,0.7232736017997097,0.7244,2cf77312539fbe3b,0.999998750250879,0.999998750250879,0.03571428571428571,1.4142117949609387,,0.7109375,0.578125
xor3,common_temperature_study,1200,0,0,512,8,2,0.003,0.0006,age,1.0,,B,analytic,hybrid,False,budget,cuda,0.9999864837985184,age-local,common-temperature-soft,0.1489609375,0.24118750000000003,0.11821875000000003,0.363065625,0.3995270833333333,0.3266041666666667,0.8220859375,0.8631791666666667,0.6988062500000001,0.03256805555555555,0.07471874999999999,0.032095659722222274,0.0657265625000001,0.024500959683641972,0.06580078124999998,0.024913112207602336,0.41541418044101214,0.419921875,0.49499290961329656,0.4411150254534256,0.4448,0.7562244175022022,0.7232736017997097,0.7244,78d3efd450790d1f,0.9999864837985184,0.9999864837985184,0.03571428571428571,1.414194447577648,,0.7109375,0.578125
xor3,common_temperature_study,1200,0,0,512,8,2,0.004,0.0006,age,1.0,,B,analytic,hybrid,False,budget,cuda,0.9997349406477949,age-local,common-temperature-soft,0.14339843750000003,0.12782499999999997,0.14858958333333336,0.3669395833333333,0.41226041666666663,0.32161875,0.8246296875,0.8761541666666667,0.67005625,0.018166666666666657,0.0466078125,0.022922222222222226,0.046998437500000045,0.017814110725308634,0.04483359374999999,0.01795781249999999,0.40242756456178363,0.44140625,0.48851451796495415,0.4574214248754332,0.4887,0.6658662269170256,0.6347560294369157,0.6365,e84662b94cec8cbb,0.9997349406477949,0.9997349406477949,0.03571428571428571,1.4138387118423728,,0.642578125,0.71484375
xor3,common_temperature_study,1200,0,0,512,8,2,0.006,0.0006,age,1.0,,B,analytic,hybrid,False,budget,cuda,0.9948141942133263,age-local,common-temperature-soft,0.11503125000000002,0.15836875,0.10058541666666669,0.3480677083333334,0.36261041666666666,0.333525,0.8177390625000001,0.8432625000000001,0.7411687499999999,0.028201215277777785,0.06477421875000001,0.023346527777777806,0.05598750000000008,0.0175584587191358,0.04826406249999996,0.017990848866959064,0.40309971912566395,0.43359375,0.483026451408321,0.4329914491986019,0.4447,0.6833573681355347,0.65453389088367,0.6563,c48638e9e10787d5,0.9948141942133263,0.9948141942133263,0.03571428571428571,1.4068797254977483,,0.712890625,0.5779375
xor3,common_temperature_study,1200,0,0,512,8,2,0.008,0.0006,age,1.0,,B,analytic,hybrid,False,budget,cuda,0.9772362445412965,age-local,common-temperature-soft,0.11035781249999997,0.22366875000000003,0.07258749999999997,0.3320885416666667,0.41693125,0.24724583333333336,0.78735,0.8339020833333333,0.64769375,0.03429930555555555,0.07717187499999995,0.027210243055555607,0.050964843750000086,0.021168557098765438,0.05872656250000001,0.021673094846491235,0.41725100249860214,0.43359375,0.5450564901889505,0.5613334956908294,0.569,0.7301993407917254,0.6800776710170193,0.6824,1f0d3a0aadb022b5,0.9772362445412965,0.9772362445412965,0.03571428571428571,1.3820207506728521,,0.703125,0.59375
xor3,common_temperature_study,1200,0,0,512,8,2,0.012,0.0006,age,1.0,,B,analytic,hybrid,False,budget,cuda,0.9029736543063381,age-local,common-temperature-soft,0.1385546875,0.14702500000000002,0.13573124999999997,0.3560750000000001,0.37083125,0.34131874999999995,0.821884375,0.8625395833333332,0.69991875,0.020180208333333324,0.053810937499999933,0.020548958333333367,0.0440085937500001,0.016472077546296298,0.04400390625,0.016676946271929827,0.41639019691780826,0.439453125,0.5097493817621392,0.45074100317590987,0.5193,0.713296644043699,0.6636989248500695,0.6642,c897a4cf36dace93,0.9029736543063381,0.9029736543063381,0.03571428571428571,1.2769975883856182,,0.67578125,0.6484375
xor3,common_temperature_study,1200,0,0,512,8,2,0.016,0.0006,age,1.0,,B,analytic,hybrid,False,budget,cuda,0.8061980899518151,age-local,common-temperature-soft,0.14107812499999994,0.16986249999999997,0.1314833333333333,0.3492729166666666,0.39613541666666663,0.3024104166666667,0.8065765625,0.8574041666666666,0.65409375,0.027166145833333336,0.05538593750000001,0.029171354166666687,0.06291484375000002,0.024166049382716052,0.06318984374999997,0.024376717836257313,0.406412714914733,0.423828125,0.5087711421021064,0.3616041216376093,0.4754,0.7075898791953056,0.650110428269637,0.6502,1efe438d02c09206,0.8061980899518151,0.8061980899518151,0.03571428571428571,1.1401362727691413,,0.689453125,0.62109375
xor3,common_temperature_study,1200,0,0,512,8,2,0.023,0.0006,age,1.0,,B,analytic,hybrid,False,budget,cuda,0.6506341092311254,age-local,common-temperature-soft,0.11869375,0.116,0.11959166666666665,0.333696875,0.37345,0.29394375,0.797134375,0.8477395833333333,0.64531875,0.015521701388888877,0.044828124999999996,0.018817013888888883,0.04461171874999997,0.016071691743827155,0.041784375000000054,0.016129463633040932,0.4036509295499021,0.4296875,0.517195568376251,0.5079053344572114,0.5178,0.732469621146528,0.666112204456343,0.669,9667f9634215eec4,0.6506341092311254,0.6506341092311254,0.03571428571428571,0.9201355814171954,,0.736328125,0.52734375
xor3,common_temperature_study,1200,0,0,512,8,2,0.032,0.0006,age,1.0,,B,analytic,hybrid,False,budget,cuda,0.5065185597697057,age-local,common-temperature-soft,0.15362343749999996,0.20619375,0.13609999999999997,0.357903125,0.3957166666666667,0.3200895833333333,0.8094625,0.86379375,0.64646875,0.03325677083333334,0.06908828125,0.026740624999999994,0.05477812500000005,0.020244753086419754,0.05159296874999999,0.02075811860380117,0.41244326818912497,0.4296875,0.4656951420246316,0.46345555048565695,0.5413,0.7195445721124901,0.6933349309809427,0.6936,8df932af8a075834,0.5065185597697057,0.5065185597697057,0.03571428571428571,0.7163254168200051,,0.712890625,0.57421875
xor3,common_temperature_study,1200,0,0,512,8,2,0.05,0.0006,age,1.0,,B,analytic,hybrid,False,budget,cuda,0.3426949069654599,age-local,common-temperature-soft,0.12744375000000002,0.19140624999999997,0.10612291666666668,0.3736958333333334,0.4339145833333333,0.3134770833333333,0.8362515624999999,0.8798395833333332,0.7054874999999999,0.02263802083333333,0.05405937499999999,0.015239583333333325,0.039109375,0.01837418499228395,0.044742968750000014,0.01840390168128655,0.4074187626677383,0.427734375,0.4761524419535116,0.4678109991550594,0.4712,0.6668415252551108,0.6329151887252031,0.633,4a2e90483034c0e2,0.3426949069654599,0.3426949069654599,0.03571428571428571,0.48464378518673945,,0.69921875,0.6345874999999999
xor3,common_temperature_study,1200,0,0,512,8,2,0.08,0.0006,age,1.0,,B,analytic,hybrid,False,budget,cuda,0.2195795200967781,age-local,common-temperature-soft,0.16990312500000004,0.22724375,0.15078958333333334,0.3747010416666667,0.4043895833333333,0.3450125,0.8367125000000001,0.8737062500000001,0.7257312499999999,0.036718055555555566,0.07799375,0.024517881944444424,0.06993906249999995,0.02278844039351853,0.06267109374999999,0.023200520833333342,0.3928049976411797,0.4375,0.5075627990243935,0.41011773092780285,0.4861,0.6036051042780667,0.5702419067234602,0.571,274017b8ed6ae9d5,0.2195795200967781,0.2195795200967781,0.03571428571428571,0.3105323353402392,,0.611328125,0.7947437499999999
xor3,common_temperature_study,1200,0,0,512,8,2,0.12,0.0006,age,1.0,,B,analytic,hybrid,False,budget,cuda,0.14772074061076285,age-local,common-temperature-soft,0.24761093750000002,0.3744124999999999,0.20534375000000002,0.49322604166666667,0.5630000000000001,0.42345208333333334,0.9303125,0.9876645833333333,0.75825625,0.07682916666666667,0.16768203125000003,0.04873906249999996,0.10386874999999991,0.05181784336419753,0.15107499999999996,0.05239501553362572,0.36588059346169965,0.388671875,0.5170592270990274,0.5543819034018087,0.5571,0.5777414401128443,0.5644512061673469,0.5649,c9ac112865647f75,0.14772074061076285,0.14772074061076285,0.03571428571428571,0.20890867481553888,,0.544921875,0.91015625
xor3,common_temperature_study,1200,0,0,512,8,2,0.18,0.0006,age,1.0,,B,analytic,hybrid,False,budget,cuda,0.09888216573214147,age-local,common-temperature-soft,0.1998328125,0.36585625,0.14449166666666666,0.42578125,0.5088729166666667,0.3426895833333334,0.8698968750000001,0.9283750000000001,0.6944625000000001,0.06803246527777779,0.1361609375,0.029951736111111085,0.06690234374999998,0.03792239583333334,0.11178671875000006,0.038505011878654974,0.3732811189544311,0.419921875,0.5098532684529735,0.46854897249130184,0.4692,0.5031882529283962,0.499932636216045,0.501,c37c3b68eee8744e,0.09888216573214147,0.09888216573214147,0.03571428571428571,0.13984049985521857,,0.521484375,0.9570312499999999
xor3,common_temperature_study,1200,0,0,512,8,2,0.3,0.0006,age,1.0,,B,analytic,hybrid,False,budget,cuda,0.05945360972790323,age-local,common-temperature-soft,0.22947812499999998,0.3158187499999999,0.20069791666666661,0.4750218750000001,0.56855,0.38149375,0.8950656250000001,0.9634020833333334,0.69005625,0.07454270833333333,0.15645156250000003,0.0687631944444444,0.13963984374999988,0.05803490547839506,0.17401328125,0.058751644736842114,0.3615994985322896,0.419921875,0.46345145362131557,0.4406020753246787,0.4624,0.5193337093423268,0.5060189443449356,0.5102,a36189cf1546e9f3,0.05945360972790323,0.05945360972790323,0.03571428571428571,0.08408010120923773,,0.509765625,0.98046875
xor3,common_temperature_study,1200,0,0,512,8,2,0.4,0.0006,age,1.0,,B,analytic,hybrid,False,budget,cuda,0.04461322325626036,age-local,common-temperature-soft,0.26040781249999995,0.4290999999999999,0.20417708333333331,0.4771072916666667,0.5656041666666667,0.3886104166666667,0.8860828125,0.9518083333333333,0.68890625,0.088103125,0.17966406250000005,0.050707291666666626,0.10660468749999999,0.05526860050154321,0.16281171875000003,0.05601263249269006,0.35778088525649987,0.408203125,0.491231218959049,0.4016499012029971,0.5074,0.5198778939206437,0.5229072497579748,0.5231,14e21bd3602c4db2,0.04461322325626036,0.04461322325626036,0.03571428571428571,0.06309262539018218,,0.466796875,1.06640625
xor3,common_temperature_study,1201,0,0,512,8,2,0.0,0.0006,global,1.0,,B,global,hybrid,False,budget,cuda,1.0,hard,common-temperature-hard,0.19060781250000003,0.18027500000000002,0.19405208333333338,0.3853052083333333,0.3916895833333333,0.3789208333333333,0.8140812500000001,0.85971875,0.6771687500000001,0.03309913194444444,0.07257968750000002,0.04818958333333337,0.10685937500000009,0.02599833140432099,0.0704828125,0.02676917489035088,0.4208648570729661,0.453125,0.5117720108125395,0.497058983428171,0.5133,0.6662661866749392,0.619143943825838,0.6221,810ade56801757ca,1.0,1.0,1.0,1.4142135623730951,,0.6484375,0.703125
xor3,common_temperature_study,1201,0,0,512,8,2,0.00025,0.0006,age,1.0,,B,analytic,hybrid,False,budget,cuda,1.0,age-local,common-temperature-soft,0.142034375,0.1636625,0.13482499999999997,0.38876145833333337,0.43130625000000006,0.3462166666666666,0.8227109375,0.8614812500000001,0.7064,0.028855902777777782,0.07041874999999997,0.04689357638888885,0.09888437499999991,0.02825683352623457,0.07604296874999998,0.028763039108187137,0.40238934293751744,0.421875,0.5257574164132328,0.5350613975347797,0.5394,0.7635693586125348,0.7066488116914045,0.707,120e88303596127e,1.0,1.0,0.03571428571428571,1.4142135623730951,,0.705078125,0.59326875
xor3,common_temperature_study,1201,0,0,512,8,2,0.0005,0.0006,age,1.0,,B,analytic,hybrid,False,budget,cuda,1.0,age-local,common-temperature-soft,0.142034375,0.1636625,0.13482499999999997,0.38876145833333337,0.43130625000000006,0.3462166666666666,0.8227109375,0.8614812500000001,0.7064,0.028855902777777782,0.07041874999999997,0.04689357638888885,0.09888437499999991,0.02825683352623457,0.07604296874999998,0.028763039108187137,0.40238934293751744,0.421875,0.5257574164132328,0.5350613975347797,0.5394,0.7635693586125348,0.7066488116914045,0.707,104624fd54fef14c,1.0,1.0,0.03571428571428571,1.4142135623730951,,0.705078125,0.59326875
xor3,common_temperature_study,1201,0,0,512,8,2,0.001,0.0006,age,1.0,,B,analytic,hybrid,False,budget,cuda,0.9999999999999993,age-local,common-temperature-soft,0.142034375,0.1636625,0.13482499999999997,0.38876145833333337,0.43130625000000006,0.3462166666666666,0.8227109375,0.8614812500000001,0.7064,0.028855902777777782,0.07041874999999997,0.04689357638888885,0.09888437499999991,0.02825683352623457,0.07604296874999998,0.028763039108187137,0.40238934293751744,0.421875,0.5257574164132328,0.5350613975347797,0.5394,0.7635693586125348,0.7066488116914045,0.707,22608d0efb0fa58e,0.9999999999999993,0.9999999999999993,0.03571428571428571,1.4142135623730943,,0.705078125,0.59326875
xor3,common_temperature_study,1201,0,0,512,8,2,0.0015,0.0006,age,1.0,,B,analytic,hybrid,False,budget,cuda,0.999999999908655,age-local,common-temperature-soft,0.142034375,0.1636625,0.13482499999999997,0.38876145833333337,0.43130625000000006,0.3462166666666666,0.8227109375,0.8614812500000001,0.7064,0.028855902777777782,0.07041874999999997,0.04689357638888885,0.09888437499999991,0.02825683352623457,0.07604296874999998,0.028763039108187137,0.40238934293751744,0.421875,0.5257574164132328,0.5350613975347797,0.5394,0.7635693586125348,0.7066488116914045,0.707,e8883b05a584a923,0.999999999908655,0.999999999908655,0.03571428571428571,1.4142135622439138,,0.705078125,0.59326875
xor3,common_temperature_study,1201,0,0,512,8,2,0.002,0.0006,age,1.0,,B,analytic,hybrid,False,budget,cuda,0.9999999648624576,age-local,common-temperature-soft,0.142034375,0.1636625,0.13482499999999997,0.38876145833333337,0.43130625000000006,0.3462166666666666,0.8227109375,0.8614812500000001,0.7064,0.028855902777777782,0.07041874999999997,0.04689357638888885,0.09888437499999991,0.02825683352623457,0.07604296874999998,0.028763039108187137,0.40238934293751744,0.421875,0.5257574164132328,0.5350613975347797,0.5394,0.7635693586125348,0.7066488116914045,0.707,36faa6e78a04cfa3,0.9999999648624576,0.9999999648624576,0.03571428571428571,1.4142135126811062,,0.705078125,0.59326875
xor3,common_temperature_study,1201,0,0,512,8,2,0.0025,0.0006,age,1.0,,B,analytic,hybrid,False,budget,cuda,0.999998750250879,age-local,common-temperature-soft,0.142034375,0.1636625,0.13482499999999997,0.38876145833333337,0.43130625000000006,0.3462166666666666,0.8227109375,0.8614812500000001,0.7064,0.028855902777777782,0.07041874999999997,0.04689357638888885,0.09888437499999991,0.02825683352623457,0.07604296874999998,0.028763039108187137,0.40238934293751744,0.421875,0.5257574164132328,0.5350613975347797,0.5394,0.7635693586125348,0.7066488116914045,0.707,213314596ec242b7,0.999998750250879,0.999998750250879,0.03571428571428571,1.4142117949609387,,0.705078125,0.59326875
xor3,common_temperature_study,1201,0,0,512,8,2,0.003,0.0006,age,1.0,,B,analytic,hybrid,False,budget,cuda,0.9999864837985184,age-local,common-temperature-soft,0.149846875,0.1792875,0.14003333333333332,0.38231145833333335,0.4228958333333334,0.3417270833333333,0.8202953125000001,0.8539270833333333,0.7194,0.026616493055555558,0.06846562499999997,0.04624253472222219,0.09888437499999991,0.02785575810185185,0.0731640625,0.028307008406432747,0.4013344261077719,0.423828125,0.5353051875634985,0.542003201224986,0.549,0.7660832084371998,0.7022302175994473,0.7025,caebb05b090016e1,0.9999864837985184,0.9999864837985184,0.03571428571428571,1.414194447577648,,0.701171875,0.60108125
xor3,common_temperature_study,1201,0,0,512,8,2,0.004,0.0006,age,1.0,,B,analytic,hybrid,False,budget,cuda,0.9997349406477949,age-local,common-temperature-soft,0.11406250000000001,0.14702500000000002,0.10307500000000001,0.36586666666666673,0.39469375,0.33703958333333334,0.8495828125,0.8823979166666667,0.7511375,0.03056510416666666,0.059612499999999985,0.018867013888888857,0.04982812499999989,0.021325371334876546,0.05601796875,0.021503828581871345,0.4093511387859939,0.4296875,0.5249829883542859,0.5521921006686559,0.5522,0.7589762742967199,0.7203870335654308,0.7205,741ab56f4bd62147,0.9997349406477949,0.9997349406477949,0.03571428571428571,1.4138387118423728,,0.7265625,0.546875
xor3,common_temperature_study,1201,0,0,512,8,2,0.006,0.0006,age,1.0,,B,analytic,hybrid,False,budget,cuda,0.9948141942133263,age-local,common-temperature-soft,0.15170156250000005,0.20263124999999998,0.13472500000000004,0.35388125,0.39913125,0.30863125,0.8098312499999999,0.8740958333333332,0.6170375,0.041866319444444446,0.08754765625000001,0.024877951388888892,0.06657500000000002,0.0221175250771605,0.05734687500000002,0.022709872989766088,0.402318905944227,0.419921875,0.5352850985346854,0.3237944776144016,0.4657,0.771690788708077,0.7284711935089194,0.7285,2bb257b580e37d84,0.9948141942133263,0.9948141942133263,0.03571428571428571,1.4068797254977483,,0.720703125,0.5704875
xor3,common_temperature_study,1201,0,0,512,8,2,0.008,0.0006,age,1.0,,B,analytic,hybrid,False,budget,cuda,0.9772362445412965,age-local,common-temperature-soft,0.14902500000000002,0.2261625,0.12331250000000003,0.3690093750000001,0.4130520833333334,0.3249666666666667,0.847725,0.8924583333333332,0.7135250000000001,0.032765451388888894,0.07627812499999997,0.01667881944444447,0.04342890625000005,0.018559370177469135,0.04718984375,0.01888372624269006,0.40365638978194013,0.423828125,0.5152749451713579,0.5618151481606264,0.563,0.7660337862248809,0.7170840859798364,0.7171,0dc29b23323149b8,0.9772362445412965,0.9772362445412965,0.03571428571428571,1.3820207506728521,,0.724609375,0.55078125
xor3,common_temperature_study,1201,0,0,512,8,2,0.012,0.0006,age,1.0,,B,analytic,hybrid,False,budget,cuda,0.9029736543063381,age-local,common-temperature-soft,0.12440624999999998,0.11219999999999998,0.12847499999999998,0.33561250000000004,0.37143125000000005,0.29979375,0.81813125,0.8640395833333333,0.6804062500000001,0.015771701388888885,0.031193749999999992,0.04028368055555555,0.089490625,0.019302695794753084,0.05041484374999996,0.01976190606725146,0.4167145347008667,0.41796875,0.4938596402767259,0.4611927378237717,0.4667,0.6611363611261445,0.6138541220082359,0.6139,5f992f8992c908e2,0.9029736543063381,0.9029736543063381,0.03571428571428571,1.2769975883856182,,0.69921875,0.6015625
xor3,common_temperature_study,1201,0,0,512,8,2,0.016,0.0006,age,1.0,,B,analytic,hybrid,False,budget,cuda,0.8061980899518151,age-local,common-temperature-soft,0.14580468750000003,0.11609375000000001,0.15570833333333334,0.3690958333333334,0.3778854166666667,0.36030625000000005,0.83458125,0.8794354166666668,0.70001875,0.01601909722222221,0.03285156249999999,0.03553854166666671,0.07196796875000008,0.01675609085648148,0.04600546874999998,0.017230971308479528,0.40619703574923116,0.423828125,0.4882866555544724,0.4628154358570863,0.4832,0.7877416626128448,0.7444975446214038,0.7445,953df37129c1b724,0.8061980899518151,0.8061980899518151,0.03571428571428571,1.1401362727691413,,0.77734375,0.4841875
xor3,common_temperature_study,1201,0,0,512,8,2,0.023,0.0006,age,1.0,,B,analytic,hybrid,False,budget,cuda,0.6506341092311254,age-local,common-temperature-soft,0.11930781249999999,0.16725,0.1033270833333333,0.34916770833333327,0.37946041666666663,0.318875,0.8535828125,0.8837916666666666,0.76295625,0.03455347222222223,0.07141093750000001,0.029787326388888855,0.060957031249999905,0.02469063464506173,0.06527890624999999,0.025084306469298247,0.4006327862908863,0.421875,0.5100533583813909,0.5387554778316312,0.5412,0.7761704820614577,0.7422688647796921,0.7427,4082764b4c3d3265,0.6506341092311254,0.6506341092311254,0.03571428571428571,0.9201355814171954,,0.71484375,0.5703125
xor3,common_temperature_study,1201,0,0,512,8,2,0.032,0.0006,age,1.0,,B,analytic,hybrid,False,budget,cuda,0.5065185597697057,age-local,common-temperature-soft,0.12458125,0.14591874999999999,0.11746875000000002,0.39189062500000005,0.4566145833333333,0.3271666666666667,0.86030625,0.9191583333333334,0.68375,0.035089062500000004,0.07003125,0.03331406250000005,0.06908828125000005,0.02499575135030865,0.06874218750000005,0.025480267726608195,0.4106438487209953,0.408203125,0.5324916830620354,0.5758871705869102,0.5759,0.6733034294933515,0.6213116820863848,0.6215,d7b8dc93808b2f1b,0.5065185597697057,0.5065185597697057,0.03571428571428571,0.7163254168200051,,0.67578125,0.6484375
xor3,common_temperature_study,1201,0,0,512,8,2,0.05,0.0006,age,1.0,,B,analytic,hybrid,False,budget,cuda,0.3426949069654599,age-local,common-temperature-soft,0.1357296875,0.1740875,0.12294375,0.34712604166666666,0.4009770833333333,0.293275,0.80161875,0.8526458333333333,0.6485375,0.022257812500000005,0.047622656250000006,0.0248710069444444,0.04901640624999991,0.019637548225308638,0.05023125000000005,0.019844225146198824,0.4017791620072687,0.423828125,0.4401867575363071,0.4037033945431663,0.4168,0.7026737496900607,0.6676979231120195,0.6677,0ef163d96b572e6f,0.3426949069654599,0.3426949069654599,0.03571428571428571,0.48464378518673945,,0.712890625,0.6267749999999999
xor3,common_temperature_study,1201,0,0,512,8,2,0.08,0.0006,age,1.0,,B,analytic,hybrid,False,budget,cuda,0.2195795200967781,age-local,common-temperature-soft,0.17559218750000005,0.28053125,0.1406125,0.3809197916666666,0.4447958333333333,0.31704375,0.820090625,0.8723104166666666,0.66343125,0.04583819444444445,0.10244453125000001,0.030621006944444393,0.06311093749999991,0.029813898533950618,0.07977656249999998,0.03025683022660819,0.3847118417144255,0.435546875,0.5150676119875317,0.49136007309967394,0.5043,0.6762580774303203,0.6404866225072234,0.6405,137d16fb4e2e04ec,0.2195795200967781,0.2195795200967781,0.03571428571428571,0.3105323353402392,,0.673828125,0.65234375
xor3,common_temperature_study,1201,0,0,512,8,2,0.12,0.0006,age,1.0,,B,analytic,hybrid,False,budget,cuda,0.14772074061076285,age-local,common-temperature-soft,0.1771140625,0.21664374999999997,0.16393749999999999,0.40330625000000003,0.4440833333333334,0.3625291666666666,0.8514937500000002,0.9029416666666669,0.6971499999999999,0.04000642361111112,0.08168906249999998,0.05409184027777775,0.10821640624999994,0.03744682677469136,0.10566093749999997,0.037952211257309944,0.37744481889502374,0.421875,0.4623670862632502,0.4449952519489093,0.4652,0.5340151477680128,0.5252998813249703,0.5253,9f45cd6b6dfb7f2d,0.14772074061076285,0.14772074061076285,0.03571428571428571,0.20890867481553888,,0.560546875,0.87890625
xor3,common_temperature_study,1201,0,0,512,8,2,0.18,0.0006,age,1.0,,B,analytic,hybrid,False,budget,cuda,0.09888216573214147,age-local,common-temperature-soft,0.22924531249999996,0.24021249999999994,0.22558958333333332,0.452246875,0.4784354166666667,0.42605833333333337,0.893059375,0.9288895833333334,0.7855687499999999,0.053363368055555555,0.11115625000000001,0.04737916666666661,0.10060703124999987,0.03640952932098765,0.10625234374999992,0.03714435763888888,0.37107491219946875,0.43359375,0.5182196286298915,0.5483815017063098,0.5484,0.5592436864824527,0.5372067909514191,0.538,1576d871ce7a4458,0.09888216573214147,0.09888216573214147,0.03571428571428571,0.13984049985521857,,0.615234375,0.8064624999999999
xor3,common_temperature_study,1201,0,0,512,8,2,0.3,0.0006,age,1.0,,B,analytic,hybrid,False,budget,cuda,0.05945360972790323,age-local,common-temperature-soft,0.29363124999999995,0.3744124999999999,0.2667041666666667,0.5540302083333334,0.578725,0.5293354166666667,0.9574234375,0.9922958333333334,0.85280625,0.07819861111111111,0.17718281250000006,0.07455260416666665,0.15158828124999993,0.06130945698302469,0.17860937500000001,0.062102412280701756,0.3486445519988817,0.3828125,0.5531799812107554,0.5934152164669555,0.599,0.4701877211694024,0.47933688145159,0.4795,3ead8d4c0ab1ee9d,0.05945360972790323,0.05945360972790323,0.03571428571428571,0.08408010120923773,,0.4453125,1.109375
xor3,common_temperature_study,1201,0,0,512,8,2,0.4,0.0006,age,1.0,,B,analytic,hybrid,False,budget,cuda,0.04461322325626036,age-local,common-temperature-soft,0.272846875,0.34684375,0.24818124999999994,0.534103125,0.5636020833333334,0.5046041666666666,0.9539984375,0.9985458333333334,0.82035625,0.07612291666666667,0.16259062500000002,0.06156649305555553,0.12855390624999993,0.052103722993827165,0.1569359375,0.05298482730263158,0.3537293930842886,0.3828125,0.5105146857203502,0.47644398511450536,0.4772,0.5186424386576303,0.510764212842542,0.5134,20b0072d67ef16c7,0.04461322325626036,0.04461322325626036,0.03571428571428571,0.06309262539018218,,0.560546875,0.87890625
xor3,common_temperature_study,1202,0,0,512,8,2,0.0,0.0006,global,1.0,,B,global,hybrid,False,budget,cuda,1.0,hard,common-temperature-hard,0.142815625,0.16616874999999998,0.13503125000000002,0.3317072916666667,0.35109583333333333,0.31231875000000003,0.779334375,0.8224354166666666,0.6500312500000001,0.030448090277777784,0.0711671875,0.01834357638888888,0.04480703124999996,0.019154195601851855,0.05168281249999994,0.019430071271929826,0.4050765961350293,0.453125,0.5007500571056656,0.4676236160436963,0.4821,0.7158500516472124,0.6760976387517865,0.6761,5b7734b90993929d,1.0,1.0,1.0,1.4142135623730951,,0.662109375,0.67578125
xor3,common_temperature_study,1202,0,0,512,8,2,0.00025,0.0006,age,1.0,,B,analytic,hybrid,False,budget,cuda,1.0,age-local,common-temperature-soft,0.14429843750000004,0.20735,0.12328125000000002,0.36541770833333337,0.401,0.32983541666666666,0.7923515625,0.8385708333333334,0.65369375,0.03175538194444444,0.07213515624999998,0.03579895833333328,0.0758749999999999,0.023700959683641974,0.06177109374999997,0.0242312865497076,0.4043664929584846,0.453125,0.4591981019949606,0.41637789750935483,0.4185,0.7150289225989729,0.6646031047300134,0.665,8e634440c6ec915a,1.0,1.0,0.03571428571428571,1.4142135623730951,,0.677734375,0.64453125
xor3,common_temperature_study,1202,0,0,512,8,2,0.0005,0.0006,age,1.0,,B,analytic,hybrid,False,budget,cuda,1.0,age-local,common-temperature-soft,0.14429843750000004,0.20735,0.12328125000000002,0.36541770833333337,0.401,0.32983541666666666,0.7923515625,0.8385708333333334,0.65369375,0.03175538194444444,0.07213515624999998,0.03579895833333328,0.0758749999999999,0.023700959683641974,0.06177109374999997,0.0242312865497076,0.4043664929584846,0.453125,0.4591981019949606,0.41637789750935483,0.4185,0.7150289225989729,0.6646031047300134,0.665,93f5539f82d1e95d,1.0,1.0,0.03571428571428571,1.4142135623730951,,0.677734375,0.64453125
xor3,common_temperature_study,1202,0,0,512,8,2,0.001,0.0006,age,1.0,,B,analytic,hybrid,False,budget,cuda,0.9999999999999993,age-local,common-temperature-soft,0.14429843750000004,0.20735,0.12328125000000002,0.36541770833333337,0.401,0.32983541666666666,0.7923515625,0.8385708333333334,0.65369375,0.03175538194444444,0.07213515624999998,0.03579895833333328,0.0758749999999999,0.023700959683641974,0.06177109374999997,0.0242312865497076,0.4043664929584846,0.453125,0.4591981019949606,0.41637789750935483,0.4185,0.7150289225989729,0.6646031047300134,0.665,fdbe5075aaef8bcd,0.9999999999999993,0.9999999999999993,0.03571428571428571,1.4142135623730943,,0.677734375,0.64453125
xor3,common_temperature_study,1202,0,0,512,8,2,0.0015,0.0006,age,1.0,,B,analytic,hybrid,False,budget,cuda,0.999999999908655,age-local,common-temperature-soft,0.14429843750000004,0.20735,0.12328125000000002,0.36541770833333337,0.401,0.32983541666666666,0.7923515625,0.8385708333333334,0.65369375,0.03175538194444444,0.07213515624999998,0.03579895833333328,0.0758749999999999,0.023700959683641974,0.06177109374999997,0.0242312865497076,0.4043664929584846,0.453125,0.4591981019949606,0.41637789750935483,0.4185,0.7150289225989729,0.6646031047300134,0.665,c582c1ad5e116e74,0.999999999908655,0.999999999908655,0.03571428571428571,1.4142135622439138,,0.677734375,0.64453125
xor3,common_temperature_study,1202,0,0,512,8,2,0.002,0.0006,age,1.0,,B,analytic,hybrid,False,budget,cuda,0.9999999648624576,age-local,common-temperature-soft,0.14429843750000004,0.20735,0.12328125000000002,0.36541770833333337,0.401,0.32983541666666666,0.7923515625,0.8385708333333334,0.65369375,0.03175538194444444,0.07213515624999998,0.03579895833333328,0.0758749999999999,0.023700959683641974,0.06177109374999997,0.0242312865497076,0.4043664929584846,0.453125,0.4591981019949606,0.41637789750935483,0.4185,0.7150289225989729,0.6646031047300134,0.665,8f26a1e69791c3a8,0.9999999648624576,0.9999999648624576,0.03571428571428571,1.4142135126811062,,0.677734375,0.64453125
xor3,common_temperature_study,1202,0,0,512,8,2,0.0025,0.0006,age,1.0,,B,analytic,hybrid,False,budget,cuda,0.999998750250879,age-local,common-temperature-soft,0.14429843750000004,0.20735,0.12328125000000002,0.36541770833333337,0.401,0.32983541666666666,0.7923515625,0.8385708333333334,0.65369375,0.03175538194444444,0.07213515624999998,0.03579895833333328,0.0758749999999999,0.023700959683641974,0.06177109374999997,0.0242312865497076,0.4043664929584846,0.453125,0.4591981019949606,0.41637789750935483,0.4185,0.7150289225989729,0.6646031047300134,0.665,8927fc2d6216f3fe,0.999998750250879,0.999998750250879,0.03571428571428571,1.4142117949609387,,0.677734375,0.64453125
xor3,common_temperature_study,1202,0,0,512,8,2,0.003,0.0006,age,1.0,,B,analytic,hybrid,False,budget,cuda,0.9999864837985184,age-local,common-temperature-soft,0.14429843750000004,0.20735,0.12328125000000002,0.36541770833333337,0.401,0.32983541666666666,0.7923515625,0.8385708333333334,0.65369375,0.03175538194444444,0.07213515624999998,0.03579895833333328,0.0758749999999999,0.023700959683641974,0.06177109374999997,0.0242312865497076,0.4043664929584846,0.453125,0.4591981019949606,0.41637789750935483,0.4185,0.7150289225989729,0.6646031047300134,0.665,594ea8e1fe44514d,0.9999864837985184,0.9999864837985184,0.03571428571428571,1.414194447577648,,0.677734375,0.64453125
xor3,common_temperature_study,1202,0,0,512,8,2,0.004,0.0006,age,1.0,,B,analytic,hybrid,False,budget,cuda,0.9997349406477949,age-local,common-temperature-soft,0.10595468749999999,0.10749374999999999,0.10544166666666666,0.3193166666666667,0.3586833333333333,0.27995,0.7700953125000001,0.8271958333333335,0.59879375,0.017731249999999994,0.04110703125000001,0.012721354166666648,0.02784218749999995,0.015258897569444442,0.04069218749999998,0.015257182017543858,0.4095258662112104,0.45703125,0.4441836338924166,0.45747897567719187,0.5017,0.6975853427564485,0.6672934278238716,0.6682,d50aa206a3eb7dbf,0.9997349406477949,0.9997349406477949,0.03571428571428571,1.4138387118423728,,0.64453125,0.7109375
xor3,common_temperature_study,1202,0,0,512,8,2,0.006,0.0006,age,1.0,,B,analytic,hybrid,False,budget,cuda,0.9948141942133263,age-local,common-temperature-soft,0.11201562500000001,0.12813124999999997,0.10664375000000002,0.3343125,0.38642708333333337,0.28219791666666666,0.7994140625,0.8586708333333334,0.62164375,0.0238814236111111,0.057225,0.011998090277777767,0.02727890624999997,0.01628532021604938,0.04052890625000003,0.016372395833333327,0.4125085179619793,0.4296875,0.5167906663971056,0.5694786611275864,0.5708,0.7229279527390791,0.6760776849917192,0.6761,5c7cb9c3daec0b53,0.9948141942133263,0.9948141942133263,0.03571428571428571,1.4068797254977483,,0.708984375,0.58203125
xor3,common_temperature_study,1202,0,0,512,8,2,0.008,0.0006,age,1.0,,B,analytic,hybrid,False,budget,cuda,0.9772362445412965,age-local,common-temperature-soft,0.134646875,0.16455625000000002,0.12467708333333337,0.31049166666666667,0.3503166666666666,0.27066666666666667,0.7368140624999999,0.7827520833333333,0.599,0.023906770833333327,0.05168984374999999,0.014545486111111073,0.03140546874999993,0.016136159336419757,0.040675781249999994,0.016298789290935672,0.4074468828627341,0.46875,0.5401090666189012,0.5958810596813087,0.5981,0.682424408826303,0.6483155731697259,0.6485,07b7a762430e4603,0.9772362445412965,0.9772362445412965,0.03571428571428571,1.3820207506728521,,0.673828125,0.65234375
xor3,common_temperature_study,1202,0,0,512,8,2,0.012,0.0006,age,1.0,,B,analytic,hybrid,False,budget,cuda,0.9029736543063381,age-local,common-temperature-soft,0.14038906250000005,0.13171875,0.1432791666666667,0.35218750000000004,0.36896666666666667,0.3354083333333333,0.8133953125,0.8764729166666667,0.6241625,0.01665052083333333,0.041303906249999967,0.021627256944444433,0.04643984375000004,0.01693958333333333,0.043242187500000015,0.01705533625730994,0.40530619889222813,0.427734375,0.46207299408646224,0.4102053741973885,0.4124,0.7085463090531409,0.6632925621326975,0.6633,b36063cb97489e44,0.9029736543063381,0.9029736543063381,0.03571428571428571,1.2769975883856182,,0.72265625,0.5546875
xor3,common_temperature_study,1202,0,0,512,8,2,0.016,0.0006,age,1.0,,B,analytic,hybrid,False,budget,cuda,0.8061980899518151,age-local,common-temperature-soft,0.09050468750000001,0.06821874999999998,0.09793333333333336,0.32202916666666664,0.36649166666666666,0.2775666666666667,0.7833546875,0.8412333333333334,0.60971875,0.015775868055555562,0.033959375000000014,0.013971006944444482,0.02805937500000004,0.012504687499999993,0.030041406250000006,0.012629358552631574,0.4050312762091138,0.447265625,0.5064188448856454,0.5253351670971614,0.5313,0.7105842049650796,0.6546774719199646,0.6559,c1f46f34b1d5d6a2,0.8061980899518151,0.8061980899518151,0.03571428571428571,1.1401362727691413,,0.73046875,0.5390625
xor3,common_temperature_study,1202,0,0,512,8,2,0.023,0.0006,age,1.0,,B,analytic,hybrid,False,budget,cuda,0.6506341092311254,age-local,common-temperature-soft,0.15403281249999995,0.17219374999999998,0.14797916666666663,0.4003666666666667,0.4403104166666667,0.36042291666666665,0.8512296874999999,0.9087187499999999,0.6787624999999999,0.02292673611111111,0.047313281250000006,0.03282604166666668,0.06969531249999988,0.021604316165123455,0.05740859374999999,0.021934425255847954,0.40610148168856586,0.427734375,0.4816779253267588,0.47339894494445456,0.4954,0.6460325928885478,0.6028832218161218,0.6029,cd1a758ba39231fa,0.6506341092311254,0.6506341092311254,0.03571428571428571,0.9201355814171954,,0.677734375,0.64453125
xor3,common_temperature_study,1202,0,0,512,8,2,0.032,0.0006,age,1.0,,B,analytic,hybrid,False,budget,cuda,0.5065185597697057,age-local,common-temperature-soft,0.13511562500000002,0.10996250000000003,0.14350000000000002,0.37995416666666665,0.39874375,0.3611645833333334,0.8258687499999999,0.86153125,0.7188812500000001,0.021695138888888885,0.04963046875000002,0.04243854166666664,0.10640078124999997,0.023625081983024696,0.06611328124999999,0.024069385051169588,0.4107230220855466,0.423828125,0.516375279705711,0.49993233565070283,0.5119,0.6968165172154973,0.6540551946719209,0.6548,4eda8747cab47a66,0.5065185597697057,0.5065185597697057,0.03571428571428571,0.7163254168200051,,0.7109375,0.58380625
xor3,common_temperature_study,1202,0,0,512,8,2,0.05,0.0006,age,1.0,,B,analytic,hybrid,False,budget,cuda,0.3426949069654599,age-local,common-temperature-soft,0.10334375000000003,0.12689375000000003,0.09549375,0.334453125,0.36378125,0.305125,0.8205515625,0.8682416666666667,0.67748125,0.014815104166666673,0.035150000000000015,0.01750086805555554,0.04755546874999994,0.014237538580246916,0.036190625000000004,0.014338614766081876,0.4059876358505731,0.41796875,0.4670415871709381,0.4481602961950456,0.4527,0.6834467483065588,0.6380334939473342,0.6385,2d05c544179eb339,0.3426949069654599,0.3426949069654599,0.03571428571428571,0.48464378518673945,,0.720703125,0.55859375
xor3,common_temperature_study,1202,0,0,512,8,2,0.08,0.0006,age,1.0,,B,analytic,hybrid,False,budget,cuda,0.2195795200967781,age-local,common-temperature-soft,0.15762031250000003,0.257225,0.12441875000000004,0.3837979166666667,0.4551020833333333,0.31249375,0.8298171875,0.8890791666666665,0.6520312500000001,0.05269947916666667,0.10364999999999998,0.037581770833333285,0.07957656249999993,0.03442117573302469,0.09905000000000003,0.03498535727339181,0.3879292834428291,0.447265625,0.504709396591204,0.494023700012164,0.508,0.6049437659261578,0.5910704347565483,0.5912,63251eec442ff0f4,0.2195795200967781,0.2195795200967781,0.03571428571428571,0.3105323353402392,,0.5390625,0.921875
xor3,common_temperature_study,1202,0,0,512,8,2,0.12,0.0006,age,1.0,,B,analytic,hybrid,False,budget,cuda,0.14772074061076285,age-local,common-temperature-soft,0.19733281249999995,0.2923812499999999,0.16565,0.4470791666666667,0.48792083333333336,0.40623750000000003,0.8969953125000001,0.9454583333333334,0.75160625,0.060167881944444446,0.12655078125,0.022111979166666653,0.04876406249999987,0.03359158468364197,0.09351562500000002,0.033988866045321635,0.3818042681541795,0.404296875,0.45278770090429443,0.40717225929513085,0.4074,0.5169353114063584,0.5060982170145634,0.5061,106a72cec438fc8d,0.14772074061076285,0.14772074061076285,0.03571428571428571,0.20890867481553888,,0.513671875,0.97265625
xor3,common_temperature_study,1202,0,0,512,8,2,0.18,0.0006,age,1.0,,B,analytic,hybrid,False,budget,cuda,0.09888216573214147,age-local,common-temperature-soft,0.21461406250000004,0.28318124999999994,0.1917583333333334,0.4375260416666667,0.474775,0.40027708333333334,0.8673468750000001,0.9110520833333334,0.7362312499999999,0.06645746527777778,0.1360015625,0.053933680555555516,0.11473749999999988,0.0452967930169753,0.13938125,0.04608093932748537,0.3690095794310875,0.416015625,0.49678279405896186,0.49213599197406777,0.4924,0.46943740394682987,0.48499086576717676,0.4853,88db519aa8df7736,0.09888216573214147,0.09888216573214147,0.03571428571428571,0.13984049985521857,,0.50390625,0.9921874999999999
xor3,common_temperature_study,1202,0,0,512,8,2,0.3,0.0006,age,1.0,,B,analytic,hybrid,False,budget,cuda,0.05945360972790323,age-local,common-temperature-soft,0.20292499999999997,0.33786874999999994,0.15794375,0.4267895833333333,0.4989625,0.35461666666666664,0.8545640624999999,0.8971145833333333,0.7269124999999999,0.06924392361111112,0.13861640625000002,0.03302656249999998,0.08337578124999999,0.039418981481481485,0.1155296875,0.040035626827485384,0.3754428248182835,0.431640625,0.497431885786748,0.4804592523650233,0.4818,0.5275085834577493,0.5013609242149109,0.502,d8300506391ed976,0.05945360972790323,0.05945360972790323,0.03571428571428571,0.08408010120923773,,0.4921875,1.015625
xor3,common_temperature_study,1202,0,0,512,8,2,0.4,0.0006,age,1.0,,B,analytic,hybrid,False,budget,cuda,0.04461322325626036,age-local,common-temperature-soft,0.24488749999999998,0.3353499999999999,0.2147333333333333,0.49538854166666674,0.5349166666666667,0.45586041666666666,0.9068046875000002,0.9371125000000001,0.8158812500000001,0.07232065972222222,0.159265625,0.04722135416666663,0.11110234374999994,0.046985267168209874,0.1384640625,0.04765820084064327,0.36582326102530055,0.40625,0.49388433137389265,0.4930905708243064,0.4964,0.4497517964473953,0.45634677303971294,0.4569,de7a9d27add816d6,0.04461322325626036,0.04461322325626036,0.03571428571428571,0.06309262539018218,,0.455078125,1.08984375
xor3,common_temperature_study,1203,0,0,512,8,2,0.0,0.0006,global,1.0,,B,global,hybrid,False,budget,cuda,1.0,hard,common-temperature-hard,0.1721109375,0.29054375,0.13263333333333333,0.38595937499999994,0.4378916666666666,0.33402708333333336,0.8283906249999999,0.8759895833333333,0.68559375,0.042192361111111104,0.09484375,0.028549826388888904,0.07458671875000006,0.02403082561728395,0.06467968750000005,0.02462768183479532,0.4049698485986859,0.435546875,0.48689819152319824,0.4444633883125345,0.5479,0.6888039560500071,0.6700944656334991,0.672,739859a678c9db59,1.0,1.0,1.0,1.4142135623730951,,0.673828125,0.6608499999999999
xor3,common_temperature_study,1203,0,0,512,8,2,0.00025,0.0006,age,1.0,,B,analytic,hybrid,False,budget,cuda,1.0,age-local,common-temperature-soft,0.14187656250000003,0.1666375,0.13362291666666667,0.3496208333333333,0.40301458333333334,0.29622708333333336,0.7765109375,0.8349708333333333,0.6011312499999999,0.021391493055555568,0.04162421875000005,0.018835590277777776,0.04227265624999996,0.01548969425154321,0.03939687499999996,0.015733054641812863,0.4068563587678222,0.4453125,0.48065694645801615,0.47040250566457226,0.5056,0.7132132265525418,0.6637355430757832,0.6651,ed9df0b877fdc5f8,1.0,1.0,0.03571428571428571,1.4142135623730951,,0.67578125,0.66598125
xor3,common_temperature_study,1203,0,0,512,8,2,0.0005,0.0006,age,1.0,,B,analytic,hybrid,False,budget,cuda,1.0,age-local,common-temperature-soft,0.14187656250000003,0.1666375,0.13362291666666667,0.3496208333333333,0.40301458333333334,0.29622708333333336,0.7765109375,0.8349708333333333,0.6011312499999999,0.021391493055555568,0.04162421875000005,0.018835590277777776,0.04227265624999996,0.01548969425154321,0.03939687499999996,0.015733054641812863,0.4068563587678222,0.4453125,0.48065694645801615,0.47040250566457226,0.5056,0.7132132265525418,0.6637355430757832,0.6651,1f3c808defe28ce0,1.0,1.0,0.03571428571428571,1.4142135623730951,,0.67578125,0.66598125
xor3,common_temperature_study,1203,0,0,512,8,2,0.001,0.0006,age,1.0,,B,analytic,hybrid,False,budget,cuda,0.9999999999999993,age-local,common-temperature-soft,0.14187656250000003,0.1666375,0.13362291666666667,0.3496208333333333,0.40301458333333334,0.29622708333333336,0.7765109375,0.8349708333333333,0.6011312499999999,0.021391493055555568,0.04162421875000005,0.018835590277777776,0.04227265624999996,0.01548969425154321,0.03939687499999996,0.015733054641812863,0.4068563587678222,0.4453125,0.48065694645801615,0.47040250566457226,0.5056,0.7132132265525418,0.6637355430757832,0.6651,2098b60eab7af1d0,0.9999999999999993,0.9999999999999993,0.03571428571428571,1.4142135623730943,,0.67578125,0.66598125
xor3,common_temperature_study,1203,0,0,512,8,2,0.0015,0.0006,age,1.0,,B,analytic,hybrid,False,budget,cuda,0.999999999908655,age-local,common-temperature-soft,0.14187656250000003,0.1666375,0.13362291666666667,0.3496208333333333,0.40301458333333334,0.29622708333333336,0.7765109375,0.8349708333333333,0.6011312499999999,0.021391493055555568,0.04162421875000005,0.018835590277777776,0.04227265624999996,0.01548969425154321,0.03939687499999996,0.015733054641812863,0.4068563587678222,0.4453125,0.48065694645801615,0.47040250566457226,0.5056,0.7132132265525418,0.6637355430757832,0.6651,4cb6a0ce233ecee9,0.999999999908655,0.999999999908655,0.03571428571428571,1.4142135622439138,,0.67578125,0.66598125
xor3,common_temperature_study,1203,0,0,512,8,2,0.002,0.0006,age,1.0,,B,analytic,hybrid,False,budget,cuda,0.9999999648624576,age-local,common-temperature-soft,0.14187656250000003,0.1666375,0.13362291666666667,0.3496208333333333,0.40301458333333334,0.29622708333333336,0.7765109375,0.8349708333333333,0.6011312499999999,0.021391493055555568,0.04162421875000005,0.018835590277777776,0.04227265624999996,0.01548969425154321,0.03939687499999996,0.015733054641812863,0.4068563587678222,0.4453125,0.48065694645801615,0.47040250566457226,0.5056,0.7132132265525418,0.6637355430757832,0.6651,1cb2718a3ffed8f0,0.9999999648624576,0.9999999648624576,0.03571428571428571,1.4142135126811062,,0.67578125,0.66598125
xor3,common_temperature_study,1203,0,0,512,8,2,0.0025,0.0006,age,1.0,,B,analytic,hybrid,False,budget,cuda,0.999998750250879,age-local,common-temperature-soft,0.14187656250000003,0.1666375,0.13362291666666667,0.3496208333333333,0.40301458333333334,0.29622708333333336,0.7765109375,0.8349708333333333,0.6011312499999999,0.021391493055555568,0.04162421875000005,0.018835590277777776,0.04227265624999996,0.01548969425154321,0.03939687499999996,0.015733054641812863,0.4068563587678222,0.4453125,0.48065694645801615,0.47040250566457226,0.5056,0.7132132265525418,0.6637355430757832,0.6651,4c11ca43ea6dc382,0.999998750250879,0.999998750250879,0.03571428571428571,1.4142117949609387,,0.67578125,0.66598125
xor3,common_temperature_study,1203,0,0,512,8,2,0.003,0.0006,age,1.0,,B,analytic,hybrid,False,budget,cuda,0.9999864837985184,age-local,common-temperature-soft,0.14187656250000003,0.1666375,0.13362291666666667,0.3496208333333333,0.40301458333333334,0.29622708333333336,0.7765109375,0.8349708333333333,0.6011312499999999,0.021391493055555568,0.04162421875000005,0.018835590277777776,0.04227265624999996,0.01548969425154321,0.03939687499999996,0.015733054641812863,0.4068563587678222,0.4453125,0.48065694645801615,0.47040250566457226,0.5056,0.7132132265525418,0.6637355430757832,0.6651,ae6a45f3bf3fc59f,0.9999864837985184,0.9999864837985184,0.03571428571428571,1.414194447577648,,0.67578125,0.66598125
xor3,common_temperature_study,1203,0,0,512,8,2,0.004,0.0006,age,1.0,,B,analytic,hybrid,False,budget,cuda,0.9997349406477949,age-local,common-temperature-soft,0.10953281250000002,0.11876250000000003,0.10645625000000002,0.33116354166666667,0.37007708333333333,0.29224999999999995,0.792384375,0.8420333333333333,0.6434375000000001,0.019141493055555556,0.03793828125,0.018824826388888896,0.039681249999999973,0.020572082368827162,0.05528906250000004,0.020488454861111113,0.41319787225677945,0.419921875,0.5063557365222225,0.4778017151176924,0.4781,0.7239819264370179,0.6862284569504693,0.6863,49fe22c01f59bc7b,0.9997349406477949,0.9997349406477949,0.03571428571428571,1.4138387118423728,,0.654296875,0.69140625
xor3,common_temperature_study,1203,0,0,512,8,2,0.006,0.0006,age,1.0,,B,analytic,hybrid,False,budget,cuda,0.9948141942133263,age-local,common-temperature-soft,0.10107031250000002,0.11688125,0.09580000000000004,0.3234822916666667,0.35635208333333335,0.2906125,0.8023437499999999,0.8496833333333332,0.660325,0.01881875,0.03970937499999999,0.021391666666666666,0.04137734374999996,0.016020346257716055,0.04133750000000001,0.016235338998538018,0.41081502699538713,0.42578125,0.49904296987237945,0.4783435656491726,0.4863,0.7397505134707745,0.6937156002708107,0.6938,e3a533a8055cfa82,0.9948141942133263,0.9948141942133263,0.03571428571428571,1.4068797254977483,,0.666015625,0.66796875
xor3,common_temperature_study,1203,0,0,512,8,2,0.008,0.0006,age,1.0,,B,analytic,hybrid,False,budget,cuda,0.9772362445412965,age-local,common-temperature-soft,0.15200156250000002,0.2263375,0.12722291666666669,0.3701739583333333,0.4401625,0.30018541666666665,0.8269828124999999,0.8877937499999998,0.6445500000000001,0.028080902777777774,0.06991171875000002,0.04326371527777777,0.08266171874999997,0.025109601658950615,0.06938671875000002,0.025665533625730996,0.4138834043891529,0.423828125,0.482487209051236,0.4800318776939051,0.4883,0.6848619643612626,0.6631556655711406,0.6633,244db5bfc5176533,0.9772362445412965,0.9772362445412965,0.03571428571428571,1.3820207506728521,,0.625,0.7634937499999999
xor3,common_temperature_study,1203,0,0,512,8,2,0.012,0.0006,age,1.0,,B,analytic,hybrid,False,budget,cuda,0.9029736543063381,age-local,common-temperature-soft,0.1080953125,0.15773125000000005,0.09154999999999998,0.351059375,0.41759375,0.284525,0.8195359375000001,0.8755291666666668,0.65155625,0.019546527777777777,0.041043750000000004,0.01013524305555551,0.02097656249999992,0.015223982445987657,0.037431250000000006,0.015203819444444442,0.40748128232457365,0.416015625,0.5183883044395473,0.542700138744717,0.5491,0.6812977024393844,0.6162005153355801,0.6163,b7dafe49e17c1510,0.9029736543063381,0.9029736543063381,0.03571428571428571,1.2769975883856182,,0.65625,0.6875
xor3,common_temperature_study,1203,0,0,512,8,2,0.016,0.0006,age,1.0,,B,analytic,hybrid,False,budget,cuda,0.8061980899518151,age-local,common-temperature-soft,0.1871703125,0.18470000000000003,0.18799375000000004,0.37726041666666665,0.4071375,0.3473833333333333,0.83334375,0.8776020833333334,0.7005687500000001,0.024811979166666658,0.05378125,0.047970138888888875,0.09610468749999994,0.025104726080246925,0.06914531250000001,0.025698743603801175,0.4071321004857423,0.412109375,0.5050988916458614,0.3658916098642501,0.4592,0.7718637664511938,0.7273397042405039,0.7292,f5bd38c8ecc08941,0.8061980899518151,0.8061980899518151,0.03571428571428571,1.1401362727691413,,0.736328125,0.5603687499999999
xor3,common_temperature_study,1203,0,0,512,8,2,0.023,0.0006,age,1.0,,B,analytic,hybrid,False,budget,cuda,0.6506341092311254,age-local,common-temperature-soft,0.16962968750000001,0.18827500000000003,0.16341458333333334,0.3871635416666666,0.43310000000000004,0.3412270833333333,0.8277203125000001,0.87779375,0.6775,0.025992361111111122,0.05826796875000004,0.038013541666666664,0.07557109375000004,0.022873982445987658,0.06252656250000006,0.023354454495614036,0.4118625725118814,0.404296875,0.5128132788000239,0.48672140163264976,0.5059,0.7972243245004035,0.7503376742970115,0.7504,6f097f3c5232b4c9,0.6506341092311254,0.6506341092311254,0.03571428571428571,0.9201355814171954,,0.759765625,0.48046874999999994
xor3,common_temperature_study,1203,0,0,512,8,2,0.032,0.0006,age,1.0,,B,analytic,hybrid,False,budget,cuda,0.5065185597697057,age-local,common-temperature-soft,0.1287890625,0.15414375000000002,0.12033749999999999,0.38161979166666665,0.42253333333333326,0.34070625,0.8310671875,0.8824125,0.67703125,0.015335763888888897,0.037339843750000046,0.0359614583333333,0.07596406249999996,0.019506288580246913,0.04999375000000003,0.01982956871345029,0.4107672499650545,0.421875,0.46968849679800084,0.4291104637378603,0.4371,0.733985062246376,0.674122714943076,0.6742,65a2bfcf7ed232d3,0.5065185597697057,0.5065185597697057,0.03571428571428571,0.7163254168200051,,0.732421875,0.53515625
xor3,common_temperature_study,1203,0,0,512,8,2,0.05,0.0006,age,1.0,,B,analytic,hybrid,False,budget,cuda,0.3426949069654599,age-local,common-temperature-soft,0.121134375,0.182875,0.10055416666666668,0.36859895833333334,0.43356666666666666,0.30363125,0.859784375,0.9114520833333334,0.7047812500000001,0.020525520833333342,0.04589296875000001,0.034476909722222254,0.0729828125000001,0.019433767361111118,0.049835156250000005,0.019858369883040943,0.411436128389712,0.419921875,0.5059439914675252,0.5483354871947208,0.5486,0.6005485105225693,0.5785228744065603,0.58,a04590d3253d3a52,0.3426949069654599,0.3426949069654599,0.03571428571428571,0.48464378518673945,,0.6328125,0.734375
xor3,common_temperature_study,1203,0,0,512,8,2,0.08,0.0006,age,1.0,,B,analytic,hybrid,False,budget,cuda,0.2195795200967781,age-local,common-temperature-soft,0.19873749999999996,0.3107,0.16141666666666662,0.4318177083333334,0.5065416666666667,0.35709375000000004,0.877415625,0.9313750000000001,0.7155374999999999,0.05413784722222223,0.1121875,0.032829166666666625,0.07282812499999991,0.03372325906635802,0.09638515625,0.034236956323099414,0.384867731339111,0.3984375,0.4537021118771621,0.4342374771666033,0.4573,0.6392353979572579,0.603494518745352,0.6091,1fc58da1c4d219c2,0.2195795200967781,0.2195795200967781,0.03571428571428571,0.3105323353402392,,0.6328125,0.734375
xor3,common_temperature_study,1203,0,0,512,8,2,0.12,0.0006,age,1.0,,B,analytic,hybrid,False,budget,cuda,0.14772074061076285,age-local,common-temperature-soft,0.27027812500000004,0.37028125,0.23694375,0.4958010416666667,0.5519770833333334,0.439625,0.9017390625,0.9397833333333333,0.7876062500000001,0.07221666666666667,0.15521718750000002,0.0631708333333333,0.13505156249999992,0.05144296392746913,0.14997187499999998,0.05229826845760233,0.36291323036063733,0.408203125,0.4933910296643723,0.45522429491450145,0.529,0.46640760223274746,0.46766194404094374,0.468,386156def9fc9a4d,0.14772074061076285,0.14772074061076285,0.03571428571428571,0.20890867481553888,,0.498046875,1.00390625
xor3,common_temperature_study,1203,0,0,512,8,2,0.18,0.0006,age,1.0,,B,analytic,hybrid,False,budget,cuda,0.09888216573214147,age-local,common-temperature-soft,0.2812265625,0.47468124999999994,0.2167416666666667,0.5084062500000001,0.6021229166666667,0.4146895833333333,0.9174781249999999,0.9759104166666667,0.74218125,0.08834375,0.19086250000000002,0.054680208333333286,0.1158820312499999,0.05764920910493826,0.16683906249999997,0.058378828581871337,0.3563052575482248,0.400390625,0.46565504400297675,0.4365858862124289,0.4473,0.47420900849677877,0.47637285516881195,0.4764,0b06f5d3639e84a8,0.09888216573214147,0.09888216573214147,0.03571428571428571,0.13984049985521857,,0.525390625,0.94921875
xor3,common_temperature_study,1203,0,0,512,8,2,0.3,0.0006,age,1.0,,B,analytic,hybrid,False,budget,cuda,0.05945360972790323,age-local,common-temperature-soft,0.25201874999999996,0.3861312499999999,0.20731458333333327,0.4986968749999999,0.568825,0.42856875,0.9236,0.9705895833333332,0.78263125,0.07657100694444445,0.15777109375,0.0627378472222222,0.12965703124999994,0.05471145833333333,0.16102421875000006,0.055497930372807015,0.35807928693737767,0.40625,0.4731550147898471,0.415245642883182,0.421,0.439548030466813,0.45057459456925286,0.4506,70945eae72892fd3,0.05945360972790323,0.05945360972790323,0.03571428571428571,0.08408010120923773,,0.447265625,1.10546875
xor3,common_temperature_study,1203,0,0,512,8,2,0.4,0.0006,age,1.0,,B,analytic,hybrid,False,budget,cuda,0.04461322325626036,age-local,common-temperature-soft,0.2813671875,0.36278749999999993,0.2542270833333333,0.525125,0.5933395833333334,0.4569104166666667,0.9477765625000001,1.0123125,0.75416875,0.07878489583333333,0.16762578125,0.06794774305555551,0.14911718749999991,0.0572654899691358,0.17049375,0.05811290204678362,0.3572449634819682,0.400390625,0.49862226078888894,0.4983545187468279,0.4988,0.5045422814829897,0.4844295517033673,0.4862,910f85c65ec9cc2e,0.04461322325626036,0.04461322325626036,0.03571428571428571,0.06309262539018218,,0.521484375,0.95703125
xor3,common_temperature_study,1204,0,0,512,8,2,0.0,0.0006,global,1.0,,B,global,hybrid,False,budget,cuda,1.0,hard,common-temperature-hard,0.11533437500000003,0.16135625000000003,0.09999375,0.34812187499999997,0.3954,0.30084375,0.824134375,0.8553479166666667,0.7304937499999999,0.023663020833333326,0.05408906249999999,0.02388454861111113,0.046921875,0.0210508487654321,0.05627109375,0.02119416118421053,0.41739569864760967,0.4296875,0.5274024357507239,0.530552467337066,0.5345,0.7695474253948694,0.7168056040388364,0.717,a5ef4ce544dc640e,1.0,1.0,1.0,1.4142135623730951,,0.77734375,0.45772499999999994
xor3,common_temperature_study,1204,0,0,512,8,2,0.00025,0.0006,age,1.0,,B,analytic,hybrid,False,budget,cuda,1.0,age-local,common-temperature-soft,0.13362968750000004,0.15393125000000002,0.12686250000000002,0.35463958333333334,0.3984770833333333,0.3108020833333333,0.8179078125000001,0.8603229166666667,0.6906625,0.03171024305555556,0.06264687500000002,0.021060069444444426,0.04787499999999989,0.02024690393518518,0.055194531250000026,0.02056996984649122,0.4089435324643557,0.44140625,0.5287600859330217,0.5192868365773126,0.5258,0.7616535375659236,0.709833118373379,0.7104,b3332ffa25ccead2,1.0,1.0,0.03571428571428571,1.4142135623730951,,0.7109375,0.578125
xor3,common_temperature_study,1204,0,0,512,8,2,0.0005,0.0006,age,1.0,,B,analytic,hybrid,False,budget,cuda,1.0,age-local,common-temperature-soft,0.13362968750000004,0.15393125000000002,0.12686250000000002,0.35463958333333334,0.3984770833333333,0.3108020833333333,0.8179078125000001,0.8603229166666667,0.6906625,0.03171024305555556,0.06264687500000002,0.021060069444444426,0.04787499999999989,0.02024690393518518,0.055194531250000026,0.02056996984649122,0.4089435324643557,0.44140625,0.5287600859330217,0.5192868365773126,0.5258,0.7616535375659236,0.709833118373379,0.7104,c96402083e8cd9d2,1.0,1.0,0.03571428571428571,1.4142135623730951,,0.7109375,0.578125
xor3,common_temperature_study,1204,0,0,512,8,2,0.001,0.0006,age,1.0,,B,analytic,hybrid,False,budget,cuda,0.9999999999999993,age-local,common-temperature-soft,0.13362968750000004,0.15393125000000002,0.12686250000000002,0.35463958333333334,0.3984770833333333,0.3108020833333333,0.8179078125000001,0.8603229166666667,0.6906625,0.03171024305555556,0.06264687500000002,0.021060069444444426,0.04787499999999989,0.02024690393518518,0.055194531250000026,0.02056996984649122,0.4089435324643557,0.44140625,0.5287600859330217,0.5192868365773126,0.5258,0.7616535375659236,0.709833118373379,0.7104,c33fb2e51758b885,0.9999999999999993,0.9999999999999993,0.03571428571428571,1.4142135623730943,,0.7109375,0.578125
xor3,common_temperature_study,1204,0,0,512,8,2,0.0015,0.0006,age,1.0,,B,analytic,hybrid,False,budget,cuda,0.999999999908655,age-local,common-temperature-soft,0.13362968750000004,0.15393125000000002,0.12686250000000002,0.35463958333333334,0.3984770833333333,0.3108020833333333,0.8179078125000001,0.8603229166666667,0.6906625,0.03171024305555556,0.06264687500000002,0.021060069444444426,0.04787499999999989,0.02024690393518518,0.055194531250000026,0.02056996984649122,0.4089435324643557,0.44140625,0.5287600859330217,0.5192868365773126,0.5258,0.7616535375659236,0.709833118373379,0.7104,5c7fe15bf2c84cb3,0.999999999908655,0.999999999908655,0.03571428571428571,1.4142135622439138,,0.7109375,0.578125
xor3,common_temperature_study,1204,0,0,512,8,2,0.002,0.0006,age,1.0,,B,analytic,hybrid,False,budget,cuda,0.9999999648624576,age-local,common-temperature-soft,0.13362968750000004,0.15393125000000002,0.12686250000000002,0.35463958333333334,0.3984770833333333,0.3108020833333333,0.8179078125000001,0.8603229166666667,0.6906625,0.03171024305555556,0.06264687500000002,0.021060069444444426,0.04787499999999989,0.02024690393518518,0.055194531250000026,0.02056996984649122,0.4089435324643557,0.44140625,0.5287600859330217,0.5192868365773126,0.5258,0.7616535375659236,0.709833118373379,0.7104,739b14eedd69c912,0.9999999648624576,0.9999999648624576,0.03571428571428571,1.4142135126811062,,0.7109375,0.578125
xor3,common_temperature_study,1204,0,0,512,8,2,0.0025,0.0006,age,1.0,,B,analytic,hybrid,False,budget,cuda,0.999998750250879,age-local,common-temperature-soft,0.13362968750000004,0.15393125000000002,0.12686250000000002,0.35463958333333334,0.3984770833333333,0.3108020833333333,0.8179078125000001,0.8603229166666667,0.6906625,0.03171024305555556,0.06264687500000002,0.021060069444444426,0.04787499999999989,0.02024690393518518,0.055194531250000026,0.02056996984649122,0.4089435324643557,0.44140625,0.5287600859330217,0.5192868365773126,0.5258,0.7616535375659236,0.709833118373379,0.7104,331d8eaf1c9e36cf,0.999998750250879,0.999998750250879,0.03571428571428571,1.4142117949609387,,0.7109375,0.578125
xor3,common_temperature_study,1204,0,0,512,8,2,0.003,0.0006,age,1.0,,B,analytic,hybrid,False,budget,cuda,0.9999864837985184,age-local,common-temperature-soft,0.13362968750000004,0.15393125000000002,0.12686250000000002,0.35463958333333334,0.3984770833333333,0.3108020833333333,0.8179078125000001,0.8603229166666667,0.6906625,0.03171024305555556,0.06264687500000002,0.021060069444444426,0.04787499999999989,0.02024690393518518,0.055194531250000026,0.02056996984649122,0.4089435324643557,0.44140625,0.5287600859330217,0.5192868365773126,0.5258,0.7616535375659236,0.709833118373379,0.7104,06cf270614b426d0,0.9999864837985184,0.9999864837985184,0.03571428571428571,1.414194447577648,,0.7109375,0.578125
xor3,common_temperature_study,1204,0,0,512,8,2,0.004,0.0006,age,1.0,,B,analytic,hybrid,False,budget,cuda,0.9997349406477949,age-local,common-temperature-soft,0.12868281250000002,0.1318125,0.12763958333333333,0.36059375,0.38560208333333335,0.3355854166666666,0.8076234375,0.83559375,0.7237125,0.025401562499999995,0.05022656249999996,0.028095833333333375,0.05831953125000011,0.024547294560185187,0.06436640625000004,0.02466315789473685,0.41213995229941286,0.421875,0.5378564942227635,0.5080416161036929,0.5322,0.7285944194758892,0.6612951656490842,0.6616,8fcc500afc84f6c1,0.9997349406477949,0.9997349406477949,0.03571428571428571,1.4138387118423728,,0.6953125,0.6295999999999999
xor3,common_temperature_study,1204,0,0,512,8,2,0.006,0.0006,age,1.0,,B,analytic,hybrid,False,budget,cuda,0.9948141942133263,age-local,common-temperature-soft,0.13675625000000002,0.182875,0.12138333333333336,0.36267916666666666,0.42291875,0.3024395833333334,0.8081375,0.8607541666666666,0.6502875,0.032106076388888884,0.0647484375,0.01839670138888888,0.03892968749999999,0.022655820794753093,0.05871093750000009,0.022792429641812866,0.3998071992067376,0.43359375,0.48554326256392666,0.42029346008808594,0.4211,0.6870547098688033,0.6693682461263579,0.6694,1c1d1dbf85fb8048,0.9948141942133263,0.9948141942133263,0.03571428571428571,1.4068797254977483,,0.669921875,0.6774875
xor3,common_temperature_study,1204,0,0,512,8,2,0.008,0.0006,age,1.0,,B,analytic,hybrid,False,budget,cuda,0.9772362445412965,age-local,common-temperature-soft,0.20315312500000005,0.3207,0.16397083333333337,0.4164208333333333,0.48034791666666665,0.35249375,0.83726875,0.8965208333333333,0.6595125,0.035694965277777775,0.07451953125000002,0.04164982638888894,0.0840945312500001,0.02796234085648148,0.07329531249999997,0.02852602796052632,0.40203442785504606,0.4375,0.5253491529232898,0.5569191442337955,0.5576,0.7130548753831922,0.6709298113516518,0.6714,27a9f2b7e94fb0fc,0.9772362445412965,0.9772362445412965,0.03571428571428571,1.3820207506728521,,0.716796875,0.56640625
xor3,common_temperature_study,1204,0,0,512,8,2,0.012,0.0006,age,1.0,,B,analytic,hybrid,False,budget,cuda,0.9029736543063381,age-local,common-temperature-soft,0.11396875000000002,0.2053125,0.08352083333333336,0.34112604166666666,0.39839791666666663,0.2838541666666667,0.817878125,0.86004375,0.6913812500000001,0.0445157986111111,0.10134140624999999,0.01847170138888888,0.038202343749999965,0.023190967399691367,0.06300624999999999,0.02362795595760234,0.40775292886846515,0.412109375,0.4918902751652703,0.538091347587803,0.5387,0.6955856240028518,0.6714382649826989,0.6729,98d58052c1a28494,0.9029736543063381,0.9029736543063381,0.03571428571428571,1.2769975883856182,,0.64453125,0.7109375
xor3,common_temperature_study,1204,0,0,512,8,2,0.016,0.0006,age,1.0,,B,analytic,hybrid,False,budget,cuda,0.8061980899518151,age-local,common-temperature-soft,0.16276093750000004,0.174275,0.15892291666666666,0.3866104166666666,0.41678958333333327,0.35643125,0.8471890625,0.8626645833333333,0.8007625,0.03443645833333332,0.0733125,0.021098611111111096,0.052741406249999956,0.02037671682098766,0.05174062500000001,0.02076570723684211,0.40254168341137814,0.421875,0.5445565855117924,0.35061252268602544,0.4504,0.7400710975540847,0.716241974321329,0.7163,1927b48dd4e74646,0.8061980899518151,0.8061980899518151,0.03571428571428571,1.1401362727691413,,0.712890625,0.57439375
xor3,common_temperature_study,1204,0,0,512,8,2,0.023,0.0006,age,1.0,,B,analytic,hybrid,False,budget,cuda,0.6506341092311254,age-local,common-temperature-soft,0.10472656250000002,0.10024375000000003,0.10622083333333336,0.34284583333333335,0.3580750000000001,0.32761666666666667,0.8091093750000001,0.8640520833333335,0.64428125,0.01783350694444444,0.03817656250000001,0.034565451388888925,0.06901484375000008,0.02525298996913581,0.06780078125000003,0.02530280519005848,0.417063716539698,0.412109375,0.4677084869023534,0.43266318465326525,0.4345,0.7266385204166159,0.6806478363380509,0.6809,6e8d4b683c10ac68,0.6506341092311254,0.6506341092311254,0.03571428571428571,0.9201355814171954,,0.70703125,0.6139749999999999
xor3,common_temperature_study,1204,0,0,512,8,2,0.032,0.0006,age,1.0,,B,analytic,hybrid,False,budget,cuda,0.5065185597697057,age-local,common-temperature-soft,0.11361875000000002,0.13520000000000004,0.106425,0.3625083333333334,0.3932708333333333,0.33174583333333335,0.8283312500000001,0.8706645833333334,0.70133125,0.018465798611111108,0.045392187500000014,0.026611979166666702,0.055359375000000086,0.023511506558641974,0.062410156250000015,0.023460316154970757,0.4106342933149287,0.421875,0.5312158696604602,0.6002104863747888,0.6008,0.6539393064819051,0.6270598636780689,0.6274,bcfc00f93e4f7c33,0.5065185597697057,0.5065185597697057,0.03571428571428571,0.7163254168200051,,0.6875,0.625
xor3,common_temperature_study,1204,0,0,512,8,2,0.05,0.0006,age,1.0,,B,analytic,hybrid,False,budget,cuda,0.3426949069654599,age-local,common-temperature-soft,0.1268796875,0.15804999999999997,0.11648958333333333,0.3569072916666667,0.3801895833333333,0.33362500000000006,0.815534375,0.84115625,0.73866875,0.02249305555555556,0.04843671875000001,0.01973107638888892,0.04378906250000006,0.015998736496913576,0.03998125000000001,0.01626785910087719,0.39509283486511054,0.423828125,0.50868850496167,0.5242508620550096,0.5298,0.6917615252999307,0.66776614151795,0.6681,fec98a98191431c8,0.3426949069654599,0.3426949069654599,0.03571428571428571,0.48464378518673945,,0.654296875,0.69140625
xor3,common_temperature_study,1204,0,0,512,8,2,0.08,0.0006,age,1.0,,B,analytic,hybrid,False,budget,cuda,0.2195795200967781,age-local,common-temperature-soft,0.16886250000000003,0.18258124999999997,0.16428958333333335,0.4214541666666667,0.45622500000000005,0.3866833333333333,0.872790625,0.9154291666666667,0.7448750000000001,0.030249305555555564,0.06589453125000005,0.0285630208333333,0.0602499999999999,0.024139101080246913,0.06691796874999995,0.02441631487573099,0.3806895617836175,0.404296875,0.5016957621433377,0.47314161969720436,0.4878,0.6126399448968345,0.5870011499020806,0.5873,283f2bc895e21bec,0.2195795200967781,0.2195795200967781,0.03571428571428571,0.3105323353402392,,0.62109375,0.7578125
xor3,common_temperature_study,1204,0,0,512,8,2,0.12,0.0006,age,1.0,,B,analytic,hybrid,False,budget,cuda,0.14772074061076285,age-local,common-temperature-soft,0.2602828125,0.30038124999999993,0.24691666666666667,0.4903635416666667,0.5336333333333333,0.44709375,0.885015625,0.9316125,0.745225,0.04695121527777778,0.12259140625,0.061529166666666635,0.12401484374999988,0.04506226851851852,0.13538359375,0.045545317068713446,0.3621403345156555,0.421875,0.5026894087278586,0.4660529344073647,0.4896,0.5357817217370175,0.5324121702931451,0.5329,ed4af12a28e15dcb,0.14772074061076285,0.14772074061076285,0.03571428571428571,0.20890867481553888,,0.595703125,0.80859375
xor3,common_temperature_study,1204,0,0,512,8,2,0.18,0.0006,age,1.0,,B,analytic,hybrid,False,budget,cuda,0.09888216573214147,age-local,common-temperature-soft,0.3074078125,0.40091875,0.27623749999999997,0.5768541666666667,0.6079145833333334,0.54579375,0.9755156250000001,1.0163166666666668,0.8531125,0.07241666666666667,0.16254140625000002,0.05310555555555553,0.11695859374999998,0.052493619791666675,0.1569140625,0.05303401407163743,0.35374222462957783,0.3984375,0.5060978606224782,0.4961960501770334,0.4962,0.543163599448136,0.5251338796414013,0.5252,9bf5e715d881510e,0.09888216573214147,0.09888216573214147,0.03571428571428571,0.13984049985521857,,0.50390625,0.9921874999999999
xor3,common_temperature_study,1204,0,0,512,8,2,0.3,0.0006,age,1.0,,B,analytic,hybrid,False,budget,cuda,0.05945360972790323,age-local,common-temperature-soft,0.23111874999999998,0.3978499999999999,0.1755416666666667,0.46757083333333344,0.5635979166666667,0.37154375,0.9004796875000001,0.97498125,0.676975,0.07872256944444445,0.17147265625,0.04838090277777774,0.0978476562499999,0.05239184510030864,0.1498875,0.05297920778508772,0.36377976918507127,0.39453125,0.5015490962258077,0.521272859108094,0.5229,0.44925519325405605,0.45047923219447694,0.4558,64e40bdc8c4e9982,0.05945360972790323,0.05945360972790323,0.03571428571428571,0.08408010120923773,,0.537109375,0.9257812499999999
xor3,common_temperature_study,1204,0,0,512,8,2,0.4,0.0006,age,1.0,,B,analytic,hybrid,False,budget,cuda,0.04461322325626036,age-local,common-temperature-soft,0.28137343750000005,0.4408187499999999,0.22822500000000004,0.5395,0.6016708333333333,0.47732916666666664,0.951940625,1.0005854166666666,0.80600625,0.08247152777777779,0.17248515625,0.048884895833333324,0.09874531249999996,0.0501932918595679,0.14088984375000002,0.05100828764619883,0.35618622448979576,0.40625,0.49468665196886086,0.5037045284833648,0.5056,0.4985913268859556,0.48274703642531874,0.4842,487e19a93f87e4fa,0.04461322325626036,0.04461322325626036,0.03571428571428571,0.06309262539018218,,0.55078125,0.8984375
xor3,common_temperature_study,1205,0,0,512,8,2,0.0,0.0006,global,1.0,,B,global,hybrid,False,budget,cuda,1.0,hard,common-temperature-hard,0.17478906249999998,0.19351249999999998,0.1685479166666667,0.3623135416666667,0.39500833333333335,0.32961875,0.780190625,0.8119229166666667,0.68499375,0.04035815972222223,0.08682890625000003,0.0434319444444444,0.09032031249999989,0.03142676986882715,0.087884375,0.031977732090643265,0.3958234139117976,0.453125,0.5181666047988608,0.33271572043451525,0.4913,0.6949071390645811,0.6581111819831705,0.6587,68a97e17f38bc7cf,1.0,1.0,1.0,1.4142135623730951,,0.619140625,0.76171875
xor3,common_temperature_study,1205,0,0,512,8,2,0.00025,0.0006,age,1.0,,B,analytic,hybrid,False,budget,cuda,1.0,age-local,common-temperature-soft,0.14853125,0.2295375,0.12152916666666663,0.3996125,0.4480645833333334,0.35116041666666664,0.847965625,0.8926479166666667,0.7139187499999999,0.03716979166666667,0.07584531250000004,0.045679687499999976,0.09400156249999991,0.02886398533950617,0.07866562499999998,0.029525077668128657,0.40328509400335477,0.427734375,0.5023504964071053,0.4617927450442768,0.4623,0.7479834336744305,0.7039992422380601,0.704,60b42186ebd359a7,1.0,1.0,0.03571428571428571,1.4142135623730951,,0.708984375,0.61891875
xor3,common_temperature_study,1205,0,0,512,8,2,0.0005,0.0006,age,1.0,,B,analytic,hybrid,False,budget,cuda,1.0,age-local,common-temperature-soft,0.14853125,0.2295375,0.12152916666666663,0.3996125,0.4480645833333334,0.35116041666666664,0.847965625,0.8926479166666667,0.7139187499999999,0.03716979166666667,0.07584531250000004,0.045679687499999976,0.09400156249999991,0.02886398533950617,0.07866562499999998,0.029525077668128657,0.40328509400335477,0.427734375,0.5023504964071053,0.4617927450442768,0.4623,0.7479834336744305,0.7039992422380601,0.704,5e25b2e084cea08e,1.0,1.0,0.03571428571428571,1.4142135623730951,,0.708984375,0.61891875
xor3,common_temperature_study,1205,0,0,512,8,2,0.001,0.0006,age,1.0,,B,analytic,hybrid,False,budget,cuda,0.9999999999999993,age-local,common-temperature-soft,0.14853125,0.2295375,0.12152916666666663,0.3996125,0.4480645833333334,0.35116041666666664,0.847965625,0.8926479166666667,0.7139187499999999,0.03716979166666667,0.07584531250000004,0.045679687499999976,0.09400156249999991,0.02886398533950617,0.07866562499999998,0.029525077668128657,0.40328509400335477,0.427734375,0.5023504964071053,0.4617927450442768,0.4623,0.7479834336744305,0.7039992422380601,0.704,2b843b48d52c0757,0.9999999999999993,0.9999999999999993,0.03571428571428571,1.4142135623730943,,0.708984375,0.61891875
xor3,common_temperature_study,1205,0,0,512,8,2,0.0015,0.0006,age,1.0,,B,analytic,hybrid,False,budget,cuda,0.999999999908655,age-local,common-temperature-soft,0.14853125,0.2295375,0.12152916666666663,0.3996125,0.4480645833333334,0.35116041666666664,0.847965625,0.8926479166666667,0.7139187499999999,0.03716979166666667,0.07584531250000004,0.045679687499999976,0.09400156249999991,0.02886398533950617,0.07866562499999998,0.029525077668128657,0.40328509400335477,0.427734375,0.5023504964071053,0.4617927450442768,0.4623,0.7479834336744305,0.7039992422380601,0.704,040417037c7226cb,0.999999999908655,0.999999999908655,0.03571428571428571,1.4142135622439138,,0.708984375,0.61891875
xor3,common_temperature_study,1205,0,0,512,8,2,0.002,0.0006,age,1.0,,B,analytic,hybrid,False,budget,cuda,0.9999999648624576,age-local,common-temperature-soft,0.14853125,0.2295375,0.12152916666666663,0.3996125,0.4480645833333334,0.35116041666666664,0.847965625,0.8926479166666667,0.7139187499999999,0.03716979166666667,0.07584531250000004,0.045679687499999976,0.09400156249999991,0.02886398533950617,0.07866562499999998,0.029525077668128657,0.40328509400335477,0.427734375,0.5023504964071053,0.4617927450442768,0.4623,0.7479834336744305,0.7039992422380601,0.704,ab9c18df52c30bb4,0.9999999648624576,0.9999999648624576,0.03571428571428571,1.4142135126811062,,0.708984375,0.61891875
xor3,common_temperature_study,1205,0,0,512,8,2,0.0025,0.0006,age,1.0,,B,analytic,hybrid,False,budget,cuda,0.999998750250879,age-local,common-temperature-soft,0.14853125,0.2295375,0.12152916666666663,0.3996125,0.4480645833333334,0.35116041666666664,0.847965625,0.8926479166666667,0.7139187499999999,0.03716979166666667,0.07584531250000004,0.045679687499999976,0.09400156249999991,0.02886398533950617,0.07866562499999998,0.029525077668128657,0.40328509400335477,0.427734375,0.5023504964071053,0.4617927450442768,0.4623,0.7479834336744305,0.7039992422380601,0.704,abbe82802a13d7e7,0.999998750250879,0.999998750250879,0.03571428571428571,1.4142117949609387,,0.708984375,0.61891875
xor3,common_temperature_study,1205,0,0,512,8,2,0.003,0.0006,age,1.0,,B,analytic,hybrid,False,budget,cuda,0.9999864837985184,age-local,common-temperature-soft,0.14853125,0.2295375,0.12152916666666663,0.3996125,0.4480645833333334,0.35116041666666664,0.847965625,0.8926479166666667,0.7139187499999999,0.03716979166666667,0.07584531250000004,0.045679687499999976,0.09400156249999991,0.02886398533950617,0.07866562499999998,0.029525077668128657,0.40328509400335477,0.427734375,0.5023504964071053,0.4617927450442768,0.4623,0.7479834336744305,0.7039992422380601,0.704,2374e667c93c9425,0.9999864837985184,0.9999864837985184,0.03571428571428571,1.414194447577648,,0.708984375,0.61891875
xor3,common_temperature_study,1205,0,0,512,8,2,0.004,0.0006,age,1.0,,B,analytic,hybrid,False,budget,cuda,0.9997349406477949,age-local,common-temperature-soft,0.12158749999999997,0.17485,0.10383333333333332,0.3563645833333333,0.39953750000000005,0.3131916666666667,0.8055359375,0.8290291666666666,0.7350562500000001,0.027965104166666668,0.056243749999999995,0.02030538194444443,0.039235937499999915,0.020755357831790125,0.052713281249999994,0.020933246527777775,0.4016041615704501,0.419921875,0.5092938570311041,0.509403051504776,0.5239,0.7390417349173413,0.7030688238315357,0.704,984adfc6fb2b6398,0.9997349406477949,0.9997349406477949,0.03571428571428571,1.4138387118423728,,0.71875,0.5625
xor3,common_temperature_study,1205,0,0,512,8,2,0.006,0.0006,age,1.0,,B,analytic,hybrid,False,budget,cuda,0.9948141942133263,age-local,common-temperature-soft,0.18169062499999994,0.23048124999999997,0.1654270833333333,0.39246875,0.47047083333333334,0.31446666666666667,0.8512140625,0.9136354166666667,0.66395,0.051734375,0.11515625000000002,0.06309270833333332,0.12778359374999998,0.034558400848765436,0.09860234374999997,0.03576130299707602,0.41011011103927875,0.416015625,0.5020919001836185,0.45074849954755725,0.5083,0.7474142778730473,0.6752853283468716,0.6763,baba9306a1e7f641,0.9948141942133263,0.9948141942133263,0.03571428571428571,1.4068797254977483,,0.705078125,0.6150562499999999
xor3,common_temperature_study,1205,0,0,512,8,2,0.008,0.0006,age,1.0,,B,analytic,hybrid,False,budget,cuda,0.9772362445412965,age-local,common-temperature-soft,0.1343796875,0.15994375,0.12585833333333335,0.34436979166666665,0.38284583333333333,0.30589374999999996,0.804553125,0.8490208333333333,0.6711499999999999,0.03480104166666667,0.07566171875,0.030830902777777756,0.0682960937499999,0.018633246527777772,0.05647265625000003,0.019379705774853796,0.40330611589670107,0.41796875,0.5202360949104966,0.5059189290191382,0.5157,0.7416442445892883,0.7110032838266822,0.7117,5457ed8508226899,0.9772362445412965,0.9772362445412965,0.03571428571428571,1.3820207506728521,,0.73046875,0.5390625
xor3,common_temperature_study,1205,0,0,512,8,2,0.012,0.0006,age,1.0,,B,analytic,hybrid,False,budget,cuda,0.9029736543063381,age-local,common-temperature-soft,0.103653125,0.09393750000000002,0.10689166666666666,0.36723645833333335,0.42577708333333325,0.30869583333333334,0.841921875,0.8787416666666666,0.7314625000000001,0.015225347222222222,0.03161640624999999,0.02554635416666662,0.057067187499999894,0.018531163194444443,0.048996093750000025,0.018628778326023387,0.4031035412880905,0.408203125,0.5308409411525916,0.5981872249177482,0.5985,0.7459216670340318,0.6926333459084569,0.6935,c4de78b30d476e25,0.9029736543063381,0.9029736543063381,0.03571428571428571,1.2769975883856182,,0.73046875,0.5390625
xor3,common_temperature_study,1205,0,0,512,8,2,0.016,0.0006,age,1.0,,B,analytic,hybrid,False,budget,cuda,0.8061980899518151,age-local,common-temperature-soft,0.12695937499999999,0.23105625000000002,0.09226041666666664,0.3903979166666666,0.45831249999999996,0.32248333333333334,0.8611625,0.9067041666666666,0.7245375000000001,0.05077274305555555,0.10740390625000001,0.03566579861111106,0.07323046874999989,0.02985823688271605,0.08867578124999999,0.03056144919590643,0.41289319130905777,0.416015625,0.46424721126663165,0.4265022966915932,0.4341,0.6856860347314497,0.6542890852280068,0.6545,4d3678af5a7b21ea,0.8061980899518151,0.8061980899518151,0.03571428571428571,1.1401362727691413,,0.705078125,0.59161875
xor3,common_temperature_study,1205,0,0,512,8,2,0.023,0.0006,age,1.0,,B,analytic,hybrid,False,budget,cuda,0.6506341092311254,age-local,common-temperature-soft,0.12699531249999996,0.15835625000000003,0.11654166666666661,0.3472635416666667,0.4050125,0.28951458333333335,0.8162421875000001,0.8710750000000002,0.65174375,0.02512204861111111,0.060553124999999985,0.023202256944444413,0.04944609374999992,0.02081762152777778,0.055837499999999984,0.020993649488304095,0.40512546521176956,0.4140625,0.5192976331282332,0.35388213634009397,0.4957,0.7479720285485107,0.710186599028339,0.7102,d7782feb54f01df2,0.6506341092311254,0.6506341092311254,0.03571428571428571,0.9201355814171954,,0.666015625,0.66796875
xor3,common_temperature_study,1205,0,0,512,8,2,0.032,0.0006,age,1.0,,B,analytic,hybrid,False,budget,cuda,0.5065185597697057,age-local,common-temperature-soft,0.14030468749999997,0.14835624999999997,0.13762083333333333,0.3866114583333333,0.39888125,0.37434166666666663,0.8893671875,0.9092625000000001,0.8296812499999999,0.027320312500000003,0.060957031250000016,0.02597430555555554,0.05924687499999992,0.019122743055555554,0.050071093750000024,0.01951877284356725,0.4048865800601063,0.3984375,0.4890772508796353,0.485249794069302,0.4956,0.7733213415437434,0.7323903660531779,0.7324,6657b751f14675ad,0.5065185597697057,0.5065185597697057,0.03571428571428571,0.7163254168200051,,0.71875,0.5625
xor3,common_temperature_study,1205,0,0,512,8,2,0.05,0.0006,age,1.0,,B,analytic,hybrid,False,budget,cuda,0.3426949069654599,age-local,common-temperature-soft,0.127859375,0.19281874999999998,0.10620625,0.39169479166666665,0.4159791666666666,0.3674104166666667,0.846496875,0.8898541666666667,0.716425,0.029755902777777787,0.06270312500000005,0.03643194444444439,0.08521249999999991,0.02640491415895061,0.07585937500000005,0.026756967288011687,0.39706152152641877,0.4296875,0.5139264591077813,0.49860045858161234,0.5149,0.6350619222303273,0.6101361582121168,0.6123,3a88d1d801881184,0.3426949069654599,0.3426949069654599,0.03571428571428571,0.48464378518673945,,0.623046875,0.75390625
xor3,common_temperature_study,1205,0,0,512,8,2,0.08,0.0006,age,1.0,,B,analytic,hybrid,False,budget,cuda,0.2195795200967781,age-local,common-temperature-soft,0.16329218750000002,0.18520624999999996,0.1559875,0.3682302083333333,0.3769604166666667,0.3595,0.8304546875,0.8627708333333333,0.73350625,0.0346703125,0.07275390625000006,0.028054861111111107,0.08409687499999996,0.025163271604938274,0.07840937500000006,0.02548955135233918,0.3886918048469389,0.423828125,0.5358285427802671,0.4931322028361502,0.5154,0.7294796773461867,0.6708877537333164,0.6709,67e1514e4508c48b,0.2195795200967781,0.2195795200967781,0.03571428571428571,0.3105323353402392,,0.70703125,0.5859375
xor3,common_temperature_study,1205,0,0,512,8,2,0.12,0.0006,age,1.0,,B,analytic,hybrid,False,budget,cuda,0.14772074061076285,age-local,common-temperature-soft,0.23977500000000002,0.28434375,0.22491875000000006,0.4769572916666666,0.5144145833333332,0.43950000000000006,0.9052,0.9564729166666667,0.7513812500000001,0.05924479166666668,0.11879765625000001,0.06175468749999998,0.12830624999999993,0.04512631655092593,0.1318609375,0.04593544407894737,0.36610773911448136,0.392578125,0.4868627756058683,0.5069383167622835,0.5074,0.516114062304162,0.5039456113569456,0.5087,d2d4fc4c6ce3cb87,0.14772074061076285,0.14772074061076285,0.03571428571428571,0.20890867481553888,,0.525390625,0.9492187499999999
xor3,common_temperature_study,1205,0,0,512,8,2,0.18,0.0006,age,1.0,,B,analytic,hybrid,False,budget,cuda,0.09888216573214147,age-local,common-temperature-soft,0.22638906250000002,0.24550624999999995,0.22001666666666667,0.4498052083333333,0.4660520833333333,0.4335583333333333,0.8844624999999999,0.9189916666666665,0.780875,0.05036371527777778,0.10452578125000002,0.052793402777777776,0.11168124999999997,0.0405793643904321,0.11566250000000002,0.04115826937134503,0.373165362035225,0.4140625,0.48235330887113903,0.483707012115706,0.4921,0.5031000732969426,0.4980749624792725,0.4997,c23ea399a615eb4f,0.09888216573214147,0.09888216573214147,0.03571428571428571,0.13984049985521857,,0.5,1.0
xor3,common_temperature_study,1205,0,0,512,8,2,0.3,0.0006,age,1.0,,B,analytic,hybrid,False,budget,cuda,0.05945360972790323,age-local,common-temperature-soft,0.31315,0.4251937499999999,0.2758020833333334,0.5499843750000001,0.57920625,0.5207625,0.9441234375,0.9806145833333334,0.8346500000000001,0.0862203125,0.17718281250000006,0.08616163194444441,0.1739023437499999,0.06709406828703704,0.19901953125000002,0.06809916849415204,0.3485145984763768,0.39453125,0.5382912496192289,0.5461105961212105,0.5528,0.4861016535271613,0.501517519377443,0.5019,3bdf3ac347bc5a67,0.05945360972790323,0.05945360972790323,0.03571428571428571,0.08408010120923773,,0.484375,1.03125
xor3,common_temperature_study,1205,0,0,512,8,2,0.4,0.0006,age,1.0,,B,analytic,hybrid,False,budget,cuda,0.04461322325626036,age-local,common-temperature-soft,0.2756328125,0.33405624999999994,0.2561583333333333,0.5177010416666668,0.5403520833333334,0.49505,0.937153125,0.9749791666666666,0.8236749999999999,0.0631105902777778,0.1460171875,0.05944340277777776,0.1281539062499999,0.046472251157407406,0.13882421875,0.047251448282163745,0.3595464512859939,0.3984375,0.5148615193612618,0.5243560251775828,0.5296,0.5689003065537775,0.5589466325425376,0.559,809df76c01278141,0.04461322325626036,0.04461322325626036,0.03571428571428571,0.06309262539018218,,0.529296875,0.94140625
xor3,common_temperature_study,1200,0,0,512,8,2,0.0,0.003,global,1.0,,B,global,hybrid,False,budget,cuda,1.0,hard,common-temperature-hard,0.08595156250000001,0.11537500000000002,0.07614375,0.27568437500000004,0.30604375,0.24532500000000002,0.6731640624999999,0.7283395833333333,0.5076375,0.019512847222222216,0.04103046874999994,0.007657638888888906,0.01601640624999999,0.011185643325617285,0.0303015625,0.011311938048245618,0.40929844754682687,0.494140625,0.5058702783378962,0.5234551409274546,0.5307,0.8954896888857727,0.8353546303219315,0.8354,3460ab0c34a0aec2,1.0,1.0,1.0,1.4142135623730951,,0.837890625,0.34783125
xor3,common_temperature_study,1200,0,0,512,8,2,0.00025,0.003,age,1.0,,B,analytic,hybrid,False,budget,cuda,1.0,age-local,common-temperature-soft,0.10728593750000001,0.11117500000000001,0.10598958333333336,0.293084375,0.33231875000000005,0.25384999999999996,0.753740625,0.8017041666666668,0.60985,0.01429010416666667,0.04110625000000001,0.02309114583333332,0.04628984374999992,0.014410464891975306,0.036425,0.014635736476608182,0.40046133500489234,0.44140625,0.5142105467881486,0.47198783459970917,0.472,0.8617443023592523,0.806354074932411,0.8064,788d13257e870e78,1.0,1.0,0.03571428571428571,1.4142135623730951,,0.841796875,0.34746874999999994
xor3,common_temperature_study,1200,0,0,512,8,2,0.0005,0.003,age,1.0,,B,analytic,hybrid,False,budget,cuda,1.0,age-local,common-temperature-soft,0.10728593750000001,0.11117500000000001,0.10598958333333336,0.293084375,0.33231875000000005,0.25384999999999996,0.753740625,0.8017041666666668,0.60985,0.01429010416666667,0.04110625000000001,0.02309114583333332,0.04628984374999992,0.014410464891975306,0.036425,0.014635736476608182,0.40046133500489234,0.44140625,0.5142105467881486,0.47198783459970917,0.472,0.8617443023592523,0.806354074932411,0.8064,419fb7def671289b,1.0,1.0,0.03571428571428571,1.4142135623730951,,0.841796875,0.34746874999999994
xor3,common_temperature_study,1200,0,0,512,8,2,0.001,0.003,age,1.0,,B,analytic,hybrid,False,budget,cuda,0.9999999999999993,age-local,common-temperature-soft,0.10728593750000001,0.11117500000000001,0.10598958333333336,0.293084375,0.33231875000000005,0.25384999999999996,0.753740625,0.8017041666666668,0.60985,0.01429010416666667,0.04110625000000001,0.02309114583333332,0.04628984374999992,0.014410464891975306,0.036425,0.014635736476608182,0.40046133500489234,0.44140625,0.5142105467881486,0.47198783459970917,0.472,0.8617443023592523,0.806354074932411,0.8064,e803f17c80eb16f7,0.9999999999999993,0.9999999999999993,0.03571428571428571,1.4142135623730943,,0.841796875,0.34746874999999994
xor3,common_temperature_study,1200,0,0,512,8,2,0.0015,0.003,age,1.0,,B,analytic,hybrid,False,budget,cuda,0.999999999908655,age-local,common-temperature-soft,0.10728593750000001,0.11117500000000001,0.10598958333333336,0.293084375,0.33231875000000005,0.25384999999999996,0.753740625,0.8017041666666668,0.60985,0.01429010416666667,0.04110625000000001,0.02309114583333332,0.04628984374999992,0.014410464891975306,0.036425,0.014635736476608182,0.40046133500489234,0.44140625,0.5142105467881486,0.47198783459970917,0.472,0.8617443023592523,0.806354074932411,0.8064,2a3523be172f724f,0.999999999908655,0.999999999908655,0.03571428571428571,1.4142135622439138,,0.841796875,0.34746874999999994
xor3,common_temperature_study,1200,0,0,512,8,2,0.002,0.003,age,1.0,,B,analytic,hybrid,False,budget,cuda,0.9999999648624576,age-local,common-temperature-soft,0.10728593750000001,0.11117500000000001,0.10598958333333336,0.293084375,0.33231875000000005,0.25384999999999996,0.753740625,0.8017041666666668,0.60985,0.01429010416666667,0.04110625000000001,0.02309114583333332,0.04628984374999992,0.014410464891975306,0.036425,0.014635736476608182,0.40046133500489234,0.44140625,0.5142105467881486,0.47198783459970917,0.472,0.8617443023592523,0.806354074932411,0.8064,1428fa33beb44818,0.9999999648624576,0.9999999648624576,0.03571428571428571,1.4142135126811062,,0.841796875,0.34746874999999994
xor3,common_temperature_study,1200,0,0,512,8,2,0.0025,0.003,age,1.0,,B,analytic,hybrid,False,budget,cuda,0.999998750250879,age-local,common-temperature-soft,0.10728593750000001,0.11117500000000001,0.10598958333333336,0.293084375,0.33231875000000005,0.25384999999999996,0.753740625,0.8017041666666668,0.60985,0.01429010416666667,0.04110625000000001,0.02309114583333332,0.04628984374999992,0.014410464891975306,0.036425,0.014635736476608182,0.40046133500489234,0.44140625,0.5142105467881486,0.47198783459970917,0.472,0.8617443023592523,0.806354074932411,0.8064,b09018a46c7f0a41,0.999998750250879,0.999998750250879,0.03571428571428571,1.4142117949609387,,0.841796875,0.34746874999999994
xor3,common_temperature_study,1200,0,0,512,8,2,0.003,0.003,age,1.0,,B,analytic,hybrid,False,budget,cuda,0.9999864837985184,age-local,common-temperature-soft,0.10610000000000004,0.13829375000000005,0.09536875000000002,0.28996770833333335,0.33246249999999994,0.24747291666666668,0.749365625,0.7959854166666668,0.6095062499999999,0.017897916666666666,0.0479703125,0.02347291666666666,0.04772500000000002,0.015343774112654321,0.039087499999999976,0.01562491319444444,0.4015443720296338,0.443359375,0.5186218894219818,0.5160918655042591,0.5161,0.8516260548140755,0.7963295381670242,0.7964,6d069c7a5fd9f7e2,0.9999864837985184,0.9999864837985184,0.03571428571428571,1.414194447577648,,0.84375,0.32793749999999994
xor3,common_temperature_study,1200,0,0,512,8,2,0.004,0.003,age,1.0,,B,analytic,hybrid,False,budget,cuda,0.9997349406477949,age-local,common-temperature-soft,0.09880781250000001,0.08391250000000001,0.10377291666666667,0.3009072916666667,0.3414520833333334,0.2603625,0.773240625,0.81119375,0.65938125,0.01542552083333333,0.03067031249999999,0.019399652777777745,0.042110156249999975,0.014628573495370374,0.03686171875000004,0.014775100511695907,0.4001623873008107,0.4375,0.4774671928551568,0.46878875957015254,0.4688,0.8762478208205895,0.8279828201769327,0.8281,d68a22aea4aabd75,0.9997349406477949,0.9997349406477949,0.03571428571428571,1.4138387118423728,,0.857421875,0.3377
xor3,common_temperature_study,1200,0,0,512,8,2,0.006,0.003,age,1.0,,B,analytic,hybrid,False,budget,cuda,0.9948141942133263,age-local,common-temperature-soft,0.11913749999999997,0.1458125,0.1102458333333333,0.3063125,0.3456395833333333,0.2669854166666667,0.7169375,0.7786791666666666,0.5317125,0.014514409722222229,0.03207031250000003,0.021800520833333368,0.04396250000000003,0.013965605709876545,0.0339765625,0.01418622989766082,0.40957173216032977,0.470703125,0.49085024773534214,0.4597914019127242,0.4735,0.8717607441488504,0.8341564760255682,0.8342,1e75be3703fd1acc,0.9948141942133263,0.9948141942133263,0.03571428571428571,1.4068797254977483,,0.849609375,0.31621874999999994
xor3,common_temperature_study,1200,0,0,512,8,2,0.008,0.003,age,1.0,,B,analytic,hybrid,False,budget,cuda,0.9772362445412965,age-local,common-temperature-soft,0.11394062499999998,0.1185875,0.11239166666666665,0.3191104166666667,0.3392979166666667,0.29892291666666665,0.7606046875000001,0.8030166666666667,0.63336875,0.017285590277777783,0.03611796875000005,0.017442881944444433,0.03425781249999993,0.01389084683641976,0.034984375,0.01407365679824562,0.4067324115005591,0.443359375,0.5119202374315112,0.4779377622780444,0.5125,0.8243584396571195,0.7852864165143361,0.7854,b6e64f59997fe6d4,0.9772362445412965,0.9772362445412965,0.03571428571428571,1.3820207506728521,,0.8125,0.37499999999999994
xor3,common_temperature_study,1200,0,0,512,8,2,0.012,0.003,age,1.0,,B,analytic,hybrid,False,budget,cuda,0.9029736543063381,age-local,common-temperature-soft,0.11187187500000002,0.07564375,0.1239479166666667,0.28192291666666663,0.3110145833333333,0.25283125,0.7693859375000001,0.817775,0.62421875,0.011212499999999986,0.028570312499999945,0.016656597222222222,0.03407187500000003,0.013335710841049384,0.03647421875000001,0.013367228618421054,0.40751104058918086,0.42578125,0.4839571096833761,0.37309808052434457,0.4858,0.8485065727940766,0.7853601241878237,0.786,c5af2a150681739e,0.9029736543063381,0.9029736543063381,0.03571428571428571,1.2769975883856182,,0.833984375,0.34179375
xor3,common_temperature_study,1200,0,0,512,8,2,0.016,0.003,age,1.0,,B,analytic,hybrid,False,budget,cuda,0.8061980899518151,age-local,common-temperature-soft,0.10342968750000002,0.11569375,0.09934166666666668,0.3216291666666667,0.3677270833333333,0.27553125,0.7910234375,0.8534541666666667,0.60373125,0.017980902777777776,0.039168749999999974,0.019468576388888922,0.04391093750000012,0.014375887345679008,0.036977343749999975,0.01460477430555555,0.412509610008387,0.427734375,0.500188764838469,0.4621300984275917,0.4622,0.8847958426435176,0.8596645217877532,0.8597,57d9e9ac51b8a78a,0.8061980899518151,0.8061980899518151,0.03571428571428571,1.1401362727691413,,0.849609375,0.30078124999999994
xor3,common_temperature_study,1200,0,0,512,8,2,0.023,0.003,age,1.0,,B,analytic,hybrid,False,budget,cuda,0.6506341092311254,age-local,common-temperature-soft,0.12832656249999996,0.17315625,0.11338333333333332,0.34333541666666667,0.40840000000000004,0.27827083333333336,0.814475,0.8609833333333333,0.6749499999999999,0.0218076388888889,0.05559375,0.017419097222222242,0.03648515625000007,0.01823348765432099,0.04472265624999998,0.01830611293859649,0.41153659665921155,0.404296875,0.4725270525585019,0.4323677131254243,0.4995,0.8433029340706888,0.7750120060857739,0.777,8b3cb4211fe0989c,0.6506341092311254,0.6506341092311254,0.03571428571428571,0.9201355814171954,,0.837890625,0.32421874999999994
xor3,common_temperature_study,1200,0,0,512,8,2,0.032,0.003,age,1.0,,B,analytic,hybrid,False,budget,cuda,0.5065185597697057,age-local,common-temperature-soft,0.12865000000000004,0.10969374999999999,0.13496875000000003,0.35179062499999997,0.3930520833333333,0.31052916666666663,0.8089390624999999,0.86634375,0.636725,0.01469166666666667,0.04096250000000004,0.02214218749999999,0.04750859374999997,0.015475733024691359,0.04095078125,0.015630532711988308,0.40426766275859666,0.388671875,0.552809814843183,0.6050196141002523,0.6061,0.8540105865180048,0.8125075962437327,0.8126,40327cd8abbf3f31,0.5065185597697057,0.5065185597697057,0.03571428571428571,0.7163254168200051,,0.849609375,0.31036874999999997
xor3,common_temperature_study,1200,0,0,512,8,2,0.05,0.003,age,1.0,,B,analytic,hybrid,False,budget,cuda,0.3426949069654599,age-local,common-temperature-soft,0.138578125,0.18309999999999998,0.1237375,0.33393333333333336,0.3774041666666667,0.2904625,0.8172234375,0.8680625000000001,0.66470625,0.036123090277777783,0.07923125000000003,0.013846354166666684,0.028150781250000034,0.021393026620370372,0.05721640625000002,0.021582063230994156,0.3950226708834218,0.4140625,0.5102715364393373,0.39282653532772926,0.5129,0.7777690004995845,0.7238487224630574,0.7249,d4a97a8c7281da89,0.3426949069654599,0.3426949069654599,0.03571428571428571,0.48464378518673945,,0.7734375,0.45312499999999994
xor3,common_temperature_study,1200,0,0,512,8,2,0.08,0.003,age,1.0,,B,analytic,hybrid,False,budget,cuda,0.2195795200967781,age-local,common-temperature-soft,0.2335453125,0.25661249999999997,0.22585625,0.45927187499999994,0.47100625,0.4475375,0.887434375,0.9135020833333334,0.8092312500000001,0.05574322916666668,0.11729765625000001,0.06699184027777776,0.15492656249999992,0.04945368441358024,0.147678125,0.050080729166666664,0.3657681126817165,0.40625,0.5125496803283268,0.5580863599505297,0.5592,0.7328041514978492,0.7065089966107347,0.7069,8ad6022003b126c8,0.2195795200967781,0.2195795200967781,0.03571428571428571,0.3105323353402392,,0.662109375,0.67578125
xor3,common_temperature_study,1200,0,0,512,8,2,0.12,0.003,age,1.0,,B,analytic,hybrid,False,budget,cuda,0.14772074061076285,age-local,common-temperature-soft,0.268571875,0.3501375,0.24138333333333337,0.5250093750000001,0.5659541666666668,0.4840645833333333,0.9258328125000002,0.9704312500000002,0.7920375000000001,0.07875902777777778,0.1568,0.07719149305555553,0.18373515624999992,0.061668846450617286,0.18027421875000005,0.0625270787646199,0.3555997955689126,0.408203125,0.5187623125337452,0.5468141031451101,0.5506,0.6180414125324486,0.6003002189466579,0.6004,69b73e5395abdbe1,0.14772074061076285,0.14772074061076285,0.03571428571428571,0.20890867481553888,,0.5546875,0.890625
xor3,common_temperature_study,1200,0,0,512,8,2,0.18,0.003,age,1.0,,B,analytic,hybrid,False,budget,cuda,0.09888216573214147,age-local,common-temperature-soft,0.42444062499999996,0.5501937499999999,0.3825229166666666,0.6971833333333334,0.7396083333333334,0.6547583333333333,1.068271875,1.1037812500000002,0.96174375,0.10209270833333334,0.22329765625000003,0.11064687499999996,0.22460078124999988,0.08249980709876542,0.24713515625,0.08375612207602338,0.3257659067479731,0.359375,0.48223469556157317,0.43472446333607495,0.4373,0.4062414411533119,0.42999416314023053,0.43,6d27a52a32c7be85,0.09888216573214147,0.09888216573214147,0.03571428571428571,0.13984049985521857,,0.44921875,1.1015625
xor3,common_temperature_study,1200,0,0,512,8,2,0.3,0.003,age,1.0,,B,analytic,hybrid,False,budget,cuda,0.05945360972790323,age-local,common-temperature-soft,0.47143906249999995,0.6634749999999999,0.4074270833333333,0.7973916666666666,0.8699083333333334,0.7248749999999999,1.157734375,1.2021187500000001,1.0245812500000002,0.1462324652777778,0.30189218749999996,0.14556319444444443,0.3079703124999999,0.11691955536265433,0.3547234375,0.11844472770467836,0.3044756429969248,0.330078125,0.5347158026703521,0.5618139297740077,0.5677,0.45158450013774193,0.48288188419767364,0.485,51f221e2a758b859,0.05945360972790323,0.05945360972790323,0.03571428571428571,0.08408010120923773,,0.451171875,1.09765625
xor3,common_temperature_study,1200,0,0,512,8,2,0.4,0.003,age,1.0,,B,analytic,hybrid,False,budget,cuda,0.04461322325626036,age-local,common-temperature-soft,0.48076874999999997,0.7689437499999999,0.38471041666666667,0.8097906250000001,0.9211458333333334,0.6984354166666668,1.1627890625000001,1.2099604166666669,1.0212750000000002,0.15636475694444446,0.32149062500000003,0.12949184027777774,0.27567656249999994,0.11566806037808641,0.3511234375,0.11710280975877195,0.30603972646421584,0.330078125,0.49045511014470344,0.4853636872617732,0.4854,0.4212908249483648,0.43049698732906294,0.4305,4cb47d5e349e5f52,0.04461322325626036,0.04461322325626036,0.03571428571428571,0.06309262539018218,,0.45703125,1.0859375
xor3,common_temperature_study,1201,0,0,512,8,2,0.0,0.003,global,1.0,,B,global,hybrid,False,budget,cuda,1.0,hard,common-temperature-hard,0.09661718750000003,0.08435,0.10070625000000005,0.30136562499999997,0.29783333333333334,0.30489791666666666,0.7374734375,0.78035,0.60884375,0.01598437499999999,0.032446874999999986,0.03432361111111115,0.07373906250000012,0.021826499807098772,0.05899921875000004,0.022001631030701765,0.4129690885343864,0.478515625,0.4804420498748958,0.4837490430576805,0.4839,0.8395630932366243,0.7707707327882845,0.7711,18cf84d1555ae4a4,1.0,1.0,1.0,1.4142135623730951,,0.798828125,0.40303749999999994
xor3,common_temperature_study,1201,0,0,512,8,2,0.00025,0.003,age,1.0,,B,analytic,hybrid,False,budget,cuda,1.0,age-local,common-temperature-soft,0.10620468749999998,0.1843125,0.08016874999999997,0.36923645833333324,0.42087916666666664,0.31759375,0.810634375,0.8678458333333333,0.639,0.03018072916666666,0.07403671875,0.021659722222222233,0.04595546875000005,0.020684085648148144,0.05451171874999999,0.02095967196637426,0.4124309826670394,0.42578125,0.46285366495117564,0.4571750177442615,0.4834,0.82816845202908,0.7784482473040844,0.7795,3dfb277a54502aa4,1.0,1.0,0.03571428571428571,1.4142135623730951,,0.84375,0.33752499999999996
xor3,common_temperature_study,1201,0,0,512,8,2,0.0005,0.003,age,1.0,,B,analytic,hybrid,False,budget,cuda,1.0,age-local,common-temperature-soft,0.10620468749999998,0.1843125,0.08016874999999997,0.36923645833333324,0.42087916666666664,0.31759375,0.810634375,0.8678458333333333,0.639,0.03018072916666666,0.07403671875,0.021659722222222233,0.04595546875000005,0.020684085648148144,0.05451171874999999,0.02095967196637426,0.4124309826670394,0.42578125,0.46285366495117564,0.4571750177442615,0.4834,0.82816845202908,0.7784482473040844,0.7795,b6a8edac6a5d5486,1.0,1.0,0.03571428571428571,1.4142135623730951,,0.84375,0.33752499999999996
xor3,common_temperature_study,1201,0,0,512,8,2,0.001,0.003,age,1.0,,B,analytic,hybrid,False,budget,cuda,0.9999999999999993,age-local,common-temperature-soft,0.10620468749999998,0.1843125,0.08016874999999997,0.36923645833333324,0.42087916666666664,0.31759375,0.810634375,0.8678458333333333,0.639,0.03018072916666666,0.07403671875,0.021659722222222233,0.04595546875000005,0.020684085648148144,0.05451171874999999,0.02095967196637426,0.4124309826670394,0.42578125,0.46285366495117564,0.4571750177442615,0.4834,0.82816845202908,0.7784482473040844,0.7795,8e3a522105594507,0.9999999999999993,0.9999999999999993,0.03571428571428571,1.4142135623730943,,0.84375,0.33752499999999996
xor3,common_temperature_study,1201,0,0,512,8,2,0.0015,0.003,age,1.0,,B,analytic,hybrid,False,budget,cuda,0.999999999908655,age-local,common-temperature-soft,0.10620468749999998,0.1843125,0.08016874999999997,0.36923645833333324,0.42087916666666664,0.31759375,0.810634375,0.8678458333333333,0.639,0.03018072916666666,0.07403671875,0.021659722222222233,0.04595546875000005,0.020684085648148144,0.05451171874999999,0.02095967196637426,0.4124309826670394,0.42578125,0.46285366495117564,0.4571750177442615,0.4834,0.82816845202908,0.7784482473040844,0.7795,b6d2306fb38e6468,0.999999999908655,0.999999999908655,0.03571428571428571,1.4142135622439138,,0.84375,0.33752499999999996
xor3,common_temperature_study,1201,0,0,512,8,2,0.002,0.003,age,1.0,,B,analytic,hybrid,False,budget,cuda,0.9999999648624576,age-local,common-temperature-soft,0.10620468749999998,0.1843125,0.08016874999999997,0.36923645833333324,0.42087916666666664,0.31759375,0.810634375,0.8678458333333333,0.639,0.03018072916666666,0.07403671875,0.021659722222222233,0.04595546875000005,0.020684085648148144,0.05451171874999999,0.02095967196637426,0.4124309826670394,0.42578125,0.46285366495117564,0.4571750177442615,0.4834,0.82816845202908,0.7784482473040844,0.7795,a0a5cce67023bdf7,0.9999999648624576,0.9999999648624576,0.03571428571428571,1.4142135126811062,,0.84375,0.33752499999999996
xor3,common_temperature_study,1201,0,0,512,8,2,0.0025,0.003,age,1.0,,B,analytic,hybrid,False,budget,cuda,0.999998750250879,age-local,common-temperature-soft,0.10620468749999998,0.18040625,0.0814708333333333,0.36892604166666665,0.41827499999999995,0.31957708333333334,0.8109015625,0.8678104166666666,0.6401749999999999,0.02942118055555555,0.07208359375,0.02249184027777778,0.04693359375000003,0.020680473572530857,0.05451171874999999,0.020958159722222213,0.41216643442479733,0.423828125,0.46318341315320755,0.4511811401745277,0.4752,0.8265722946521084,0.7715077013605456,0.7725,80a2a2d4bb72d95f,0.999998750250879,0.999998750250879,0.03571428571428571,1.4142117949609387,,0.841796875,0.33752499999999996
xor3,common_temperature_study,1201,0,0,512,8,2,0.003,0.003,age,1.0,,B,analytic,hybrid,False,budget,cuda,0.9999864837985184,age-local,common-temperature-soft,0.13452812499999994,0.21165625,0.10881874999999998,0.3663947916666666,0.41251666666666664,0.32027291666666663,0.8134234375,0.8624791666666667,0.66625625,0.026576388888888882,0.06570937499999999,0.019465104166666677,0.04910859374999996,0.018832735339506166,0.05050546874999998,0.01905315698099415,0.4127727931926195,0.41015625,0.515391117383797,0.5012483953476516,0.5132,0.8418557036274383,0.787000469410108,0.7873,5b9690a4819fede8,0.9999864837985184,0.9999864837985184,0.03571428571428571,1.414194447577648,,0.826171875,0.37090624999999994
xor3,common_temperature_study,1201,0,0,512,8,2,0.004,0.003,age,1.0,,B,analytic,hybrid,False,budget,cuda,0.9997349406477949,age-local,common-temperature-soft,0.1001734375,0.08593750000000001,0.10491875,0.30974375000000004,0.3473541666666667,0.27213333333333334,0.7573796874999998,0.8015979166666666,0.624725,0.015101215277777778,0.03215625,0.02983333333333333,0.06837343750000005,0.017734635416666665,0.05145468750000001,0.017983721673976605,0.4128560617311994,0.431640625,0.4941421672556514,0.4560090779905982,0.464,0.845459603364136,0.801619852436583,0.8017,c344b93b8bc53668,0.9997349406477949,0.9997349406477949,0.03571428571428571,1.4138387118423728,,0.765625,0.46874999999999994
xor3,common_temperature_study,1201,0,0,512,8,2,0.006,0.003,age,1.0,,B,analytic,hybrid,False,budget,cuda,0.9948141942133263,age-local,common-temperature-soft,0.1274078125,0.17338125,0.11208333333333337,0.29863854166666665,0.36170624999999995,0.23557083333333337,0.738646875,0.8045583333333334,0.5409125,0.02611857638888889,0.053853906250000014,0.028250173611111158,0.05710781250000013,0.020033270640432095,0.05313046875000001,0.020409644554093564,0.41163624589390546,0.44921875,0.5218576236903913,0.43962946685996906,0.4821,0.8613582488513637,0.8073773281913892,0.8076,9dd76b554951161f,0.9948141942133263,0.9948141942133263,0.03571428571428571,1.4068797254977483,,0.841796875,0.34960625
xor3,common_temperature_study,1201,0,0,512,8,2,0.008,0.003,age,1.0,,B,analytic,hybrid,False,budget,cuda,0.9772362445412965,age-local,common-temperature-soft,0.12636406250000004,0.13051875000000002,0.1249791666666667,0.33519479166666666,0.37355833333333327,0.29683125,0.8104921875000001,0.8553645833333334,0.675875,0.01734600694444444,0.03643984375000002,0.02269288194444448,0.05237968750000006,0.02156577932098766,0.0538953125,0.021484393274853807,0.41259178650055917,0.41796875,0.5175748988625448,0.48728251655791355,0.5081,0.8856434435892868,0.8442212666702404,0.8445,384e79bfbcb60815,0.9772362445412965,0.9772362445412965,0.03571428571428571,1.3820207506728521,,0.857421875,0.33220625
xor3,common_temperature_study,1201,0,0,512,8,2,0.012,0.003,age,1.0,,B,analytic,hybrid,False,budget,cuda,0.9029736543063381,age-local,common-temperature-soft,0.10780312500000004,0.16645000000000004,0.08825416666666669,0.317084375,0.3686895833333333,0.26547916666666665,0.749078125,0.8014625000000001,0.5919249999999999,0.03248506944444444,0.07810703125000001,0.031878298611111154,0.06692031250000008,0.02345272955246914,0.06806640625000002,0.023912148209064326,0.4189865372518871,0.44921875,0.5379056763271686,0.5415432243153215,0.5572,0.8211574410002832,0.7899645040011762,0.79,a3cada8f1a4f9c1f,0.9029736543063381,0.9029736543063381,0.03571428571428571,1.2769975883856182,,0.767578125,0.46484374999999994
xor3,common_temperature_study,1201,0,0,512,8,2,0.016,0.003,age,1.0,,B,analytic,hybrid,False,budget,cuda,0.8061980899518151,age-local,common-temperature-soft,0.1257109375,0.16616875000000003,0.11222500000000003,0.33223854166666666,0.38866666666666666,0.27581041666666667,0.8119562499999999,0.8671937499999999,0.64624375,0.02221180555555555,0.049344531250000004,0.027194965277777785,0.05408437499999999,0.017994555362654326,0.04655156250000003,0.018347651681286554,0.4100893621575342,0.41015625,0.5003688857920303,0.4643679075891404,0.466,0.9081339317142698,0.8517988381028907,0.8518,4948ae0d0e25b508,0.8061980899518151,0.8061980899518151,0.03571428571428571,1.1401362727691413,,0.845703125,0.36279999999999996
xor3,common_temperature_study,1201,0,0,512,8,2,0.023,0.003,age,1.0,,B,analytic,hybrid,False,budget,cuda,0.6506341092311254,age-local,common-temperature-soft,0.09078750000000001,0.13553125,0.07587291666666669,0.315421875,0.36230416666666665,0.26853958333333333,0.764840625,0.8192125,0.6017250000000001,0.01882343749999999,0.039068749999999985,0.01516857638888893,0.034594531250000074,0.014067052469135801,0.03561015625000001,0.014221207967836257,0.41229966408652513,0.421875,0.5047373291452111,0.4980791178408963,0.5004,0.873831254719121,0.8128999083209552,0.8129,16a65429258f862f,0.6506341092311254,0.6506341092311254,0.03571428571428571,0.9201355814171954,,0.849609375,0.32613749999999997
xor3,common_temperature_study,1201,0,0,512,8,2,0.032,0.003,age,1.0,,B,analytic,hybrid,False,budget,cuda,0.5065185597697057,age-local,common-temperature-soft,0.14407187500000002,0.20092499999999996,0.12512083333333338,0.3546895833333333,0.42092083333333336,0.2884583333333333,0.8380171875,0.8922916666666666,0.67519375,0.03135052083333333,0.073359375,0.01484236111111106,0.03194765624999989,0.019187524112654324,0.05506953125000005,0.019393256578947374,0.39729521945764606,0.421875,0.4990646196026342,0.46309371915837116,0.4859,0.7820577680432693,0.7202318237323313,0.721,f292f15e3b2d878c,0.5065185597697057,0.5065185597697057,0.03571428571428571,0.7163254168200051,,0.75390625,0.49288124999999994
xor3,common_temperature_study,1201,0,0,512,8,2,0.05,0.003,age,1.0,,B,analytic,hybrid,False,budget,cuda,0.3426949069654599,age-local,common-temperature-soft,0.11699062499999999,0.10246874999999998,0.12183125,0.35026666666666667,0.37330833333333335,0.32722500000000004,0.8378390625000001,0.8659520833333333,0.7535000000000001,0.012794097222222226,0.03536093750000002,0.029993576388888905,0.07285703125000004,0.018076065779321,0.046584375000000025,0.018250685307017553,0.40417238170953307,0.404296875,0.5259315746869273,0.45421180421303875,0.5033,0.8333287912919581,0.76982658513797,0.771,1d09af0cd4218828,0.3426949069654599,0.3426949069654599,0.03571428571428571,0.48464378518673945,,0.833984375,0.33203124999999994
xor3,common_temperature_study,1201,0,0,512,8,2,0.08,0.003,age,1.0,,B,analytic,hybrid,False,budget,cuda,0.2195795200967781,age-local,common-temperature-soft,0.19095,0.28856874999999993,0.1584104166666667,0.4343864583333333,0.49702291666666665,0.37175,0.8815531249999999,0.939025,0.7091375,0.06630659722222222,0.14028203125,0.04326215277777776,0.09242109374999993,0.04056326678240741,0.12564765624999996,0.041311746162280706,0.37273536876223085,0.390625,0.4736424738734577,0.43824645706608223,0.4392,0.7160980431044928,0.6897618788860989,0.6899,2780302276ac6b96,0.2195795200967781,0.2195795200967781,0.03571428571428571,0.3105323353402392,,0.70703125,0.5866312499999999
xor3,common_temperature_study,1201,0,0,512,8,2,0.12,0.003,age,1.0,,B,analytic,hybrid,False,budget,cuda,0.14772074061076285,age-local,common-temperature-soft,0.2881703125,0.42045,0.24407708333333336,0.5350020833333333,0.5787562500000001,0.4912479166666666,0.9396843749999999,0.9936895833333333,0.7776687499999999,0.08168871527777778,0.17248125000000003,0.07592465277777774,0.1646249999999999,0.06158769772376543,0.18704062500000002,0.0624939601608187,0.35077977573734975,0.392578125,0.49070514251925385,0.4538586616635397,0.4542,0.6225993210388477,0.5981722856315779,0.602,8b5a9e24e8f7d12b,0.14772074061076285,0.14772074061076285,0.03571428571428571,0.20890867481553888,,0.529296875,0.94140625
xor3,common_temperature_study,1201,0,0,512,8,2,0.18,0.003,age,1.0,,B,analytic,hybrid,False,budget,cuda,0.09888216573214147,age-local,common-temperature-soft,0.36824062500000004,0.44724375,0.34190625,0.6214562499999999,0.6458041666666666,0.5971083333333332,1.0059375000000002,1.0385875,0.9079875000000001,0.10157899305555557,0.20579609375000002,0.10346388888888886,0.21803281249999998,0.07756841724537036,0.22989374999999995,0.07888173428362573,0.33312575351202134,0.369140625,0.4889084550160224,0.429552769371187,0.43,0.5533447352578142,0.5461790153176682,0.5462,32eaeaf78038b5d3,0.09888216573214147,0.09888216573214147,0.03571428571428571,0.13984049985521857,,0.541015625,0.91796875
xor3,common_temperature_study,1201,0,0,512,8,2,0.3,0.003,age,1.0,,B,analytic,hybrid,False,budget,cuda,0.05945360972790323,age-local,common-temperature-soft,0.3714828125,0.4759749999999999,0.3366520833333333,0.67768125,0.7510583333333334,0.6043041666666666,1.0456421875,1.0995770833333334,0.8838375,0.10892864583333334,0.23440859375,0.10024461805555553,0.2025843749999999,0.08110796682098766,0.24412734375,0.0823436860380117,0.3259709384610009,0.36328125,0.4792645606641449,0.4220942878782876,0.4224,0.5946437967079925,0.5662984343373481,0.5663,9358523e9be6bd7e,0.05945360972790323,0.05945360972790323,0.03571428571428571,0.08408010120923773,,0.52734375,0.9453125
xor3,common_temperature_study,1201,0,0,512,8,2,0.4,0.003,age,1.0,,B,analytic,hybrid,False,budget,cuda,0.04461322325626036,age-local,common-temperature-soft,0.4527984375,0.5736312499999999,0.4125208333333334,0.7669989583333333,0.8016541666666667,0.7323437500000001,1.1146921875,1.1463354166666666,1.0197625,0.1254998263888889,0.25941171874999996,0.13007031249999998,0.27225859374999994,0.1004163242669753,0.30637343749999996,0.10185678453947368,0.30999211542493704,0.341796875,0.5356264119345799,0.5753303177649935,0.5756,0.5293705803136162,0.52221184065234,0.5248,7af1648a81162ea0,0.04461322325626036,0.04461322325626036,0.03571428571428571,0.06309262539018218,,0.51953125,0.9609374999999999
xor3,common_temperature_study,1202,0,0,512,8,2,0.0,0.003,global,1.0,,B,global,hybrid,False,budget,cuda,1.0,hard,common-temperature-hard,0.09866718749999999,0.13570624999999997,0.08632083333333333,0.28921145833333334,0.3236833333333333,0.2547395833333333,0.7073999999999999,0.7555437499999998,0.56296875,0.01796684027777778,0.041303906249999994,0.02251267361111112,0.04869218750000007,0.018637610918209875,0.04787343749999999,0.018721934393274856,0.4113408473406485,0.494140625,0.5086952680012504,0.45535509837796795,0.4903,0.9140510310954155,0.883076090229691,0.8831,3c2e0a0bba8910da,1.0,1.0,1.0,1.4142135623730951,,0.83984375,0.3435375
xor3,common_temperature_study,1202,0,0,512,8,2,0.00025,0.003,age,1.0,,B,analytic,hybrid,False,budget,cuda,1.0,age-local,common-temperature-soft,0.07835468749999998,0.05921874999999997,0.08473333333333331,0.30065729166666666,0.33081875,0.2704958333333333,0.731940625,0.7805291666666667,0.586175,0.007609374999999992,0.015807812500000004,0.015047048611111101,0.036453124999999975,0.011520278742283953,0.02967343750000003,0.01151016995614035,0.40621532752655853,0.46484375,0.5198307127155228,0.5656619874342259,0.5707,0.8066428575659045,0.7439277261614318,0.744,023ac1aa338d09e9,1.0,1.0,0.03571428571428571,1.4142135623730951,,0.81640625,0.37286874999999997
xor3,common_temperature_study,1202,0,0,512,8,2,0.0005,0.003,age,1.0,,B,analytic,hybrid,False,budget,cuda,1.0,age-local,common-temperature-soft,0.07835468749999998,0.05921874999999997,0.08473333333333331,0.30065729166666666,0.33081875,0.2704958333333333,0.731940625,0.7805291666666667,0.586175,0.007609374999999992,0.015807812500000004,0.015047048611111101,0.036453124999999975,0.011520278742283953,0.02967343750000003,0.01151016995614035,0.40621532752655853,0.46484375,0.5198307127155228,0.5656619874342259,0.5707,0.8066428575659045,0.7439277261614318,0.744,e9b5b960b78cb516,1.0,1.0,0.03571428571428571,1.4142135623730951,,0.81640625,0.37286874999999997
xor3,common_temperature_study,1202,0,0,512,8,2,0.001,0.003,age,1.0,,B,analytic,hybrid,False,budget,cuda,0.9999999999999993,age-local,common-temperature-soft,0.07835468749999998,0.05921874999999997,0.08473333333333331,0.30065729166666666,0.33081875,0.2704958333333333,0.731940625,0.7805291666666667,0.586175,0.007609374999999992,0.015807812500000004,0.015047048611111101,0.036453124999999975,0.011520278742283953,0.02967343750000003,0.01151016995614035,0.40621532752655853,0.46484375,0.5198307127155228,0.5656619874342259,0.5707,0.8066428575659045,0.7439277261614318,0.744,8c2ac49a5b4bb84a,0.9999999999999993,0.9999999999999993,0.03571428571428571,1.4142135623730943,,0.81640625,0.37286874999999997
xor3,common_temperature_study,1202,0,0,512,8,2,0.0015,0.003,age,1.0,,B,analytic,hybrid,False,budget,cuda,0.999999999908655,age-local,common-temperature-soft,0.07835468749999998,0.05921874999999997,0.08473333333333331,0.30065729166666666,0.33081875,0.2704958333333333,0.731940625,0.7805291666666667,0.586175,0.007609374999999992,0.015807812500000004,0.015047048611111101,0.036453124999999975,0.011520278742283953,0.02967343750000003,0.01151016995614035,0.40621532752655853,0.46484375,0.5198307127155228,0.5656619874342259,0.5707,0.8066428575659045,0.7439277261614318,0.744,9f14d980cb057c0b,0.999999999908655,0.999999999908655,0.03571428571428571,1.4142135622439138,,0.81640625,0.37286874999999997
xor3,common_temperature_study,1202,0,0,512,8,2,0.002,0.003,age,1.0,,B,analytic,hybrid,False,budget,cuda,0.9999999648624576,age-local,common-temperature-soft,0.07835468749999998,0.05921874999999997,0.08473333333333331,0.30065729166666666,0.33081875,0.2704958333333333,0.731940625,0.7805291666666667,0.586175,0.007609374999999992,0.015807812500000004,0.015047048611111101,0.036453124999999975,0.011520278742283953,0.02967343750000003,0.01151016995614035,0.40621532752655853,0.46484375,0.5198307127155228,0.5656619874342259,0.5707,0.8066428575659045,0.7439277261614318,0.744,f9a871eac3551154,0.9999999648624576,0.9999999648624576,0.03571428571428571,1.4142135126811062,,0.81640625,0.37286874999999997
xor3,common_temperature_study,1202,0,0,512,8,2,0.0025,0.003,age,1.0,,B,analytic,hybrid,False,budget,cuda,0.999998750250879,age-local,common-temperature-soft,0.09661562499999997,0.15876874999999996,0.07589791666666663,0.29870625,0.336,0.2614125,0.7251921875,0.7630291666666666,0.61168125,0.01593194444444444,0.033491406249999994,0.01971527777777773,0.04246874999999989,0.017622796103395056,0.04632890625000002,0.017633365314327475,0.4080084677278446,0.47265625,0.4952037243618772,0.47534795942439256,0.4996,0.8374215707507583,0.7919668400546507,0.7921,64657d22916bb736,0.999998750250879,0.999998750250879,0.03571428571428571,1.4142117949609387,,0.806640625,0.38671874999999994
xor3,common_temperature_study,1202,0,0,512,8,2,0.003,0.003,age,1.0,,B,analytic,hybrid,False,budget,cuda,0.9999864837985184,age-local,common-temperature-soft,0.10083593749999999,0.1287875,0.09151874999999997,0.3035385416666666,0.33744375,0.26963333333333334,0.7208875000000001,0.7613916666666668,0.599375,0.023092708333333333,0.048932812500000006,0.0183694444444444,0.04642109374999988,0.013625853587962958,0.03526484375000001,0.013999812682748533,0.40495810909980423,0.48828125,0.5169863543470977,0.3348410270054543,0.5034,0.8328623616598244,0.7933779917703605,0.7935,5e32531554cf07b6,0.9999864837985184,0.9999864837985184,0.03571428571428571,1.414194447577648,,0.791015625,0.41796874999999994
xor3,common_temperature_study,1202,0,0,512,8,2,0.004,0.003,age,1.0,,B,analytic,hybrid,False,budget,cuda,0.9997349406477949,age-local,common-temperature-soft,0.129396875,0.15425,0.12111250000000001,0.33175208333333334,0.36900208333333334,0.29450208333333333,0.7560609375,0.8025166666666667,0.61669375,0.033071527777777776,0.07298515624999999,0.031009548611111142,0.08198125000000006,0.020019724151234562,0.05775390625,0.0206523985745614,0.4162684337433604,0.453125,0.49363926122956703,0.5316636220799227,0.532,0.8656708871235089,0.8199676733954349,0.82,fcac75f8c471ab6f,0.9997349406477949,0.9997349406477949,0.03571428571428571,1.4138387118423728,,0.84765625,0.35724374999999997
xor3,common_temperature_study,1202,0,0,512,8,2,0.006,0.003,age,1.0,,B,analytic,hybrid,False,budget,cuda,0.9948141942133263,age-local,common-temperature-soft,0.10052656250000001,0.11908125000000001,0.0943416666666667,0.28966875,0.35030625000000004,0.22903125000000002,0.741578125,0.7997708333333334,0.567,0.014291319444444443,0.032709375,0.020301736111111104,0.04166874999999992,0.014096600115740737,0.03827890625000004,0.014265017361111108,0.4107497772225329,0.44921875,0.5310734856673984,0.4841885639115924,0.5085,0.8847423586056518,0.8380619251198342,0.8382,fd268217238c86ec,0.9948141942133263,0.9948141942133263,0.03571428571428571,1.4068797254977483,,0.826171875,0.35717499999999996
xor3,common_temperature_study,1202,0,0,512,8,2,0.008,0.003,age,1.0,,B,analytic,hybrid,False,budget,cuda,0.9772362445412965,age-local,common-temperature-soft,0.11617812500000001,0.16795625000000003,0.09891875000000001,0.3074645833333334,0.3734229166666667,0.24150624999999995,0.75101875,0.81599375,0.5560937499999999,0.033305555555555554,0.07826875,0.016825694444444466,0.035735156250000025,0.019064916087962968,0.05177890624999999,0.019380742872807024,0.4052728914767962,0.43359375,0.5225363287275833,0.5156555191398756,0.5229,0.8702941049825433,0.8355970999328428,0.8356,3964a149b7c9c27e,0.9772362445412965,0.9772362445412965,0.03571428571428571,1.3820207506728521,,0.859375,0.32219375
xor3,common_temperature_study,1202,0,0,512,8,2,0.012,0.003,age,1.0,,B,analytic,hybrid,False,budget,cuda,0.9029736543063381,age-local,common-temperature-soft,0.11301562500000001,0.09525624999999997,0.11893541666666668,0.31213125,0.32429583333333334,0.29996666666666666,0.7641859375,0.7981916666666667,0.66216875,0.014965625000000007,0.029653125000000002,0.01698576388888891,0.037042968750000044,0.011975183256172837,0.029845312499999978,0.012185736476608183,0.4072440352425216,0.443359375,0.5037770575607501,0.5363514423656484,0.5365,0.8680447340252603,0.8213885688684075,0.8214,559e5054def8cbb0,0.9029736543063381,0.9029736543063381,0.03571428571428571,1.2769975883856182,,0.8203125,0.36699999999999994
xor3,common_temperature_study,1202,0,0,512,8,2,0.016,0.003,age,1.0,,B,analytic,hybrid,False,budget,cuda,0.8061980899518151,age-local,common-temperature-soft,0.11101875000000001,0.16496875,0.09303541666666666,0.309590625,0.37455,0.24463125,0.7564250000000001,0.8064479166666668,0.60635625,0.021541319444444453,0.04606015625,0.009128298611111078,0.01868437499999992,0.0128099151234568,0.03190781250000001,0.012942804276315797,0.4060419651593514,0.4453125,0.5156233017367325,0.32573663272874387,0.4831,0.8607163003340221,0.8213976853140017,0.8214,dfb77671541717b4,0.8061980899518151,0.8061980899518151,0.03571428571428571,1.1401362727691413,,0.810546875,0.37890624999999994
xor3,common_temperature_study,1202,0,0,512,8,2,0.023,0.003,age,1.0,,B,analytic,hybrid,False,budget,cuda,0.6506341092311254,age-local,common-temperature-soft,0.0751578125,0.09266874999999998,0.06932083333333335,0.28969479166666673,0.3370229166666667,0.2423666666666667,0.7650531249999999,0.8225854166666666,0.5924562499999999,0.011190798611111108,0.023170312499999998,0.018760590277777822,0.03887031250000006,0.013931780478395057,0.03808671875,0.01398672331871345,0.40440116543192633,0.419921875,0.5269704415952706,0.517815184279556,0.538,0.9029503219927164,0.8708927377164966,0.8709,382fcea3b2fb051f,0.6506341092311254,0.6506341092311254,0.03571428571428571,0.9201355814171954,,0.86328125,0.27751875
xor3,common_temperature_study,1202,0,0,512,8,2,0.032,0.003,age,1.0,,B,analytic,hybrid,False,budget,cuda,0.5065185597697057,age-local,common-temperature-soft,0.10215156249999997,0.12241249999999997,0.09539791666666664,0.31578229166666666,0.35851458333333336,0.27304999999999996,0.7893953125000002,0.8459041666666668,0.61986875,0.025589236111111118,0.05506718750000003,0.011365972222222244,0.022504687500000037,0.015531910686728396,0.038746093749999946,0.015686947185672515,0.4061874803431645,0.396484375,0.502671920868115,0.48902347345604535,0.5154,0.8555640246952589,0.8071493882854617,0.8072,7c9b5d64b314948e,0.5065185597697057,0.5065185597697057,0.03571428571428571,0.7163254168200051,,0.84765625,0.30468749999999994
xor3,common_temperature_study,1202,0,0,512,8,2,0.05,0.003,age,1.0,,B,analytic,hybrid,False,budget,cuda,0.3426949069654599,age-local,common-temperature-soft,0.11472500000000002,0.12649375000000002,0.11080208333333336,0.3432895833333333,0.3818333333333333,0.3047458333333333,0.7954984375,0.8535208333333334,0.62143125,0.018524479166666663,0.041256249999999994,0.02307395833333333,0.05248046875000001,0.01625671296296297,0.03993203125000003,0.01649579221491228,0.40150997256779425,0.419921875,0.4736588012116166,0.41717671073507445,0.42,0.8408340044349533,0.816529326405889,0.8167,c877cb029e788a53,0.3426949069654599,0.3426949069654599,0.03571428571428571,0.48464378518673945,,0.837890625,0.32421874999999994
xor3,common_temperature_study,1202,0,0,512,8,2,0.08,0.003,age,1.0,,B,analytic,hybrid,False,budget,cuda,0.2195795200967781,age-local,common-temperature-soft,0.22970625,0.43139374999999996,0.16247708333333336,0.44766875,0.58325,0.3120875,0.8644328125000001,0.9410458333333335,0.6345937500000001,0.09008958333333333,0.1915234375,0.03718836805555551,0.0885882812499999,0.052203819444444445,0.15309296875,0.052805669773391815,0.36982697616717913,0.421875,0.5056295301360243,0.524283090553652,0.5259,0.7850219402608307,0.7293111798718798,0.7297,820ba897f9a05188,0.2195795200967781,0.2195795200967781,0.03571428571428571,0.3105323353402392,,0.744140625,0.51171875
xor3,common_temperature_study,1202,0,0,512,8,2,0.12,0.003,age,1.0,,B,analytic,hybrid,False,budget,cuda,0.14772074061076285,age-local,common-temperature-soft,0.25810625000000004,0.3275374999999999,0.23496250000000005,0.5208291666666667,0.5727708333333333,0.46888749999999996,0.933659375,0.9769416666666667,0.8038125,0.07416527777777777,0.1446171875,0.0602270833333333,0.1314218749999999,0.05264497492283951,0.15291640625000003,0.05341082785087719,0.3572100179969248,0.419921875,0.48229204133505765,0.46064557260113154,0.4614,0.6188304671651628,0.5800775699781,0.5807,d925384e206c4201,0.14772074061076285,0.14772074061076285,0.03571428571428571,0.20890867481553888,,0.591796875,0.81640625
xor3,common_temperature_study,1202,0,0,512,8,2,0.18,0.003,age,1.0,,B,analytic,hybrid,False,budget,cuda,0.09888216573214147,age-local,common-temperature-soft,0.32990156249999997,0.4212874999999999,0.29943958333333337,0.5913,0.6279229166666668,0.5546770833333333,0.9841546875,1.0225583333333332,0.8689437500000001,0.08701805555555556,0.18357031250000005,0.06533090277777776,0.1501765624999999,0.05794197530864197,0.16903515625,0.05890158077485381,0.3435244924168298,0.390625,0.5043315467703805,0.4919388521841008,0.4961,0.5272030461370558,0.5134852829298087,0.5135,be036cf013021620,0.09888216573214147,0.09888216573214147,0.03571428571428571,0.13984049985521857,,0.501953125,0.99609375
xor3,common_temperature_study,1202,0,0,512,8,2,0.3,0.003,age,1.0,,B,analytic,hybrid,False,budget,cuda,0.05945360972790323,age-local,common-temperature-soft,0.409103125,0.4134749999999999,0.40764583333333343,0.7066145833333334,0.6988895833333334,0.7143395833333335,1.0834640625,1.1025354166666668,1.02625,0.08777760416666666,0.18667656250000003,0.11288437499999998,0.24680312499999993,0.07785053047839506,0.22718125000000003,0.07903371253654971,0.3241578684127761,0.357421875,0.45789027420483863,0.4121814911715475,0.4127,0.6095053760962328,0.5796992896917996,0.5797,25ab7875ea7973a8,0.05945360972790323,0.05945360972790323,0.03571428571428571,0.08408010120923773,,0.5234375,0.953125
xor3,common_temperature_study,1202,0,0,512,8,2,0.4,0.003,age,1.0,,B,analytic,hybrid,False,budget,cuda,0.04461322325626036,age-local,common-temperature-soft,0.41143281249999997,0.5111312499999999,0.37820000000000004,0.6965708333333334,0.7186104166666666,0.6745312499999999,1.0621515625,1.0721354166666666,1.0322,0.10611822916666666,0.21697109374999998,0.10388420138888886,0.2178476562499999,0.08016412519290124,0.2370015625,0.0814713404605263,0.3257792843164663,0.369140625,0.49827774595013985,0.5352562580277275,0.5357,0.5747781082729821,0.5553713976101948,0.5563,58b8a9b4e16839b6,0.04461322325626036,0.04461322325626036,0.03571428571428571,0.06309262539018218,,0.49609375,1.0078125
xor3,common_temperature_study,1203,0,0,512,8,2,0.0,0.003,global,1.0,,B,global,hybrid,False,budget,cuda,1.0,hard,common-temperature-hard,0.1522921875,0.26890625,0.11342083333333336,0.3390489583333334,0.4365354166666667,0.2415625,0.7613687500000001,0.8345062500000001,0.54195625,0.03644739583333334,0.07687343750000002,0.03696631944444446,0.07242968750000003,0.023369020061728397,0.06405156250000005,0.0240710115131579,0.4047290523658093,0.46484375,0.4916637333483161,0.47965984831073316,0.4906,0.8531179053113631,0.8088999828009984,0.8089,6e35a01fc47dde85,1.0,1.0,1.0,1.4142135623730951,,0.80859375,0.42755624999999997
xor3,common_temperature_study,1203,0,0,512,8,2,0.00025,0.003,age,1.0,,B,analytic,hybrid,False,budget,cuda,1.0,age-local,common-temperature-soft,0.11852812500000001,0.18298124999999998,0.09704375000000003,0.30879166666666663,0.36181875,0.25576458333333335,0.7585359375,0.8062791666666667,0.6153062499999999,0.03697552083333334,0.07266562499999997,0.016279166666666702,0.03518671875000007,0.01767976466049383,0.04927421875000006,0.018150689875731,0.4101892844038301,0.447265625,0.4997203543160438,0.4400083486774792,0.5067,0.8493343248189467,0.7960236910375853,0.7962,1f09cc1aa81007b3,1.0,1.0,0.03571428571428571,1.4142135623730951,,0.826171875,0.3908
xor3,common_temperature_study,1203,0,0,512,8,2,0.0005,0.003,age,1.0,,B,analytic,hybrid,False,budget,cuda,1.0,age-local,common-temperature-soft,0.11852812500000001,0.18298124999999998,0.09704375000000003,0.30879166666666663,0.36181875,0.25576458333333335,0.7585359375,0.8062791666666667,0.6153062499999999,0.03697552083333334,0.07266562499999997,0.016279166666666702,0.03518671875000007,0.01767976466049383,0.04927421875000006,0.018150689875731,0.4101892844038301,0.447265625,0.4997203543160438,0.4400083486774792,0.5067,0.8493343248189467,0.7960236910375853,0.7962,74baf439d2195fd2,1.0,1.0,0.03571428571428571,1.4142135623730951,,0.826171875,0.3908
xor3,common_temperature_study,1203,0,0,512,8,2,0.001,0.003,age,1.0,,B,analytic,hybrid,False,budget,cuda,0.9999999999999993,age-local,common-temperature-soft,0.11852812500000001,0.18298124999999998,0.09704375000000003,0.30879166666666663,0.36181875,0.25576458333333335,0.7585359375,0.8062791666666667,0.6153062499999999,0.03697552083333334,0.07266562499999997,0.016279166666666702,0.03518671875000007,0.01767976466049383,0.04927421875000006,0.018150689875731,0.4101892844038301,0.447265625,0.4997203543160438,0.4400083486774792,0.5067,0.8493343248189467,0.7960236910375853,0.7962,9832589bb8455abf,0.9999999999999993,0.9999999999999993,0.03571428571428571,1.4142135623730943,,0.826171875,0.3908
xor3,common_temperature_study,1203,0,0,512,8,2,0.0015,0.003,age,1.0,,B,analytic,hybrid,False,budget,cuda,0.999999999908655,age-local,common-temperature-soft,0.11852812500000001,0.18298124999999998,0.09704375000000003,0.30879166666666663,0.36181875,0.25576458333333335,0.7585359375,0.8062791666666667,0.6153062499999999,0.03697552083333334,0.07266562499999997,0.016279166666666702,0.03518671875000007,0.01767976466049383,0.04927421875000006,0.018150689875731,0.4101892844038301,0.447265625,0.4997203543160438,0.4400083486774792,0.5067,0.8493343248189467,0.7960236910375853,0.7962,c6a1bcb3f93428b3,0.999999999908655,0.999999999908655,0.03571428571428571,1.4142135622439138,,0.826171875,0.3908
xor3,common_temperature_study,1203,0,0,512,8,2,0.002,0.003,age,1.0,,B,analytic,hybrid,False,budget,cuda,0.9999999648624576,age-local,common-temperature-soft,0.11852812500000001,0.18298124999999998,0.09704375000000003,0.30879166666666663,0.36181875,0.25576458333333335,0.7585359375,0.8062791666666667,0.6153062499999999,0.03697552083333334,0.07266562499999997,0.016279166666666702,0.03518671875000007,0.01767976466049383,0.04927421875000006,0.018150689875731,0.4101892844038301,0.447265625,0.4997203543160438,0.4400083486774792,0.5067,0.8493343248189467,0.7960236910375853,0.7962,5b81d6868e1a18f9,0.9999999648624576,0.9999999648624576,0.03571428571428571,1.4142135126811062,,0.826171875,0.3908
xor3,common_temperature_study,1203,0,0,512,8,2,0.0025,0.003,age,1.0,,B,analytic,hybrid,False,budget,cuda,0.999998750250879,age-local,common-temperature-soft,0.10813593750000003,0.15702500000000003,0.09183958333333335,0.30229270833333327,0.34074166666666666,0.26384375,0.7556015625,0.8056416666666667,0.60548125,0.03379479166666667,0.06711484375,0.01815347222222226,0.03544843750000004,0.016282354359567906,0.04481015624999999,0.01679244791666667,0.40867407001327927,0.439453125,0.5021008642124116,0.4556120733424219,0.5154,0.8569189736635233,0.8247853620685339,0.825,90cdab9cac441c34,0.999998750250879,0.999998750250879,0.03571428571428571,1.4142117949609387,,0.83203125,0.35955
xor3,common_temperature_study,1203,0,0,512,8,2,0.003,0.003,age,1.0,,B,analytic,hybrid,False,budget,cuda,0.9999864837985184,age-local,common-temperature-soft,0.11392187500000002,0.16025,0.09847916666666669,0.3241364583333333,0.3676270833333333,0.2806458333333333,0.762321875,0.8167291666666667,0.5991000000000001,0.025068229166666667,0.05286953124999999,0.012255208333333337,0.02530546874999999,0.01627236689814815,0.04144531249999999,0.01639812225877193,0.4055472681367068,0.427734375,0.5026366250047422,0.4710080583173369,0.4782,0.856666660263789,0.8373999934959997,0.8374,df3e8ccbba805b6a,0.9999864837985184,0.9999864837985184,0.03571428571428571,1.414194447577648,,0.8515625,0.33563125
xor3,common_temperature_study,1203,0,0,512,8,2,0.004,0.003,age,1.0,,B,analytic,hybrid,False,budget,cuda,0.9997349406477949,age-local,common-temperature-soft,0.08437500000000002,0.07288750000000001,0.08820416666666668,0.29716666666666663,0.34873125,0.2456020833333333,0.762340625,0.8215083333333334,0.5848375000000001,0.013053125000000007,0.031463281250000016,0.01942986111111107,0.04050156249999992,0.01643600983796296,0.043353906250000004,0.0164257721125731,0.39761901121750065,0.451171875,0.492206017072313,0.4884379166695176,0.4886,0.840789284335952,0.7938933035934338,0.7939,1395866d49322877,0.9997349406477949,0.9997349406477949,0.03571428571428571,1.4138387118423728,,0.8203125,0.36345625
xor3,common_temperature_study,1203,0,0,512,8,2,0.006,0.003,age,1.0,,B,analytic,hybrid,False,budget,cuda,0.9948141942133263,age-local,common-temperature-soft,0.08984374999999999,0.07570000000000003,0.09455833333333331,0.27435208333333333,0.31576041666666665,0.23294375,0.7308984375,0.8016666666666667,0.51859375,0.007627430555555564,0.015763281249999997,0.01677013888888889,0.03970937499999999,0.011748586998456793,0.02959921874999999,0.011772281615497081,0.4109635453068214,0.443359375,0.4876569325317571,0.4668342720980533,0.5008,0.844889767256996,0.7996503463000211,0.7999,e0dc6dd6715758e0,0.9948141942133263,0.9948141942133263,0.03571428571428571,1.4068797254977483,,0.798828125,0.40234374999999994
xor3,common_temperature_study,1203,0,0,512,8,2,0.008,0.003,age,1.0,,B,analytic,hybrid,False,budget,cuda,0.9772362445412965,age-local,common-temperature-soft,0.11755156250000003,0.145625,0.10819375000000003,0.3046166666666667,0.3312479166666667,0.27798541666666665,0.7389515625,0.7973354166666667,0.5638,0.028972395833333345,0.060060156250000024,0.027381597222222262,0.05989375000000008,0.020002478780864197,0.05541015625000002,0.020432716557017547,0.4036951574294102,0.455078125,0.5369971479981963,0.5271542560107979,0.5409,0.8641206103671234,0.8322589297599281,0.8324,047a904ac3f01893,0.9772362445412965,0.9772362445412965,0.03571428571428571,1.3820207506728521,,0.8203125,0.39644999999999997
xor3,common_temperature_study,1203,0,0,512,8,2,0.012,0.003,age,1.0,,B,analytic,hybrid,False,budget,cuda,0.9029736543063381,age-local,common-temperature-soft,0.13732656250000003,0.12329375,0.14200416666666668,0.3182291666666666,0.33126666666666665,0.3051916666666667,0.7754515625,0.82435625,0.6287375,0.019261284722222227,0.04245078125,0.016632118055555607,0.05341953125000011,0.016109172453703698,0.047206250000000005,0.016205884502923974,0.4078009789103998,0.408203125,0.5327090207422824,0.4521209116968924,0.496,0.8437885523269579,0.7833156153722163,0.784,c64fe206058d9d36,0.9029736543063381,0.9029736543063381,0.03571428571428571,1.2769975883856182,,0.796875,0.40624999999999994
xor3,common_temperature_study,1203,0,0,512,8,2,0.016,0.003,age,1.0,,B,analytic,hybrid,False,budget,cuda,0.8061980899518151,age-local,common-temperature-soft,0.09274375,0.12890625,0.08068958333333334,0.2815572916666667,0.3537041666666667,0.20941041666666668,0.7371671875,0.7998791666666666,0.5490312500000001,0.014495486111111101,0.03260624999999995,0.014871006944444468,0.030896875000000004,0.013749527391975307,0.03403359375000003,0.013798670504385963,0.41071019054025715,0.4453125,0.5178610674781674,0.5186711378218969,0.5276,0.8842844528044683,0.8355962972361275,0.8358,df050494b8f17559,0.8061980899518151,0.8061980899518151,0.03571428571428571,1.1401362727691413,,0.861328125,0.2950625
xor3,common_temperature_study,1203,0,0,512,8,2,0.023,0.003,age,1.0,,B,analytic,hybrid,False,budget,cuda,0.6506341092311254,age-local,common-temperature-soft,0.10345312500000003,0.15342500000000003,0.08679583333333336,0.29903125,0.363125,0.2349375,0.7825984375,0.8390604166666668,0.6132125,0.019457986111111117,0.04906015625000004,0.015639930555555587,0.031311718750000106,0.016298943865740746,0.0409546875,0.016364734100877198,0.4064921612908862,0.400390625,0.48240429178489985,0.4418721161414588,0.4592,0.872703327783639,0.8314186334225813,0.8316,4c3992eb83d51e26,0.6506341092311254,0.6506341092311254,0.03571428571428571,0.9201355814171954,,0.845703125,0.30859374999999994
xor3,common_temperature_study,1203,0,0,512,8,2,0.032,0.003,age,1.0,,B,analytic,hybrid,False,budget,cuda,0.5065185597697057,age-local,common-temperature-soft,0.11470312499999999,0.12741249999999998,0.11046666666666666,0.3499729166666667,0.3863145833333334,0.31363125000000003,0.827575,0.8668520833333333,0.70974375,0.014613194444444437,0.033309374999999974,0.018709722222222225,0.038202343749999965,0.015242240547839512,0.03664140625000002,0.015316936220760236,0.40641462599594647,0.400390625,0.5035269051322426,0.43491193718039106,0.4978,0.8459575071420099,0.800457502366305,0.8012,5113c94b13e7f5c9,0.5065185597697057,0.5065185597697057,0.03571428571428571,0.7163254168200051,,0.853515625,0.29296874999999994
xor3,common_temperature_study,1203,0,0,512,8,2,0.05,0.003,age,1.0,,B,analytic,hybrid,False,budget,cuda,0.3426949069654599,age-local,common-temperature-soft,0.14898125,0.251,0.11497500000000004,0.37911875,0.47383333333333333,0.2844041666666666,0.8741015624999999,0.9444270833333333,0.663125,0.03568385416666667,0.08069609375000003,0.028963020833333283,0.06216484374999992,0.02486650270061729,0.06887265625000001,0.02525897295321637,0.390671957995527,0.390625,0.4365726532132602,0.44795655718522365,0.4818,0.814003485726625,0.7485228117840608,0.7488,6073897b925a0508,0.3426949069654599,0.3426949069654599,0.03571428571428571,0.48464378518673945,,0.787109375,0.45489999999999997
xor3,common_temperature_study,1203,0,0,512,8,2,0.08,0.003,age,1.0,,B,analytic,hybrid,False,budget,cuda,0.2195795200967781,age-local,common-temperature-soft,0.21435312499999998,0.28014374999999997,0.19242291666666667,0.4443864583333334,0.486125,0.4026479166666667,0.8634187500000001,0.904575,0.7399500000000001,0.048692881944444454,0.11194609375000003,0.059546006944444424,0.12189296874999994,0.04248385898919753,0.12377499999999994,0.0430962582236842,0.3726196118430249,0.42578125,0.5384726111303464,0.5580724421093539,0.5673,0.6879285826221737,0.6844747640712636,0.685,48343ef46e7a33e8,0.2195795200967781,0.2195795200967781,0.03571428571428571,0.3105323353402392,,0.6484375,0.703125
xor3,common_temperature_study,1203,0,0,512,8,2,0.12,0.003,age,1.0,,B,analytic,hybrid,False,budget,cuda,0.14772074061076285,age-local,common-temperature-soft,0.33196875,0.4751375,0.2842458333333333,0.5968520833333333,0.6508666666666666,0.5428375,0.9948546875000001,1.0364791666666668,0.8699812499999999,0.09416701388888889,0.19428437500000006,0.07686597222222219,0.1548593749999999,0.06944059124228395,0.20837656249999995,0.07028669133771931,0.3413668817270058,0.380859375,0.4634333254738009,0.39836141891923427,0.4018,0.6132797924699277,0.5688937568455641,0.5695,c02e33d39748ce36,0.14772074061076285,0.14772074061076285,0.03571428571428571,0.20890867481553888,,0.572265625,0.85546875
xor3,common_temperature_study,1203,0,0,512,8,2,0.18,0.003,age,1.0,,B,analytic,hybrid,False,budget,cuda,0.09888216573214147,age-local,common-temperature-soft,0.3665109375,0.4408187499999999,0.34174166666666667,0.6413947916666668,0.6716979166666667,0.6110916666666667,1.0197484375,1.0551875,0.91343125,0.09804756944444443,0.20179453124999996,0.08820295138888884,0.18134374999999991,0.07031781442901235,0.21056328124999998,0.07151820632309942,0.3306386178187028,0.375,0.5036914991073588,0.549421063114079,0.5498,0.5503203159628063,0.549261015585238,0.5493,bfd740e6196e2893,0.09888216573214147,0.09888216573214147,0.03571428571428571,0.13984049985521857,,0.505859375,0.9882812499999999
xor3,common_temperature_study,1203,0,0,512,8,2,0.3,0.003,age,1.0,,B,analytic,hybrid,False,budget,cuda,0.05945360972790323,age-local,common-temperature-soft,0.3831125,0.5384749999999999,0.33132500000000004,0.6739281250000001,0.7235041666666667,0.6243520833333333,1.034690625,1.0788354166666667,0.90225625,0.11751927083333334,0.24475078125,0.11173263888888887,0.22761015624999995,0.08773528163580246,0.26001875,0.08915058022660817,0.32310759278026285,0.376953125,0.48277189700138834,0.41850299458951656,0.4188,0.5358103746147669,0.5159394592545492,0.5162,54b3c926b1aa60ee,0.05945360972790323,0.05945360972790323,0.03571428571428571,0.08408010120923773,,0.501953125,0.99609375
xor3,common_temperature_study,1203,0,0,512,8,2,0.4,0.003,age,1.0,,B,analytic,hybrid,False,budget,cuda,0.04461322325626036,age-local,common-temperature-soft,0.4702359374999999,0.7062187499999999,0.39157499999999995,0.7787406250000001,0.8592854166666667,0.6981958333333335,1.1097328125,1.1521729166666668,0.9824125,0.1494140625,0.3077625,0.14268715277777777,0.30125781249999994,0.11510108989197532,0.34597734375,0.11673001187865496,0.3064413265306121,0.361328125,0.45019149406509257,0.402576420516422,0.4041,0.5708873796238981,0.5372739999943372,0.5375,9febb24405e7b3ed,0.04461322325626036,0.04461322325626036,0.03571428571428571,0.06309262539018218,,0.54296875,0.9140625
xor3,common_temperature_study,1204,0,0,512,8,2,0.0,0.003,global,1.0,,B,global,hybrid,False,budget,cuda,1.0,hard,common-temperature-hard,0.09065468750000001,0.10145625000000001,0.08705416666666667,0.2923229166666667,0.2957604166666667,0.28888541666666673,0.71543125,0.7473395833333334,0.6197062499999999,0.018875520833333333,0.039846093750000006,0.015572743055555529,0.03824218749999991,0.012998046874999995,0.03371953124999997,0.013220472404970759,0.40461056533058426,0.486328125,0.5077780157513992,0.5208756002910553,0.5215,0.879456642993627,0.8386850882087662,0.8389,a7e54d831da00aa9,1.0,1.0,1.0,1.4142135623730951,,0.830078125,0.35889374999999996
xor3,common_temperature_study,1204,0,0,512,8,2,0.00025,0.003,age,1.0,,B,analytic,hybrid,False,budget,cuda,1.0,age-local,common-temperature-soft,0.12313437500000003,0.11366875000000003,0.12628958333333337,0.31669479166666664,0.349625,0.2837645833333333,0.7665265625,0.8196125,0.60726875,0.01783940972222222,0.03812968750000001,0.04030989583333339,0.08298437500000011,0.02236322337962963,0.061096093750000025,0.022716456505847953,0.40451883343234546,0.4296875,0.4937459891973848,0.4491787440404739,0.4888,0.8630550714713221,0.8175355097505662,0.8176,d12c9d86fc91a2f0,1.0,1.0,0.03571428571428571,1.4142135623730951,,0.84375,0.36216250000000005
xor3,common_temperature_study,1204,0,0,512,8,2,0.0005,0.003,age,1.0,,B,analytic,hybrid,False,budget,cuda,1.0,age-local,common-temperature-soft,0.12313437500000003,0.11366875000000003,0.12628958333333337,0.31669479166666664,0.349625,0.2837645833333333,0.7665265625,0.8196125,0.60726875,0.01783940972222222,0.03812968750000001,0.04030989583333339,0.08298437500000011,0.02236322337962963,0.061096093750000025,0.022716456505847953,0.40451883343234546,0.4296875,0.4937459891973848,0.4491787440404739,0.4888,0.8630550714713221,0.8175355097505662,0.8176,b093233700528a10,1.0,1.0,0.03571428571428571,1.4142135623730951,,0.84375,0.36216250000000005
xor3,common_temperature_study,1204,0,0,512,8,2,0.001,0.003,age,1.0,,B,analytic,hybrid,False,budget,cuda,0.9999999999999993,age-local,common-temperature-soft,0.12313437500000003,0.11366875000000003,0.12628958333333337,0.31669479166666664,0.349625,0.2837645833333333,0.7665265625,0.8196125,0.60726875,0.01783940972222222,0.03812968750000001,0.04030989583333339,0.08298437500000011,0.02236322337962963,0.061096093750000025,0.022716456505847953,0.40451883343234546,0.4296875,0.4937459891973848,0.4491787440404739,0.4888,0.8630550714713221,0.8175355097505662,0.8176,b002646f66a79744,0.9999999999999993,0.9999999999999993,0.03571428571428571,1.4142135623730943,,0.84375,0.36216250000000005
xor3,common_temperature_study,1204,0,0,512,8,2,0.0015,0.003,age,1.0,,B,analytic,hybrid,False,budget,cuda,0.999999999908655,age-local,common-temperature-soft,0.12313437500000003,0.11366875000000003,0.12628958333333337,0.31669479166666664,0.349625,0.2837645833333333,0.7665265625,0.8196125,0.60726875,0.01783940972222222,0.03812968750000001,0.04030989583333339,0.08298437500000011,0.02236322337962963,0.061096093750000025,0.022716456505847953,0.40451883343234546,0.4296875,0.4937459891973848,0.4491787440404739,0.4888,0.8630550714713221,0.8175355097505662,0.8176,5315f2c380c81cc2,0.999999999908655,0.999999999908655,0.03571428571428571,1.4142135622439138,,0.84375,0.36216250000000005
xor3,common_temperature_study,1204,0,0,512,8,2,0.002,0.003,age,1.0,,B,analytic,hybrid,False,budget,cuda,0.9999999648624576,age-local,common-temperature-soft,0.12313437500000003,0.11366875000000003,0.12628958333333337,0.31669479166666664,0.349625,0.2837645833333333,0.7665265625,0.8196125,0.60726875,0.01783940972222222,0.03812968750000001,0.04030989583333339,0.08298437500000011,0.02236322337962963,0.061096093750000025,0.022716456505847953,0.40451883343234546,0.4296875,0.4937459891973848,0.4491787440404739,0.4888,0.8630550714713221,0.8175355097505662,0.8176,0d680129770242df,0.9999999648624576,0.9999999648624576,0.03571428571428571,1.4142135126811062,,0.84375,0.36216250000000005
xor3,common_temperature_study,1204,0,0,512,8,2,0.0025,0.003,age,1.0,,B,analytic,hybrid,False,budget,cuda,0.999998750250879,age-local,common-temperature-soft,0.12313437500000003,0.11366875000000003,0.12628958333333337,0.31669479166666664,0.349625,0.2837645833333333,0.7665265625,0.8196125,0.60726875,0.01783940972222222,0.03812968750000001,0.04030989583333339,0.08298437500000011,0.02236322337962963,0.061096093750000025,0.022716456505847953,0.40451883343234546,0.4296875,0.4937459891973848,0.4491787440404739,0.4888,0.8630550714713221,0.8175355097505662,0.8176,4290ea80c7a98516,0.999998750250879,0.999998750250879,0.03571428571428571,1.4142117949609387,,0.84375,0.36216250000000005
xor3,common_temperature_study,1204,0,0,512,8,2,0.003,0.003,age,1.0,,B,analytic,hybrid,False,budget,cuda,0.9999864837985184,age-local,common-temperature-soft,0.11186875000000003,0.1069625,0.1135041666666667,0.29169375000000003,0.3292270833333333,0.25416041666666667,0.733784375,0.7863916666666667,0.5759625,0.01655138888888889,0.03617187500000002,0.03249739583333339,0.0659929687500001,0.019199252507716053,0.049048437499999986,0.019479523026315795,0.40523658093374343,0.4375,0.5250602230666551,0.4851090483405641,0.5076,0.8448102715284358,0.7870892671699581,0.7871,b22107be19e15c01,0.9999864837985184,0.9999864837985184,0.03571428571428571,1.414194447577648,,0.84765625,0.30538124999999994
xor3,common_temperature_study,1204,0,0,512,8,2,0.004,0.003,age,1.0,,B,analytic,hybrid,False,budget,cuda,0.9997349406477949,age-local,common-temperature-soft,0.14779843750000002,0.13250625,0.15289583333333337,0.3475802083333333,0.35756041666666666,0.33759999999999996,0.7821671874999999,0.8091249999999999,0.70129375,0.023457812500000008,0.04758437500000001,0.04547170138888893,0.0941023437500001,0.024103231095679016,0.06748749999999999,0.024648574561403517,0.40960858872658656,0.427734375,0.5490357186133736,0.41286820976244126,0.4672,0.8834879148084316,0.8251928398987223,0.8252,a92c7fa98c6a44af,0.9997349406477949,0.9997349406477949,0.03571428571428571,1.4138387118423728,,0.849609375,0.34975
xor3,common_temperature_study,1204,0,0,512,8,2,0.006,0.003,age,1.0,,B,analytic,hybrid,False,budget,cuda,0.9948141942133263,age-local,common-temperature-soft,0.10942187500000002,0.13101249999999998,0.10222500000000002,0.32330937499999995,0.3709166666666666,0.2757020833333333,0.7723734375,0.8287125,0.60335625,0.014803645833333323,0.03047968750000002,0.025752604166666717,0.0569195312500001,0.016639019097222225,0.04158281250000001,0.01683055098684211,0.40749984711350296,0.439453125,0.5400658872123487,0.5656341757697412,0.5699,0.8595085375171017,0.7939596432485774,0.7941,cda7318f6b35c075,0.9948141942133263,0.9948141942133263,0.03571428571428571,1.4068797254977483,,0.8515625,0.29687499999999994
xor3,common_temperature_study,1204,0,0,512,8,2,0.008,0.003,age,1.0,,B,analytic,hybrid,False,budget,cuda,0.9772362445412965,age-local,common-temperature-soft,0.10333593750000002,0.10336250000000001,0.10332708333333336,0.321915625,0.34060833333333335,0.3032229166666667,0.7678984375,0.81580625,0.6241749999999999,0.013117187500000004,0.04184453125,0.0309743055555556,0.0804304687500001,0.016396378279320993,0.04468750000000003,0.0166937134502924,0.4103331615180318,0.435546875,0.470290687446566,0.4492016251278783,0.4546,0.8954829058371995,0.8536813165673125,0.8537,8036bfdbfc12b778,0.9772362445412965,0.9772362445412965,0.03571428571428571,1.3820207506728521,,0.861328125,0.27734374999999994
xor3,common_temperature_study,1204,0,0,512,8,2,0.012,0.003,age,1.0,,B,analytic,hybrid,False,budget,cuda,0.9029736543063381,age-local,common-temperature-soft,0.08924999999999998,0.11628125000000002,0.08023958333333331,0.2944125,0.3296645833333333,0.2591604166666666,0.746221875,0.7974770833333333,0.5924562499999999,0.01377569444444444,0.029658593750000004,0.021844097222222206,0.04541249999999997,0.014739544753086418,0.03737187499999999,0.01490114217836257,0.4096435342116298,0.443359375,0.46559921891294825,0.4045740752885876,0.4106,0.8746239109705466,0.8244734445874317,0.8245,6a285a3d70e350fd,0.9029736543063381,0.9029736543063381,0.03571428571428571,1.2769975883856182,,0.841796875,0.31640624999999994
xor3,common_temperature_study,1204,0,0,512,8,2,0.016,0.003,age,1.0,,B,analytic,hybrid,False,budget,cuda,0.8061980899518151,age-local,common-temperature-soft,0.10373281250000001,0.08883124999999999,0.10870000000000002,0.30521875,0.3410645833333333,0.2693729166666667,0.7596140625,0.80625625,0.6196875,0.00990677083333334,0.022199218750000013,0.022705729166666674,0.04923281249999997,0.015218499228395063,0.03969453124999999,0.015275749269005847,0.4081212215194297,0.439453125,0.5018025701471269,0.468272966605381,0.4686,0.8742654698727796,0.8277915069272792,0.8279,51574df9be98390e,0.8061980899518151,0.8061980899518151,0.03571428571428571,1.1401362727691413,,0.84375,0.31249999999999994
xor3,common_temperature_study,1204,0,0,512,8,2,0.023,0.003,age,1.0,,B,analytic,hybrid,False,budget,cuda,0.6506341092311254,age-local,common-temperature-soft,0.11233906250000002,0.10695000000000003,0.11413541666666667,0.34706145833333335,0.3667354166666667,0.3273875,0.84455,0.8919145833333334,0.70245625,0.01436753472222223,0.039856249999999996,0.015508159722222255,0.03493515625000007,0.0133060619212963,0.03360312500000002,0.013391945358187139,0.40776521439055075,0.384765625,0.48429942353291267,0.500635768457162,0.5025,0.8218926314242674,0.765074099419461,0.7651,820a48a20418d976,0.6506341092311254,0.6506341092311254,0.03571428571428571,0.9201355814171954,,0.85546875,0.2892375
xor3,common_temperature_study,1204,0,0,512,8,2,0.032,0.003,age,1.0,,B,analytic,hybrid,False,budget,cuda,0.5065185597697057,age-local,common-temperature-soft,0.0949125,0.138225,0.080475,0.3144885416666667,0.34695625,0.2820208333333334,0.7972515625000001,0.8586041666666667,0.61319375,0.020710590277777784,0.04735468750000002,0.01948802083333338,0.04473906250000012,0.017356004050925924,0.04401640624999994,0.017500388340643273,0.4046444187692199,0.40625,0.503492209538655,0.49761196576968914,0.5009,0.877342172666083,0.8358812100397375,0.8359,ce273a4552e54d7c,0.5065185597697057,0.5065185597697057,0.03571428571428571,0.7163254168200051,,0.849609375,0.30689999999999995
xor3,common_temperature_study,1204,0,0,512,8,2,0.05,0.003,age,1.0,,B,analytic,hybrid,False,budget,cuda,0.3426949069654599,age-local,common-temperature-soft,0.11935625,0.18139375000000002,0.0986770833333333,0.35694479166666665,0.40372708333333335,0.3101625,0.8594703124999999,0.9053374999999999,0.72186875,0.023750173611111113,0.052668749999999986,0.01483229166666662,0.035897656249999924,0.017875829475308646,0.04712656250000001,0.017950324378654972,0.39483920708694437,0.388671875,0.496150990100991,0.4610806902240886,0.4666,0.8425471944110562,0.7871496085717378,0.7876,63b8a3e14cbcd037,0.3426949069654599,0.3426949069654599,0.03571428571428571,0.48464378518673945,,0.833984375,0.33203124999999994
xor3,common_temperature_study,1204,0,0,512,8,2,0.08,0.003,age,1.0,,B,analytic,hybrid,False,budget,cuda,0.2195795200967781,age-local,common-temperature-soft,0.23324531250000002,0.35358749999999994,0.19313125000000006,0.5008114583333333,0.5616687499999999,0.4399541666666667,0.9316484375,0.9881145833333332,0.7622500000000001,0.06809409722222222,0.15070546875000004,0.051368749999999956,0.11023749999999988,0.05082698688271605,0.1544640625,0.05129564144736842,0.3641428746155997,0.38671875,0.4598463933630331,0.39560024534213034,0.4034,0.7044461262669894,0.6816276189282031,0.682,b6e25ee705ce11bd,0.2195795200967781,0.2195795200967781,0.03571428571428571,0.3105323353402392,,0.685546875,0.62890625
xor3,common_temperature_study,1204,0,0,512,8,2,0.12,0.003,age,1.0,,B,analytic,hybrid,False,budget,cuda,0.14772074061076285,age-local,common-temperature-soft,0.3612984375,0.6165999999999999,0.27619791666666665,0.6174875000000001,0.7247270833333334,0.5102479166666666,0.9904953125,1.0474479166666668,0.8196375,0.1259230902777778,0.25613906250000007,0.05702482638888885,0.12595078124999992,0.07289587673611111,0.21421796875000002,0.07387367050438597,0.33629487218688847,0.392578125,0.5035578790531616,0.4784644082584215,0.4789,0.541556877322944,0.527498936872608,0.5275,c84b31d6e8db6523,0.14772074061076285,0.14772074061076285,0.03571428571428571,0.20890867481553888,,0.568359375,0.86328125
xor3,common_temperature_study,1204,0,0,512,8,2,0.18,0.003,age,1.0,,B,analytic,hybrid,False,budget,cuda,0.09888216573214147,age-local,common-temperature-soft,0.3942984375,0.6437187499999999,0.31115833333333337,0.7090645833333333,0.8073541666666667,0.610775,1.0991593750000002,1.1423833333333333,0.9694875000000002,0.1391732638888889,0.28523437500000004,0.09039600694444443,0.1838851562499999,0.08979092881944445,0.26613749999999997,0.0911063870614035,0.3225986991543193,0.359375,0.47850930122034047,0.42517401450179243,0.4258,0.5658018339762623,0.5280357581753827,0.529,49472bc746ef48e7,0.09888216573214147,0.09888216573214147,0.03571428571428571,0.13984049985521857,,0.537109375,0.9257812499999999
xor3,common_temperature_study,1204,0,0,512,8,2,0.3,0.003,age,1.0,,B,analytic,hybrid,False,budget,cuda,0.05945360972790323,age-local,common-temperature-soft,0.47473281249999993,0.6126937499999999,0.4287458333333334,0.7686760416666667,0.8099666666666666,0.7273854166666668,1.1210921875000002,1.1590833333333335,1.0071187500000003,0.1321079861111111,0.28035937499999997,0.12013993055555555,0.2589484374999999,0.09890368441358026,0.29399453125,0.10033633040935672,0.3097267481478892,0.3671875,0.49371705619373574,0.4865361077111383,0.4966,0.5211630915398617,0.5316645516899174,0.5317,69264234b7c889ee,0.05945360972790323,0.05945360972790323,0.03571428571428571,0.08408010120923773,,0.46484375,1.0703125
xor3,common_temperature_study,1204,0,0,512,8,2,0.4,0.003,age,1.0,,B,analytic,hybrid,False,budget,cuda,0.04461322325626036,age-local,common-temperature-soft,0.4820578124999999,0.6048812499999999,0.4411166666666666,0.7813166666666667,0.8305625000000001,0.7320708333333333,1.14240625,1.1807729166666665,1.02730625,0.12831093750000003,0.28866015624999997,0.13824357638888884,0.2919835937499999,0.10455541087962963,0.32415859374999995,0.10606708698830408,0.3070209301614481,0.3359375,0.4932939860490899,0.4730038658498025,0.5128,0.5100186427788105,0.48778701512997114,0.4932,d89c47fe9313a611,0.04461322325626036,0.04461322325626036,0.03571428571428571,0.06309262539018218,,0.478515625,1.04296875
xor3,common_temperature_study,1205,0,0,512,8,2,0.0,0.003,global,1.0,,B,global,hybrid,False,budget,cuda,1.0,hard,common-temperature-hard,0.11717187500000002,0.1580625,0.1035416666666667,0.320709375,0.34984166666666666,0.2915770833333333,0.69154375,0.73219375,0.56959375,0.03206562500000001,0.07009218750000001,0.01962413194444447,0.043237500000000095,0.016067578124999992,0.042475781249999955,0.01658217288011695,0.4118819563356165,0.484375,0.5031957563007118,0.5472442159598484,0.5473,0.8721160638437339,0.8325690319681529,0.8326,29a58412c938f991,1.0,1.0,1.0,1.4142135623730951,,0.833984375,0.36877499999999996
xor3,common_temperature_study,1205,0,0,512,8,2,0.00025,0.003,age,1.0,,B,analytic,hybrid,False,budget,cuda,1.0,age-local,common-temperature-soft,0.08828593749999998,0.10126874999999998,0.0839583333333333,0.29969375,0.32487499999999997,0.2745125,0.7720203125,0.8021833333333334,0.68153125,0.017732465277777786,0.03330937499999999,0.01825156249999996,0.03580937499999992,0.014381274112654321,0.03625078124999999,0.014571313048245613,0.4016336468234553,0.421875,0.5058806429961882,0.49677670826659637,0.5124,0.9126648280803324,0.8769092646066303,0.8772,a887ca2acb40fc3d,1.0,1.0,0.03571428571428571,1.4142135623730951,,0.869140625,0.28076874999999996
xor3,common_temperature_study,1205,0,0,512,8,2,0.0005,0.003,age,1.0,,B,analytic,hybrid,False,budget,cuda,1.0,age-local,common-temperature-soft,0.08828593749999998,0.10126874999999998,0.0839583333333333,0.29969375,0.32487499999999997,0.2745125,0.7720203125,0.8021833333333334,0.68153125,0.017732465277777786,0.03330937499999999,0.01825156249999996,0.03580937499999992,0.014381274112654321,0.03625078124999999,0.014571313048245613,0.4016336468234553,0.421875,0.5058806429961882,0.49677670826659637,0.5124,0.9126648280803324,0.8769092646066303,0.8772,452492bf8d77e0f5,1.0,1.0,0.03571428571428571,1.4142135623730951,,0.869140625,0.28076874999999996
xor3,common_temperature_study,1205,0,0,512,8,2,0.001,0.003,age,1.0,,B,analytic,hybrid,False,budget,cuda,0.9999999999999993,age-local,common-temperature-soft,0.08828593749999998,0.10126874999999998,0.0839583333333333,0.29969375,0.32487499999999997,0.2745125,0.7720203125,0.8021833333333334,0.68153125,0.017732465277777786,0.03330937499999999,0.01825156249999996,0.03580937499999992,0.014381274112654321,0.03625078124999999,0.014571313048245613,0.4016336468234553,0.421875,0.5058806429961882,0.49677670826659637,0.5124,0.9126648280803324,0.8769092646066303,0.8772,74eb128be997ce25,0.9999999999999993,0.9999999999999993,0.03571428571428571,1.4142135623730943,,0.869140625,0.28076874999999996
xor3,common_temperature_study,1205,0,0,512,8,2,0.0015,0.003,age,1.0,,B,analytic,hybrid,False,budget,cuda,0.999999999908655,age-local,common-temperature-soft,0.08828593749999998,0.10126874999999998,0.0839583333333333,0.29969375,0.32487499999999997,0.2745125,0.7720203125,0.8021833333333334,0.68153125,0.017732465277777786,0.03330937499999999,0.01825156249999996,0.03580937499999992,0.014381274112654321,0.03625078124999999,0.014571313048245613,0.4016336468234553,0.421875,0.5058806429961882,0.49677670826659637,0.5124,0.9126648280803324,0.8769092646066303,0.8772,8afe0bf568f74e76,0.999999999908655,0.999999999908655,0.03571428571428571,1.4142135622439138,,0.869140625,0.28076874999999996
xor3,common_temperature_study,1205,0,0,512,8,2,0.002,0.003,age,1.0,,B,analytic,hybrid,False,budget,cuda,0.9999999648624576,age-local,common-temperature-soft,0.08828593749999998,0.10126874999999998,0.0839583333333333,0.29969375,0.32487499999999997,0.2745125,0.7720203125,0.8021833333333334,0.68153125,0.017732465277777786,0.03330937499999999,0.01825156249999996,0.03580937499999992,0.014381274112654321,0.03625078124999999,0.014571313048245613,0.4016336468234553,0.421875,0.5058806429961882,0.49677670826659637,0.5124,0.9126648280803324,0.8769092646066303,0.8772,b3c2033bf0caed83,0.9999999648624576,0.9999999648624576,0.03571428571428571,1.4142135126811062,,0.869140625,0.28076874999999996
xor3,common_temperature_study,1205,0,0,512,8,2,0.0025,0.003,age,1.0,,B,analytic,hybrid,False,budget,cuda,0.999998750250879,age-local,common-temperature-soft,0.11334374999999998,0.12531874999999998,0.10935208333333331,0.3177989583333333,0.35365833333333335,0.28193958333333335,0.78724375,0.8209354166666666,0.68616875,0.017070138888888888,0.03532578125000001,0.01443559027777778,0.031117187500000032,0.012754282407407405,0.03142109375000003,0.012912102521929824,0.40160061241962536,0.4140625,0.5624376619828015,0.42633341877875386,0.4876,0.8886263042061624,0.8268928086090507,0.8273,e8b10adf59b8658b,0.999998750250879,0.999998750250879,0.03571428571428571,1.4142117949609387,,0.828125,0.34374999999999994
xor3,common_temperature_study,1205,0,0,512,8,2,0.003,0.003,age,1.0,,B,analytic,hybrid,False,budget,cuda,0.9999864837985184,age-local,common-temperature-soft,0.12022812500000002,0.14814374999999996,0.1109229166666667,0.3205239583333333,0.35884374999999996,0.28220416666666664,0.7359359375000001,0.7877833333333334,0.58039375,0.017868055555555557,0.045026562500000006,0.024192881944444466,0.05626640625000012,0.015789139660493827,0.04698828124999996,0.016064999086257314,0.407761665239726,0.443359375,0.5046696587314202,0.5131755055355864,0.5155,0.8703192362775526,0.8318508315016394,0.8319,72a2023a124e8c02,0.9999864837985184,0.9999864837985184,0.03571428571428571,1.414194447577648,,0.833984375,0.33203125
xor3,common_temperature_study,1205,0,0,512,8,2,0.004,0.003,age,1.0,,B,analytic,hybrid,False,budget,cuda,0.9997349406477949,age-local,common-temperature-soft,0.08829374999999999,0.11166875000000002,0.08050208333333332,0.294034375,0.3409625,0.24710625,0.732675,0.7856729166666666,0.5736812499999999,0.018657638888888887,0.04649296874999999,0.021751562499999995,0.056040624999999955,0.01710668885030864,0.04367578125000003,0.017269736842105265,0.4120102717885101,0.447265625,0.46363721711085826,0.4472901804603385,0.4781,0.8745838929848632,0.82620290143732,0.8266,658b316ef78206e3,0.9997349406477949,0.9997349406477949,0.03571428571428571,1.4138387118423728,,0.837890625,0.35377499999999995
xor3,common_temperature_study,1205,0,0,512,8,2,0.006,0.003,age,1.0,,B,analytic,hybrid,False,budget,cuda,0.9948141942133263,age-local,common-temperature-soft,0.0891734375,0.12971875,0.07565833333333331,0.30856041666666667,0.3151,0.30202083333333335,0.7641203125,0.8067729166666666,0.6361625,0.028274652777777774,0.06015312499999999,0.024087152777777773,0.056517187499999955,0.0183955680941358,0.04946718749999998,0.018805322551169592,0.4093849922246297,0.439453125,0.4783171348530884,0.4373295697332924,0.4992,0.8153667784449042,0.7596645457588345,0.7599,45b736f508096508,0.9948141942133263,0.9948141942133263,0.03571428571428571,1.4068797254977483,,0.8125,0.37499999999999994
xor3,common_temperature_study,1205,0,0,512,8,2,0.008,0.003,age,1.0,,B,analytic,hybrid,False,budget,cuda,0.9772362445412965,age-local,common-temperature-soft,0.09125156250000002,0.14030625000000002,0.07490000000000002,0.2685,0.30072708333333337,0.2362729166666667,0.7279578124999999,0.77379375,0.5904499999999999,0.018396006944444442,0.03897109374999999,0.021974479166666665,0.04794218750000005,0.017172863618827156,0.04675703124999997,0.017331409904970757,0.4076434512161029,0.46484375,0.4425080007958777,0.38296663148493953,0.3863,0.8611867517737172,0.8074259369993251,0.8082,8d8b00fdd2d3e71a,0.9772362445412965,0.9772362445412965,0.03571428571428571,1.3820207506728521,,0.802734375,0.39453124999999994
xor3,common_temperature_study,1205,0,0,512,8,2,0.012,0.003,age,1.0,,B,analytic,hybrid,False,budget,cuda,0.9029736543063381,age-local,common-temperature-soft,0.11226875000000001,0.17919374999999998,0.0899604166666667,0.29515833333333336,0.34280416666666663,0.24751249999999994,0.74341875,0.79340625,0.59345625,0.03428055555555556,0.07011562500000004,0.019402951388888905,0.04383359375000001,0.01734501350308642,0.04321406250000006,0.01784484192251462,0.40295939116228685,0.4453125,0.48742122659608134,0.469036377798813,0.473,0.8850348700720052,0.8402009229742533,0.8403,b43479a296089444,0.9029736543063381,0.9029736543063381,0.03571428571428571,1.2769975883856182,,0.849609375,0.30078124999999994
xor3,common_temperature_study,1205,0,0,512,8,2,0.016,0.003,age,1.0,,B,analytic,hybrid,False,budget,cuda,0.8061980899518151,age-local,common-temperature-soft,0.10387968750000003,0.11719999999999998,0.09943958333333336,0.3036697916666667,0.32335,0.2839895833333333,0.774946875,0.8306666666666667,0.6077875,0.02839756944444445,0.057810156249999994,0.013689062499999995,0.029414062500000032,0.01610697337962963,0.04177187500000005,0.016366780884502923,0.4082806602949399,0.419921875,0.5276893647080744,0.5116352792381871,0.5228,0.9060137988417515,0.863735780730958,0.8641,c5544eb884a3d100,0.8061980899518151,0.8061980899518151,0.03571428571428571,1.1401362727691413,,0.865234375,0.2966625
xor3,common_temperature_study,1205,0,0,512,8,2,0.023,0.003,age,1.0,,B,analytic,hybrid,False,budget,cuda,0.6506341092311254,age-local,common-temperature-soft,0.143671875,0.19180625,0.12762708333333336,0.3367583333333333,0.39462291666666666,0.27889375,0.8080875,0.8813833333333333,0.5882000000000001,0.01923142361111111,0.041362499999999996,0.022840104166666653,0.057993749999999955,0.019133265817901236,0.0505234375,0.01923339729532164,0.4069792139886776,0.41015625,0.5069713331959915,0.46011265649234523,0.4897,0.8988580827767232,0.8504910079447918,0.8506,119866c97934734f,0.6506341092311254,0.6506341092311254,0.03571428571428571,0.9201355814171954,,0.86328125,0.31036874999999997
xor3,common_temperature_study,1205,0,0,512,8,2,0.032,0.003,age,1.0,,B,analytic,hybrid,False,budget,cuda,0.5065185597697057,age-local,common-temperature-soft,0.13879531250000005,0.14254374999999997,0.13754583333333334,0.35751979166666664,0.3974729166666666,0.3175666666666667,0.8373265624999999,0.9018499999999999,0.64375625,0.017991493055555547,0.03752265624999998,0.023378819444444452,0.05603750000000006,0.016930883487654327,0.04378437499999997,0.017128476790935678,0.40559013095820523,0.37109375,0.5252868849375664,0.551376222913347,0.5593,0.8383895257884705,0.7818990381747584,0.7819,7e61f47b8228575e,0.5065185597697057,0.5065185597697057,0.03571428571428571,0.7163254168200051,,0.869140625,0.29083749999999997
xor3,common_temperature_study,1205,0,0,512,8,2,0.05,0.003,age,1.0,,B,analytic,hybrid,False,budget,cuda,0.3426949069654599,age-local,common-temperature-soft,0.1545296875,0.21180625000000003,0.13543749999999996,0.3832333333333333,0.4273041666666666,0.33916250000000003,0.8458062500000001,0.8916395833333334,0.70830625,0.02678958333333335,0.06418203125,0.01800972222222223,0.04043671874999996,0.020334471450617293,0.05562812500000008,0.020443165204678367,0.3990875406241264,0.392578125,0.4952456632108735,0.4304228727174614,0.5018,0.9023233201930276,0.8552318301164835,0.8553,322bbc8c18782537,0.3426949069654599,0.3426949069654599,0.03571428571428571,0.48464378518673945,,0.873046875,0.2704
xor3,common_temperature_study,1205,0,0,512,8,2,0.08,0.003,age,1.0,,B,analytic,hybrid,False,budget,cuda,0.2195795200967781,age-local,common-temperature-soft,0.234871875,0.3587874999999999,0.19356666666666666,0.46422916666666664,0.5415791666666666,0.38687916666666666,0.88115625,0.9409854166666666,0.7016687500000001,0.07333836805555556,0.15476171875000005,0.051330902777777736,0.1148874999999999,0.05214391878858025,0.15556093749999994,0.05268027229532163,0.3626986432415432,0.392578125,0.48600591049641356,0.46482727604114593,0.4847,0.7527126391685479,0.7242850121693027,0.7246,d4802d4f6ad9449d,0.2195795200967781,0.2195795200967781,0.03571428571428571,0.3105323353402392,,0.70703125,0.5859375
xor3,common_temperature_study,1205,0,0,512,8,2,0.12,0.003,age,1.0,,B,analytic,hybrid,False,budget,cuda,0.14772074061076285,age-local,common-temperature-soft,0.31889843749999996,0.5267562499999999,0.24961250000000001,0.5823499999999999,0.6701958333333332,0.4945041666666667,1.0060171875000001,1.0599291666666668,0.8442812500000001,0.1149638888888889,0.23296640625,0.07368194444444441,0.1519296874999999,0.07487309027777778,0.21978125,0.07589676535087718,0.34158337992731336,0.36328125,0.46050673014479626,0.430685020242915,0.4507,0.5532646792774545,0.5073384155022332,0.5089,878de1ff7efa4a3a,0.14772074061076285,0.14772074061076285,0.03571428571428571,0.20890867481553888,,0.556640625,0.88893125
xor3,common_temperature_study,1205,0,0,512,8,2,0.18,0.003,age,1.0,,B,analytic,hybrid,False,budget,cuda,0.09888216573214147,age-local,common-temperature-soft,0.37624218749999994,0.5267562499999999,0.3260708333333333,0.6559427083333333,0.71509375,0.5967916666666666,1.02880625,1.0725416666666667,0.8976000000000001,0.1169277777777778,0.24017109375,0.07842100694444443,0.15778593749999995,0.07618188175154321,0.22813203124999998,0.07731306652046784,0.3287810468793682,0.365234375,0.5109424379693209,0.5410446890122531,0.5433,0.533244401363749,0.5415981663926656,0.5416,5c5fc8dc6e728c90,0.09888216573214147,0.09888216573214147,0.03571428571428571,0.13984049985521857,,0.49609375,1.0078125
xor3,common_temperature_study,1205,0,0,512,8,2,0.3,0.003,age,1.0,,B,analytic,hybrid,False,budget,cuda,0.05945360972790323,age-local,common-temperature-soft,0.45420156249999993,0.6009749999999999,0.4052770833333334,0.7492364583333334,0.8018854166666666,0.6965875,1.0882749999999999,1.12610625,0.9747812499999999,0.12510694444444445,0.25598125,0.12334288194444443,0.2583718749999999,0.09969727044753086,0.29834140625,0.1009881990131579,0.3170805886566956,0.361328125,0.48655539745783344,0.4792336425598808,0.4818,0.5086185935406808,0.5122023995619487,0.5125,9fb6f9c424c4d41d,0.05945360972790323,0.05945360972790323,0.03571428571428571,0.08408010120923773,,0.474609375,1.05078125
xor3,common_temperature_study,1205,0,0,512,8,2,0.4,0.003,age,1.0,,B,analytic,hybrid,False,budget,cuda,0.04461322325626036,age-local,common-temperature-soft,0.43887343749999996,0.6087874999999999,0.38223541666666666,0.7241093750000002,0.7975770833333334,0.6506416666666667,1.0552609375,1.10298125,0.9120999999999999,0.1296534722222222,0.26364843750000005,0.14189687499999995,0.3007726562499999,0.10894132426697532,0.32693046875000004,0.11035363212719297,0.31571989883282076,0.373046875,0.48971265645631773,0.47937732167613223,0.4794,0.5005999496413668,0.5239381309995047,0.524,5bd79c231fa0f23b,0.04461322325626036,0.04461322325626036,0.03571428571428571,0.06309262539018218,,0.498046875,1.00390625
