dataset,seed,data_seed,rho,tau,theta,arm,error,q_actual,reach,calibration,id,source_json,rounds,nout,selection,adjacency
adult,910,0,1e-05,0.0,1.0,hard,1.0168844483216635,1.0,0.0027397260273972603,global,5fa7ea2d8b7a3a9a,results/raw/interaction_transfer/target/5fa7ea2d8b7a3a9a.json,8,512,hybrid,B
adult,910,0,1e-05,0.015,2.0,soft,0.6104645080922548,0.1806440668446314,0.005479452054794521,analytic,41cba5e1cfbc948e,results/raw/interaction_transfer/target/41cba5e1cfbc948e.json,8,512,hybrid,B
adult,910,0,1e-05,0.03,4.0,soft,0.5878462625145875,0.1806440668446314,0.010958904109589041,analytic,f243a6d3a3f035ae,results/raw/interaction_transfer/target/f243a6d3a3f035ae.json,8,512,hybrid,B
adult,910,0,1e-05,0.06,8.0,soft,0.7128018280511026,0.1806440668446314,0.021917808219178082,analytic,e23e407bc497ae8f,results/raw/interaction_transfer/target/e23e407bc497ae8f.json,8,512,hybrid,B
adult,911,0,1e-05,0.0,1.0,hard,1.048695181499908,1.0,0.0027397260273972603,global,3f9bba41f270f2e0,results/raw/interaction_transfer/target/3f9bba41f270f2e0.json,8,512,hybrid,B
adult,911,0,1e-05,0.015,2.0,soft,0.5432606690697747,0.1806440668446314,0.005479452054794521,analytic,8a69dfc4fef05e94,results/raw/interaction_transfer/target/8a69dfc4fef05e94.json,8,512,hybrid,B
adult,911,0,1e-05,0.03,4.0,soft,0.6412947559655426,0.1806440668446314,0.010958904109589041,analytic,bf84fc36fbcf221a,results/raw/interaction_transfer/target/bf84fc36fbcf221a.json,8,512,hybrid,B
adult,911,0,1e-05,0.06,8.0,soft,0.7100812968337327,0.1806440668446314,0.021917808219178082,analytic,d44c759c5b491012,results/raw/interaction_transfer/target/d44c759c5b491012.json,8,512,hybrid,B
adult,912,0,1e-05,0.0,1.0,hard,0.9932097085943736,1.0,0.0027397260273972603,global,7ec6818fd49dbf22,results/raw/interaction_transfer/target/7ec6818fd49dbf22.json,8,512,hybrid,B
adult,912,0,1e-05,0.015,2.0,soft,0.5544587296925865,0.1806440668446314,0.005479452054794521,analytic,62aa232ba8d79386,results/raw/interaction_transfer/target/62aa232ba8d79386.json,8,512,hybrid,B
adult,912,0,1e-05,0.03,4.0,soft,0.6448395560776365,0.1806440668446314,0.010958904109589041,analytic,f5c696911230c622,results/raw/interaction_transfer/target/f5c696911230c622.json,8,512,hybrid,B
adult,912,0,1e-05,0.06,8.0,soft,0.7061327237270438,0.1806440668446314,0.021917808219178082,analytic,aa56d63a7dc01e33,results/raw/interaction_transfer/target/aa56d63a7dc01e33.json,8,512,hybrid,B
adult,913,0,1e-05,0.0,1.0,hard,0.9693115969151158,1.0,0.0027397260273972603,global,16122d25a0a70078,results/raw/interaction_transfer/target/16122d25a0a70078.json,8,512,hybrid,B
adult,913,0,1e-05,0.015,2.0,soft,0.5547402359345248,0.1806440668446314,0.005479452054794521,analytic,91138af819df0165,results/raw/interaction_transfer/target/91138af819df0165.json,8,512,hybrid,B
adult,913,0,1e-05,0.03,4.0,soft,0.5192164179104478,0.1806440668446314,0.010958904109589041,analytic,ae42b91d80dedbdc,results/raw/interaction_transfer/target/ae42b91d80dedbdc.json,8,512,hybrid,B
adult,913,0,1e-05,0.06,8.0,soft,0.6409742855936368,0.1806440668446314,0.021917808219178082,analytic,808d2d9b8222f01c,results/raw/interaction_transfer/target/808d2d9b8222f01c.json,8,512,hybrid,B
adult,914,0,1e-05,0.0,1.0,hard,1.057481040975677,1.0,0.0027397260273972603,global,65b0cfe7898a0791,results/raw/interaction_transfer/target/65b0cfe7898a0791.json,8,512,hybrid,B
adult,914,0,1e-05,0.015,2.0,soft,0.5343737283873841,0.1806440668446314,0.005479452054794521,analytic,69f1fdfef006d685,results/raw/interaction_transfer/target/69f1fdfef006d685.json,8,512,hybrid,B
adult,914,0,1e-05,0.03,4.0,soft,0.5475721316258215,0.1806440668446314,0.010958904109589041,analytic,05e393a91d275cab,results/raw/interaction_transfer/target/05e393a91d275cab.json,8,512,hybrid,B
adult,914,0,1e-05,0.06,8.0,soft,0.6902832001259137,0.1806440668446314,0.021917808219178082,analytic,dcaf9e3b21355760,results/raw/interaction_transfer/target/dcaf9e3b21355760.json,8,512,hybrid,B
adult,915,0,1e-05,0.0,1.0,hard,0.9734572939699648,1.0,0.0027397260273972603,global,a8e09d6db84dbbd2,results/raw/interaction_transfer/target/a8e09d6db84dbbd2.json,8,512,hybrid,B
adult,915,0,1e-05,0.015,2.0,soft,0.5733629547094773,0.1806440668446314,0.005479452054794521,analytic,7f4e131e3977b9b3,results/raw/interaction_transfer/target/7f4e131e3977b9b3.json,8,512,hybrid,B
adult,915,0,1e-05,0.03,4.0,soft,0.5837440642082795,0.1806440668446314,0.010958904109589041,analytic,98a0684bcc263969,results/raw/interaction_transfer/target/98a0684bcc263969.json,8,512,hybrid,B
adult,915,0,1e-05,0.06,8.0,soft,0.7122383597060991,0.1806440668446314,0.021917808219178082,analytic,aad2e4b035453691,results/raw/interaction_transfer/target/aad2e4b035453691.json,8,512,hybrid,B
adult,910,0,3e-05,0.0,1.0,hard,0.8538741477796205,1.0,0.0027397260273972603,global,b3014beacc9b85b6,results/raw/interaction_transfer/target/b3014beacc9b85b6.json,8,512,hybrid,B
adult,910,0,3e-05,0.015,2.0,soft,0.43231935423192686,0.1806440668446314,0.005479452054794521,analytic,66dcfe49b2036e68,results/raw/interaction_transfer/target/66dcfe49b2036e68.json,8,512,hybrid,B
adult,910,0,3e-05,0.03,4.0,soft,0.4447592045559241,0.1806440668446314,0.010958904109589041,analytic,2fbad720c36b6b13,results/raw/interaction_transfer/target/2fbad720c36b6b13.json,8,512,hybrid,B
adult,910,0,3e-05,0.06,8.0,soft,0.5837922655242307,0.1806440668446314,0.021917808219178082,analytic,e6a684713acbb741,results/raw/interaction_transfer/target/e6a684713acbb741.json,8,512,hybrid,B
adult,911,0,3e-05,0.0,1.0,hard,0.9270839571432961,1.0,0.0027397260273972603,global,25ac7c58056ea883,results/raw/interaction_transfer/target/25ac7c58056ea883.json,8,512,hybrid,B
adult,911,0,3e-05,0.015,2.0,soft,0.38085716767244027,0.1806440668446314,0.005479452054794521,analytic,3fc1910c117cfc94,results/raw/interaction_transfer/target/3fc1910c117cfc94.json,8,512,hybrid,B
adult,911,0,3e-05,0.03,4.0,soft,0.4825525152017689,0.1806440668446314,0.010958904109589041,analytic,26438ef17ccf79f8,results/raw/interaction_transfer/target/26438ef17ccf79f8.json,8,512,hybrid,B
adult,911,0,3e-05,0.06,8.0,soft,0.5690243324273693,0.1806440668446314,0.021917808219178082,analytic,64c794dab47534f8,results/raw/interaction_transfer/target/64c794dab47534f8.json,8,512,hybrid,B
adult,912,0,3e-05,0.0,1.0,hard,0.8426413697331245,1.0,0.0027397260273972603,global,d1926f6957563b98,results/raw/interaction_transfer/target/d1926f6957563b98.json,8,512,hybrid,B
adult,912,0,3e-05,0.015,2.0,soft,0.36222058112216693,0.1806440668446314,0.005479452054794521,analytic,52e9924e4c401ea2,results/raw/interaction_transfer/target/52e9924e4c401ea2.json,8,512,hybrid,B
adult,912,0,3e-05,0.03,4.0,soft,0.4720766345740433,0.1806440668446314,0.010958904109589041,analytic,ff52adf2ccd16544,results/raw/interaction_transfer/target/ff52adf2ccd16544.json,8,512,hybrid,B
adult,912,0,3e-05,0.06,8.0,soft,0.5280808054634235,0.1806440668446314,0.021917808219178082,analytic,c1bf12d30ca347e9,results/raw/interaction_transfer/target/c1bf12d30ca347e9.json,8,512,hybrid,B
adult,913,0,3e-05,0.0,1.0,hard,0.8573001360865427,1.0,0.0027397260273972603,global,86735f301011478e,results/raw/interaction_transfer/target/86735f301011478e.json,8,512,hybrid,B
adult,913,0,3e-05,0.015,2.0,soft,0.40132789946870595,0.1806440668446314,0.005479452054794521,analytic,e872dce38233febe,results/raw/interaction_transfer/target/e872dce38233febe.json,8,512,hybrid,B
adult,913,0,3e-05,0.03,4.0,soft,0.45636545282845037,0.1806440668446314,0.010958904109589041,analytic,f2e26c9ce005324f,results/raw/interaction_transfer/target/f2e26c9ce005324f.json,8,512,hybrid,B
adult,913,0,3e-05,0.06,8.0,soft,0.5748336826669125,0.1806440668446314,0.021917808219178082,analytic,7ee5c5df4ca75149,results/raw/interaction_transfer/target/7ee5c5df4ca75149.json,8,512,hybrid,B
adult,914,0,3e-05,0.0,1.0,hard,0.9035617869372276,1.0,0.0027397260273972603,global,47a26d9ba022dac6,results/raw/interaction_transfer/target/47a26d9ba022dac6.json,8,512,hybrid,B
adult,914,0,3e-05,0.015,2.0,soft,0.4503070584577114,0.1806440668446314,0.005479452054794521,analytic,f7b850c4dedf7e0f,results/raw/interaction_transfer/target/f7b850c4dedf7e0f.json,8,512,hybrid,B
adult,914,0,3e-05,0.03,4.0,soft,0.43661728491032487,0.1806440668446314,0.010958904109589041,analytic,8125af5c51d2262d,results/raw/interaction_transfer/target/8125af5c51d2262d.json,8,512,hybrid,B
adult,914,0,3e-05,0.06,8.0,soft,0.5448750412674284,0.1806440668446314,0.021917808219178082,analytic,cb2a4857819e45bb,results/raw/interaction_transfer/target/cb2a4857819e45bb.json,8,512,hybrid,B
adult,915,0,3e-05,0.0,1.0,hard,0.9052146434110313,1.0,0.0027397260273972603,global,1bfd539b5cce6d72,results/raw/interaction_transfer/target/1bfd539b5cce6d72.json,8,512,hybrid,B
adult,915,0,3e-05,0.015,2.0,soft,0.4267384384021252,0.1806440668446314,0.005479452054794521,analytic,a2bf79b8522e9780,results/raw/interaction_transfer/target/a2bf79b8522e9780.json,8,512,hybrid,B
adult,915,0,3e-05,0.03,4.0,soft,0.4404890334208586,0.1806440668446314,0.010958904109589041,analytic,7b2336484012d179,results/raw/interaction_transfer/target/7b2336484012d179.json,8,512,hybrid,B
adult,915,0,3e-05,0.06,8.0,soft,0.5698088454333272,0.1806440668446314,0.021917808219178082,analytic,93eff70c8cd2be98,results/raw/interaction_transfer/target/93eff70c8cd2be98.json,8,512,hybrid,B
adult,910,0,0.0001,0.0,1.0,hard,0.7245864379875315,1.0,0.0027397260273972603,global,fb385ad0293fc55a,results/raw/interaction_transfer/target/fb385ad0293fc55a.json,8,512,hybrid,B
adult,910,0,0.0001,0.015,2.0,soft,0.334528481243474,0.1806440668446314,0.005479452054794521,analytic,73055a617232883a,results/raw/interaction_transfer/target/73055a617232883a.json,8,512,hybrid,B
adult,910,0,0.0001,0.03,4.0,soft,0.3891817196809164,0.1806440668446314,0.010958904109589041,analytic,81187f850ebe1fae,results/raw/interaction_transfer/target/81187f850ebe1fae.json,8,512,hybrid,B
adult,910,0,0.0001,0.06,8.0,soft,0.48727569233308765,0.1806440668446314,0.021917808219178082,analytic,21b2537bd06ec57d,results/raw/interaction_transfer/target/21b2537bd06ec57d.json,8,512,hybrid,B
adult,911,0,0.0001,0.0,1.0,hard,0.7130145952337081,1.0,0.0027397260273972603,global,f8d291c784d6db81,results/raw/interaction_transfer/target/f8d291c784d6db81.json,8,512,hybrid,B
adult,911,0,0.0001,0.015,2.0,soft,0.3414772203795836,0.1806440668446314,0.005479452054794521,analytic,42297fb87dcd1d7f,results/raw/interaction_transfer/target/42297fb87dcd1d7f.json,8,512,hybrid,B
adult,911,0,0.0001,0.03,4.0,soft,0.4219164833625085,0.1806440668446314,0.010958904109589041,analytic,95ffb5ccbb78dd78,results/raw/interaction_transfer/target/95ffb5ccbb78dd78.json,8,512,hybrid,B
adult,911,0,0.0001,0.06,8.0,soft,0.5252492840581044,0.1806440668446314,0.021917808219178082,analytic,c4fddcb914b8b42f,results/raw/interaction_transfer/target/c4fddcb914b8b42f.json,8,512,hybrid,B
adult,912,0,0.0001,0.0,1.0,hard,0.6964731464206745,1.0,0.0027397260273972603,global,97e8666fa62e92c6,results/raw/interaction_transfer/target/97e8666fa62e92c6.json,8,512,hybrid,B
adult,912,0,0.0001,0.015,2.0,soft,0.26372794591855536,0.1806440668446314,0.005479452054794521,analytic,b3c7df377861f12a,results/raw/interaction_transfer/target/b3c7df377861f12a.json,8,512,hybrid,B
adult,912,0,0.0001,0.03,4.0,soft,0.3614476325932068,0.1806440668446314,0.010958904109589041,analytic,644e8ed1788e30d8,results/raw/interaction_transfer/target/644e8ed1788e30d8.json,8,512,hybrid,B
adult,912,0,0.0001,0.06,8.0,soft,0.4395251990433634,0.1806440668446314,0.021917808219178082,analytic,b655fdabffb2390e,results/raw/interaction_transfer/target/b655fdabffb2390e.json,8,512,hybrid,B
adult,913,0,0.0001,0.0,1.0,hard,0.7190070097045635,1.0,0.0027397260273972603,global,f250a2c95a5e0596,results/raw/interaction_transfer/target/f250a2c95a5e0596.json,8,512,hybrid,B
adult,913,0,0.0001,0.015,2.0,soft,0.31821947361955655,0.1806440668446314,0.005479452054794521,analytic,44f6c49c4d37c4a0,results/raw/interaction_transfer/target/44f6c49c4d37c4a0.json,8,512,hybrid,B
adult,913,0,0.0001,0.03,4.0,soft,0.35995017677814634,0.1806440668446314,0.010958904109589041,analytic,9a8ce0c3a3a61347,results/raw/interaction_transfer/target/9a8ce0c3a3a61347.json,8,512,hybrid,B
adult,913,0,0.0001,0.06,8.0,soft,0.4191973917065906,0.1806440668446314,0.021917808219178082,analytic,6b7e057579c4e924,results/raw/interaction_transfer/target/6b7e057579c4e924.json,8,512,hybrid,B
adult,914,0,0.0001,0.0,1.0,hard,0.684465692371476,1.0,0.0027397260273972603,global,c8dc870b7d3f5ff0,results/raw/interaction_transfer/target/c8dc870b7d3f5ff0.json,8,512,hybrid,B
adult,914,0,0.0001,0.015,2.0,soft,0.323511277524415,0.1806440668446314,0.005479452054794521,analytic,411a59a7cdd685e8,results/raw/interaction_transfer/target/411a59a7cdd685e8.json,8,512,hybrid,B
adult,914,0,0.0001,0.03,4.0,soft,0.3824106704133653,0.1806440668446314,0.010958904109589041,analytic,f8a1633cad525c04,results/raw/interaction_transfer/target/f8a1633cad525c04.json,8,512,hybrid,B
adult,914,0,0.0001,0.06,8.0,soft,0.548579104861495,0.1806440668446314,0.021917808219178082,analytic,3c4c8a6c5a13d86b,results/raw/interaction_transfer/target/3c4c8a6c5a13d86b.json,8,512,hybrid,B
adult,915,0,0.0001,0.0,1.0,hard,0.7590182766721946,1.0,0.0027397260273972603,global,28fa90b61c7fe285,results/raw/interaction_transfer/target/28fa90b61c7fe285.json,8,512,hybrid,B
adult,915,0,0.0001,0.015,2.0,soft,0.3158926624593084,0.1806440668446314,0.005479452054794521,analytic,843e778316b1eacd,results/raw/interaction_transfer/target/843e778316b1eacd.json,8,512,hybrid,B
adult,915,0,0.0001,0.03,4.0,soft,0.36919849537037036,0.1806440668446314,0.010958904109589041,analytic,acd6b79cd7185432,results/raw/interaction_transfer/target/acd6b79cd7185432.json,8,512,hybrid,B
adult,915,0,0.0001,0.06,8.0,soft,0.4511950519393772,0.1806440668446314,0.021917808219178082,analytic,dc727f670f160818,results/raw/interaction_transfer/target/dc727f670f160818.json,8,512,hybrid,B
adult,910,0,0.0002,0.0,1.0,hard,0.5647498186152571,1.0,0.0027397260273972603,global,4f7150548b275db7,results/raw/interaction_transfer/target/4f7150548b275db7.json,8,512,hybrid,B
adult,910,0,0.0002,0.015,2.0,soft,0.28062323893649044,0.1806440668446314,0.005479452054794521,analytic,7fec532c9c084924,results/raw/interaction_transfer/target/7fec532c9c084924.json,8,512,hybrid,B
adult,910,0,0.0002,0.03,4.0,soft,0.3814841926555494,0.1806440668446314,0.010958904109589041,analytic,1f9746e442174766,results/raw/interaction_transfer/target/1f9746e442174766.json,8,512,hybrid,B
adult,910,0,0.0002,0.06,8.0,soft,0.4778378074903261,0.1806440668446314,0.021917808219178082,analytic,4a2e18fbd08f994d,results/raw/interaction_transfer/target/4a2e18fbd08f994d.json,8,512,hybrid,B
adult,911,0,0.0002,0.0,1.0,hard,0.5615938680440391,1.0,0.0027397260273972603,global,41f93c9355cc8eb1,results/raw/interaction_transfer/target/41f93c9355cc8eb1.json,8,512,hybrid,B
adult,911,0,0.0002,0.015,2.0,soft,0.34752153104078376,0.1806440668446314,0.005479452054794521,analytic,36896f3e6a5aee57,results/raw/interaction_transfer/target/36896f3e6a5aee57.json,8,512,hybrid,B
adult,911,0,0.0002,0.03,4.0,soft,0.3136526328619249,0.1806440668446314,0.010958904109589041,analytic,191dcf52d1690cfb,results/raw/interaction_transfer/target/191dcf52d1690cfb.json,8,512,hybrid,B
adult,911,0,0.0002,0.06,8.0,soft,0.49343296058288794,0.1806440668446314,0.021917808219178082,analytic,d7fccdc177ac7d51,results/raw/interaction_transfer/target/d7fccdc177ac7d51.json,8,512,hybrid,B
adult,912,0,0.0002,0.0,1.0,hard,0.5873510293824089,1.0,0.0027397260273972603,global,59d002a34fe4627a,results/raw/interaction_transfer/target/59d002a34fe4627a.json,8,512,hybrid,B
adult,912,0,0.0002,0.015,2.0,soft,0.3195854254959769,0.1806440668446314,0.005479452054794521,analytic,68704366a775064b,results/raw/interaction_transfer/target/68704366a775064b.json,8,512,hybrid,B
adult,912,0,0.0002,0.03,4.0,soft,0.3165604990095817,0.1806440668446314,0.010958904109589041,analytic,c8d8457363b965d6,results/raw/interaction_transfer/target/c8d8457363b965d6.json,8,512,hybrid,B
adult,912,0,0.0002,0.06,8.0,soft,0.4657268009873472,0.1806440668446314,0.021917808219178082,analytic,13dd8b6d98aaff90,results/raw/interaction_transfer/target/13dd8b6d98aaff90.json,8,512,hybrid,B
adult,913,0,0.0002,0.0,1.0,hard,0.6882889276610773,1.0,0.0027397260273972603,global,2b86bef2e29896cb,results/raw/interaction_transfer/target/2b86bef2e29896cb.json,8,512,hybrid,B
adult,913,0,0.0002,0.015,2.0,soft,0.33674168701246854,0.1806440668446314,0.005479452054794521,analytic,15282d134fd86365,results/raw/interaction_transfer/target/15282d134fd86365.json,8,512,hybrid,B
adult,913,0,0.0002,0.03,4.0,soft,0.3529046511270807,0.1806440668446314,0.010958904109589041,analytic,1fa4f7bfe5049bc9,results/raw/interaction_transfer/target/1fa4f7bfe5049bc9.json,8,512,hybrid,B
adult,913,0,0.0002,0.06,8.0,soft,0.4847350583118358,0.1806440668446314,0.021917808219178082,analytic,1f42893dd9dfc84a,results/raw/interaction_transfer/target/1f42893dd9dfc84a.json,8,512,hybrid,B
adult,914,0,0.0002,0.0,1.0,hard,0.6341068336941833,1.0,0.0027397260273972603,global,6caaa4284b9b621c,results/raw/interaction_transfer/target/6caaa4284b9b621c.json,8,512,hybrid,B
adult,914,0,0.0002,0.015,2.0,soft,0.32349335498433757,0.1806440668446314,0.005479452054794521,analytic,afb556feb74cf734,results/raw/interaction_transfer/target/afb556feb74cf734.json,8,512,hybrid,B
adult,914,0,0.0002,0.03,4.0,soft,0.3966807791674345,0.1806440668446314,0.010958904109589041,analytic,59871799f30f7631,results/raw/interaction_transfer/target/59871799f30f7631.json,8,512,hybrid,B
adult,914,0,0.0002,0.06,8.0,soft,0.4961718702014618,0.1806440668446314,0.021917808219178082,analytic,37b719c35bbf7454,results/raw/interaction_transfer/target/37b719c35bbf7454.json,8,512,hybrid,B
adult,915,0,0.0002,0.0,1.0,hard,0.6077699369664025,1.0,0.0027397260273972603,global,de9dfed44fa7ec1b,results/raw/interaction_transfer/target/de9dfed44fa7ec1b.json,8,512,hybrid,B
adult,915,0,0.0002,0.015,2.0,soft,0.27930395284380566,0.1806440668446314,0.005479452054794521,analytic,a5d4bad379fdf69e,results/raw/interaction_transfer/target/a5d4bad379fdf69e.json,8,512,hybrid,B
adult,915,0,0.0002,0.03,4.0,soft,0.3795781893004115,0.1806440668446314,0.010958904109589041,analytic,fd6f21922f51b944,results/raw/interaction_transfer/target/fd6f21922f51b944.json,8,512,hybrid,B
adult,915,0,0.0002,0.06,8.0,soft,0.4612673755067256,0.1806440668446314,0.021917808219178082,analytic,9160b68af75f0e5c,results/raw/interaction_transfer/target/9160b68af75f0e5c.json,8,512,hybrid,B
adult,910,0,0.0003,0.0,1.0,hard,0.5330553300242615,1.0,0.0027397260273972603,global,2849fe3b558717ff,results/raw/interaction_transfer/target/2849fe3b558717ff.json,8,512,hybrid,B
adult,910,0,0.0003,0.015,2.0,soft,0.32616544495884775,0.1806440668446314,0.005479452054794521,analytic,653521f79a6dd4e7,results/raw/interaction_transfer/target/653521f79a6dd4e7.json,8,512,hybrid,B
adult,910,0,0.0003,0.03,4.0,soft,0.3723365953795836,0.1806440668446314,0.010958904109589041,analytic,930fc9f0c2fcdc0a,results/raw/interaction_transfer/target/930fc9f0c2fcdc0a.json,8,512,hybrid,B
adult,910,0,0.0003,0.06,8.0,soft,0.3826525887153738,0.1806440668446314,0.021917808219178082,analytic,a140498a500d9f6f,results/raw/interaction_transfer/target/a140498a500d9f6f.json,8,512,hybrid,B
adult,911,0,0.0003,0.0,1.0,hard,0.5722077066442479,1.0,0.0027397260273972603,global,b40e35a82fcfc26a,results/raw/interaction_transfer/target/b40e35a82fcfc26a.json,8,512,hybrid,B
adult,911,0,0.0003,0.015,2.0,soft,0.2799882243873226,0.1806440668446314,0.005479452054794521,analytic,368ec9ca4c1937c8,results/raw/interaction_transfer/target/368ec9ca4c1937c8.json,8,512,hybrid,B
adult,911,0,0.0003,0.03,4.0,soft,0.3689963089644371,0.1806440668446314,0.010958904109589041,analytic,7e8c2bafe40a25f5,results/raw/interaction_transfer/target/7e8c2bafe40a25f5.json,8,512,hybrid,B
adult,911,0,0.0003,0.06,8.0,soft,0.4219905248065229,0.1806440668446314,0.021917808219178082,analytic,3b7e936515a843ba,results/raw/interaction_transfer/target/3b7e936515a843ba.json,8,512,hybrid,B
adult,912,0,0.0003,0.0,1.0,hard,0.5881051916344204,1.0,0.0027397260273972603,global,5c5111e7a8d0db53,results/raw/interaction_transfer/target/5c5111e7a8d0db53.json,8,512,hybrid,B
adult,912,0,0.0003,0.015,2.0,soft,0.2863049720533137,0.1806440668446314,0.005479452054794521,analytic,27775eb1ab2e1a33,results/raw/interaction_transfer/target/27775eb1ab2e1a33.json,8,512,hybrid,B
adult,912,0,0.0003,0.03,4.0,soft,0.3075142228671457,0.1806440668446314,0.010958904109589041,analytic,d73ddb35d45c76dc,results/raw/interaction_transfer/target/d73ddb35d45c76dc.json,8,512,hybrid,B
adult,912,0,0.0003,0.06,8.0,soft,0.4507426457603955,0.1806440668446314,0.021917808219178082,analytic,47ab1e93846cab52,results/raw/interaction_transfer/target/47ab1e93846cab52.json,8,512,hybrid,B
adult,913,0,0.0003,0.0,1.0,hard,0.5303312478886433,1.0,0.0027397260273972603,global,20d7a88f2a8fb2e4,results/raw/interaction_transfer/target/20d7a88f2a8fb2e4.json,8,512,hybrid,B
adult,913,0,0.0003,0.015,2.0,soft,0.3091532115656287,0.1806440668446314,0.005479452054794521,analytic,3bebda0583eb8132,results/raw/interaction_transfer/target/3bebda0583eb8132.json,8,512,hybrid,B
adult,913,0,0.0003,0.03,4.0,soft,0.3912476583133714,0.1806440668446314,0.010958904109589041,analytic,28c3346534b94985,results/raw/interaction_transfer/target/28c3346534b94985.json,8,512,hybrid,B
adult,913,0,0.0003,0.06,8.0,soft,0.437258345617591,0.1806440668446314,0.021917808219178082,analytic,6a32c45f5e67f388,results/raw/interaction_transfer/target/6a32c45f5e67f388.json,8,512,hybrid,B
adult,914,0,0.0003,0.0,1.0,hard,0.5350037284641607,1.0,0.0027397260273972603,global,04cef7461fcfd7b5,results/raw/interaction_transfer/target/04cef7461fcfd7b5.json,8,512,hybrid,B
adult,914,0,0.0003,0.015,2.0,soft,0.34158789866255146,0.1806440668446314,0.005479452054794521,analytic,8132eb056f8d6654,results/raw/interaction_transfer/target/8132eb056f8d6654.json,8,512,hybrid,B
adult,914,0,0.0003,0.03,4.0,soft,0.29796105314477,0.1806440668446314,0.010958904109589041,analytic,98276b9dbc8ad467,results/raw/interaction_transfer/target/98276b9dbc8ad467.json,8,512,hybrid,B
adult,914,0,0.0003,0.06,8.0,soft,0.45833043021773845,0.1806440668446314,0.021917808219178082,analytic,88a2ba1323bbb4df,results/raw/interaction_transfer/target/88a2ba1323bbb4df.json,8,512,hybrid,B
adult,915,0,0.0003,0.0,1.0,hard,0.5583213129952092,1.0,0.0027397260273972603,global,3d0a0cc9683cc2ec,results/raw/interaction_transfer/target/3d0a0cc9683cc2ec.json,8,512,hybrid,B
adult,915,0,0.0003,0.015,2.0,soft,0.36539894086665436,0.1806440668446314,0.005479452054794521,analytic,03c380607742fde0,results/raw/interaction_transfer/target/03c380607742fde0.json,8,512,hybrid,B
adult,915,0,0.0003,0.03,4.0,soft,0.34157194352312514,0.1806440668446314,0.010958904109589041,analytic,072771994dd1b02f,results/raw/interaction_transfer/target/072771994dd1b02f.json,8,512,hybrid,B
adult,915,0,0.0003,0.06,8.0,soft,0.4754474636846632,0.1806440668446314,0.021917808219178082,analytic,75978aa3cda2913f,results/raw/interaction_transfer/target/75978aa3cda2913f.json,8,512,hybrid,B
adult,910,0,0.0004,0.0,1.0,hard,0.5541037818239052,1.0,0.0027397260273972603,global,ecc8497af1b66031,results/raw/interaction_transfer/target/ecc8497af1b66031.json,8,512,hybrid,B
adult,910,0,0.0004,0.015,2.0,soft,0.3612573465619434,0.1806440668446314,0.005479452054794521,analytic,b8dbf4b4e09c78c5,results/raw/interaction_transfer/target/b8dbf4b4e09c78c5.json,8,512,hybrid,B
adult,910,0,0.0004,0.03,4.0,soft,0.3318345339275843,0.1806440668446314,0.010958904109589041,analytic,f0383bee3d46b293,results/raw/interaction_transfer/target/f0383bee3d46b293.json,8,512,hybrid,B
adult,910,0,0.0004,0.06,8.0,soft,0.40762010261194026,0.1806440668446314,0.021917808219178082,analytic,d11d11e2f336fb14,results/raw/interaction_transfer/target/d11d11e2f336fb14.json,8,512,hybrid,B
adult,911,0,0.0004,0.0,1.0,hard,0.5011111734921074,1.0,0.0027397260273972603,global,c68b25b54810d7e0,results/raw/interaction_transfer/target/c68b25b54810d7e0.json,8,512,hybrid,B
adult,911,0,0.0004,0.015,2.0,soft,0.31267843364197534,0.1806440668446314,0.005479452054794521,analytic,8414870a1610b79c,results/raw/interaction_transfer/target/8414870a1610b79c.json,8,512,hybrid,B
adult,911,0,0.0004,0.03,4.0,soft,0.3820126796572692,0.1806440668446314,0.010958904109589041,analytic,8ae62c4473c8a6c7,results/raw/interaction_transfer/target/8ae62c4473c8a6c7.json,8,512,hybrid,B
adult,911,0,0.0004,0.06,8.0,soft,0.4155487992138075,0.1806440668446314,0.021917808219178082,analytic,9bf16634de9cee37,results/raw/interaction_transfer/target/9bf16634de9cee37.json,8,512,hybrid,B
adult,912,0,0.0004,0.0,1.0,hard,0.5214356458448498,1.0,0.0027397260273972603,global,bcd94d0b8604c8bc,results/raw/interaction_transfer/target/bcd94d0b8604c8bc.json,8,512,hybrid,B
adult,912,0,0.0004,0.015,2.0,soft,0.37805616496990363,0.1806440668446314,0.005479452054794521,analytic,9c1a541203d78c6e,results/raw/interaction_transfer/target/9c1a541203d78c6e.json,8,512,hybrid,B
adult,912,0,0.0004,0.03,4.0,soft,0.3270576131687243,0.1806440668446314,0.010958904109589041,analytic,1b9231aa5748e060,results/raw/interaction_transfer/target/1b9231aa5748e060.json,8,512,hybrid,B
adult,912,0,0.0004,0.06,8.0,soft,0.4263124721684786,0.1806440668446314,0.021917808219178082,analytic,9d2e6b13b39ae7f3,results/raw/interaction_transfer/target/9d2e6b13b39ae7f3.json,8,512,hybrid,B
adult,913,0,0.0004,0.0,1.0,hard,0.43816006291843246,1.0,0.0027397260273972603,global,05cca6314291dbaa,results/raw/interaction_transfer/target/05cca6314291dbaa.json,8,512,hybrid,B
adult,913,0,0.0004,0.015,2.0,soft,0.3504081876497144,0.1806440668446314,0.005479452054794521,analytic,797e44fb1afe5622,results/raw/interaction_transfer/target/797e44fb1afe5622.json,8,512,hybrid,B
adult,913,0,0.0004,0.03,4.0,soft,0.422347488061237,0.1806440668446314,0.010958904109589041,analytic,ea6cc4436621ad7f,results/raw/interaction_transfer/target/ea6cc4436621ad7f.json,8,512,hybrid,B
adult,913,0,0.0004,0.06,8.0,soft,0.4421687857011241,0.1806440668446314,0.021917808219178082,analytic,c4d79cd9a441f885,results/raw/interaction_transfer/target/c4d79cd9a441f885.json,8,512,hybrid,B
adult,914,0,0.0004,0.0,1.0,hard,0.5976371038326884,1.0,0.0027397260273972603,global,9454289053c986c5,results/raw/interaction_transfer/target/9454289053c986c5.json,8,512,hybrid,B
adult,914,0,0.0004,0.015,2.0,soft,0.3255361646627971,0.1806440668446314,0.005479452054794521,analytic,4c0b47e6dd1e0880,results/raw/interaction_transfer/target/4c0b47e6dd1e0880.json,8,512,hybrid,B
adult,914,0,0.0004,0.03,4.0,soft,0.3333887564492353,0.1806440668446314,0.010958904109589041,analytic,311fd33c18c001cd,results/raw/interaction_transfer/target/311fd33c18c001cd.json,8,512,hybrid,B
adult,914,0,0.0004,0.06,8.0,soft,0.4261929645752717,0.1806440668446314,0.021917808219178082,analytic,637ae20e164f3100,results/raw/interaction_transfer/target/637ae20e164f3100.json,8,512,hybrid,B
adult,915,0,0.0004,0.0,1.0,hard,0.5307338212486947,1.0,0.0027397260273972603,global,fb18dc7d1b36b001,results/raw/interaction_transfer/target/fb18dc7d1b36b001.json,8,512,hybrid,B
adult,915,0,0.0004,0.015,2.0,soft,0.29208831421595727,0.1806440668446314,0.005479452054794521,analytic,280bc2fa4d0e1772,results/raw/interaction_transfer/target/280bc2fa4d0e1772.json,8,512,hybrid,B
adult,915,0,0.0004,0.03,4.0,soft,0.3319113825164302,0.1806440668446314,0.010958904109589041,analytic,db2a7b81b3751389,results/raw/interaction_transfer/target/db2a7b81b3751389.json,8,512,hybrid,B
adult,915,0,0.0004,0.06,8.0,soft,0.41044344250967385,0.1806440668446314,0.021917808219178082,analytic,ab84f547181aa9a5,results/raw/interaction_transfer/target/ab84f547181aa9a5.json,8,512,hybrid,B
adult,910,0,0.0006,0.0,1.0,hard,0.5081282198191144,1.0,0.0027397260273972603,global,090d2e46286ea770,results/raw/interaction_transfer/target/090d2e46286ea770.json,8,512,hybrid,B
adult,910,0,0.0006,0.015,2.0,soft,0.3532547044868251,0.1806440668446314,0.005479452054794521,analytic,0d3983157cc89be6,results/raw/interaction_transfer/target/0d3983157cc89be6.json,8,512,hybrid,B
adult,910,0,0.0006,0.03,4.0,soft,0.4177073496330078,0.1806440668446314,0.010958904109589041,analytic,8e86d9073f36ab10,results/raw/interaction_transfer/target/8e86d9073f36ab10.json,8,512,hybrid,B
adult,910,0,0.0006,0.06,8.0,soft,0.41341258598980407,0.1806440668446314,0.021917808219178082,analytic,53e2886d4ee5c45b,results/raw/interaction_transfer/target/53e2886d4ee5c45b.json,8,512,hybrid,B
adult,911,0,0.0006,0.0,1.0,hard,0.4827872836818992,1.0,0.0027397260273972603,global,84c0e2fd98fbaefb,results/raw/interaction_transfer/target/84c0e2fd98fbaefb.json,8,512,hybrid,B
adult,911,0,0.0006,0.015,2.0,soft,0.3312922271359254,0.1806440668446314,0.005479452054794521,analytic,7549d0f9c5ae6bbc,results/raw/interaction_transfer/target/7549d0f9c5ae6bbc.json,8,512,hybrid,B
adult,911,0,0.0006,0.03,4.0,soft,0.39242075694060563,0.1806440668446314,0.010958904109589041,analytic,72076fb72241700e,results/raw/interaction_transfer/target/72076fb72241700e.json,8,512,hybrid,B
adult,911,0,0.0006,0.06,8.0,soft,0.3884616270499354,0.1806440668446314,0.021917808219178082,analytic,1eafa0e9ad87f177,results/raw/interaction_transfer/target/1eafa0e9ad87f177.json,8,512,hybrid,B
adult,912,0,0.0006,0.0,1.0,hard,0.4814407898777716,1.0,0.0027397260273972603,global,bad05e4d4135b3d4,results/raw/interaction_transfer/target/bad05e4d4135b3d4.json,8,512,hybrid,B
adult,912,0,0.0006,0.015,2.0,soft,0.3074578880289908,0.1806440668446314,0.005479452054794521,analytic,9cf58243b031d20e,results/raw/interaction_transfer/target/9cf58243b031d20e.json,8,512,hybrid,B
adult,912,0,0.0006,0.03,4.0,soft,0.3695810108408574,0.1806440668446314,0.010958904109589041,analytic,ae3cb1dcfd6fc965,results/raw/interaction_transfer/target/ae3cb1dcfd6fc965.json,8,512,hybrid,B
adult,912,0,0.0006,0.06,8.0,soft,0.4676257264986795,0.1806440668446314,0.021917808219178082,analytic,690cb888058c8c1a,results/raw/interaction_transfer/target/690cb888058c8c1a.json,8,512,hybrid,B
adult,913,0,0.0006,0.0,1.0,hard,0.405742074734353,1.0,0.0027397260273972603,global,b26fe59ef7afc28f,results/raw/interaction_transfer/target/b26fe59ef7afc28f.json,8,512,hybrid,B
adult,913,0,0.0006,0.015,2.0,soft,0.3190302346293225,0.1806440668446314,0.005479452054794521,analytic,dbb53f1c6bc0a49a,results/raw/interaction_transfer/target/dbb53f1c6bc0a49a.json,8,512,hybrid,B
adult,913,0,0.0006,0.03,4.0,soft,0.3985549442217923,0.1806440668446314,0.010958904109589041,analytic,6305bb189546735f,results/raw/interaction_transfer/target/6305bb189546735f.json,8,512,hybrid,B
adult,913,0,0.0006,0.06,8.0,soft,0.4746248742782999,0.1806440668446314,0.021917808219178082,analytic,755d060015df78da,results/raw/interaction_transfer/target/755d060015df78da.json,8,512,hybrid,B
adult,914,0,0.0006,0.0,1.0,hard,0.44909394002211167,1.0,0.0027397260273972603,global,59fe082c19c2bb52,results/raw/interaction_transfer/target/59fe082c19c2bb52.json,8,512,hybrid,B
adult,914,0,0.0006,0.015,2.0,soft,0.32403175096738523,0.1806440668446314,0.005479452054794521,analytic,ab84ae0c47920d86,results/raw/interaction_transfer/target/ab84ae0c47920d86.json,8,512,hybrid,B
adult,914,0,0.0006,0.03,4.0,soft,0.3545435438548001,0.1806440668446314,0.010958904109589041,analytic,90d288f67b8d5e97,results/raw/interaction_transfer/target/90d288f67b8d5e97.json,8,512,hybrid,B
adult,914,0,0.0006,0.06,8.0,soft,0.41930965350715554,0.1806440668446314,0.021917808219178082,analytic,738f90b7cecbadc6,results/raw/interaction_transfer/target/738f90b7cecbadc6.json,8,512,hybrid,B
adult,915,0,0.0006,0.0,1.0,hard,0.4240426436490388,1.0,0.0027397260273972603,global,b773582972d417f3,results/raw/interaction_transfer/target/b773582972d417f3.json,8,512,hybrid,B
adult,915,0,0.0006,0.015,2.0,soft,0.35156072454087595,0.1806440668446314,0.005479452054794521,analytic,cd1fa5105f180438,results/raw/interaction_transfer/target/cd1fa5105f180438.json,8,512,hybrid,B
adult,915,0,0.0006,0.03,4.0,soft,0.37597407925649534,0.1806440668446314,0.010958904109589041,analytic,707b246ce91c3c59,results/raw/interaction_transfer/target/707b246ce91c3c59.json,8,512,hybrid,B
adult,915,0,0.0006,0.06,8.0,soft,0.447901671234875,0.1806440668446314,0.021917808219178082,analytic,29a67ee86b450090,results/raw/interaction_transfer/target/29a67ee86b450090.json,8,512,hybrid,B
adult,910,0,0.0008,0.0,1.0,hard,0.44734746406854614,1.0,0.0027397260273972603,global,fe61d8df98b52922,results/raw/interaction_transfer/target/fe61d8df98b52922.json,8,512,hybrid,B
adult,910,0,0.0008,0.015,2.0,soft,0.32383040430563237,0.1806440668446314,0.005479452054794521,analytic,c765266ce5b04b31,results/raw/interaction_transfer/target/c765266ce5b04b31.json,8,512,hybrid,B
adult,910,0,0.0008,0.03,4.0,soft,0.3784243568039432,0.1806440668446314,0.010958904109589041,analytic,2a6bed06253096f0,results/raw/interaction_transfer/target/2a6bed06253096f0.json,8,512,hybrid,B
adult,910,0,0.0008,0.06,8.0,soft,0.4394114976813464,0.1806440668446314,0.021917808219178082,analytic,17a296664fd9526d,results/raw/interaction_transfer/target/17a296664fd9526d.json,8,512,hybrid,B
adult,911,0,0.0008,0.0,1.0,hard,0.3969885813985627,1.0,0.0027397260273972603,global,2d3129154c22681d,results/raw/interaction_transfer/target/2d3129154c22681d.json,8,512,hybrid,B
adult,911,0,0.0008,0.015,2.0,soft,0.28892682133314906,0.1806440668446314,0.005479452054794521,analytic,69b1f49308deba16,results/raw/interaction_transfer/target/69b1f49308deba16.json,8,512,hybrid,B
adult,911,0,0.0008,0.03,4.0,soft,0.3600717477427676,0.1806440668446314,0.010958904109589041,analytic,9356221137bcf346,results/raw/interaction_transfer/target/9356221137bcf346.json,8,512,hybrid,B
adult,911,0,0.0008,0.06,8.0,soft,0.4475808409726061,0.1806440668446314,0.021917808219178082,analytic,f51acc114ae51b9f,results/raw/interaction_transfer/target/f51acc114ae51b9f.json,8,512,hybrid,B
adult,912,0,0.0008,0.0,1.0,hard,0.3769378896412997,1.0,0.0027397260273972603,global,cd3b38a133fe2e7a,results/raw/interaction_transfer/target/cd3b38a133fe2e7a.json,8,512,hybrid,B
adult,912,0,0.0008,0.015,2.0,soft,0.31799679745562315,0.1806440668446314,0.005479452054794521,analytic,e6d856a196eb0039,results/raw/interaction_transfer/target/e6d856a196eb0039.json,8,512,hybrid,B
adult,912,0,0.0008,0.03,4.0,soft,0.4160084991708127,0.1806440668446314,0.010958904109589041,analytic,5e21da929ffec5a6,results/raw/interaction_transfer/target/5e21da929ffec5a6.json,8,512,hybrid,B
adult,912,0,0.0008,0.06,8.0,soft,0.4508909205899515,0.1806440668446314,0.021917808219178082,analytic,8d91e5fd8f90a1a2,results/raw/interaction_transfer/target/8d91e5fd8f90a1a2.json,8,512,hybrid,B
adult,913,0,0.0008,0.0,1.0,hard,0.37974040388336094,1.0,0.0027397260273972603,global,92e61dcf31a9d841,results/raw/interaction_transfer/target/92e61dcf31a9d841.json,8,512,hybrid,B
adult,913,0,0.0008,0.015,2.0,soft,0.30531121399176947,0.1806440668446314,0.005479452054794521,analytic,0c07296a51270b5a,results/raw/interaction_transfer/target/0c07296a51270b5a.json,8,512,hybrid,B
adult,913,0,0.0008,0.03,4.0,soft,0.4358227669522757,0.1806440668446314,0.010958904109589041,analytic,adf9b5820d8e4148,results/raw/interaction_transfer/target/adf9b5820d8e4148.json,8,512,hybrid,B
adult,913,0,0.0008,0.06,8.0,soft,0.41539097529328667,0.1806440668446314,0.021917808219178082,analytic,5704807ee46fe9d1,results/raw/interaction_transfer/target/5704807ee46fe9d1.json,8,512,hybrid,B
adult,914,0,0.0008,0.0,1.0,hard,0.4359105322154659,1.0,0.0027397260273972603,global,a99369c1e515edd6,results/raw/interaction_transfer/target/a99369c1e515edd6.json,8,512,hybrid,B
adult,914,0,0.0008,0.015,2.0,soft,0.3306899866024814,0.1806440668446314,0.005479452054794521,analytic,06dc95af7b6d631d,results/raw/interaction_transfer/target/06dc95af7b6d631d.json,8,512,hybrid,B
adult,914,0,0.0008,0.03,4.0,soft,0.33189266821755414,0.1806440668446314,0.010958904109589041,analytic,59073fa6976618bb,results/raw/interaction_transfer/target/59073fa6976618bb.json,8,512,hybrid,B
adult,914,0,0.0008,0.06,8.0,soft,0.4956114009428168,0.1806440668446314,0.021917808219178082,analytic,89ac8b4fc65d53a5,results/raw/interaction_transfer/target/89ac8b4fc65d53a5.json,8,512,hybrid,B
adult,915,0,0.0008,0.0,1.0,hard,0.4067760397472514,1.0,0.0027397260273972603,global,ed787e8d1f894648,results/raw/interaction_transfer/target/ed787e8d1f894648.json,8,512,hybrid,B
adult,915,0,0.0008,0.015,2.0,soft,0.3197599963147227,0.1806440668446314,0.005479452054794521,analytic,ba35e311dac10393,results/raw/interaction_transfer/target/ba35e311dac10393.json,8,512,hybrid,B
adult,915,0,0.0008,0.03,4.0,soft,0.42779104573582705,0.1806440668446314,0.010958904109589041,analytic,17588e9df17abe5c,results/raw/interaction_transfer/target/17588e9df17abe5c.json,8,512,hybrid,B
adult,915,0,0.0008,0.06,8.0,soft,0.4979484809747558,0.1806440668446314,0.021917808219178082,analytic,d6f9bcf2d7b4d748,results/raw/interaction_transfer/target/d6f9bcf2d7b4d748.json,8,512,hybrid,B
adult,910,0,0.001,0.0,1.0,hard,0.44117810350254894,1.0,0.0027397260273972603,global,5674d22def8fbb0e,results/raw/interaction_transfer/target/5674d22def8fbb0e.json,8,512,hybrid,B
adult,910,0,0.001,0.015,2.0,soft,0.3641003124808059,0.1806440668446314,0.005479452054794521,analytic,b0fa52e97e612ef8,results/raw/interaction_transfer/target/b0fa52e97e612ef8.json,8,512,hybrid,B
adult,910,0,0.001,0.03,4.0,soft,0.4167018879368589,0.1806440668446314,0.010958904109589041,analytic,e0860f8807eea659,results/raw/interaction_transfer/target/e0860f8807eea659.json,8,512,hybrid,B
adult,910,0,0.001,0.06,8.0,soft,0.43514749266783365,0.1806440668446314,0.021917808219178082,analytic,35af39c65190b9cf,results/raw/interaction_transfer/target/35af39c65190b9cf.json,8,512,hybrid,B
adult,911,0,0.001,0.0,1.0,hard,0.3917861262744917,1.0,0.0027397260273972603,global,8951ad478b782141,results/raw/interaction_transfer/target/8951ad478b782141.json,8,512,hybrid,B
adult,911,0,0.001,0.015,2.0,soft,0.313377148785394,0.1806440668446314,0.005479452054794521,analytic,53c15ae3429aeba2,results/raw/interaction_transfer/target/53c15ae3429aeba2.json,8,512,hybrid,B
adult,911,0,0.001,0.03,4.0,soft,0.3924013948390762,0.1806440668446314,0.010958904109589041,analytic,0b51f81f17105239,results/raw/interaction_transfer/target/0b51f81f17105239.json,8,512,hybrid,B
adult,911,0,0.001,0.06,8.0,soft,0.4990417559194767,0.1806440668446314,0.021917808219178082,analytic,c8183b9eefac5209,results/raw/interaction_transfer/target/c8183b9eefac5209.json,8,512,hybrid,B
adult,912,0,0.001,0.0,1.0,hard,0.4183797927799275,1.0,0.0027397260273972603,global,cd6003181b477d01,results/raw/interaction_transfer/target/cd6003181b477d01.json,8,512,hybrid,B
adult,912,0,0.001,0.015,2.0,soft,0.30733089471623365,0.1806440668446314,0.005479452054794521,analytic,bfb0b1851cbe70cf,results/raw/interaction_transfer/target/bfb0b1851cbe70cf.json,8,512,hybrid,B
adult,912,0,0.001,0.03,4.0,soft,0.41692871483631233,0.1806440668446314,0.010958904109589041,analytic,174f95158ef6cae3,results/raw/interaction_transfer/target/174f95158ef6cae3.json,8,512,hybrid,B
adult,912,0,0.001,0.06,8.0,soft,0.43095577763190224,0.1806440668446314,0.021917808219178082,analytic,672ae6ebe741738f,results/raw/interaction_transfer/target/672ae6ebe741738f.json,8,512,hybrid,B
adult,913,0,0.001,0.0,1.0,hard,0.3459274326669124,1.0,0.0027397260273972603,global,c4cac4a27d6dc005,results/raw/interaction_transfer/target/c4cac4a27d6dc005.json,8,512,hybrid,B
adult,913,0,0.001,0.015,2.0,soft,0.3143615209062711,0.1806440668446314,0.005479452054794521,analytic,810b8518d7ba0810,results/raw/interaction_transfer/target/810b8518d7ba0810.json,8,512,hybrid,B
adult,913,0,0.001,0.03,4.0,soft,0.3859737529558995,0.1806440668446314,0.010958904109589041,analytic,ef3e96a7fb20642d,results/raw/interaction_transfer/target/ef3e96a7fb20642d.json,8,512,hybrid,B
adult,913,0,0.001,0.06,8.0,soft,0.4398562261992506,0.1806440668446314,0.021917808219178082,analytic,25df96d996661373,results/raw/interaction_transfer/target/25df96d996661373.json,8,512,hybrid,B
adult,914,0,0.001,0.0,1.0,hard,0.3816671129307168,1.0,0.0027397260273972603,global,8b54356831435e88,results/raw/interaction_transfer/target/8b54356831435e88.json,8,512,hybrid,B
adult,914,0,0.001,0.015,2.0,soft,0.29019828999293656,0.1806440668446314,0.005479452054794521,analytic,4a168ebe44b402df,results/raw/interaction_transfer/target/4a168ebe44b402df.json,8,512,hybrid,B
adult,914,0,0.001,0.03,4.0,soft,0.39359877406946747,0.1806440668446314,0.010958904109589041,analytic,cfec848ef4c28925,results/raw/interaction_transfer/target/cfec848ef4c28925.json,8,512,hybrid,B
adult,914,0,0.001,0.06,8.0,soft,0.49899933684202435,0.1806440668446314,0.021917808219178082,analytic,ad21e57be8efa468,results/raw/interaction_transfer/target/ad21e57be8efa468.json,8,512,hybrid,B
adult,915,0,0.001,0.0,1.0,hard,0.384470370946195,1.0,0.0027397260273972603,global,724f2c3ac4e11de2,results/raw/interaction_transfer/target/724f2c3ac4e11de2.json,8,512,hybrid,B
adult,915,0,0.001,0.015,2.0,soft,0.3418797697469443,0.1806440668446314,0.005479452054794521,analytic,a9de9cdeb418b1be,results/raw/interaction_transfer/target/a9de9cdeb418b1be.json,8,512,hybrid,B
adult,915,0,0.001,0.03,4.0,soft,0.3686937611326085,0.1806440668446314,0.010958904109589041,analytic,c2a9ef7b1e27848e,results/raw/interaction_transfer/target/c2a9ef7b1e27848e.json,8,512,hybrid,B
adult,915,0,0.001,0.06,8.0,soft,0.4767991399100178,0.1806440668446314,0.021917808219178082,analytic,ef697a377a1826a6,results/raw/interaction_transfer/target/ef697a377a1826a6.json,8,512,hybrid,B
adult,910,0,0.0014,0.0,1.0,hard,0.38207659618573797,1.0,0.0027397260273972603,global,14cd94f9db787d45,results/raw/interaction_transfer/target/14cd94f9db787d45.json,8,512,hybrid,B
adult,910,0,0.0014,0.015,2.0,soft,0.3445671430655365,0.1806440668446314,0.005479452054794521,analytic,4f9ad8a2a2670978,results/raw/interaction_transfer/target/4f9ad8a2a2670978.json,8,512,hybrid,B
adult,910,0,0.0014,0.03,4.0,soft,0.44053898620324305,0.1806440668446314,0.010958904109589041,analytic,d74a304b96800d39,results/raw/interaction_transfer/target/d74a304b96800d39.json,8,512,hybrid,B
adult,910,0,0.0014,0.06,8.0,soft,0.46392890869725445,0.1806440668446314,0.021917808219178082,analytic,7b2026ba7fc48f84,results/raw/interaction_transfer/target/7b2026ba7fc48f84.json,8,512,hybrid,B
adult,911,0,0.0014,0.0,1.0,hard,0.36059848327805416,1.0,0.0027397260273972603,global,e001f0a80051eb65,results/raw/interaction_transfer/target/e001f0a80051eb65.json,8,512,hybrid,B
adult,911,0,0.0014,0.015,2.0,soft,0.32735236337602114,0.1806440668446314,0.005479452054794521,analytic,f82d6a92bf3140f5,results/raw/interaction_transfer/target/f82d6a92bf3140f5.json,8,512,hybrid,B
adult,911,0,0.0014,0.03,4.0,soft,0.41601752042257845,0.1806440668446314,0.010958904109589041,analytic,2de3f1c3ace70fae,results/raw/interaction_transfer/target/2de3f1c3ace70fae.json,8,512,hybrid,B
adult,911,0,0.0014,0.06,8.0,soft,0.43141602942079726,0.1806440668446314,0.021917808219178082,analytic,f040e6417e08c6c1,results/raw/interaction_transfer/target/f040e6417e08c6c1.json,8,512,hybrid,B
adult,912,0,0.0014,0.0,1.0,hard,0.35966742291628273,1.0,0.0027397260273972603,global,4c64973974cd92ac,results/raw/interaction_transfer/target/4c64973974cd92ac.json,8,512,hybrid,B
adult,912,0,0.0014,0.015,2.0,soft,0.3174357283797064,0.1806440668446314,0.005479452054794521,analytic,c5b64b19066b9a87,results/raw/interaction_transfer/target/c5b64b19066b9a87.json,8,512,hybrid,B
adult,912,0,0.0014,0.03,4.0,soft,0.40428890942663226,0.1806440668446314,0.010958904109589041,analytic,6e09f2cfe57c682e,results/raw/interaction_transfer/target/6e09f2cfe57c682e.json,8,512,hybrid,B
adult,912,0,0.0014,0.06,8.0,soft,0.49481146063663156,0.1806440668446314,0.021917808219178082,analytic,4ddb311b4d82e98c,results/raw/interaction_transfer/target/4ddb311b4d82e98c.json,8,512,hybrid,B
adult,913,0,0.0014,0.0,1.0,hard,0.32581798280971686,1.0,0.0027397260273972603,global,c2866f06b0111749,results/raw/interaction_transfer/target/c2866f06b0111749.json,8,512,hybrid,B
adult,913,0,0.0014,0.015,2.0,soft,0.34559585367913515,0.1806440668446314,0.005479452054794521,analytic,529145e8b9a38748,results/raw/interaction_transfer/target/529145e8b9a38748.json,8,512,hybrid,B
adult,913,0,0.0014,0.03,4.0,soft,0.3595011535685768,0.1806440668446314,0.010958904109589041,analytic,bfc613e18bcd3649,results/raw/interaction_transfer/target/bfc613e18bcd3649.json,8,512,hybrid,B
adult,913,0,0.0014,0.06,8.0,soft,0.5385904198145077,0.1806440668446314,0.021917808219178082,analytic,0955e77d9e7ebe01,results/raw/interaction_transfer/target/0955e77d9e7ebe01.json,8,512,hybrid,B
adult,914,0,0.0014,0.0,1.0,hard,0.35240545920090904,1.0,0.0027397260273972603,global,462fba117695effc,results/raw/interaction_transfer/target/462fba117695effc.json,8,512,hybrid,B
adult,914,0,0.0014,0.015,2.0,soft,0.3069554091041705,0.1806440668446314,0.005479452054794521,analytic,4956102abecda1d0,results/raw/interaction_transfer/target/4956102abecda1d0.json,8,512,hybrid,B
adult,914,0,0.0014,0.03,4.0,soft,0.39431260460813217,0.1806440668446314,0.010958904109589041,analytic,84bbe7368c8b697d,results/raw/interaction_transfer/target/84bbe7368c8b697d.json,8,512,hybrid,B
adult,914,0,0.0014,0.06,8.0,soft,0.45482483416252073,0.1806440668446314,0.021917808219178082,analytic,f4ac4e8fced1b3df,results/raw/interaction_transfer/target/f4ac4e8fced1b3df.json,8,512,hybrid,B
adult,915,0,0.0014,0.0,1.0,hard,0.37790810607456543,1.0,0.0027397260273972603,global,d8f339d5320a50aa,results/raw/interaction_transfer/target/d8f339d5320a50aa.json,8,512,hybrid,B
adult,915,0,0.0014,0.015,2.0,soft,0.35691481347122406,0.1806440668446314,0.005479452054794521,analytic,653fd75cbbe6934f,results/raw/interaction_transfer/target/653fd75cbbe6934f.json,8,512,hybrid,B
adult,915,0,0.0014,0.03,4.0,soft,0.3905335638551072,0.1806440668446314,0.010958904109589041,analytic,93a8e9260464b6e6,results/raw/interaction_transfer/target/93a8e9260464b6e6.json,8,512,hybrid,B
adult,915,0,0.0014,0.06,8.0,soft,0.43502133909925683,0.1806440668446314,0.021917808219178082,analytic,4fd817e032ea49a3,results/raw/interaction_transfer/target/4fd817e032ea49a3.json,8,512,hybrid,B
adult,910,0,0.0018,0.0,1.0,hard,0.34672629330200844,1.0,0.0027397260273972603,global,ae522307f8d20d91,results/raw/interaction_transfer/target/ae522307f8d20d91.json,8,512,hybrid,B
adult,910,0,0.0018,0.015,2.0,soft,0.3225355907576316,0.1806440668446314,0.005479452054794521,analytic,06e6e6c36b7f50d0,results/raw/interaction_transfer/target/06e6e6c36b7f50d0.json,8,512,hybrid,B
adult,910,0,0.0018,0.03,4.0,soft,0.420798831843867,0.1806440668446314,0.010958904109589041,analytic,b212b966ddce619c,results/raw/interaction_transfer/target/b212b966ddce619c.json,8,512,hybrid,B
adult,910,0,0.0018,0.06,8.0,soft,0.4638295309716849,0.1806440668446314,0.021917808219178082,analytic,4ae1d095f685bd4a,results/raw/interaction_transfer/target/4ae1d095f685bd4a.json,8,512,hybrid,B
adult,911,0,0.0018,0.0,1.0,hard,0.35698000161230875,1.0,0.0027397260273972603,global,7b8e2556ec5ace84,results/raw/interaction_transfer/target/7b8e2556ec5ace84.json,8,512,hybrid,B
adult,911,0,0.0018,0.015,2.0,soft,0.32527342070511633,0.1806440668446314,0.005479452054794521,analytic,f9a45118cba42306,results/raw/interaction_transfer/target/f9a45118cba42306.json,8,512,hybrid,B
adult,911,0,0.0018,0.03,4.0,soft,0.375294366324243,0.1806440668446314,0.010958904109589041,analytic,58dc66dfb4377e81,results/raw/interaction_transfer/target/58dc66dfb4377e81.json,8,512,hybrid,B
adult,911,0,0.0018,0.06,8.0,soft,0.38851738606350955,0.1806440668446314,0.021917808219178082,analytic,0444f1cbb946b491,results/raw/interaction_transfer/target/0444f1cbb946b491.json,8,512,hybrid,B
adult,912,0,0.0018,0.0,1.0,hard,0.3489757280342116,1.0,0.0027397260273972603,global,e25a5865ed670544,results/raw/interaction_transfer/target/e25a5865ed670544.json,8,512,hybrid,B
adult,912,0,0.0018,0.015,2.0,soft,0.3534250525919784,0.1806440668446314,0.005479452054794521,analytic,3ec4e59bdf7ac8de,results/raw/interaction_transfer/target/3ec4e59bdf7ac8de.json,8,512,hybrid,B
adult,912,0,0.0018,0.03,4.0,soft,0.4569116944214115,0.1806440668446314,0.010958904109589041,analytic,11d20d65f5492c32,results/raw/interaction_transfer/target/11d20d65f5492c32.json,8,512,hybrid,B
adult,912,0,0.0018,0.06,8.0,soft,0.49009951208463853,0.1806440668446314,0.021917808219178082,analytic,326cf2fbdb250352,results/raw/interaction_transfer/target/326cf2fbdb250352.json,8,512,hybrid,B
adult,913,0,0.0018,0.0,1.0,hard,0.390560411676187,1.0,0.0027397260273972603,global,df61db56b84adcf6,results/raw/interaction_transfer/target/df61db56b84adcf6.json,8,512,hybrid,B
adult,913,0,0.0018,0.015,2.0,soft,0.31475783217400644,0.1806440668446314,0.005479452054794521,analytic,3eddd832993eddb6,results/raw/interaction_transfer/target/3eddd832993eddb6.json,8,512,hybrid,B
adult,913,0,0.0018,0.03,4.0,soft,0.33985593828696026,0.1806440668446314,0.010958904109589041,analytic,13adc1ecd43179c6,results/raw/interaction_transfer/target/13adc1ecd43179c6.json,8,512,hybrid,B
adult,913,0,0.0018,0.06,8.0,soft,0.4718623558519132,0.1806440668446314,0.021917808219178082,analytic,6e543c00bc1ebf47,results/raw/interaction_transfer/target/6e543c00bc1ebf47.json,8,512,hybrid,B
adult,914,0,0.0018,0.0,1.0,hard,0.32439449646059826,1.0,0.0027397260273972603,global,4a60df2971851eb9,results/raw/interaction_transfer/target/4a60df2971851eb9.json,8,512,hybrid,B
adult,914,0,0.0018,0.015,2.0,soft,0.29721310499969283,0.1806440668446314,0.005479452054794521,analytic,be2e11bfa5d51852,results/raw/interaction_transfer/target/be2e11bfa5d51852.json,8,512,hybrid,B
adult,914,0,0.0018,0.03,4.0,soft,0.3915411129153615,0.1806440668446314,0.010958904109589041,analytic,454d0d0029612baa,results/raw/interaction_transfer/target/454d0d0029612baa.json,8,512,hybrid,B
adult,914,0,0.0018,0.06,8.0,soft,0.4401895566534611,0.1806440668446314,0.021917808219178082,analytic,1b6dcb656fb777a7,results/raw/interaction_transfer/target/1b6dcb656fb777a7.json,8,512,hybrid,B
adult,915,0,0.0018,0.0,1.0,hard,0.3362330419660954,1.0,0.0027397260273972603,global,24753cabb6bdf51c,results/raw/interaction_transfer/target/24753cabb6bdf51c.json,8,512,hybrid,B
adult,915,0,0.0018,0.015,2.0,soft,0.32546747358884587,0.1806440668446314,0.005479452054794521,analytic,f858f0ea070da33e,results/raw/interaction_transfer/target/f858f0ea070da33e.json,8,512,hybrid,B
adult,915,0,0.0018,0.03,4.0,soft,0.4267493550764695,0.1806440668446314,0.010958904109589041,analytic,bdda8fe0970ae899,results/raw/interaction_transfer/target/bdda8fe0970ae899.json,8,512,hybrid,B
adult,915,0,0.0018,0.06,8.0,soft,0.47554069928137094,0.1806440668446314,0.021917808219178082,analytic,6081ce39a9f650bc,results/raw/interaction_transfer/target/6081ce39a9f650bc.json,8,512,hybrid,B
adult,910,0,0.0024,0.0,1.0,hard,0.33384257819697805,1.0,0.0027397260273972603,global,11ee8eef66b83d56,results/raw/interaction_transfer/target/11ee8eef66b83d56.json,8,512,hybrid,B
adult,910,0,0.0024,0.015,2.0,soft,0.3350599193461704,0.1806440668446314,0.005479452054794521,analytic,4c6aa719f797b42f,results/raw/interaction_transfer/target/4c6aa719f797b42f.json,8,512,hybrid,B
adult,910,0,0.0024,0.03,4.0,soft,0.46382929104477616,0.1806440668446314,0.010958904109589041,analytic,e72543933fe322c1,results/raw/interaction_transfer/target/e72543933fe322c1.json,8,512,hybrid,B
adult,910,0,0.0024,0.06,8.0,soft,0.4246967323874455,0.1806440668446314,0.021917808219178082,analytic,9353af8a5194501f,results/raw/interaction_transfer/target/9353af8a5194501f.json,8,512,hybrid,B
adult,911,0,0.0024,0.0,1.0,hard,0.3081236612078496,1.0,0.0027397260273972603,global,e185e291cdbdca84,results/raw/interaction_transfer/target/e185e291cdbdca84.json,8,512,hybrid,B
adult,911,0,0.0024,0.015,2.0,soft,0.30647569924298257,0.1806440668446314,0.005479452054794521,analytic,688c880b4dfb04f0,results/raw/interaction_transfer/target/688c880b4dfb04f0.json,8,512,hybrid,B
adult,911,0,0.0024,0.03,4.0,soft,0.4278901595417972,0.1806440668446314,0.010958904109589041,analytic,32b31ebbd557ca55,results/raw/interaction_transfer/target/32b31ebbd557ca55.json,8,512,hybrid,B
adult,911,0,0.0024,0.06,8.0,soft,0.4479098527424606,0.1806440668446314,0.021917808219178082,analytic,0f401ea3d6fee79a,results/raw/interaction_transfer/target/0f401ea3d6fee79a.json,8,512,hybrid,B
adult,912,0,0.0024,0.0,1.0,hard,0.2538472519731589,1.0,0.0027397260273972603,global,bffac39b9b711ffb,results/raw/interaction_transfer/target/bffac39b9b711ffb.json,8,512,hybrid,B
adult,912,0,0.0024,0.015,2.0,soft,0.3201756936766783,0.1806440668446314,0.005479452054794521,analytic,24ae66839f7d4997,results/raw/interaction_transfer/target/24ae66839f7d4997.json,8,512,hybrid,B
adult,912,0,0.0024,0.03,4.0,soft,0.45336439906946746,0.1806440668446314,0.010958904109589041,analytic,c77078838baf70b0,results/raw/interaction_transfer/target/c77078838baf70b0.json,8,512,hybrid,B
adult,912,0,0.0024,0.06,8.0,soft,0.5673857276119403,0.1806440668446314,0.021917808219178082,analytic,e97a31df8060c857,results/raw/interaction_transfer/target/e97a31df8060c857.json,8,512,hybrid,B
adult,913,0,0.0024,0.0,1.0,hard,0.340349347974633,1.0,0.0027397260273972603,global,9de4e3a20fedb41f,results/raw/interaction_transfer/target/9de4e3a20fedb41f.json,8,512,hybrid,B
adult,913,0,0.0024,0.015,2.0,soft,0.3201031637721884,0.1806440668446314,0.005479452054794521,analytic,bbf25a90e72a94f6,results/raw/interaction_transfer/target/bbf25a90e72a94f6.json,8,512,hybrid,B
adult,913,0,0.0024,0.03,4.0,soft,0.44406737531478413,0.1806440668446314,0.010958904109589041,analytic,1de3f5d6ec7f491f,results/raw/interaction_transfer/target/1de3f5d6ec7f491f.json,8,512,hybrid,B
adult,913,0,0.0024,0.06,8.0,soft,0.5181777263374485,0.1806440668446314,0.021917808219178082,analytic,d64bd38e250182f6,results/raw/interaction_transfer/target/d64bd38e250182f6.json,8,512,hybrid,B
adult,914,0,0.0024,0.0,1.0,hard,0.30563866623671765,1.0,0.0027397260273972603,global,df694c73915ce942,results/raw/interaction_transfer/target/df694c73915ce942.json,8,512,hybrid,B
adult,914,0,0.0024,0.015,2.0,soft,0.3472727508291874,0.1806440668446314,0.005479452054794521,analytic,bb1e9dae5392d98f,results/raw/interaction_transfer/target/bb1e9dae5392d98f.json,8,512,hybrid,B
adult,914,0,0.0024,0.03,4.0,soft,0.49256300960475397,0.1806440668446314,0.010958904109589041,analytic,0b3ba90f0060d013,results/raw/interaction_transfer/target/0b3ba90f0060d013.json,8,512,hybrid,B
adult,914,0,0.0024,0.06,8.0,soft,0.5005979698344696,0.1806440668446314,0.021917808219178082,analytic,64b3559d35076a71,results/raw/interaction_transfer/target/64b3559d35076a71.json,8,512,hybrid,B
adult,915,0,0.0024,0.0,1.0,hard,0.3122943586465819,1.0,0.0027397260273972603,global,c27bde2671cb1faa,results/raw/interaction_transfer/target/c27bde2671cb1faa.json,8,512,hybrid,B
adult,915,0,0.0024,0.015,2.0,soft,0.32243906816227497,0.1806440668446314,0.005479452054794521,analytic,53f03869b2039b18,results/raw/interaction_transfer/target/53f03869b2039b18.json,8,512,hybrid,B
adult,915,0,0.0024,0.03,4.0,soft,0.41699159967907373,0.1806440668446314,0.010958904109589041,analytic,e0f274819e1b3be5,results/raw/interaction_transfer/target/e0f274819e1b3be5.json,8,512,hybrid,B
adult,915,0,0.0024,0.06,8.0,soft,0.5130314381026964,0.1806440668446314,0.021917808219178082,analytic,2330db554d3947a3,results/raw/interaction_transfer/target/2330db554d3947a3.json,8,512,hybrid,B
adult,910,0,0.003,0.0,1.0,hard,0.3301138741093913,1.0,0.0027397260273972603,global,03a2abab8e827842,results/raw/interaction_transfer/target/03a2abab8e827842.json,8,512,hybrid,B
adult,910,0,0.003,0.015,2.0,soft,0.32819220352711753,0.1806440668446314,0.005479452054794521,analytic,b3cc57fdc3661c2c,results/raw/interaction_transfer/target/b3cc57fdc3661c2c.json,8,512,hybrid,B
adult,910,0,0.003,0.03,4.0,soft,0.4194777942847491,0.1806440668446314,0.010958904109589041,analytic,dfdbe337a3db70e6,results/raw/interaction_transfer/target/dfdbe337a3db70e6.json,8,512,hybrid,B
adult,910,0,0.003,0.06,8.0,soft,0.456305423115902,0.1806440668446314,0.021917808219178082,analytic,b401650b13c51290,results/raw/interaction_transfer/target/b401650b13c51290.json,8,512,hybrid,B
adult,911,0,0.003,0.0,1.0,hard,0.2717312597890179,1.0,0.0027397260273972603,global,cc3d8424bfa3d8b9,results/raw/interaction_transfer/target/cc3d8424bfa3d8b9.json,8,512,hybrid,B
adult,911,0,0.003,0.015,2.0,soft,0.332143511800565,0.1806440668446314,0.005479452054794521,analytic,3c5a35cdc35066e4,results/raw/interaction_transfer/target/3c5a35cdc35066e4.json,8,512,hybrid,B
adult,911,0,0.003,0.03,4.0,soft,0.421048763704625,0.1806440668446314,0.010958904109589041,analytic,9f0ff1592e6c4eca,results/raw/interaction_transfer/target/9f0ff1592e6c4eca.json,8,512,hybrid,B
adult,911,0,0.003,0.06,8.0,soft,0.4152317597966955,0.1806440668446314,0.021917808219178082,analytic,afce5a7a12bb677a,results/raw/interaction_transfer/target/afce5a7a12bb677a.json,8,512,hybrid,B
adult,912,0,0.003,0.0,1.0,hard,0.306629300449911,1.0,0.0027397260273972603,global,73b90cc1af73adea,results/raw/interaction_transfer/target/73b90cc1af73adea.json,8,512,hybrid,B
adult,912,0,0.003,0.015,2.0,soft,0.3077494232157116,0.1806440668446314,0.005479452054794521,analytic,eb36eb8d1b7961a2,results/raw/interaction_transfer/target/eb36eb8d1b7961a2.json,8,512,hybrid,B
adult,912,0,0.003,0.03,4.0,soft,0.41453793916221365,0.1806440668446314,0.010958904109589041,analytic,718360ed39c6b5c5,results/raw/interaction_transfer/target/718360ed39c6b5c5.json,8,512,hybrid,B
adult,912,0,0.003,0.06,8.0,soft,0.5216309463485043,0.1806440668446314,0.021917808219178082,analytic,ee1f230f0f9119bd,results/raw/interaction_transfer/target/ee1f230f0f9119bd.json,8,512,hybrid,B
adult,913,0,0.003,0.0,1.0,hard,0.29316906497604567,1.0,0.0027397260273972603,global,677d9b2ca16c8069,results/raw/interaction_transfer/target/677d9b2ca16c8069.json,8,512,hybrid,B
adult,913,0,0.003,0.015,2.0,soft,0.3665241500829187,0.1806440668446314,0.005479452054794521,analytic,303dd455cfdef9ac,results/raw/interaction_transfer/target/303dd455cfdef9ac.json,8,512,hybrid,B
adult,913,0,0.003,0.03,4.0,soft,0.4105680365533444,0.1806440668446314,0.010958904109589041,analytic,9b7bbe7a3b00f31c,results/raw/interaction_transfer/target/9b7bbe7a3b00f31c.json,8,512,hybrid,B
adult,913,0,0.003,0.06,8.0,soft,0.4530324361986365,0.1806440668446314,0.021917808219178082,analytic,f5f10ed54c36af4d,results/raw/interaction_transfer/target/f5f10ed54c36af4d.json,8,512,hybrid,B
adult,914,0,0.003,0.0,1.0,hard,0.3137669820265955,1.0,0.0027397260273972603,global,a8b50eb44162955f,results/raw/interaction_transfer/target/a8b50eb44162955f.json,8,512,hybrid,B
adult,914,0,0.003,0.015,2.0,soft,0.31273882324488667,0.1806440668446314,0.005479452054794521,analytic,4634070e11cea22a,results/raw/interaction_transfer/target/4634070e11cea22a.json,8,512,hybrid,B
adult,914,0,0.003,0.03,4.0,soft,0.4217922012238192,0.1806440668446314,0.010958904109589041,analytic,3d69e00e6279680c,results/raw/interaction_transfer/target/3d69e00e6279680c.json,8,512,hybrid,B
adult,914,0,0.003,0.06,8.0,soft,0.47857320745807996,0.1806440668446314,0.021917808219178082,analytic,2bfa83eca21457f5,results/raw/interaction_transfer/target/2bfa83eca21457f5.json,8,512,hybrid,B
adult,915,0,0.003,0.0,1.0,hard,0.3217277088707696,1.0,0.0027397260273972603,global,0217817680b857cd,results/raw/interaction_transfer/target/0217817680b857cd.json,8,512,hybrid,B
adult,915,0,0.003,0.015,2.0,soft,0.31872627122873287,0.1806440668446314,0.005479452054794521,analytic,73e7b78418543743,results/raw/interaction_transfer/target/73e7b78418543743.json,8,512,hybrid,B
adult,915,0,0.003,0.03,4.0,soft,0.4583803350147411,0.1806440668446314,0.010958904109589041,analytic,962a69081144befb,results/raw/interaction_transfer/target/962a69081144befb.json,8,512,hybrid,B
adult,915,0,0.003,0.06,8.0,soft,0.5121567845571524,0.1806440668446314,0.021917808219178082,analytic,e4cb875a3efaacdc,results/raw/interaction_transfer/target/e4cb875a3efaacdc.json,8,512,hybrid,B
adult,910,0,0.006,0.0,1.0,hard,0.2760409228932498,1.0,0.0027397260273972603,global,1ce3c9bca99f8d4f,results/raw/interaction_transfer/target/1ce3c9bca99f8d4f.json,8,512,hybrid,B
adult,910,0,0.006,0.015,2.0,soft,0.36659636808242735,0.18064406684463144,0.005479452054794521,analytic,e05caa7a7578eb73,results/raw/interaction_transfer/target/e05caa7a7578eb73.json,8,512,hybrid,B
adult,910,0,0.006,0.03,4.0,soft,0.45597511574074073,0.18064406684463144,0.010958904109589041,analytic,69430feff1734936,results/raw/interaction_transfer/target/69430feff1734936.json,8,512,hybrid,B
adult,910,0,0.006,0.06,8.0,soft,0.4490504892589522,0.18064406684463144,0.021917808219178082,analytic,51d501c32175707c,results/raw/interaction_transfer/target/51d501c32175707c.json,8,512,hybrid,B
adult,911,0,0.006,0.0,1.0,hard,0.29770382750598856,1.0,0.0027397260273972603,global,a0b2f3f30f6b543f,results/raw/interaction_transfer/target/a0b2f3f30f6b543f.json,8,512,hybrid,B
adult,911,0,0.006,0.015,2.0,soft,0.353495831030035,0.18064406684463144,0.005479452054794521,analytic,a6d647e2003e4013,results/raw/interaction_transfer/target/a6d647e2003e4013.json,8,512,hybrid,B
adult,911,0,0.006,0.03,4.0,soft,0.45328695066334995,0.18064406684463144,0.010958904109589041,analytic,21416cfa661986b2,results/raw/interaction_transfer/target/21416cfa661986b2.json,8,512,hybrid,B
adult,911,0,0.006,0.06,8.0,soft,0.5274154881456913,0.18064406684463144,0.021917808219178082,analytic,82b8479de89e7be2,results/raw/interaction_transfer/target/82b8479de89e7be2.json,8,512,hybrid,B
adult,912,0,0.006,0.0,1.0,hard,0.26681880431945204,1.0,0.0027397260273972603,global,f5313373ee485b8b,results/raw/interaction_transfer/target/f5313373ee485b8b.json,8,512,hybrid,B
adult,912,0,0.006,0.015,2.0,soft,0.36091749009581725,0.18064406684463144,0.005479452054794521,analytic,bd14c0c49f4ad54b,results/raw/interaction_transfer/target/bd14c0c49f4ad54b.json,8,512,hybrid,B
adult,912,0,0.006,0.03,4.0,soft,0.5027718515831336,0.18064406684463144,0.010958904109589041,analytic,12aab8b11984a352,results/raw/interaction_transfer/target/12aab8b11984a352.json,8,512,hybrid,B
adult,912,0,0.006,0.06,8.0,soft,0.5325812104600454,0.18064406684463144,0.021917808219178082,analytic,c91bffa43d27e44e,results/raw/interaction_transfer/target/c91bffa43d27e44e.json,8,512,hybrid,B
adult,913,0,0.006,0.0,1.0,hard,0.2990327106750199,1.0,0.0027397260273972603,global,edf32923d5496024,results/raw/interaction_transfer/target/edf32923d5496024.json,8,512,hybrid,B
adult,913,0,0.006,0.015,2.0,soft,0.34951892255543265,0.18064406684463144,0.005479452054794521,analytic,e36fbb35265b2b94,results/raw/interaction_transfer/target/e36fbb35265b2b94.json,8,512,hybrid,B
adult,913,0,0.006,0.03,4.0,soft,0.49473857084177875,0.18064406684463144,0.010958904109589041,analytic,13c8856272d47955,results/raw/interaction_transfer/target/13c8856272d47955.json,8,512,hybrid,B
adult,913,0,0.006,0.06,8.0,soft,0.512087949527056,0.18064406684463144,0.021917808219178082,analytic,11cfb570ba3bd0fa,results/raw/interaction_transfer/target/11cfb570ba3bd0fa.json,8,512,hybrid,B
adult,914,0,0.006,0.0,1.0,hard,0.29536086926478716,1.0,0.0027397260273972603,global,375d1808c757f958,results/raw/interaction_transfer/target/375d1808c757f958.json,8,512,hybrid,B
adult,914,0,0.006,0.015,2.0,soft,0.36807914037067746,0.18064406684463144,0.005479452054794521,analytic,80fac966fde1bded,results/raw/interaction_transfer/target/80fac966fde1bded.json,8,512,hybrid,B
adult,914,0,0.006,0.03,4.0,soft,0.4419933991308887,0.18064406684463144,0.010958904109589041,analytic,9b2df961c0177310,results/raw/interaction_transfer/target/9b2df961c0177310.json,8,512,hybrid,B
adult,914,0,0.006,0.06,8.0,soft,0.5069084794008353,0.18064406684463144,0.021917808219178082,analytic,169feed66e16f021,results/raw/interaction_transfer/target/169feed66e16f021.json,8,512,hybrid,B
adult,915,0,0.006,0.0,1.0,hard,0.27054458129875314,1.0,0.0027397260273972603,global,663094798b7d2610,results/raw/interaction_transfer/target/663094798b7d2610.json,8,512,hybrid,B
adult,915,0,0.006,0.015,2.0,soft,0.3477789486210921,0.18064406684463144,0.005479452054794521,analytic,f196e1aa57662360,results/raw/interaction_transfer/target/f196e1aa57662360.json,8,512,hybrid,B
adult,915,0,0.006,0.03,4.0,soft,0.47817144984951776,0.18064406684463144,0.010958904109589041,analytic,7389f21804d54f2a,results/raw/interaction_transfer/target/7389f21804d54f2a.json,8,512,hybrid,B
adult,915,0,0.006,0.06,8.0,soft,0.5343000228410417,0.18064406684463144,0.021917808219178082,analytic,81a988ad86ebe243,results/raw/interaction_transfer/target/81a988ad86ebe243.json,8,512,hybrid,B
adult,910,0,0.01,0.0,1.0,hard,0.2738935050826116,1.0,0.0027397260273972603,global,8ab46a7ad2187c93,results/raw/interaction_transfer/target/8ab46a7ad2187c93.json,8,512,hybrid,B
adult,910,0,0.01,0.015,2.0,soft,0.3789637604800074,0.1806440668446314,0.005479452054794521,analytic,7a291e7edddaa261,results/raw/interaction_transfer/target/7a291e7edddaa261.json,8,512,hybrid,B
adult,910,0,0.01,0.03,4.0,soft,0.5140294380719859,0.1806440668446314,0.010958904109589041,analytic,ea101a1b92ac49a2,results/raw/interaction_transfer/target/ea101a1b92ac49a2.json,8,512,hybrid,B
adult,910,0,0.01,0.06,8.0,soft,0.4850262096155028,0.1806440668446314,0.021917808219178082,analytic,6743b8dc1a53b998,results/raw/interaction_transfer/target/6743b8dc1a53b998.json,8,512,hybrid,B
adult,911,0,0.01,0.0,1.0,hard,0.28080447972329703,1.0,0.0027397260273972603,global,56dd1c30a6a853c9,results/raw/interaction_transfer/target/56dd1c30a6a853c9.json,8,512,hybrid,B
adult,911,0,0.01,0.015,2.0,soft,0.3738939369510473,0.1806440668446314,0.005479452054794521,analytic,003e2148ad2bc819,results/raw/interaction_transfer/target/003e2148ad2bc819.json,8,512,hybrid,B
adult,911,0,0.01,0.03,4.0,soft,0.49387687334930286,0.1806440668446314,0.010958904109589041,analytic,dff83f94a0eb719a,results/raw/interaction_transfer/target/dff83f94a0eb719a.json,8,512,hybrid,B
adult,911,0,0.01,0.06,8.0,soft,0.48934287858546777,0.1806440668446314,0.021917808219178082,analytic,05d84e119cd7feca,results/raw/interaction_transfer/target/05d84e119cd7feca.json,8,512,hybrid,B
adult,912,0,0.01,0.0,1.0,hard,0.27837154889134574,1.0,0.0027397260273972603,global,1040b9dc88afd55b,results/raw/interaction_transfer/target/1040b9dc88afd55b.json,8,512,hybrid,B
adult,912,0,0.01,0.015,2.0,soft,0.3261262169092808,0.1806440668446314,0.005479452054794521,analytic,18e11b3a260555fe,results/raw/interaction_transfer/target/18e11b3a260555fe.json,8,512,hybrid,B
adult,912,0,0.01,0.03,4.0,soft,0.44245343498556594,0.1806440668446314,0.010958904109589041,analytic,68fc2d66c9b7e87b,results/raw/interaction_transfer/target/68fc2d66c9b7e87b.json,8,512,hybrid,B
adult,912,0,0.01,0.06,8.0,soft,0.5231855287605184,0.1806440668446314,0.021917808219178082,analytic,ce049bd28beb95ed,results/raw/interaction_transfer/target/ce049bd28beb95ed.json,8,512,hybrid,B
adult,913,0,0.01,0.0,1.0,hard,0.27371533536023585,1.0,0.0027397260273972603,global,d3bfb31251ed6516,results/raw/interaction_transfer/target/d3bfb31251ed6516.json,8,512,hybrid,B
adult,913,0,0.01,0.015,2.0,soft,0.38293560649683683,0.1806440668446314,0.005479452054794521,analytic,0b0cbe785f2c61d3,results/raw/interaction_transfer/target/0b0cbe785f2c61d3.json,8,512,hybrid,B
adult,913,0,0.01,0.03,4.0,soft,0.495354967062834,0.1806440668446314,0.010958904109589041,analytic,7506927d13b528e3,results/raw/interaction_transfer/target/7506927d13b528e3.json,8,512,hybrid,B
adult,913,0,0.01,0.06,8.0,soft,0.5948552472974633,0.1806440668446314,0.021917808219178082,analytic,308f437fd92c304e,results/raw/interaction_transfer/target/308f437fd92c304e.json,8,512,hybrid,B
adult,914,0,0.01,0.0,1.0,hard,0.2576693596062895,1.0,0.0027397260273972603,global,ffb8c571e35daaeb,results/raw/interaction_transfer/target/ffb8c571e35daaeb.json,8,512,hybrid,B
adult,914,0,0.01,0.015,2.0,soft,0.3495525603080278,0.1806440668446314,0.005479452054794521,analytic,b863ee682c4646b4,results/raw/interaction_transfer/target/b863ee682c4646b4.json,8,512,hybrid,B
adult,914,0,0.01,0.03,4.0,soft,0.4833709058872304,0.1806440668446314,0.010958904109589041,analytic,cdbbf07997d83ca9,results/raw/interaction_transfer/target/cdbbf07997d83ca9.json,8,512,hybrid,B
adult,914,0,0.01,0.06,8.0,soft,0.5063788887353358,0.1806440668446314,0.021917808219178082,analytic,3e037802a907313a,results/raw/interaction_transfer/target/3e037802a907313a.json,8,512,hybrid,B
adult,915,0,0.01,0.0,1.0,hard,0.30294903760518394,1.0,0.0027397260273972603,global,3f3d3dcd7e0d5012,results/raw/interaction_transfer/target/3f3d3dcd7e0d5012.json,8,512,hybrid,B
adult,915,0,0.01,0.015,2.0,soft,0.3606876401173146,0.1806440668446314,0.005479452054794521,analytic,fe7845946271bdc0,results/raw/interaction_transfer/target/fe7845946271bdc0.json,8,512,hybrid,B
adult,915,0,0.01,0.03,4.0,soft,0.4855415246299368,0.1806440668446314,0.010958904109589041,analytic,195b258814a20792,results/raw/interaction_transfer/target/195b258814a20792.json,8,512,hybrid,B
adult,915,0,0.01,0.06,8.0,soft,0.5439888232448866,0.1806440668446314,0.021917808219178082,analytic,c9f7402d2ad11875,results/raw/interaction_transfer/target/c9f7402d2ad11875.json,8,512,hybrid,B
adult,910,0,0.03,0.0,1.0,hard,0.2281721936229347,1.0,0.0027397260273972603,global,0e19fe2200f8068a,results/raw/interaction_transfer/target/0e19fe2200f8068a.json,8,512,hybrid,B
adult,910,0,0.03,0.015,2.0,soft,0.46734158106074564,0.18064406684463144,0.005479452054794521,analytic,27a88db87f516570,results/raw/interaction_transfer/target/27a88db87f516570.json,8,512,hybrid,B
adult,910,0,0.03,0.03,4.0,soft,0.6053245299352005,0.18064406684463144,0.010958904109589041,analytic,19e62c7dbba05081,results/raw/interaction_transfer/target/19e62c7dbba05081.json,8,512,hybrid,B
adult,910,0,0.03,0.06,8.0,soft,0.628352618658252,0.18064406684463144,0.021917808219178082,analytic,24bce6fd651c1973,results/raw/interaction_transfer/target/24bce6fd651c1973.json,8,512,hybrid,B
adult,911,0,0.03,0.0,1.0,hard,0.22870331982064984,1.0,0.0027397260273972603,global,d970fb566fb8a06f,results/raw/interaction_transfer/target/d970fb566fb8a06f.json,8,512,hybrid,B
adult,911,0,0.03,0.015,2.0,soft,0.4611831371690928,0.18064406684463144,0.005479452054794521,analytic,05b274a4027448d0,results/raw/interaction_transfer/target/05b274a4027448d0.json,8,512,hybrid,B
adult,911,0,0.03,0.03,4.0,soft,0.557723990963393,0.18064406684463144,0.010958904109589041,analytic,c49891d4dc649739,results/raw/interaction_transfer/target/c49891d4dc649739.json,8,512,hybrid,B
adult,911,0,0.03,0.06,8.0,soft,0.5744001827283337,0.18064406684463144,0.021917808219178082,analytic,99990818bbfa96ca,results/raw/interaction_transfer/target/99990818bbfa96ca.json,8,512,hybrid,B
adult,912,0,0.03,0.0,1.0,hard,0.22540396493612183,1.0,0.0027397260273972603,global,7c0abf389451eaa0,results/raw/interaction_transfer/target/7c0abf389451eaa0.json,8,512,hybrid,B
adult,912,0,0.03,0.015,2.0,soft,0.4326763654720226,0.18064406684463144,0.005479452054794521,analytic,3b27cc9e0cc30a16,results/raw/interaction_transfer/target/3b27cc9e0cc30a16.json,8,512,hybrid,B
adult,912,0,0.03,0.03,4.0,soft,0.5396397641422517,0.18064406684463144,0.010958904109589041,analytic,147a376ca3af236d,results/raw/interaction_transfer/target/147a376ca3af236d.json,8,512,hybrid,B
adult,912,0,0.03,0.06,8.0,soft,0.5963810864658191,0.18064406684463144,0.021917808219178082,analytic,dc17984bba6f09a9,results/raw/interaction_transfer/target/dc17984bba6f09a9.json,8,512,hybrid,B
adult,913,0,0.03,0.0,1.0,hard,0.2532158123349303,1.0,0.0027397260273972603,global,acc4aa93e5d1368d,results/raw/interaction_transfer/target/acc4aa93e5d1368d.json,8,512,hybrid,B
adult,913,0,0.03,0.015,2.0,soft,0.37231932064215956,0.18064406684463144,0.005479452054794521,analytic,bf83209c3ed776c4,results/raw/interaction_transfer/target/bf83209c3ed776c4.json,8,512,hybrid,B
adult,913,0,0.03,0.03,4.0,soft,0.5224079016568393,0.18064406684463144,0.010958904109589041,analytic,87cd0f17030cdd3a,results/raw/interaction_transfer/target/87cd0f17030cdd3a.json,8,512,hybrid,B
adult,913,0,0.03,0.06,8.0,soft,0.6875407635817823,0.18064406684463144,0.021917808219178082,analytic,9fc7b30df770fead,results/raw/interaction_transfer/target/9fc7b30df770fead.json,8,512,hybrid,B
adult,914,0,0.03,0.0,1.0,hard,0.22383925760856216,1.0,0.0027397260273972603,global,82e8dea9e56aed6a,results/raw/interaction_transfer/target/82e8dea9e56aed6a.json,8,512,hybrid,B
adult,914,0,0.03,0.015,2.0,soft,0.37764135533751,0.18064406684463144,0.005479452054794521,analytic,ffee3dc8e5f5b644,results/raw/interaction_transfer/target/ffee3dc8e5f5b644.json,8,512,hybrid,B
adult,914,0,0.03,0.03,4.0,soft,0.5332746951968551,0.18064406684463144,0.010958904109589041,analytic,22498a95b1314e3b,results/raw/interaction_transfer/target/22498a95b1314e3b.json,8,512,hybrid,B
adult,914,0,0.03,0.06,8.0,soft,0.5514286687703457,0.18064406684463144,0.021917808219178082,analytic,fc810ae87ab5a57a,results/raw/interaction_transfer/target/fc810ae87ab5a57a.json,8,512,hybrid,B
adult,915,0,0.03,0.0,1.0,hard,0.265132717968798,1.0,0.0027397260273972603,global,6d8fd4f3aaf0ebdf,results/raw/interaction_transfer/target/6d8fd4f3aaf0ebdf.json,8,512,hybrid,B
adult,915,0,0.03,0.015,2.0,soft,0.3563416280864197,0.18064406684463144,0.005479452054794521,analytic,bf4d1f08e18dedc7,results/raw/interaction_transfer/target/bf4d1f08e18dedc7.json,8,512,hybrid,B
adult,915,0,0.03,0.03,4.0,soft,0.5373588749923223,0.18064406684463144,0.010958904109589041,analytic,7e2ac58358a46989,results/raw/interaction_transfer/target/7e2ac58358a46989.json,8,512,hybrid,B
adult,915,0,0.03,0.06,8.0,soft,0.7593142744994165,0.18064406684463144,0.021917808219178082,analytic,4593479556d3f3ae,results/raw/interaction_transfer/target/4593479556d3f3ae.json,8,512,hybrid,B
adult,910,0,0.06,0.0,1.0,hard,0.2551588124193846,1.0,0.0027397260273972603,global,30641f016ef6b3d8,results/raw/interaction_transfer/target/30641f016ef6b3d8.json,8,512,hybrid,B
adult,910,0,0.06,0.015,2.0,soft,0.480458697062527,0.1806440668446314,0.005479452054794521,analytic,a4363cae415abe82,results/raw/interaction_transfer/target/a4363cae415abe82.json,8,512,hybrid,B
adult,910,0,0.06,0.03,4.0,soft,0.5946794288587924,0.1806440668446314,0.010958904109589041,analytic,42db93f1bbd29a34,results/raw/interaction_transfer/target/42db93f1bbd29a34.json,8,512,hybrid,B
adult,910,0,0.06,0.06,8.0,soft,0.6410098667541919,0.1806440668446314,0.021917808219178082,analytic,7da082340bfffde6,results/raw/interaction_transfer/target/7da082340bfffde6.json,8,512,hybrid,B
adult,911,0,0.06,0.0,1.0,hard,0.2508920002610404,1.0,0.0027397260273972603,global,186fe3423cb7afd8,results/raw/interaction_transfer/target/186fe3423cb7afd8.json,8,512,hybrid,B
adult,911,0,0.06,0.015,2.0,soft,0.3150297653322892,0.1806440668446314,0.005479452054794521,analytic,273cfac6ed13a8df,results/raw/interaction_transfer/target/273cfac6ed13a8df.json,8,512,hybrid,B
adult,911,0,0.06,0.03,4.0,soft,0.5846549227243413,0.1806440668446314,0.010958904109589041,analytic,0808a5fdaf907526,results/raw/interaction_transfer/target/0808a5fdaf907526.json,8,512,hybrid,B
adult,911,0,0.06,0.06,8.0,soft,0.6250016554956698,0.1806440668446314,0.021917808219178082,analytic,c80fe94cddec69dd,results/raw/interaction_transfer/target/c80fe94cddec69dd.json,8,512,hybrid,B
adult,912,0,0.06,0.0,1.0,hard,0.22341773002272586,1.0,0.0027397260273972603,global,5d1f873cea33f898,results/raw/interaction_transfer/target/5d1f873cea33f898.json,8,512,hybrid,B
adult,912,0,0.06,0.015,2.0,soft,0.44249139142251703,0.1806440668446314,0.005479452054794521,analytic,9e2aa76be03aae0a,results/raw/interaction_transfer/target/9e2aa76be03aae0a.json,8,512,hybrid,B
adult,912,0,0.06,0.03,4.0,soft,0.5907485623579631,0.1806440668446314,0.010958904109589041,analytic,cbac20e5f69b3995,results/raw/interaction_transfer/target/cbac20e5f69b3995.json,8,512,hybrid,B
adult,912,0,0.06,0.06,8.0,soft,0.7009695926233033,0.1806440668446314,0.021917808219178082,analytic,d0fa5239d34b38a3,results/raw/interaction_transfer/target/d0fa5239d34b38a3.json,8,512,hybrid,B
adult,913,0,0.06,0.0,1.0,hard,0.21970200598089792,1.0,0.0027397260273972603,global,27e7181f45c069b5,results/raw/interaction_transfer/target/27e7181f45c069b5.json,8,512,hybrid,B
adult,913,0,0.06,0.015,2.0,soft,0.4391190507723727,0.1806440668446314,0.005479452054794521,analytic,eb0e4c06b008b4af,results/raw/interaction_transfer/target/eb0e4c06b008b4af.json,8,512,hybrid,B
adult,913,0,0.06,0.03,4.0,soft,0.5741686292687797,0.1806440668446314,0.010958904109589041,analytic,20cab28409338ca1,results/raw/interaction_transfer/target/20cab28409338ca1.json,8,512,hybrid,B
adult,913,0,0.06,0.06,8.0,soft,0.6320347769255574,0.1806440668446314,0.021917808219178082,analytic,9312df07f2e7d626,results/raw/interaction_transfer/target/9312df07f2e7d626.json,8,512,hybrid,B
adult,914,0,0.06,0.0,1.0,hard,0.23142351514034765,1.0,0.0027397260273972603,global,8f31dddc00f467cb,results/raw/interaction_transfer/target/8f31dddc00f467cb.json,8,512,hybrid,B
adult,914,0,0.06,0.015,2.0,soft,0.47257685818592216,0.1806440668446314,0.005479452054794521,analytic,30e07fa5be9e8a4f,results/raw/interaction_transfer/target/30e07fa5be9e8a4f.json,8,512,hybrid,B
adult,914,0,0.06,0.03,4.0,soft,0.64667206982065,0.1806440668446314,0.010958904109589041,analytic,92d75f8f6603db74,results/raw/interaction_transfer/target/92d75f8f6603db74.json,8,512,hybrid,B
adult,914,0,0.06,0.06,8.0,soft,0.5709419722375775,0.1806440668446314,0.021917808219178082,analytic,1db130f69804d54c,results/raw/interaction_transfer/target/1db130f69804d54c.json,8,512,hybrid,B
adult,915,0,0.06,0.0,1.0,hard,0.21427668275136663,1.0,0.0027397260273972603,global,73115778f7a95986,results/raw/interaction_transfer/target/73115778f7a95986.json,8,512,hybrid,B
adult,915,0,0.06,0.015,2.0,soft,0.4490811519178798,0.1806440668446314,0.005479452054794521,analytic,cca095944188625f,results/raw/interaction_transfer/target/cca095944188625f.json,8,512,hybrid,B
adult,915,0,0.06,0.03,4.0,soft,0.6330334007048093,0.1806440668446314,0.010958904109589041,analytic,0da2a35c1449ddb0,results/raw/interaction_transfer/target/0da2a35c1449ddb0.json,8,512,hybrid,B
adult,915,0,0.06,0.06,8.0,soft,0.6162059350239544,0.1806440668446314,0.021917808219178082,analytic,74b6d3658e4f4bfe,results/raw/interaction_transfer/target/74b6d3658e4f4bfe.json,8,512,hybrid,B
adult,910,0,0.1,0.0,1.0,hard,0.24672751692924266,1.0,0.0027397260273972603,global,7931b8d8b8c72fbe,results/raw/interaction_transfer/target/7931b8d8b8c72fbe.json,8,512,hybrid,B
adult,910,0,0.1,0.015,2.0,soft,0.48469784564830165,0.1806440668446314,0.005479452054794521,analytic,b7cd0921d12b26e0,results/raw/interaction_transfer/target/b7cd0921d12b26e0.json,8,512,hybrid,B
adult,910,0,0.1,0.03,4.0,soft,0.49198514564523055,0.1806440668446314,0.010958904109589041,analytic,d1b1db32b81b1831,results/raw/interaction_transfer/target/d1b1db32b81b1831.json,8,512,hybrid,B
adult,910,0,0.1,0.06,8.0,soft,0.6978712724955469,0.1806440668446314,0.021917808219178082,analytic,4acbcedb5ba69a5e,results/raw/interaction_transfer/target/4acbcedb5ba69a5e.json,8,512,hybrid,B
adult,911,0,0.1,0.0,1.0,hard,0.23859526633806277,1.0,0.0027397260273972603,global,93f2ecc6dfbfc9f1,results/raw/interaction_transfer/target/93f2ecc6dfbfc9f1.json,8,512,hybrid,B
adult,911,0,0.1,0.015,2.0,soft,0.37659448225692527,0.1806440668446314,0.005479452054794521,analytic,4d5af1a6bee9e48e,results/raw/interaction_transfer/target/4d5af1a6bee9e48e.json,8,512,hybrid,B
adult,911,0,0.1,0.03,4.0,soft,0.6001859433542165,0.1806440668446314,0.010958904109589041,analytic,cc16edb19f54b835,results/raw/interaction_transfer/target/cc16edb19f54b835.json,8,512,hybrid,B
adult,911,0,0.1,0.06,8.0,soft,0.6254637787144522,0.1806440668446314,0.021917808219178082,analytic,1211b3fe8e229d1a,results/raw/interaction_transfer/target/1211b3fe8e229d1a.json,8,512,hybrid,B
adult,912,0,0.1,0.0,1.0,hard,0.2525530382424298,1.0,0.0027397260273972603,global,75c847818ad2ccc2,results/raw/interaction_transfer/target/75c847818ad2ccc2.json,8,512,hybrid,B
adult,912,0,0.1,0.015,2.0,soft,0.3720513702705608,0.1806440668446314,0.005479452054794521,analytic,8087f6d0536e2ffe,results/raw/interaction_transfer/target/8087f6d0536e2ffe.json,8,512,hybrid,B
adult,912,0,0.1,0.03,4.0,soft,0.596603666658989,0.1806440668446314,0.010958904109589041,analytic,9e9f9fb129df5c4e,results/raw/interaction_transfer/target/9e9f9fb129df5c4e.json,8,512,hybrid,B
adult,912,0,0.1,0.06,8.0,soft,0.8362747412628215,0.1806440668446314,0.021917808219178082,analytic,5b03ebee554af786,results/raw/interaction_transfer/target/5b03ebee554af786.json,8,512,hybrid,B
adult,913,0,0.1,0.0,1.0,hard,0.23490024798845277,1.0,0.0027397260273972603,global,7c95eed79d951d09,results/raw/interaction_transfer/target/7c95eed79d951d09.json,8,512,hybrid,B
adult,913,0,0.1,0.015,2.0,soft,0.5354846139672009,0.1806440668446314,0.005479452054794521,analytic,fdcb396e84edc753,results/raw/interaction_transfer/target/fdcb396e84edc753.json,8,512,hybrid,B
adult,913,0,0.1,0.03,4.0,soft,0.6086922879813893,0.1806440668446314,0.010958904109589041,analytic,0296b2f95130a037,results/raw/interaction_transfer/target/0296b2f95130a037.json,8,512,hybrid,B
adult,913,0,0.1,0.06,8.0,soft,0.6948736017059762,0.1806440668446314,0.021917808219178082,analytic,fb68959247c5c691,results/raw/interaction_transfer/target/fb68959247c5c691.json,8,512,hybrid,B
adult,914,0,0.1,0.0,1.0,hard,0.23080320811068117,1.0,0.0027397260273972603,global,7e1922e9754c0d58,results/raw/interaction_transfer/target/7e1922e9754c0d58.json,8,512,hybrid,B
adult,914,0,0.1,0.015,2.0,soft,0.47929214843989926,0.1806440668446314,0.005479452054794521,analytic,7f7a7f43fd9305b6,results/raw/interaction_transfer/target/7f7a7f43fd9305b6.json,8,512,hybrid,B
adult,914,0,0.1,0.03,4.0,soft,0.5766121648700939,0.1806440668446314,0.010958904109589041,analytic,77bee2c5a02d38d8,results/raw/interaction_transfer/target/77bee2c5a02d38d8.json,8,512,hybrid,B
adult,914,0,0.1,0.06,8.0,soft,0.7442811022050242,0.1806440668446314,0.021917808219178082,analytic,8efaf36d3162ae0d,results/raw/interaction_transfer/target/8efaf36d3162ae0d.json,8,512,hybrid,B
adult,915,0,0.1,0.0,1.0,hard,0.25700778514833245,1.0,0.0027397260273972603,global,a784301bfe43d12c,results/raw/interaction_transfer/target/a784301bfe43d12c.json,8,512,hybrid,B
adult,915,0,0.1,0.015,2.0,soft,0.3843316692002948,0.1806440668446314,0.005479452054794521,analytic,cabf9b9da5f798ed,results/raw/interaction_transfer/target/cabf9b9da5f798ed.json,8,512,hybrid,B
adult,915,0,0.1,0.03,4.0,soft,0.6593413862400958,0.1806440668446314,0.010958904109589041,analytic,2a6d85c56bc00df8,results/raw/interaction_transfer/target/2a6d85c56bc00df8.json,8,512,hybrid,B
adult,915,0,0.1,0.06,8.0,soft,0.7537525048369266,0.1806440668446314,0.021917808219178082,analytic,665c189a56ddeae2,results/raw/interaction_transfer/target/665c189a56ddeae2.json,8,512,hybrid,B
adult,910,0,0.1778279410038923,0.0,1.0,hard,0.24318705949419567,1.0,0.0027397260273972603,global,f76d88b9e4578090,results/raw/interaction_transfer/target/f76d88b9e4578090.json,8,512,hybrid,B
adult,910,0,0.1778279410038923,0.015,2.0,soft,0.42748417921964255,0.1806440668446314,0.005479452054794521,analytic,afcaacbe9b304221,results/raw/interaction_transfer/target/afcaacbe9b304221.json,8,512,hybrid,B
adult,910,0,0.1778279410038923,0.03,4.0,soft,0.5999179210045451,0.1806440668446314,0.010958904109589041,analytic,cc0b5839e8a79336,results/raw/interaction_transfer/target/cc0b5839e8a79336.json,8,512,hybrid,B
adult,910,0,0.1778279410038923,0.06,8.0,soft,0.7224101809624714,0.1806440668446314,0.021917808219178082,analytic,a897cebc075d9b7f,results/raw/interaction_transfer/target/a897cebc075d9b7f.json,8,512,hybrid,B
adult,911,0,0.1778279410038923,0.0,1.0,hard,0.23390872604569743,1.0,0.0027397260273972603,global,f1dfd3d37328e29d,results/raw/interaction_transfer/target/f1dfd3d37328e29d.json,8,512,hybrid,B
adult,911,0,0.1778279410038923,0.015,2.0,soft,0.39844712106903757,0.1806440668446314,0.005479452054794521,analytic,d21689fcfae23b3d,results/raw/interaction_transfer/target/d21689fcfae23b3d.json,8,512,hybrid,B
adult,911,0,0.1778279410038923,0.03,4.0,soft,0.6026705544422947,0.1806440668446314,0.010958904109589041,analytic,db9558e33681a05a,results/raw/interaction_transfer/target/db9558e33681a05a.json,8,512,hybrid,B
adult,911,0,0.1778279410038923,0.06,8.0,soft,0.7519365220579203,0.1806440668446314,0.021917808219178082,analytic,21e6029c5770d2b6,results/raw/interaction_transfer/target/21e6029c5770d2b6.json,8,512,hybrid,B
adult,912,0,0.1778279410038923,0.0,1.0,hard,0.21324379740955712,1.0,0.0027397260273972603,global,6505e55b328d16b4,results/raw/interaction_transfer/target/6505e55b328d16b4.json,8,512,hybrid,B
adult,912,0,0.1778279410038923,0.015,2.0,soft,0.39173650938977955,0.1806440668446314,0.005479452054794521,analytic,b1384d47c677f4b5,results/raw/interaction_transfer/target/b1384d47c677f4b5.json,8,512,hybrid,B
adult,912,0,0.1778279410038923,0.03,4.0,soft,0.552944335037774,0.1806440668446314,0.010958904109589041,analytic,1bdc6ec42272a69e,results/raw/interaction_transfer/target/1bdc6ec42272a69e.json,8,512,hybrid,B
adult,912,0,0.1778279410038923,0.06,8.0,soft,0.7961963427461458,0.1806440668446314,0.021917808219178082,analytic,0112ebd5f2fa48fe,results/raw/interaction_transfer/target/0112ebd5f2fa48fe.json,8,512,hybrid,B
adult,913,0,0.1778279410038923,0.0,1.0,hard,0.24650102592746145,1.0,0.0027397260273972603,global,f81359dd8e5dd1b9,results/raw/interaction_transfer/target/f81359dd8e5dd1b9.json,8,512,hybrid,B
adult,913,0,0.1778279410038923,0.015,2.0,soft,0.4627034340258584,0.1806440668446314,0.005479452054794521,analytic,75c6fecc082d821a,results/raw/interaction_transfer/target/75c6fecc082d821a.json,8,512,hybrid,B
adult,913,0,0.1778279410038923,0.03,4.0,soft,0.5588159223174254,0.1806440668446314,0.010958904109589041,analytic,316af628312a4100,results/raw/interaction_transfer/target/316af628312a4100.json,8,512,hybrid,B
adult,913,0,0.1778279410038923,0.06,8.0,soft,0.6622498282123334,0.1806440668446314,0.021917808219178082,analytic,167a503428eba9e1,results/raw/interaction_transfer/target/167a503428eba9e1.json,8,512,hybrid,B
adult,914,0,0.1778279410038923,0.0,1.0,hard,0.26524970632946376,1.0,0.0027397260273972603,global,579943abd11e107d,results/raw/interaction_transfer/target/579943abd11e107d.json,8,512,hybrid,B
adult,914,0,0.1778279410038923,0.015,2.0,soft,0.530715250905964,0.1806440668446314,0.005479452054794521,analytic,0d96f4b5328d918e,results/raw/interaction_transfer/target/0d96f4b5328d918e.json,8,512,hybrid,B
adult,914,0,0.1778279410038923,0.03,4.0,soft,0.5891978907545605,0.1806440668446314,0.010958904109589041,analytic,15c163f569b64a6c,results/raw/interaction_transfer/target/15c163f569b64a6c.json,8,512,hybrid,B
adult,914,0,0.1778279410038923,0.06,8.0,soft,0.6304291140746883,0.1806440668446314,0.021917808219178082,analytic,fdbdb5c08d0926c4,results/raw/interaction_transfer/target/fdbdb5c08d0926c4.json,8,512,hybrid,B
adult,915,0,0.1778279410038923,0.0,1.0,hard,0.24879436728395068,1.0,0.0027397260273972603,global,09b8e8257865a023,results/raw/interaction_transfer/target/09b8e8257865a023.json,8,512,hybrid,B
adult,915,0,0.1778279410038923,0.015,2.0,soft,0.4551823972345065,0.1806440668446314,0.005479452054794521,analytic,8c5cb433b94fccfd,results/raw/interaction_transfer/target/8c5cb433b94fccfd.json,8,512,hybrid,B
adult,915,0,0.1778279410038923,0.03,4.0,soft,0.5492574981957496,0.1806440668446314,0.010958904109589041,analytic,ed320ef97a1206d0,results/raw/interaction_transfer/target/ed320ef97a1206d0.json,8,512,hybrid,B
adult,915,0,0.1778279410038923,0.06,8.0,soft,0.6770880838861248,0.1806440668446314,0.021917808219178082,analytic,85809984c39bcb48,results/raw/interaction_transfer/target/85809984c39bcb48.json,8,512,hybrid,B
adult,910,0,0.18,0.0,1.0,hard,0.23512148459093418,1.0,0.0027397260273972603,global,05188beb99538a47,results/raw/interaction_transfer/target/05188beb99538a47.json,8,512,hybrid,B
adult,910,0,0.18,0.015,2.0,soft,0.48188429476844175,0.18064406684463144,0.005479452054794521,analytic,9c518159e8c394f3,results/raw/interaction_transfer/target/9c518159e8c394f3.json,8,512,hybrid,B
adult,910,0,0.18,0.03,4.0,soft,0.5805015240157239,0.18064406684463144,0.010958904109589041,analytic,84e0965fa42b5fca,results/raw/interaction_transfer/target/84e0965fa42b5fca.json,8,512,hybrid,B
adult,910,0,0.18,0.06,8.0,soft,0.6723947296695535,0.18064406684463144,0.021917808219178082,analytic,d40dd3a1978841f9,results/raw/interaction_transfer/target/d40dd3a1978841f9.json,8,512,hybrid,B
adult,911,0,0.18,0.0,1.0,hard,0.2252361840488913,1.0,0.0027397260273972603,global,3f8f96393ef49cb9,results/raw/interaction_transfer/target/3f8f96393ef49cb9.json,8,512,hybrid,B
adult,911,0,0.18,0.015,2.0,soft,0.42465992759965604,0.18064406684463144,0.005479452054794521,analytic,985f6dc3ec4cfbed,results/raw/interaction_transfer/target/985f6dc3ec4cfbed.json,8,512,hybrid,B
adult,911,0,0.18,0.03,4.0,soft,0.558617502763958,0.18064406684463144,0.010958904109589041,analytic,588f362184908547,results/raw/interaction_transfer/target/588f362184908547.json,8,512,hybrid,B
adult,911,0,0.18,0.06,8.0,soft,0.8520431695688225,0.18064406684463144,0.021917808219178082,analytic,1ba38e35dd1d618c,results/raw/interaction_transfer/target/1ba38e35dd1d618c.json,8,512,hybrid,B
adult,912,0,0.18,0.0,1.0,hard,0.23173095748111291,1.0,0.0027397260273972603,global,bda26ad6bdd3ca52,results/raw/interaction_transfer/target/bda26ad6bdd3ca52.json,8,512,hybrid,B
adult,912,0,0.18,0.015,2.0,soft,0.5220768025228794,0.18064406684463144,0.005479452054794521,analytic,71c0d7c14f7f5ff9,results/raw/interaction_transfer/target/71c0d7c14f7f5ff9.json,8,512,hybrid,B
adult,912,0,0.18,0.03,4.0,soft,0.5990032476506355,0.18064406684463144,0.010958904109589041,analytic,93910f44e735a5fe,results/raw/interaction_transfer/target/93910f44e735a5fe.json,8,512,hybrid,B
adult,912,0,0.18,0.06,8.0,soft,0.8427551190805233,0.18064406684463144,0.021917808219178082,analytic,277748ad39d66607,results/raw/interaction_transfer/target/277748ad39d66607.json,8,512,hybrid,B
adult,913,0,0.18,0.0,1.0,hard,0.2306436567164179,1.0,0.0027397260273972603,global,13dd5a7ac8d6a51c,results/raw/interaction_transfer/target/13dd5a7ac8d6a51c.json,8,512,hybrid,B
adult,913,0,0.18,0.015,2.0,soft,0.3928700200770837,0.18064406684463144,0.005479452054794521,analytic,5fba308fb21d318f,results/raw/interaction_transfer/target/5fba308fb21d318f.json,8,512,hybrid,B
adult,913,0,0.18,0.03,4.0,soft,0.7276280154013881,0.18064406684463144,0.010958904109589041,analytic,0ee37cc364989b4e,results/raw/interaction_transfer/target/0ee37cc364989b4e.json,8,512,hybrid,B
adult,913,0,0.18,0.06,8.0,soft,0.6164917359575578,0.18064406684463144,0.021917808219178082,analytic,811ada0dfd8338d2,results/raw/interaction_transfer/target/811ada0dfd8338d2.json,8,512,hybrid,B
adult,914,0,0.18,0.0,1.0,hard,0.20198215615594864,1.0,0.0027397260273972603,global,f5473a0adb66ab25,results/raw/interaction_transfer/target/f5473a0adb66ab25.json,8,512,hybrid,B
adult,914,0,0.18,0.015,2.0,soft,0.48315000518242124,0.18064406684463144,0.005479452054794521,analytic,a73900b0ab24bc1b,results/raw/interaction_transfer/target/a73900b0ab24bc1b.json,8,512,hybrid,B
adult,914,0,0.18,0.03,4.0,soft,0.6734311179442295,0.18064406684463144,0.010958904109589041,analytic,c12a932e577086c2,results/raw/interaction_transfer/target/c12a932e577086c2.json,8,512,hybrid,B
adult,914,0,0.18,0.06,8.0,soft,0.6931211275796941,0.18064406684463144,0.021917808219178082,analytic,5d2a017643695fc8,results/raw/interaction_transfer/target/5d2a017643695fc8.json,8,512,hybrid,B
adult,915,0,0.18,0.0,1.0,hard,0.23102245331982058,1.0,0.0027397260273972603,global,f8253b7eca28be70,results/raw/interaction_transfer/target/f8253b7eca28be70.json,8,512,hybrid,B
adult,915,0,0.18,0.015,2.0,soft,0.4916429858807813,0.18064406684463144,0.005479452054794521,analytic,79ed97d7375747ea,results/raw/interaction_transfer/target/79ed97d7375747ea.json,8,512,hybrid,B
adult,915,0,0.18,0.03,4.0,soft,0.6074351429580493,0.18064406684463144,0.010958904109589041,analytic,1a215a3347d4e352,results/raw/interaction_transfer/target/1a215a3347d4e352.json,8,512,hybrid,B
adult,915,0,0.18,0.06,8.0,soft,0.6932088688501935,0.18064406684463144,0.021917808219178082,analytic,ad8ab01a8c4808b3,results/raw/interaction_transfer/target/ad8ab01a8c4808b3.json,8,512,hybrid,B
adult,910,0,0.3,0.0,1.0,hard,0.26005754406977455,1.0,0.0027397260273972603,global,7306f08792b896b0,results/raw/interaction_transfer/target/7306f08792b896b0.json,8,512,hybrid,B
adult,910,0,0.3,0.015,2.0,soft,0.44484936908820094,0.1806440668446314,0.005479452054794521,analytic,4792369b55dd2fe3,results/raw/interaction_transfer/target/4792369b55dd2fe3.json,8,512,hybrid,B
adult,910,0,0.3,0.03,4.0,soft,0.590291069728518,0.1806440668446314,0.010958904109589041,analytic,84c3b0273f4153da,results/raw/interaction_transfer/target/84c3b0273f4153da.json,8,512,hybrid,B
adult,910,0,0.3,0.06,8.0,soft,0.7808765537666604,0.1806440668446314,0.021917808219178082,analytic,bfd084398c62f00f,results/raw/interaction_transfer/target/bfd084398c62f00f.json,8,512,hybrid,B
adult,911,0,0.3,0.0,1.0,hard,0.23272423089030161,1.0,0.0027397260273972603,global,11fc9b44c010c368,results/raw/interaction_transfer/target/11fc9b44c010c368.json,8,512,hybrid,B
adult,911,0,0.3,0.015,2.0,soft,0.39025642428290647,0.1806440668446314,0.005479452054794521,analytic,771b26b15d694de0,results/raw/interaction_transfer/target/771b26b15d694de0.json,8,512,hybrid,B
adult,911,0,0.3,0.03,4.0,soft,0.6317454010810147,0.1806440668446314,0.010958904109589041,analytic,037870da42bcb5af,results/raw/interaction_transfer/target/037870da42bcb5af.json,8,512,hybrid,B
adult,911,0,0.3,0.06,8.0,soft,0.6564399021482095,0.1806440668446314,0.021917808219178082,analytic,4d27b1de12084c8e,results/raw/interaction_transfer/target/4d27b1de12084c8e.json,8,512,hybrid,B
adult,912,0,0.3,0.0,1.0,hard,0.24761874942417544,1.0,0.0027397260273972603,global,0077441646383eff,results/raw/interaction_transfer/target/0077441646383eff.json,8,512,hybrid,B
adult,912,0,0.3,0.015,2.0,soft,0.49334735466187585,0.1806440668446314,0.005479452054794521,analytic,0c01d0cbb668c1c2,results/raw/interaction_transfer/target/0c01d0cbb668c1c2.json,8,512,hybrid,B
adult,912,0,0.3,0.03,4.0,soft,0.824661918992998,0.1806440668446314,0.010958904109589041,analytic,469edf367b6f1b15,results/raw/interaction_transfer/target/469edf367b6f1b15.json,8,512,hybrid,B
adult,912,0,0.3,0.06,8.0,soft,0.623467202951293,0.1806440668446314,0.021917808219178082,analytic,4f57571d36967bcd,results/raw/interaction_transfer/target/4f57571d36967bcd.json,8,512,hybrid,B
adult,913,0,0.3,0.0,1.0,hard,0.24932954824642217,1.0,0.0027397260273972603,global,508d89a9a8292caf,results/raw/interaction_transfer/target/508d89a9a8292caf.json,8,512,hybrid,B
adult,913,0,0.3,0.015,2.0,soft,0.49376792254007745,0.1806440668446314,0.005479452054794521,analytic,84c10bf09e6ec568,results/raw/interaction_transfer/target/84c10bf09e6ec568.json,8,512,hybrid,B
adult,913,0,0.3,0.03,4.0,soft,0.7435908324887907,0.1806440668446314,0.010958904109589041,analytic,4292a7350c4a98cf,results/raw/interaction_transfer/target/4292a7350c4a98cf.json,8,512,hybrid,B
adult,913,0,0.3,0.06,8.0,soft,0.7789581941757263,0.1806440668446314,0.021917808219178082,analytic,b35ad8070739c882,results/raw/interaction_transfer/target/b35ad8070739c882.json,8,512,hybrid,B
adult,914,0,0.3,0.0,1.0,hard,0.22445930071862913,1.0,0.0027397260273972603,global,b083a172313b9257,results/raw/interaction_transfer/target/b083a172313b9257.json,8,512,hybrid,B
adult,914,0,0.3,0.015,2.0,soft,0.5441041081245009,0.1806440668446314,0.005479452054794521,analytic,692807b4c465e6a9,results/raw/interaction_transfer/target/692807b4c465e6a9.json,8,512,hybrid,B
adult,914,0,0.3,0.03,4.0,soft,0.5902051758952153,0.1806440668446314,0.010958904109589041,analytic,5ba5c8ddfdad83fc,results/raw/interaction_transfer/target/5ba5c8ddfdad83fc.json,8,512,hybrid,B
adult,914,0,0.3,0.06,8.0,soft,0.6079276649161599,0.1806440668446314,0.021917808219178082,analytic,abb7fb8d9850cd71,results/raw/interaction_transfer/target/abb7fb8d9850cd71.json,8,512,hybrid,B
adult,915,0,0.3,0.0,1.0,hard,0.22590596400712487,1.0,0.0027397260273972603,global,8cc1ddb5e61cf8f1,results/raw/interaction_transfer/target/8cc1ddb5e61cf8f1.json,8,512,hybrid,B
adult,915,0,0.3,0.015,2.0,soft,0.4434439012499232,0.1806440668446314,0.005479452054794521,analytic,a593c6d2ca15db2d,results/raw/interaction_transfer/target/a593c6d2ca15db2d.json,8,512,hybrid,B
adult,915,0,0.3,0.03,4.0,soft,0.7700246356949818,0.1806440668446314,0.010958904109589041,analytic,a51309b63d23ad0f,results/raw/interaction_transfer/target/a51309b63d23ad0f.json,8,512,hybrid,B
adult,915,0,0.3,0.06,8.0,soft,0.6927418031370923,0.1806440668446314,0.021917808219178082,analytic,95dbb5b17a589a05,results/raw/interaction_transfer/target/95dbb5b17a589a05.json,8,512,hybrid,B
adult,910,0,0.31622776601683794,0.0,1.0,hard,0.2175873142006019,1.0,0.0027397260273972603,global,e3a1e6615dd22c7e,results/raw/interaction_transfer/target/e3a1e6615dd22c7e.json,8,512,hybrid,B
adult,910,0,0.31622776601683794,0.015,2.0,soft,0.5083630362846263,0.1806440668446314,0.005479452054794521,analytic,fdecdf851aa8dd5f,results/raw/interaction_transfer/target/fdecdf851aa8dd5f.json,8,512,hybrid,B
adult,910,0,0.31622776601683794,0.03,4.0,soft,0.6339980508337939,0.1806440668446314,0.010958904109589041,analytic,9da1d7f0abc1c76f,results/raw/interaction_transfer/target/9da1d7f0abc1c76f.json,8,512,hybrid,B
adult,910,0,0.31622776601683794,0.06,8.0,soft,0.6161272869832934,0.1806440668446314,0.021917808219178082,analytic,948d3faf05c033d5,results/raw/interaction_transfer/target/948d3faf05c033d5.json,8,512,hybrid,B
adult,911,0,0.31622776601683794,0.0,1.0,hard,0.21802088611725323,1.0,0.0027397260273972603,global,da85238fefac4334,results/raw/interaction_transfer/target/da85238fefac4334.json,8,512,hybrid,B
adult,911,0,0.31622776601683794,0.015,2.0,soft,0.510911395952337,0.1806440668446314,0.005479452054794521,analytic,1f939aea8ee1a25d,results/raw/interaction_transfer/target/1f939aea8ee1a25d.json,8,512,hybrid,B
adult,911,0,0.31622776601683794,0.03,4.0,soft,0.5585287058150605,0.1806440668446314,0.010958904109589041,analytic,f34a63f52ee93a25,results/raw/interaction_transfer/target/f34a63f52ee93a25.json,8,512,hybrid,B
adult,911,0,0.31622776601683794,0.06,8.0,soft,0.6299484445058657,0.1806440668446314,0.021917808219178082,analytic,0e4e4bc6e008c160,results/raw/interaction_transfer/target/0e4e4bc6e008c160.json,8,512,hybrid,B
adult,912,0,0.31622776601683794,0.0,1.0,hard,0.2592789332657699,1.0,0.0027397260273972603,global,2527e79ce4d2a4c1,results/raw/interaction_transfer/target/2527e79ce4d2a4c1.json,8,512,hybrid,B
adult,912,0,0.31622776601683794,0.015,2.0,soft,0.4822439691972238,0.1806440668446314,0.005479452054794521,analytic,17b7525057db658c,results/raw/interaction_transfer/target/17b7525057db658c.json,8,512,hybrid,B
adult,912,0,0.31622776601683794,0.03,4.0,soft,0.6066849155073398,0.1806440668446314,0.010958904109589041,analytic,6d886ca21d379c1b,results/raw/interaction_transfer/target/6d886ca21d379c1b.json,8,512,hybrid,B
adult,912,0,0.31622776601683794,0.06,8.0,soft,0.6295204868788773,0.1806440668446314,0.021917808219178082,analytic,f1476a071018cb84,results/raw/interaction_transfer/target/f1476a071018cb84.json,8,512,hybrid,B
adult,913,0,0.31622776601683794,0.0,1.0,hard,0.23360430678398134,1.0,0.0027397260273972603,global,479cd0a6a54a746e,results/raw/interaction_transfer/target/479cd0a6a54a746e.json,8,512,hybrid,B
adult,913,0,0.31622776601683794,0.015,2.0,soft,0.5712840600239543,0.1806440668446314,0.005479452054794521,analytic,dc06f7bd1c0eaed0,results/raw/interaction_transfer/target/dc06f7bd1c0eaed0.json,8,512,hybrid,B
adult,913,0,0.31622776601683794,0.03,4.0,soft,0.6399269326592347,0.1806440668446314,0.010958904109589041,analytic,95ca8368821a7f98,results/raw/interaction_transfer/target/95ca8368821a7f98.json,8,512,hybrid,B
adult,913,0,0.31622776601683794,0.06,8.0,soft,0.8092066672808794,0.1806440668446314,0.021917808219178082,analytic,ef2cc73df2a6600e,results/raw/interaction_transfer/target/ef2cc73df2a6600e.json,8,512,hybrid,B
adult,914,0,0.31622776601683794,0.0,1.0,hard,0.21931157292242492,1.0,0.0027397260273972603,global,1112517bb9267d60,results/raw/interaction_transfer/target/1112517bb9267d60.json,8,512,hybrid,B
adult,914,0,0.31622776601683794,0.015,2.0,soft,0.5414200218045575,0.1806440668446314,0.005479452054794521,analytic,22eeb0cba9123888,results/raw/interaction_transfer/target/22eeb0cba9123888.json,8,512,hybrid,B
adult,914,0,0.31622776601683794,0.03,4.0,soft,0.5661387794822186,0.1806440668446314,0.010958904109589041,analytic,c3b308a50a3a3ae6,results/raw/interaction_transfer/target/c3b308a50a3a3ae6.json,8,512,hybrid,B
adult,914,0,0.31622776601683794,0.06,8.0,soft,0.7019882982848105,0.1806440668446314,0.021917808219178082,analytic,150e439ba42f7053,results/raw/interaction_transfer/target/150e439ba42f7053.json,8,512,hybrid,B
adult,915,0,0.31622776601683794,0.0,1.0,hard,0.2458819905104109,1.0,0.0027397260273972603,global,313f6ffc5d6555d9,results/raw/interaction_transfer/target/313f6ffc5d6555d9.json,8,512,hybrid,B
adult,915,0,0.31622776601683794,0.015,2.0,soft,0.43216680870339647,0.1806440668446314,0.005479452054794521,analytic,872e8c3e1f5f4cb0,results/raw/interaction_transfer/target/872e8c3e1f5f4cb0.json,8,512,hybrid,B
adult,915,0,0.31622776601683794,0.03,4.0,soft,0.6291599247205332,0.1806440668446314,0.010958904109589041,analytic,6ea5dd870240b2ef,results/raw/interaction_transfer/target/6ea5dd870240b2ef.json,8,512,hybrid,B
adult,915,0,0.31622776601683794,0.06,8.0,soft,0.7874828212333395,0.1806440668446314,0.021917808219178082,analytic,e00a5cb1f651994b,results/raw/interaction_transfer/target/e00a5cb1f651994b.json,8,512,hybrid,B
adult,910,0,0.5623413251903491,0.0,1.0,hard,0.23445184858884588,1.0,0.0027397260273972603,global,90d4880aa83adbe3,results/raw/interaction_transfer/target/90d4880aa83adbe3.json,8,512,hybrid,B
adult,910,0,0.5623413251903491,0.015,2.0,soft,0.4753561954886064,0.18064406684463138,0.005479452054794521,analytic,4a087917e873eab4,results/raw/interaction_transfer/target/4a087917e873eab4.json,8,512,hybrid,B
adult,910,0,0.5623413251903491,0.03,4.0,soft,0.6839845909342177,0.18064406684463138,0.010958904109589041,analytic,39c0e18b3f276e66,results/raw/interaction_transfer/target/39c0e18b3f276e66.json,8,512,hybrid,B
adult,910,0,0.5623413251903491,0.06,8.0,soft,0.6361074162367176,0.18064406684463138,0.021917808219178082,analytic,aa6ef640a7c86aeb,results/raw/interaction_transfer/target/aa6ef640a7c86aeb.json,8,512,hybrid,B
adult,911,0,0.5623413251903491,0.0,1.0,hard,0.2124211360251213,1.0,0.0027397260273972603,global,c91e3723773387cd,results/raw/interaction_transfer/target/c91e3723773387cd.json,8,512,hybrid,B
adult,911,0,0.5623413251903491,0.015,2.0,soft,0.39008406079172037,0.18064406684463138,0.005479452054794521,analytic,33d0db6bdf7890bd,results/raw/interaction_transfer/target/33d0db6bdf7890bd.json,8,512,hybrid,B
adult,911,0,0.5623413251903491,0.03,4.0,soft,0.7298905021574227,0.18064406684463138,0.010958904109589041,analytic,494be74ce57912e2,results/raw/interaction_transfer/target/494be74ce57912e2.json,8,512,hybrid,B
adult,911,0,0.5623413251903491,0.06,8.0,soft,0.7916740324227627,0.18064406684463138,0.021917808219178082,analytic,9d32db9f6f49b162,results/raw/interaction_transfer/target/9d32db9f6f49b162.json,8,512,hybrid,B
adult,912,0,0.5623413251903491,0.0,1.0,hard,0.23950698859099565,1.0,0.0027397260273972603,global,f7999dd16b2b72c6,results/raw/interaction_transfer/target/f7999dd16b2b72c6.json,8,512,hybrid,B
adult,912,0,0.5623413251903491,0.015,2.0,soft,0.5391122128554757,0.18064406684463138,0.005479452054794521,analytic,6a9ef9574bfc0b54,results/raw/interaction_transfer/target/6a9ef9574bfc0b54.json,8,512,hybrid,B
adult,912,0,0.5623413251903491,0.03,4.0,soft,0.5760436820526994,0.18064406684463138,0.010958904109589041,analytic,ba4b4797b1b55200,results/raw/interaction_transfer/target/ba4b4797b1b55200.json,8,512,hybrid,B
adult,912,0,0.5623413251903491,0.06,8.0,soft,0.6651454580876482,0.18064406684463138,0.021917808219178082,analytic,ff0873ab774ba84c,results/raw/interaction_transfer/target/ff0873ab774ba84c.json,8,512,hybrid,B
adult,913,0,0.5623413251903491,0.0,1.0,hard,0.21667998261009763,1.0,0.0027397260273972603,global,78c344a0808672c0,results/raw/interaction_transfer/target/78c344a0808672c0.json,8,512,hybrid,B
adult,913,0,0.5623413251903491,0.015,2.0,soft,0.5242431985519931,0.18064406684463138,0.005479452054794521,analytic,46e76db696c28dbd,results/raw/interaction_transfer/target/46e76db696c28dbd.json,8,512,hybrid,B
adult,913,0,0.5623413251903491,0.03,4.0,soft,0.5783984207051163,0.18064406684463138,0.010958904109589041,analytic,6059105653d5e662,results/raw/interaction_transfer/target/6059105653d5e662.json,8,512,hybrid,B
adult,913,0,0.5623413251903491,0.06,8.0,soft,0.6876036484245438,0.18064406684463138,0.021917808219178082,analytic,225c5621a1271b68,results/raw/interaction_transfer/target/225c5621a1271b68.json,8,512,hybrid,B
adult,914,0,0.5623413251903491,0.0,1.0,hard,0.22222620500890605,1.0,0.0027397260273972603,global,1c8bc1242c32ac30,results/raw/interaction_transfer/target/1c8bc1242c32ac30.json,8,512,hybrid,B
adult,914,0,0.5623413251903491,0.015,2.0,soft,0.5469380527915976,0.18064406684463138,0.005479452054794521,analytic,f42834b0605d0ae6,results/raw/interaction_transfer/target/f42834b0605d0ae6.json,8,512,hybrid,B
adult,914,0,0.5623413251903491,0.03,4.0,soft,0.5695551227274123,0.18064406684463138,0.010958904109589041,analytic,2b38aa521b4ff9ca,results/raw/interaction_transfer/target/2b38aa521b4ff9ca.json,8,512,hybrid,B
adult,914,0,0.5623413251903491,0.06,8.0,soft,0.6841716859375959,0.18064406684463138,0.021917808219178082,analytic,40d2086147b02b9c,results/raw/interaction_transfer/target/40d2086147b02b9c.json,8,512,hybrid,B
adult,915,0,0.5623413251903491,0.0,1.0,hard,0.2237557390516553,1.0,0.0027397260273972603,global,e81c7642429338f3,results/raw/interaction_transfer/target/e81c7642429338f3.json,8,512,hybrid,B
adult,915,0,0.5623413251903491,0.015,2.0,soft,0.5017489711934155,0.18064406684463138,0.005479452054794521,analytic,f374ff4302187288,results/raw/interaction_transfer/target/f374ff4302187288.json,8,512,hybrid,B
adult,915,0,0.5623413251903491,0.03,4.0,soft,0.6085191807167865,0.18064406684463138,0.010958904109589041,analytic,022d52d1afa86506,results/raw/interaction_transfer/target/022d52d1afa86506.json,8,512,hybrid,B
adult,915,0,0.5623413251903491,0.06,8.0,soft,0.9142147576162397,0.18064406684463138,0.021917808219178082,analytic,b691b619fe5312ef,results/raw/interaction_transfer/target/b691b619fe5312ef.json,8,512,hybrid,B
adult,910,0,0.6,0.0,1.0,hard,0.2304763796756956,1.0,0.0027397260273972603,global,5c7ea0e8a416fda9,results/raw/interaction_transfer/target/5c7ea0e8a416fda9.json,8,512,hybrid,B
adult,910,0,0.6,0.015,2.0,soft,0.47163970368067076,0.1806440668446314,0.005479452054794521,analytic,45d14673c26861f7,results/raw/interaction_transfer/target/45d14673c26861f7.json,8,512,hybrid,B
adult,910,0,0.6,0.03,4.0,soft,0.6373406885326455,0.1806440668446314,0.010958904109589041,analytic,47471d0619f1f9a0,results/raw/interaction_transfer/target/47471d0619f1f9a0.json,8,512,hybrid,B
adult,910,0,0.6,0.06,8.0,soft,0.7318741698528959,0.1806440668446314,0.021917808219178082,analytic,d9efb9c75959775e,results/raw/interaction_transfer/target/d9efb9c75959775e.json,8,512,hybrid,B
adult,911,0,0.6,0.0,1.0,hard,0.22598818695872488,1.0,0.0027397260273972603,global,5f2c5163803259c8,results/raw/interaction_transfer/target/5f2c5163803259c8.json,8,512,hybrid,B
adult,911,0,0.6,0.015,2.0,soft,0.5141390606765555,0.1806440668446314,0.005479452054794521,analytic,cda698c44e17d06a,results/raw/interaction_transfer/target/cda698c44e17d06a.json,8,512,hybrid,B
adult,911,0,0.6,0.03,4.0,soft,0.6836809634313001,0.1806440668446314,0.010958904109589041,analytic,58794cb6554036c5,results/raw/interaction_transfer/target/58794cb6554036c5.json,8,512,hybrid,B
adult,911,0,0.6,0.06,8.0,soft,0.759696526050304,0.1806440668446314,0.021917808219178082,analytic,9df8f1f73dd40475,results/raw/interaction_transfer/target/9df8f1f73dd40475.json,8,512,hybrid,B
adult,912,0,0.6,0.0,1.0,hard,0.22599893568423318,1.0,0.0027397260273972603,global,82f2cc83945fccce,results/raw/interaction_transfer/target/82f2cc83945fccce.json,8,512,hybrid,B
adult,912,0,0.6,0.015,2.0,soft,0.40431496548891344,0.1806440668446314,0.005479452054794521,analytic,6ec35b9c60aa9d49,results/raw/interaction_transfer/target/6ec35b9c60aa9d49.json,8,512,hybrid,B
adult,912,0,0.6,0.03,4.0,soft,0.5350801451845709,0.1806440668446314,0.010958904109589041,analytic,5e897d1d2dc2ab41,results/raw/interaction_transfer/target/5e897d1d2dc2ab41.json,8,512,hybrid,B
adult,912,0,0.6,0.06,8.0,soft,0.6772271695150789,0.1806440668446314,0.021917808219178082,analytic,1d92381708331f03,results/raw/interaction_transfer/target/1d92381708331f03.json,8,512,hybrid,B
adult,913,0,0.6,0.0,1.0,hard,0.2388108646581905,1.0,0.0027397260273972603,global,a9bce70f4589bf09,results/raw/interaction_transfer/target/a9bce70f4589bf09.json,8,512,hybrid,B
adult,913,0,0.6,0.015,2.0,soft,0.41838082446563485,0.1806440668446314,0.005479452054794521,analytic,0ed79f68b0ec60dd,results/raw/interaction_transfer/target/0ed79f68b0ec60dd.json,8,512,hybrid,B
adult,913,0,0.6,0.03,4.0,soft,0.6858823887890793,0.1806440668446314,0.010958904109589041,analytic,7f1ac25b6b49f3b6,results/raw/interaction_transfer/target/7f1ac25b6b49f3b6.json,8,512,hybrid,B
adult,913,0,0.6,0.06,8.0,soft,0.7029523006111418,0.1806440668446314,0.021917808219178082,analytic,d1c3f60ca5102270,results/raw/interaction_transfer/target/d1c3f60ca5102270.json,8,512,hybrid,B
adult,914,0,0.6,0.0,1.0,hard,0.2601909194383023,1.0,0.0027397260273972603,global,1f2109449229be01,results/raw/interaction_transfer/target/1f2109449229be01.json,8,512,hybrid,B
adult,914,0,0.6,0.015,2.0,soft,0.4193709068469381,0.1806440668446314,0.005479452054794521,analytic,5acb331a5462e72a,results/raw/interaction_transfer/target/5acb331a5462e72a.json,8,512,hybrid,B
adult,914,0,0.6,0.03,4.0,soft,0.7083672829909096,0.1806440668446314,0.010958904109589041,analytic,9102e95912147f47,results/raw/interaction_transfer/target/9102e95912147f47.json,8,512,hybrid,B
adult,914,0,0.6,0.06,8.0,soft,0.5936738711918801,0.1806440668446314,0.021917808219178082,analytic,d87d7d961df7f225,results/raw/interaction_transfer/target/d87d7d961df7f225.json,8,512,hybrid,B
adult,915,0,0.6,0.0,1.0,hard,0.24106416221362323,1.0,0.0027397260273972603,global,c43972df01ec5131,results/raw/interaction_transfer/target/c43972df01ec5131.json,8,512,hybrid,B
adult,915,0,0.6,0.015,2.0,soft,0.5144917292396045,0.1806440668446314,0.005479452054794521,analytic,1af4b3c92283f13a,results/raw/interaction_transfer/target/1af4b3c92283f13a.json,8,512,hybrid,B
adult,915,0,0.6,0.03,4.0,soft,0.6084834076147041,0.1806440668446314,0.010958904109589041,analytic,beec9a58a2e9b9bd,results/raw/interaction_transfer/target/beec9a58a2e9b9bd.json,8,512,hybrid,B
adult,915,0,0.6,0.06,8.0,soft,0.9057276551271419,0.1806440668446314,0.021917808219178082,analytic,723e24c9eb9ad532,results/raw/interaction_transfer/target/723e24c9eb9ad532.json,8,512,hybrid,B
adult,910,0,1.0,0.0,1.0,hard,0.2075416944981881,1.0,0.0027397260273972603,global,8fce761659a7e4ac,results/raw/interaction_transfer/target/8fce761659a7e4ac.json,8,512,hybrid,B
adult,910,0,1.0,0.015,2.0,soft,0.47986578968583016,0.1806440668446314,0.005479452054794521,analytic,28f9584330573061,results/raw/interaction_transfer/target/28f9584330573061.json,8,512,hybrid,B
adult,910,0,1.0,0.03,4.0,soft,0.5442370276319022,0.1806440668446314,0.010958904109589041,analytic,f0b7ca15872a62dc,results/raw/interaction_transfer/target/f0b7ca15872a62dc.json,8,512,hybrid,B
adult,910,0,1.0,0.06,8.0,soft,0.6885226164701186,0.1806440668446314,0.021917808219178082,analytic,b5d4fc142a679b7a,results/raw/interaction_transfer/target/b5d4fc142a679b7a.json,8,512,hybrid,B
adult,911,0,1.0,0.0,1.0,hard,0.219381367660156,1.0,0.0027397260273972603,global,3891131860d3c0a4,results/raw/interaction_transfer/target/3891131860d3c0a4.json,8,512,hybrid,B
adult,911,0,1.0,0.015,2.0,soft,0.49586500368527736,0.1806440668446314,0.005479452054794521,analytic,3ad5b361f504cb8b,results/raw/interaction_transfer/target/3ad5b361f504cb8b.json,8,512,hybrid,B
adult,911,0,1.0,0.03,4.0,soft,0.78531349809594,0.1806440668446314,0.010958904109589041,analytic,a829fbcd3ef298ee,results/raw/interaction_transfer/target/a829fbcd3ef298ee.json,8,512,hybrid,B
adult,911,0,1.0,0.06,8.0,soft,0.8163104711780603,0.1806440668446314,0.021917808219178082,analytic,2f84e85da36c3d50,results/raw/interaction_transfer/target/2f84e85da36c3d50.json,8,512,hybrid,B
adult,912,0,1.0,0.0,1.0,hard,0.24658706371690928,1.0,0.0027397260273972603,global,435c8dccd677e08d,results/raw/interaction_transfer/target/435c8dccd677e08d.json,8,512,hybrid,B
adult,912,0,1.0,0.015,2.0,soft,0.43780489911553344,0.1806440668446314,0.005479452054794521,analytic,fe38186fe13d8466,results/raw/interaction_transfer/target/fe38186fe13d8466.json,8,512,hybrid,B
adult,912,0,1.0,0.03,4.0,soft,0.5624244950018426,0.1806440668446314,0.010958904109589041,analytic,ad583c85c98dd92f,results/raw/interaction_transfer/target/ad583c85c98dd92f.json,8,512,hybrid,B
adult,912,0,1.0,0.06,8.0,soft,0.6778912632055771,0.1806440668446314,0.021917808219178082,analytic,dc2d6203e70f9e9f,results/raw/interaction_transfer/target/dc2d6203e70f9e9f.json,8,512,hybrid,B
adult,913,0,1.0,0.0,1.0,hard,0.23465492272434124,1.0,0.0027397260273972603,global,9f534fec49742495,results/raw/interaction_transfer/target/9f534fec49742495.json,8,512,hybrid,B
adult,913,0,1.0,0.015,2.0,soft,0.455191490464345,0.1806440668446314,0.005479452054794521,analytic,fa1a7c06cb23f89b,results/raw/interaction_transfer/target/fa1a7c06cb23f89b.json,8,512,hybrid,B
adult,913,0,1.0,0.03,4.0,soft,0.723794295305878,0.1806440668446314,0.010958904109589041,analytic,2aeff2590346360b,results/raw/interaction_transfer/target/2aeff2590346360b.json,8,512,hybrid,B
adult,913,0,1.0,0.06,8.0,soft,0.7306524860266569,0.1806440668446314,0.021917808219178082,analytic,4f0c33e3479a26fe,results/raw/interaction_transfer/target/4f0c33e3479a26fe.json,8,512,hybrid,B
adult,914,0,1.0,0.0,1.0,hard,0.20765553981635035,1.0,0.0027397260273972603,global,7f5c0b3d25e1b646,results/raw/interaction_transfer/target/7f5c0b3d25e1b646.json,8,512,hybrid,B
adult,914,0,1.0,0.015,2.0,soft,0.4118037081183588,0.1806440668446314,0.005479452054794521,analytic,a3a8e762b9664cde,results/raw/interaction_transfer/target/a3a8e762b9664cde.json,8,512,hybrid,B
adult,914,0,1.0,0.03,4.0,soft,0.5827267981082243,0.1806440668446314,0.010958904109589041,analytic,582248e9b7af8a71,results/raw/interaction_transfer/target/582248e9b7af8a71.json,8,512,hybrid,B
adult,914,0,1.0,0.06,8.0,soft,0.7159313626696763,0.1806440668446314,0.021917808219178082,analytic,ca54e8d164541059,results/raw/interaction_transfer/target/ca54e8d164541059.json,8,512,hybrid,B
adult,915,0,1.0,0.0,1.0,hard,0.21242766203703703,1.0,0.0027397260273972603,global,72d4905ef2519520,results/raw/interaction_transfer/target/72d4905ef2519520.json,8,512,hybrid,B
adult,915,0,1.0,0.015,2.0,soft,0.4294360326070267,0.1806440668446314,0.005479452054794521,analytic,1c4000e05bee1c9c,results/raw/interaction_transfer/target/1c4000e05bee1c9c.json,8,512,hybrid,B
adult,915,0,1.0,0.03,4.0,soft,0.6899902013850501,0.1806440668446314,0.010958904109589041,analytic,0e43a2f0c85187bb,results/raw/interaction_transfer/target/0e43a2f0c85187bb.json,8,512,hybrid,B
adult,915,0,1.0,0.06,8.0,soft,0.885971857533321,0.1806440668446314,0.021917808219178082,analytic,fe6f02384313ed2f,results/raw/interaction_transfer/target/fe6f02384313ed2f.json,8,512,hybrid,B
bank,910,0,1e-05,0.0,1.0,hard,1.221585108993144,1.0,0.0024390243902439024,global,c061687f0703803b,results/raw/interaction_transfer/target/c061687f0703803b.json,8,512,hybrid,B
bank,910,0,1e-05,0.013353658536585364,2.0,soft,0.8309076253732168,0.1806440668446314,0.004878048780487805,analytic,6c3ec5c1853e316e,results/raw/interaction_transfer/target/6c3ec5c1853e316e.json,8,512,hybrid,B
bank,910,0,1e-05,0.026707317073170728,4.0,soft,0.9102423404152384,0.1806440668446314,0.00975609756097561,analytic,c76c3d517198c1c8,results/raw/interaction_transfer/target/c76c3d517198c1c8.json,8,512,hybrid,B
bank,910,0,1e-05,0.053414634146341455,8.0,soft,0.9597953873161561,0.1806440668446314,0.01951219512195122,analytic,259ad6ea7b6d4aa2,results/raw/interaction_transfer/target/259ad6ea7b6d4aa2.json,8,512,hybrid,B
bank,911,0,1e-05,0.0,1.0,hard,1.2571360012578792,1.0,0.0024390243902439024,global,7adaaf1bf1d5a81d,results/raw/interaction_transfer/target/7adaaf1bf1d5a81d.json,8,512,hybrid,B
bank,911,0,1e-05,0.013353658536585364,2.0,soft,0.7471344807447751,0.1806440668446314,0.004878048780487805,analytic,9603510c58215d16,results/raw/interaction_transfer/target/9603510c58215d16.json,8,512,hybrid,B
bank,911,0,1e-05,0.026707317073170728,4.0,soft,0.8821788520817208,0.1806440668446314,0.00975609756097561,analytic,0b121b52173fb3fd,results/raw/interaction_transfer/target/0b121b52173fb3fd.json,8,512,hybrid,B
bank,911,0,1e-05,0.053414634146341455,8.0,soft,0.9808198502985735,0.1806440668446314,0.01951219512195122,analytic,19b3ba084ec70935,results/raw/interaction_transfer/target/19b3ba084ec70935.json,8,512,hybrid,B
bank,912,0,1e-05,0.0,1.0,hard,1.1943835615254894,1.0,0.0024390243902439024,global,886dcff8d7a51983,results/raw/interaction_transfer/target/886dcff8d7a51983.json,8,512,hybrid,B
bank,912,0,1e-05,0.013353658536585364,2.0,soft,0.8854263570579455,0.1806440668446314,0.004878048780487805,analytic,8c38ac68ae90864b,results/raw/interaction_transfer/target/8c38ac68ae90864b.json,8,512,hybrid,B
bank,912,0,1e-05,0.026707317073170728,4.0,soft,0.9563516411174391,0.1806440668446314,0.00975609756097561,analytic,fa42dfa0816349af,results/raw/interaction_transfer/target/fa42dfa0816349af.json,8,512,hybrid,B
bank,912,0,1e-05,0.053414634146341455,8.0,soft,0.9140355454495189,0.1806440668446314,0.01951219512195122,analytic,111e3c1581e5d5b3,results/raw/interaction_transfer/target/111e3c1581e5d5b3.json,8,512,hybrid,B
bank,913,0,1e-05,0.0,1.0,hard,1.263379651387814,1.0,0.0024390243902439024,global,7550c77034563f51,results/raw/interaction_transfer/target/7550c77034563f51.json,8,512,hybrid,B
bank,913,0,1e-05,0.013353658536585364,2.0,soft,0.8901199477496406,0.1806440668446314,0.004878048780487805,analytic,7b52e03ddddf43f9,results/raw/interaction_transfer/target/7b52e03ddddf43f9.json,8,512,hybrid,B
bank,913,0,1e-05,0.026707317073170728,4.0,soft,0.9151112220778505,0.1806440668446314,0.00975609756097561,analytic,055b22f5a82ca58b,results/raw/interaction_transfer/target/055b22f5a82ca58b.json,8,512,hybrid,B
bank,913,0,1e-05,0.053414634146341455,8.0,soft,0.9623429379077739,0.1806440668446314,0.01951219512195122,analytic,2853bf5cf442950b,results/raw/interaction_transfer/target/2853bf5cf442950b.json,8,512,hybrid,B
bank,914,0,1e-05,0.0,1.0,hard,1.2174361816460246,1.0,0.0024390243902439024,global,d0013336d2bbeb20,results/raw/interaction_transfer/target/d0013336d2bbeb20.json,8,512,hybrid,B
bank,914,0,1e-05,0.013353658536585364,2.0,soft,0.8209905106159461,0.1806440668446314,0.004878048780487805,analytic,f717550a419960bd,results/raw/interaction_transfer/target/f717550a419960bd.json,8,512,hybrid,B
bank,914,0,1e-05,0.026707317073170728,4.0,soft,0.9095166841756054,0.1806440668446314,0.00975609756097561,analytic,5e2946cd418b3ffe,results/raw/interaction_transfer/target/5e2946cd418b3ffe.json,8,512,hybrid,B
bank,914,0,1e-05,0.053414634146341455,8.0,soft,0.9693103868323565,0.1806440668446314,0.01951219512195122,analytic,2f15a9a625044fa6,results/raw/interaction_transfer/target/2f15a9a625044fa6.json,8,512,hybrid,B
bank,915,0,1e-05,0.0,1.0,hard,1.2967309400226694,1.0,0.0024390243902439024,global,43291829ea8f0e9a,results/raw/interaction_transfer/target/43291829ea8f0e9a.json,8,512,hybrid,B
bank,915,0,1e-05,0.013353658536585364,2.0,soft,0.7835096034225367,0.1806440668446314,0.004878048780487805,analytic,81e2c9f4aed9b78a,results/raw/interaction_transfer/target/81e2c9f4aed9b78a.json,8,512,hybrid,B
bank,915,0,1e-05,0.026707317073170728,4.0,soft,0.907530643522614,0.1806440668446314,0.00975609756097561,analytic,a5dd7a9cbe5b90a9,results/raw/interaction_transfer/target/a5dd7a9cbe5b90a9.json,8,512,hybrid,B
bank,915,0,1e-05,0.053414634146341455,8.0,soft,0.9342316743613844,0.1806440668446314,0.01951219512195122,analytic,35f1d1e0d173f3eb,results/raw/interaction_transfer/target/35f1d1e0d173f3eb.json,8,512,hybrid,B
bank,910,0,3e-05,0.0,1.0,hard,1.1147501866084266,1.0,0.0024390243902439024,global,b6de308d69cb41d6,results/raw/interaction_transfer/target/b6de308d69cb41d6.json,8,512,hybrid,B
bank,910,0,3e-05,0.013353658536585364,2.0,soft,0.7161449982030299,0.1806440668446314,0.004878048780487805,analytic,d7aa6a2202486f44,results/raw/interaction_transfer/target/d7aa6a2202486f44.json,8,512,hybrid,B
bank,910,0,3e-05,0.026707317073170728,4.0,soft,0.783309128953334,0.1806440668446314,0.00975609756097561,analytic,19121b1bfcdbfbcd,results/raw/interaction_transfer/target/19121b1bfcdbfbcd.json,8,512,hybrid,B
bank,910,0,3e-05,0.053414634146341455,8.0,soft,0.9116854887758488,0.1806440668446314,0.01951219512195122,analytic,d2717f5be5096591,results/raw/interaction_transfer/target/d2717f5be5096591.json,8,512,hybrid,B
bank,911,0,3e-05,0.0,1.0,hard,1.1280775703582882,1.0,0.0024390243902439024,global,6d582e68e8938668,results/raw/interaction_transfer/target/6d582e68e8938668.json,8,512,hybrid,B
bank,911,0,3e-05,0.013353658536585364,2.0,soft,0.7335622598280438,0.1806440668446314,0.004878048780487805,analytic,0e34d8201ee06a39,results/raw/interaction_transfer/target/0e34d8201ee06a39.json,8,512,hybrid,B
bank,911,0,3e-05,0.026707317073170728,4.0,soft,0.7570644248313614,0.1806440668446314,0.00975609756097561,analytic,98e15b8617e6bd93,results/raw/interaction_transfer/target/98e15b8617e6bd93.json,8,512,hybrid,B
bank,911,0,3e-05,0.053414634146341455,8.0,soft,0.8332724984103728,0.1806440668446314,0.01951219512195122,analytic,e9abfdcd04f1ef51,results/raw/interaction_transfer/target/e9abfdcd04f1ef51.json,8,512,hybrid,B
bank,912,0,3e-05,0.0,1.0,hard,1.151904313073648,1.0,0.0024390243902439024,global,1a9b4cecb5181e5b,results/raw/interaction_transfer/target/1a9b4cecb5181e5b.json,8,512,hybrid,B
bank,912,0,3e-05,0.013353658536585364,2.0,soft,0.6993590950873604,0.1806440668446314,0.004878048780487805,analytic,1bb0f1458f5f5f85,results/raw/interaction_transfer/target/1bb0f1458f5f5f85.json,8,512,hybrid,B
bank,912,0,3e-05,0.026707317073170728,4.0,soft,0.7527885864757271,0.1806440668446314,0.00975609756097561,analytic,6a88d0d62e0ed45c,results/raw/interaction_transfer/target/6a88d0d62e0ed45c.json,8,512,hybrid,B
bank,912,0,3e-05,0.053414634146341455,8.0,soft,0.8664395976169414,0.1806440668446314,0.01951219512195122,analytic,eb847e928ba11ab5,results/raw/interaction_transfer/target/eb847e928ba11ab5.json,8,512,hybrid,B
bank,913,0,3e-05,0.0,1.0,hard,1.1653407677208893,1.0,0.0024390243902439024,global,b009849ada4fadd2,results/raw/interaction_transfer/target/b009849ada4fadd2.json,8,512,hybrid,B
bank,913,0,3e-05,0.013353658536585364,2.0,soft,0.7478466165127723,0.1806440668446314,0.004878048780487805,analytic,b8e034b1c4471d38,results/raw/interaction_transfer/target/b8e034b1c4471d38.json,8,512,hybrid,B
bank,913,0,3e-05,0.026707317073170728,4.0,soft,0.766981107624682,0.1806440668446314,0.00975609756097561,analytic,1c3b9d8446d0ffde,results/raw/interaction_transfer/target/1c3b9d8446d0ffde.json,8,512,hybrid,B
bank,913,0,3e-05,0.053414634146341455,8.0,soft,0.859300356629437,0.1806440668446314,0.01951219512195122,analytic,97eea4daed237000,results/raw/interaction_transfer/target/97eea4daed237000.json,8,512,hybrid,B
bank,914,0,3e-05,0.0,1.0,hard,1.0848520177900034,1.0,0.0024390243902439024,global,39ef350ebdd75fe0,results/raw/interaction_transfer/target/39ef350ebdd75fe0.json,8,512,hybrid,B
bank,914,0,3e-05,0.013353658536585364,2.0,soft,0.764632822003207,0.1806440668446314,0.004878048780487805,analytic,e7057398d656c77c,results/raw/interaction_transfer/target/e7057398d656c77c.json,8,512,hybrid,B
bank,914,0,3e-05,0.026707317073170728,4.0,soft,0.7196215304655535,0.1806440668446314,0.00975609756097561,analytic,64aef0264dfdbf9d,results/raw/interaction_transfer/target/64aef0264dfdbf9d.json,8,512,hybrid,B
bank,914,0,3e-05,0.053414634146341455,8.0,soft,0.8434975170712151,0.1806440668446314,0.01951219512195122,analytic,3c4167b27d3454f2,results/raw/interaction_transfer/target/3c4167b27d3454f2.json,8,512,hybrid,B
bank,915,0,3e-05,0.0,1.0,hard,1.1576460210936634,1.0,0.0024390243902439024,global,2da011a512166ee6,results/raw/interaction_transfer/target/2da011a512166ee6.json,8,512,hybrid,B
bank,915,0,3e-05,0.013353658536585364,2.0,soft,0.72343672246489,0.1806440668446314,0.004878048780487805,analytic,60a5f383b186f009,results/raw/interaction_transfer/target/60a5f383b186f009.json,8,512,hybrid,B
bank,915,0,3e-05,0.026707317073170728,4.0,soft,0.8377321806231339,0.1806440668446314,0.00975609756097561,analytic,cc645a321cbcc659,results/raw/interaction_transfer/target/cc645a321cbcc659.json,8,512,hybrid,B
bank,915,0,3e-05,0.053414634146341455,8.0,soft,0.8979153419772199,0.1806440668446314,0.01951219512195122,analytic,27c6cc58c98b3716,results/raw/interaction_transfer/target/27c6cc58c98b3716.json,8,512,hybrid,B
bank,910,0,0.0001,0.0,1.0,hard,0.9367104130957646,1.0,0.0024390243902439024,global,78fa1fe876e47c63,results/raw/interaction_transfer/target/78fa1fe876e47c63.json,8,512,hybrid,B
bank,910,0,0.0001,0.013353658536585364,2.0,soft,0.6321501264790444,0.1806440668446314,0.004878048780487805,analytic,f01a1dd355fc002a,results/raw/interaction_transfer/target/f01a1dd355fc002a.json,8,512,hybrid,B
bank,910,0,0.0001,0.026707317073170728,4.0,soft,0.6764237963756498,0.1806440668446314,0.00975609756097561,analytic,6a2aa2579b58c4a3,results/raw/interaction_transfer/target/6a2aa2579b58c4a3.json,8,512,hybrid,B
bank,910,0,0.0001,0.053414634146341455,8.0,soft,0.7700932782953666,0.1806440668446314,0.01951219512195122,analytic,e0f6811a442d56e2,results/raw/interaction_transfer/target/e0f6811a442d56e2.json,8,512,hybrid,B
bank,911,0,0.0001,0.0,1.0,hard,0.9051670663773084,1.0,0.0024390243902439024,global,3ab4c6ccce5665df,results/raw/interaction_transfer/target/3ab4c6ccce5665df.json,8,512,hybrid,B
bank,911,0,0.0001,0.013353658536585364,2.0,soft,0.5905907452587635,0.1806440668446314,0.004878048780487805,analytic,3fbec575c3a2cdcd,results/raw/interaction_transfer/target/3fbec575c3a2cdcd.json,8,512,hybrid,B
bank,911,0,0.0001,0.026707317073170728,4.0,soft,0.7047449512053523,0.1806440668446314,0.00975609756097561,analytic,d459add821057331,results/raw/interaction_transfer/target/d459add821057331.json,8,512,hybrid,B
bank,911,0,0.0001,0.053414634146341455,8.0,soft,0.7892563222243723,0.1806440668446314,0.01951219512195122,analytic,26055baa9dc9101b,results/raw/interaction_transfer/target/26055baa9dc9101b.json,8,512,hybrid,B
bank,912,0,0.0001,0.0,1.0,hard,1.054193808401526,1.0,0.0024390243902439024,global,e0c6410617760e43,results/raw/interaction_transfer/target/e0c6410617760e43.json,8,512,hybrid,B
bank,912,0,0.0001,0.013353658536585364,2.0,soft,0.6052727247594826,0.1806440668446314,0.004878048780487805,analytic,88d25d9cec195626,results/raw/interaction_transfer/target/88d25d9cec195626.json,8,512,hybrid,B
bank,912,0,0.0001,0.026707317073170728,4.0,soft,0.649529980025987,0.1806440668446314,0.00975609756097561,analytic,a5125d67ebfb8cb4,results/raw/interaction_transfer/target/a5125d67ebfb8cb4.json,8,512,hybrid,B
bank,912,0,0.0001,0.053414634146341455,8.0,soft,0.7817867152078957,0.1806440668446314,0.01951219512195122,analytic,67fba6566f687e37,results/raw/interaction_transfer/target/67fba6566f687e37.json,8,512,hybrid,B
bank,913,0,0.0001,0.0,1.0,hard,1.0074612269158467,1.0,0.0024390243902439024,global,b0fb1880c3d4acd1,results/raw/interaction_transfer/target/b0fb1880c3d4acd1.json,8,512,hybrid,B
bank,913,0,0.0001,0.013353658536585364,2.0,soft,0.5811916848667478,0.1806440668446314,0.004878048780487805,analytic,466173297f53e3ef,results/raw/interaction_transfer/target/466173297f53e3ef.json,8,512,hybrid,B
bank,913,0,0.0001,0.026707317073170728,4.0,soft,0.6451371658326883,0.1806440668446314,0.00975609756097561,analytic,0fa6439650f68d2a,results/raw/interaction_transfer/target/0fa6439650f68d2a.json,8,512,hybrid,B
bank,913,0,0.0001,0.053414634146341455,8.0,soft,0.7366172816681412,0.1806440668446314,0.01951219512195122,analytic,cb3027c6815e6690,results/raw/interaction_transfer/target/cb3027c6815e6690.json,8,512,hybrid,B
bank,914,0,0.0001,0.0,1.0,hard,1.0299387302333298,1.0,0.0024390243902439024,global,5c7b7eafdd0c3492,results/raw/interaction_transfer/target/5c7b7eafdd0c3492.json,8,512,hybrid,B
bank,914,0,0.0001,0.013353658536585364,2.0,soft,0.6102523619788787,0.1806440668446314,0.004878048780487805,analytic,2079cf78b41aac32,results/raw/interaction_transfer/target/2079cf78b41aac32.json,8,512,hybrid,B
bank,914,0,0.0001,0.026707317073170728,4.0,soft,0.6411238751658741,0.1806440668446314,0.00975609756097561,analytic,45116fc05827f2ce,results/raw/interaction_transfer/target/45116fc05827f2ce.json,8,512,hybrid,B
bank,914,0,0.0001,0.053414634146341455,8.0,soft,0.7758976642845294,0.1806440668446314,0.01951219512195122,analytic,19ac7f98788e7265,results/raw/interaction_transfer/target/19ac7f98788e7265.json,8,512,hybrid,B
bank,915,0,0.0001,0.0,1.0,hard,0.989169411077629,1.0,0.0024390243902439024,global,d39ad3278f83011a,results/raw/interaction_transfer/target/d39ad3278f83011a.json,8,512,hybrid,B
bank,915,0,0.0001,0.013353658536585364,2.0,soft,0.5932870642347672,0.1806440668446314,0.004878048780487805,analytic,8793729bb24904f2,results/raw/interaction_transfer/target/8793729bb24904f2.json,8,512,hybrid,B
bank,915,0,0.0001,0.026707317073170728,4.0,soft,0.6652753251824616,0.1806440668446314,0.00975609756097561,analytic,afb25d42c91eb12b,results/raw/interaction_transfer/target/afb25d42c91eb12b.json,8,512,hybrid,B
bank,915,0,0.0001,0.053414634146341455,8.0,soft,0.8067624388339046,0.1806440668446314,0.01951219512195122,analytic,6716adf3d3e7180a,results/raw/interaction_transfer/target/6716adf3d3e7180a.json,8,512,hybrid,B
bank,910,0,0.0002,0.0,1.0,hard,0.8185191152687162,1.0,0.0024390243902439024,global,a38add4ccd1f3a39,results/raw/interaction_transfer/target/a38add4ccd1f3a39.json,8,512,hybrid,B
bank,910,0,0.0002,0.013353658536585364,2.0,soft,0.5671668521231893,0.1806440668446314,0.004878048780487805,analytic,36b1194c0063b607,results/raw/interaction_transfer/target/36b1194c0063b607.json,8,512,hybrid,B
bank,910,0,0.0002,0.026707317073170728,4.0,soft,0.6408488005225036,0.1806440668446314,0.00975609756097561,analytic,599955b43b23e2e9,results/raw/interaction_transfer/target/599955b43b23e2e9.json,8,512,hybrid,B
bank,910,0,0.0002,0.053414634146341455,8.0,soft,0.7239694636044456,0.1806440668446314,0.01951219512195122,analytic,a016e4f2434d056b,results/raw/interaction_transfer/target/a016e4f2434d056b.json,8,512,hybrid,B
bank,911,0,0.0002,0.0,1.0,hard,0.8441489619042354,1.0,0.0024390243902439024,global,c0862510c848c67e,results/raw/interaction_transfer/target/c0862510c848c67e.json,8,512,hybrid,B
bank,911,0,0.0002,0.013353658536585364,2.0,soft,0.5726490793984297,0.1806440668446314,0.004878048780487805,analytic,df855fc7b816ac53,results/raw/interaction_transfer/target/df855fc7b816ac53.json,8,512,hybrid,B
bank,911,0,0.0002,0.026707317073170728,4.0,soft,0.6390644870341701,0.1806440668446314,0.00975609756097561,analytic,83dcfdd0cf2d4e42,results/raw/interaction_transfer/target/83dcfdd0cf2d4e42.json,8,512,hybrid,B
bank,911,0,0.0002,0.053414634146341455,8.0,soft,0.78567780327325,0.1806440668446314,0.01951219512195122,analytic,15ad53e64413fc07,results/raw/interaction_transfer/target/15ad53e64413fc07.json,8,512,hybrid,B
bank,912,0,0.0002,0.0,1.0,hard,0.9381714447639057,1.0,0.0024390243902439024,global,f66d0da8dc9ebff4,results/raw/interaction_transfer/target/f66d0da8dc9ebff4.json,8,512,hybrid,B
bank,912,0,0.0002,0.013353658536585364,2.0,soft,0.5395547661174389,0.1806440668446314,0.004878048780487805,analytic,9816ba728a6042d8,results/raw/interaction_transfer/target/9816ba728a6042d8.json,8,512,hybrid,B
bank,912,0,0.0002,0.026707317073170728,4.0,soft,0.6658629689400641,0.1806440668446314,0.00975609756097561,analytic,9bb9cfd6df35a406,results/raw/interaction_transfer/target/9bb9cfd6df35a406.json,8,512,hybrid,B
bank,912,0,0.0002,0.053414634146341455,8.0,soft,0.7251246647959748,0.1806440668446314,0.01951219512195122,analytic,2fc3a79ce2e6b0df,results/raw/interaction_transfer/target/2fc3a79ce2e6b0df.json,8,512,hybrid,B
bank,913,0,0.0002,0.0,1.0,hard,0.8765247031543735,1.0,0.0024390243902439024,global,4d793c8983f27f6a,results/raw/interaction_transfer/target/4d793c8983f27f6a.json,8,512,hybrid,B
bank,913,0,0.0002,0.013353658536585364,2.0,soft,0.55208232541745,0.1806440668446314,0.004878048780487805,analytic,1007f76bcb5e3252,results/raw/interaction_transfer/target/1007f76bcb5e3252.json,8,512,hybrid,B
bank,913,0,0.0002,0.026707317073170728,4.0,soft,0.5846328824781598,0.1806440668446314,0.00975609756097561,analytic,49608c16a5f01960,results/raw/interaction_transfer/target/49608c16a5f01960.json,8,512,hybrid,B
bank,913,0,0.0002,0.053414634146341455,8.0,soft,0.7382329132339931,0.1806440668446314,0.01951219512195122,analytic,e16319eda6d8f57d,results/raw/interaction_transfer/target/e16319eda6d8f57d.json,8,512,hybrid,B
bank,914,0,0.0002,0.0,1.0,hard,0.8920093148706181,1.0,0.0024390243902439024,global,85ea9317f0abc6d5,results/raw/interaction_transfer/target/85ea9317f0abc6d5.json,8,512,hybrid,B
bank,914,0,0.0002,0.013353658536585364,2.0,soft,0.5557393322182904,0.1806440668446314,0.004878048780487805,analytic,2231507d353b0c77,results/raw/interaction_transfer/target/2231507d353b0c77.json,8,512,hybrid,B
bank,914,0,0.0002,0.026707317073170728,4.0,soft,0.6708409646964503,0.1806440668446314,0.00975609756097561,analytic,3de7e606a59338fc,results/raw/interaction_transfer/target/3de7e606a59338fc.json,8,512,hybrid,B
bank,914,0,0.0002,0.053414634146341455,8.0,soft,0.69322836033396,0.1806440668446314,0.01951219512195122,analytic,f272ff08e2ee0caf,results/raw/interaction_transfer/target/f272ff08e2ee0caf.json,8,512,hybrid,B
bank,915,0,0.0002,0.0,1.0,hard,0.8852778046555347,1.0,0.0024390243902439024,global,02582452a6052c11,results/raw/interaction_transfer/target/02582452a6052c11.json,8,512,hybrid,B
bank,915,0,0.0002,0.013353658536585364,2.0,soft,0.5707208787183458,0.1806440668446314,0.004878048780487805,analytic,a4b7e59cbbcf1735,results/raw/interaction_transfer/target/a4b7e59cbbcf1735.json,8,512,hybrid,B
bank,915,0,0.0002,0.026707317073170728,4.0,soft,0.6386648771840098,0.1806440668446314,0.00975609756097561,analytic,eaf92c621d26c563,results/raw/interaction_transfer/target/eaf92c621d26c563.json,8,512,hybrid,B
bank,915,0,0.0002,0.053414634146341455,8.0,soft,0.7877969752156365,0.1806440668446314,0.01951219512195122,analytic,ee35e4b237abaf99,results/raw/interaction_transfer/target/ee35e4b237abaf99.json,8,512,hybrid,B
bank,910,0,0.0003,0.0,1.0,hard,0.8158048265923921,1.0,0.0024390243902439024,global,6ca69138f021fbbf,results/raw/interaction_transfer/target/6ca69138f021fbbf.json,8,512,hybrid,B
bank,910,0,0.0003,0.013353658536585364,2.0,soft,0.555782442220502,0.1806440668446314,0.004878048780487805,analytic,f0c9d07634060782,results/raw/interaction_transfer/target/f0c9d07634060782.json,8,512,hybrid,B
bank,910,0,0.0003,0.026707317073170728,4.0,soft,0.628201371226363,0.1806440668446314,0.00975609756097561,analytic,3134e6e84b743cff,results/raw/interaction_transfer/target/3134e6e84b743cff.json,8,512,hybrid,B
bank,910,0,0.0003,0.053414634146341455,8.0,soft,0.693388316584651,0.1806440668446314,0.01951219512195122,analytic,7581fdca08a15ba5,results/raw/interaction_transfer/target/7581fdca08a15ba5.json,8,512,hybrid,B
bank,911,0,0.0003,0.0,1.0,hard,0.7261334734048435,1.0,0.0024390243902439024,global,28444cfa06acb2e9,results/raw/interaction_transfer/target/28444cfa06acb2e9.json,8,512,hybrid,B
bank,911,0,0.0003,0.013353658536585364,2.0,soft,0.5884826315934977,0.1806440668446314,0.004878048780487805,analytic,6632bb2b1b740ce0,results/raw/interaction_transfer/target/6632bb2b1b740ce0.json,8,512,hybrid,B
bank,911,0,0.0003,0.026707317073170728,4.0,soft,0.6182326367770652,0.1806440668446314,0.00975609756097561,analytic,8a4ef98636660bc0,results/raw/interaction_transfer/target/8a4ef98636660bc0.json,8,512,hybrid,B
bank,911,0,0.0003,0.053414634146341455,8.0,soft,0.724164884095433,0.1806440668446314,0.01951219512195122,analytic,4cf1d308e4ffbd13,results/raw/interaction_transfer/target/4cf1d308e4ffbd13.json,8,512,hybrid,B
bank,912,0,0.0003,0.0,1.0,hard,0.8911215425605441,1.0,0.0024390243902439024,global,5026253b5f4bc8ed,results/raw/interaction_transfer/target/5026253b5f4bc8ed.json,8,512,hybrid,B
bank,912,0,0.0003,0.013353658536585364,2.0,soft,0.5314155285856463,0.1806440668446314,0.004878048780487805,analytic,9b4f2878222cb8a7,results/raw/interaction_transfer/target/9b4f2878222cb8a7.json,8,512,hybrid,B
bank,912,0,0.0003,0.026707317073170728,4.0,soft,0.6027540725561207,0.1806440668446314,0.00975609756097561,analytic,0a1129fa0ff43f3c,results/raw/interaction_transfer/target/0a1129fa0ff43f3c.json,8,512,hybrid,B
bank,912,0,0.0003,0.053414634146341455,8.0,soft,0.7727403101846732,0.1806440668446314,0.01951219512195122,analytic,a354e142ba8a6fca,results/raw/interaction_transfer/target/a354e142ba8a6fca.json,8,512,hybrid,B
bank,913,0,0.0003,0.0,1.0,hard,0.8939763059134137,1.0,0.0024390243902439024,global,7431187b14d43eb4,results/raw/interaction_transfer/target/7431187b14d43eb4.json,8,512,hybrid,B
bank,913,0,0.0003,0.013353658536585364,2.0,soft,0.5509334308995908,0.1806440668446314,0.004878048780487805,analytic,650ee720416c25be,results/raw/interaction_transfer/target/650ee720416c25be.json,8,512,hybrid,B
bank,913,0,0.0003,0.026707317073170728,4.0,soft,0.647342298601128,0.1806440668446314,0.00975609756097561,analytic,b987c1f3a6c61cc4,results/raw/interaction_transfer/target/b987c1f3a6c61cc4.json,8,512,hybrid,B
bank,913,0,0.0003,0.053414634146341455,8.0,soft,0.7373949031709609,0.1806440668446314,0.01951219512195122,analytic,33bd86d072cd6b4c,results/raw/interaction_transfer/target/33bd86d072cd6b4c.json,8,512,hybrid,B
bank,914,0,0.0003,0.0,1.0,hard,0.8016126510145968,1.0,0.0024390243902439024,global,cf6480f9356ef6ff,results/raw/interaction_transfer/target/cf6480f9356ef6ff.json,8,512,hybrid,B
bank,914,0,0.0003,0.013353658536585364,2.0,soft,0.5469679154456485,0.1806440668446314,0.004878048780487805,analytic,ac2ef5d72d598704,results/raw/interaction_transfer/target/ac2ef5d72d598704.json,8,512,hybrid,B
bank,914,0,0.0003,0.026707317073170728,4.0,soft,0.6002505390910096,0.1806440668446314,0.00975609756097561,analytic,f4cd6845df7584cf,results/raw/interaction_transfer/target/f4cd6845df7584cf.json,8,512,hybrid,B
bank,914,0,0.0003,0.053414634146341455,8.0,soft,0.6864666126423754,0.1806440668446314,0.01951219512195122,analytic,47b12bb939a31e7b,results/raw/interaction_transfer/target/47b12bb939a31e7b.json,8,512,hybrid,B
bank,915,0,0.0003,0.0,1.0,hard,0.8876752045781267,1.0,0.0024390243902439024,global,3609093d64abdfeb,results/raw/interaction_transfer/target/3609093d64abdfeb.json,8,512,hybrid,B
bank,915,0,0.0003,0.013353658536585364,2.0,soft,0.5552703489577574,0.1806440668446314,0.004878048780487805,analytic,8fe48c305a87c361,results/raw/interaction_transfer/target/8fe48c305a87c361.json,8,512,hybrid,B
bank,915,0,0.0003,0.026707317073170728,4.0,soft,0.6647050463756496,0.1806440668446314,0.00975609756097561,analytic,aaa5691374843a06,results/raw/interaction_transfer/target/aaa5691374843a06.json,8,512,hybrid,B
bank,915,0,0.0003,0.053414634146341455,8.0,soft,0.7451525869457039,0.1806440668446314,0.01951219512195122,analytic,d88f2e38b1e577e0,results/raw/interaction_transfer/target/d88f2e38b1e577e0.json,8,512,hybrid,B
bank,910,0,0.0004,0.0,1.0,hard,0.8058809731975008,1.0,0.0024390243902439024,global,c8a3078258a791a0,results/raw/interaction_transfer/target/c8a3078258a791a0.json,8,512,hybrid,B
bank,910,0,0.0004,0.013353658536585364,2.0,soft,0.5574750065658519,0.1806440668446314,0.004878048780487805,analytic,ed9ec5616bf9198c,results/raw/interaction_transfer/target/ed9ec5616bf9198c.json,8,512,hybrid,B
bank,910,0,0.0004,0.026707317073170728,4.0,soft,0.5976169844769434,0.1806440668446314,0.00975609756097561,analytic,b45e1c6e10700eb2,results/raw/interaction_transfer/target/b45e1c6e10700eb2.json,8,512,hybrid,B
bank,910,0,0.0004,0.053414634146341455,8.0,soft,0.7050584274438794,0.1806440668446314,0.01951219512195122,analytic,e00a5c88dc500d51,results/raw/interaction_transfer/target/e00a5c88dc500d51.json,8,512,hybrid,B
bank,911,0,0.0004,0.0,1.0,hard,0.7714447639057835,1.0,0.0024390243902439024,global,b5db11df2f48a248,results/raw/interaction_transfer/target/b5db11df2f48a248.json,8,512,hybrid,B
bank,911,0,0.0004,0.013353658536585364,2.0,soft,0.5454102534418886,0.1806440668446314,0.004878048780487805,analytic,14368e1521e66eb2,results/raw/interaction_transfer/target/14368e1521e66eb2.json,8,512,hybrid,B
bank,911,0,0.0004,0.026707317073170728,4.0,soft,0.5934185540611522,0.1806440668446314,0.00975609756097561,analytic,4abe9cd4a28a98d9,results/raw/interaction_transfer/target/4abe9cd4a28a98d9.json,8,512,hybrid,B
bank,911,0,0.0004,0.053414634146341455,8.0,soft,0.6891196056341923,0.1806440668446314,0.01951219512195122,analytic,721b83af36f275db,results/raw/interaction_transfer/target/721b83af36f275db.json,8,512,hybrid,B
bank,912,0,0.0004,0.0,1.0,hard,0.7306167840456708,1.0,0.0024390243902439024,global,74afc5d7fefa834a,results/raw/interaction_transfer/target/74afc5d7fefa834a.json,8,512,hybrid,B
bank,912,0,0.0004,0.013353658536585364,2.0,soft,0.5463518916565298,0.1806440668446314,0.004878048780487805,analytic,bad5ec7792104545,results/raw/interaction_transfer/target/bad5ec7792104545.json,8,512,hybrid,B
bank,912,0,0.0004,0.026707317073170728,4.0,soft,0.6022485451454163,0.1806440668446314,0.00975609756097561,analytic,28af3cb94040272f,results/raw/interaction_transfer/target/28af3cb94040272f.json,8,512,hybrid,B
bank,912,0,0.0004,0.053414634146341455,8.0,soft,0.7085931020540749,0.1806440668446314,0.01951219512195122,analytic,a39b356fb984ba76,results/raw/interaction_transfer/target/a39b356fb984ba76.json,8,512,hybrid,B
bank,913,0,0.0004,0.0,1.0,hard,0.8268178770872497,1.0,0.0024390243902439024,global,f7cd339fe39ee0f1,results/raw/interaction_transfer/target/f7cd339fe39ee0f1.json,8,512,hybrid,B
bank,913,0,0.0004,0.013353658536585364,2.0,soft,0.5387637105357734,0.1806440668446314,0.004878048780487805,analytic,582a148c3d6675c9,results/raw/interaction_transfer/target/582a148c3d6675c9.json,8,512,hybrid,B
bank,913,0,0.0004,0.026707317073170728,4.0,soft,0.6009400399480261,0.1806440668446314,0.00975609756097561,analytic,25da1967a74c3616,results/raw/interaction_transfer/target/25da1967a74c3616.json,8,512,hybrid,B
bank,913,0,0.0004,0.053414634146341455,8.0,soft,0.7116450137537321,0.1806440668446314,0.01951219512195122,analytic,0fbc429bb19edee7,results/raw/interaction_transfer/target/0fbc429bb19edee7.json,8,512,hybrid,B
bank,914,0,0.0004,0.0,1.0,hard,0.7317244692026982,1.0,0.0024390243902439024,global,570bda4ec96317ac,results/raw/interaction_transfer/target/570bda4ec96317ac.json,8,512,hybrid,B
bank,914,0,0.0004,0.013353658536585364,2.0,soft,0.5493057475395333,0.1806440668446314,0.004878048780487805,analytic,2729b875f04d5ebf,results/raw/interaction_transfer/target/2729b875f04d5ebf.json,8,512,hybrid,B
bank,914,0,0.0004,0.026707317073170728,4.0,soft,0.6110233744332634,0.1806440668446314,0.00975609756097561,analytic,fffbde0345a77da5,results/raw/interaction_transfer/target/fffbde0345a77da5.json,8,512,hybrid,B
bank,914,0,0.0004,0.053414634146341455,8.0,soft,0.7247317071906447,0.1806440668446314,0.01951219512195122,analytic,af882851985a9f0d,results/raw/interaction_transfer/target/af882851985a9f0d.json,8,512,hybrid,B
bank,915,0,0.0004,0.0,1.0,hard,0.7597502470833793,1.0,0.0024390243902439024,global,fe68ff3833a2b8e0,results/raw/interaction_transfer/target/fe68ff3833a2b8e0.json,8,512,hybrid,B
bank,915,0,0.0004,0.013353658536585364,2.0,soft,0.5444677512993475,0.1806440668446314,0.004878048780487805,analytic,3ae5a10b0704346c,results/raw/interaction_transfer/target/3ae5a10b0704346c.json,8,512,hybrid,B
bank,915,0,0.0004,0.026707317073170728,4.0,soft,0.6479166810654651,0.1806440668446314,0.00975609756097561,analytic,e4d3760cf7d784c4,results/raw/interaction_transfer/target/e4d3760cf7d784c4.json,8,512,hybrid,B
bank,915,0,0.0004,0.053414634146341455,8.0,soft,0.736953997567179,0.1806440668446314,0.01951219512195122,analytic,9b91cfe70725a97b,results/raw/interaction_transfer/target/9b91cfe70725a97b.json,8,512,hybrid,B
bank,910,0,0.0006,0.0,1.0,hard,0.7067796741955104,1.0,0.0024390243902439024,global,26c0dc8b47118d3f,results/raw/interaction_transfer/target/26c0dc8b47118d3f.json,8,512,hybrid,B
bank,910,0,0.0006,0.013353658536585364,2.0,soft,0.5418107410427955,0.1806440668446314,0.004878048780487805,analytic,799402a264e397b5,results/raw/interaction_transfer/target/799402a264e397b5.json,8,512,hybrid,B
bank,910,0,0.0006,0.026707317073170728,4.0,soft,0.5900365787072873,0.1806440668446314,0.00975609756097561,analytic,ab5af98b39186881,results/raw/interaction_transfer/target/ab5af98b39186881.json,8,512,hybrid,B
bank,910,0,0.0006,0.053414634146341455,8.0,soft,0.6913735071325887,0.1806440668446314,0.01951219512195122,analytic,8b56b6d294479982,results/raw/interaction_transfer/target/8b56b6d294479982.json,8,512,hybrid,B
bank,911,0,0.0006,0.0,1.0,hard,0.7518616350353866,1.0,0.0024390243902439024,global,8fe559eeecfb1f4d,results/raw/interaction_transfer/target/8fe559eeecfb1f4d.json,8,512,hybrid,B
bank,911,0,0.0006,0.013353658536585364,2.0,soft,0.5365450140993033,0.1806440668446314,0.004878048780487805,analytic,301f2ba7795b1f6c,results/raw/interaction_transfer/target/301f2ba7795b1f6c.json,8,512,hybrid,B
bank,911,0,0.0006,0.026707317073170728,4.0,soft,0.6005185727219949,0.1806440668446314,0.00975609756097561,analytic,4eb5fda8f631b30e,results/raw/interaction_transfer/target/4eb5fda8f631b30e.json,8,512,hybrid,B
bank,911,0,0.0006,0.053414634146341455,8.0,soft,0.7171076298656419,0.1806440668446314,0.01951219512195122,analytic,96bb06c25779a755,results/raw/interaction_transfer/target/96bb06c25779a755.json,8,512,hybrid,B
bank,912,0,0.0006,0.0,1.0,hard,0.820780878511003,1.0,0.0024390243902439024,global,9ae58771743344e6,results/raw/interaction_transfer/target/9ae58771743344e6.json,8,512,hybrid,B
bank,912,0,0.0006,0.013353658536585364,2.0,soft,0.48578298649507906,0.1806440668446314,0.004878048780487805,analytic,4921c58583cf99fd,results/raw/interaction_transfer/target/4921c58583cf99fd.json,8,512,hybrid,B
bank,912,0,0.0006,0.026707317073170728,4.0,soft,0.6203340118047108,0.1806440668446314,0.00975609756097561,analytic,1a4776a64608a4af,results/raw/interaction_transfer/target/1a4776a64608a4af.json,8,512,hybrid,B
bank,912,0,0.0006,0.053414634146341455,8.0,soft,0.7138149414602455,0.1806440668446314,0.01951219512195122,analytic,97c521a5236858fa,results/raw/interaction_transfer/target/97c521a5236858fa.json,8,512,hybrid,B
bank,913,0,0.0006,0.0,1.0,hard,0.7975208293016698,1.0,0.0024390243902439024,global,57b719c059cb5961,results/raw/interaction_transfer/target/57b719c059cb5961.json,8,512,hybrid,B
bank,913,0,0.0006,0.013353658536585364,2.0,soft,0.5314930229182793,0.1806440668446314,0.004878048780487805,analytic,05cf5f2e14062153,results/raw/interaction_transfer/target/05cf5f2e14062153.json,8,512,hybrid,B
bank,913,0,0.0006,0.026707317073170728,4.0,soft,0.6204315060682296,0.1806440668446314,0.00975609756097561,analytic,11df922fa695f425,results/raw/interaction_transfer/target/11df922fa695f425.json,8,512,hybrid,B
bank,913,0,0.0006,0.053414634146341455,8.0,soft,0.7261245749474731,0.1806440668446314,0.01951219512195122,analytic,8d60c4a5e6e2ad09,results/raw/interaction_transfer/target/8d60c4a5e6e2ad09.json,8,512,hybrid,B
bank,914,0,0.0006,0.0,1.0,hard,0.6920689258957204,1.0,0.0024390243902439024,global,1488850e4e242ca9,results/raw/interaction_transfer/target/1488850e4e242ca9.json,8,512,hybrid,B
bank,914,0,0.0006,0.013353658536585364,2.0,soft,0.5152655196007961,0.1806440668446314,0.004878048780487805,analytic,57608df9198b8820,results/raw/interaction_transfer/target/57608df9198b8820.json,8,512,hybrid,B
bank,914,0,0.0006,0.026707317073170728,4.0,soft,0.5521722171154485,0.1806440668446314,0.00975609756097561,analytic,f946556827fbaf5d,results/raw/interaction_transfer/target/f946556827fbaf5d.json,8,512,hybrid,B
bank,914,0,0.0006,0.053414634146341455,8.0,soft,0.6687416630957647,0.1806440668446314,0.01951219512195122,analytic,2bf05e8c3fb7d44b,results/raw/interaction_transfer/target/2bf05e8c3fb7d44b.json,8,512,hybrid,B
bank,915,0,0.0006,0.0,1.0,hard,0.7571216600547385,1.0,0.0024390243902439024,global,51ba945e5a76bc0d,results/raw/interaction_transfer/target/51ba945e5a76bc0d.json,8,512,hybrid,B
bank,915,0,0.0006,0.013353658536585364,2.0,soft,0.5101937444708614,0.1806440668446314,0.004878048780487805,analytic,583826f5844c7571,results/raw/interaction_transfer/target/583826f5844c7571.json,8,512,hybrid,B
bank,915,0,0.0006,0.026707317073170728,4.0,soft,0.5992846245023775,0.1806440668446314,0.00975609756097561,analytic,6e9d1710f23955cb,results/raw/interaction_transfer/target/6e9d1710f23955cb.json,8,512,hybrid,B
bank,915,0,0.0006,0.053414634146341455,8.0,soft,0.7284421911284972,0.1806440668446314,0.01951219512195122,analytic,77ec9dd6dfddc066,results/raw/interaction_transfer/target/77ec9dd6dfddc066.json,8,512,hybrid,B
bank,910,0,0.0008,0.0,1.0,hard,0.6590213079177263,1.0,0.0024390243902439024,global,6d8d461f076fda24,results/raw/interaction_transfer/target/6d8d461f076fda24.json,8,512,hybrid,B
bank,910,0,0.0008,0.013353658536585364,2.0,soft,0.52578228671348,0.1806440668446314,0.004878048780487805,analytic,e2d3b62b2c44b04d,results/raw/interaction_transfer/target/e2d3b62b2c44b04d.json,8,512,hybrid,B
bank,910,0,0.0008,0.026707317073170728,4.0,soft,0.6221402690617052,0.1806440668446314,0.00975609756097561,analytic,0b23f5a434bd2b59,results/raw/interaction_transfer/target/0b23f5a434bd2b59.json,8,512,hybrid,B
bank,910,0,0.0008,0.053414634146341455,8.0,soft,0.7123215124958531,0.1806440668446314,0.01951219512195122,analytic,4c75b800c003b389,results/raw/interaction_transfer/target/4c75b800c003b389.json,8,512,hybrid,B
bank,911,0,0.0008,0.0,1.0,hard,0.7323296506966714,1.0,0.0024390243902439024,global,507fdbedea9e189b,results/raw/interaction_transfer/target/507fdbedea9e189b.json,8,512,hybrid,B
bank,911,0,0.0008,0.013353658536585364,2.0,soft,0.5085234262689373,0.1806440668446314,0.004878048780487805,analytic,bff5ec1c326c7ebf,results/raw/interaction_transfer/target/bff5ec1c326c7ebf.json,8,512,hybrid,B
bank,911,0,0.0008,0.026707317073170728,4.0,soft,0.5987877363706734,0.1806440668446314,0.00975609756097561,analytic,75b4c1bb11457861,results/raw/interaction_transfer/target/75b4c1bb11457861.json,8,512,hybrid,B
bank,911,0,0.0008,0.053414634146341455,8.0,soft,0.7221719752156363,0.1806440668446314,0.01951219512195122,analytic,d97f5c3a006e4173,results/raw/interaction_transfer/target/d97f5c3a006e4173.json,8,512,hybrid,B
bank,912,0,0.0008,0.0,1.0,hard,0.7425986864840208,1.0,0.0024390243902439024,global,7dd6eb1fb62849bc,results/raw/interaction_transfer/target/7dd6eb1fb62849bc.json,8,512,hybrid,B
bank,912,0,0.0008,0.013353658536585364,2.0,soft,0.5027320423946698,0.1806440668446314,0.004878048780487805,analytic,9a1b005b0bc4b771,results/raw/interaction_transfer/target/9a1b005b0bc4b771.json,8,512,hybrid,B
bank,912,0,0.0008,0.026707317073170728,4.0,soft,0.5919899196892623,0.1806440668446314,0.00975609756097561,analytic,8bb2a951097dd3fc,results/raw/interaction_transfer/target/8bb2a951097dd3fc.json,8,512,hybrid,B
bank,912,0,0.0008,0.053414634146341455,8.0,soft,0.6728581499502377,0.1806440668446314,0.01951219512195122,analytic,4bc0992a9df3ffbe,results/raw/interaction_transfer/target/4bc0992a9df3ffbe.json,8,512,hybrid,B
bank,913,0,0.0008,0.0,1.0,hard,0.7107810426573039,1.0,0.0024390243902439024,global,b487640a91c77543,results/raw/interaction_transfer/target/b487640a91c77543.json,8,512,hybrid,B
bank,913,0,0.0008,0.013353658536585364,2.0,soft,0.48680181666758815,0.1806440668446314,0.004878048780487805,analytic,1c914655e8e10d4f,results/raw/interaction_transfer/target/1c914655e8e10d4f.json,8,512,hybrid,B
bank,913,0,0.0008,0.026707317073170728,4.0,soft,0.6082320233882561,0.1806440668446314,0.00975609756097561,analytic,48ab7c193799e610,results/raw/interaction_transfer/target/48ab7c193799e610.json,8,512,hybrid,B
bank,913,0,0.0008,0.053414634146341455,8.0,soft,0.6541460331886542,0.1806440668446314,0.01951219512195122,analytic,a58820ea8a0c209d,results/raw/interaction_transfer/target/a58820ea8a0c209d.json,8,512,hybrid,B
bank,914,0,0.0008,0.0,1.0,hard,0.6342378946422648,1.0,0.0024390243902439024,global,d0c1dbdd53ece97e,results/raw/interaction_transfer/target/d0c1dbdd53ece97e.json,8,512,hybrid,B
bank,914,0,0.0008,0.013353658536585364,2.0,soft,0.5378216403571823,0.1806440668446314,0.004878048780487805,analytic,735469bf8c244ad7,results/raw/interaction_transfer/target/735469bf8c244ad7.json,8,512,hybrid,B
bank,914,0,0.0008,0.026707317073170728,4.0,soft,0.6165273726915845,0.1806440668446314,0.00975609756097561,analytic,04351bbdfc4c417b,results/raw/interaction_transfer/target/04351bbdfc4c417b.json,8,512,hybrid,B
bank,914,0,0.0008,0.053414634146341455,8.0,soft,0.692136960217848,0.1806440668446314,0.01951219512195122,analytic,3f4aec1c6822d8ec,results/raw/interaction_transfer/target/3f4aec1c6822d8ec.json,8,512,hybrid,B
bank,915,0,0.0008,0.0,1.0,hard,0.7438915113900255,1.0,0.0024390243902439024,global,c95f458a0c97b2b7,results/raw/interaction_transfer/target/c95f458a0c97b2b7.json,8,512,hybrid,B
bank,915,0,0.0008,0.013353658536585364,2.0,soft,0.5068123306701315,0.1806440668446314,0.004878048780487805,analytic,46168da4874c8bb7,results/raw/interaction_transfer/target/46168da4874c8bb7.json,8,512,hybrid,B
bank,915,0,0.0008,0.026707317073170728,4.0,soft,0.6281929911257326,0.1806440668446314,0.00975609756097561,analytic,dbff4eba5c6e43dc,results/raw/interaction_transfer/target/dbff4eba5c6e43dc.json,8,512,hybrid,B
bank,915,0,0.0008,0.053414634146341455,8.0,soft,0.7074648986094216,0.1806440668446314,0.01951219512195122,analytic,708c3a9905d7c6b4,results/raw/interaction_transfer/target/708c3a9905d7c6b4.json,8,512,hybrid,B
bank,910,0,0.001,0.0,1.0,hard,0.6395203817870175,1.0,0.0024390243902439024,global,f7053566468eeff3,results/raw/interaction_transfer/target/f7053566468eeff3.json,8,512,hybrid,B
bank,910,0,0.001,0.013353658536585364,2.0,soft,0.5079114629409488,0.1806440668446314,0.004878048780487805,analytic,a698001e286dac92,results/raw/interaction_transfer/target/a698001e286dac92.json,8,512,hybrid,B
bank,910,0,0.001,0.026707317073170728,4.0,soft,0.6267237953389361,0.1806440668446314,0.00975609756097561,analytic,4e15fc719ca18aa0,results/raw/interaction_transfer/target/4e15fc719ca18aa0.json,8,512,hybrid,B
bank,910,0,0.001,0.053414634146341455,8.0,soft,0.6881212073565188,0.1806440668446314,0.01951219512195122,analytic,9f95fb35a37553d0,results/raw/interaction_transfer/target/9f95fb35a37553d0.json,8,512,hybrid,B
bank,911,0,0.001,0.0,1.0,hard,0.6396224980648014,1.0,0.0024390243902439024,global,06eae070d785a50c,results/raw/interaction_transfer/target/06eae070d785a50c.json,8,512,hybrid,B
bank,911,0,0.001,0.013353658536585364,2.0,soft,0.5234190551393343,0.1806440668446314,0.004878048780487805,analytic,525927cac5b147c8,results/raw/interaction_transfer/target/525927cac5b147c8.json,8,512,hybrid,B
bank,911,0,0.001,0.026707317073170728,4.0,soft,0.605837474427734,0.1806440668446314,0.00975609756097561,analytic,adcea8a2516ed6d0,results/raw/interaction_transfer/target/adcea8a2516ed6d0.json,8,512,hybrid,B
bank,911,0,0.001,0.053414634146341455,8.0,soft,0.702816448150503,0.1806440668446314,0.01951219512195122,analytic,5c58875243a8f91d,results/raw/interaction_transfer/target/5c58875243a8f91d.json,8,512,hybrid,B
bank,912,0,0.001,0.0,1.0,hard,0.7008672972188433,1.0,0.0024390243902439024,global,f4f0067d8fe01f29,results/raw/interaction_transfer/target/f4f0067d8fe01f29.json,8,512,hybrid,B
bank,912,0,0.001,0.013353658536585364,2.0,soft,0.4897453486121862,0.1806440668446314,0.004878048780487805,analytic,ad6cd08038887767,results/raw/interaction_transfer/target/ad6cd08038887767.json,8,512,hybrid,B
bank,912,0,0.001,0.026707317073170728,4.0,soft,0.5971557765675106,0.1806440668446314,0.00975609756097561,analytic,97b91d3b99131795,results/raw/interaction_transfer/target/97b91d3b99131795.json,8,512,hybrid,B
bank,912,0,0.001,0.053414634146341455,8.0,soft,0.7197594133583987,0.1806440668446314,0.01951219512195122,analytic,85b83603722c3811,results/raw/interaction_transfer/target/85b83603722c3811.json,8,512,hybrid,B
bank,913,0,0.001,0.0,1.0,hard,0.6770555004561539,1.0,0.0024390243902439024,global,b8063a247af8e88c,results/raw/interaction_transfer/target/b8063a247af8e88c.json,8,512,hybrid,B
bank,913,0,0.001,0.013353658536585364,2.0,soft,0.5113072611412142,0.1806440668446314,0.004878048780487805,analytic,8c83b8741bb71c1a,results/raw/interaction_transfer/target/8c83b8741bb71c1a.json,8,512,hybrid,B
bank,913,0,0.001,0.026707317073170728,4.0,soft,0.5952018740324008,0.1806440668446314,0.00975609756097561,analytic,cca95f879008b7cc,results/raw/interaction_transfer/target/cca95f879008b7cc.json,8,512,hybrid,B
bank,913,0,0.001,0.053414634146341455,8.0,soft,0.7139741633722216,0.1806440668446314,0.01951219512195122,analytic,a946547f1b1b73f0,results/raw/interaction_transfer/target/a946547f1b1b73f0.json,8,512,hybrid,B
bank,914,0,0.001,0.0,1.0,hard,0.650311489204357,1.0,0.0024390243902439024,global,1829df9b3f61b542,results/raw/interaction_transfer/target/1829df9b3f61b542.json,8,512,hybrid,B
bank,914,0,0.001,0.013353658536585364,2.0,soft,0.5149822376423753,0.1806440668446314,0.004878048780487805,analytic,215041f8a066b4b8,results/raw/interaction_transfer/target/215041f8a066b4b8.json,8,512,hybrid,B
bank,914,0,0.001,0.026707317073170728,4.0,soft,0.593883044896605,0.1806440668446314,0.00975609756097561,analytic,6cbcba601a03ff57,results/raw/interaction_transfer/target/6cbcba601a03ff57.json,8,512,hybrid,B
bank,914,0,0.001,0.053414634146341455,8.0,soft,0.7019746800011057,0.1806440668446314,0.01951219512195122,analytic,34e2c51b939ffa76,results/raw/interaction_transfer/target/34e2c51b939ffa76.json,8,512,hybrid,B
bank,915,0,0.001,0.0,1.0,hard,0.6824618748617715,1.0,0.0024390243902439024,global,68f8c6f3049d36c5,results/raw/interaction_transfer/target/68f8c6f3049d36c5.json,8,512,hybrid,B
bank,915,0,0.001,0.013353658536585364,2.0,soft,0.5313524186525489,0.1806440668446314,0.004878048780487805,analytic,596406cee584a1a4,results/raw/interaction_transfer/target/596406cee584a1a4.json,8,512,hybrid,B
bank,915,0,0.001,0.026707317073170728,4.0,soft,0.5678217094714143,0.1806440668446314,0.00975609756097561,analytic,79287fd9a2f6842b,results/raw/interaction_transfer/target/79287fd9a2f6842b.json,8,512,hybrid,B
bank,915,0,0.001,0.053414634146341455,8.0,soft,0.6687612310627005,0.1806440668446314,0.01951219512195122,analytic,8234652896c4ae45,results/raw/interaction_transfer/target/8234652896c4ae45.json,8,512,hybrid,B
bank,910,0,0.0014,0.0,1.0,hard,0.5887104925771316,1.0,0.0024390243902439024,global,0c906d123d629183,results/raw/interaction_transfer/target/0c906d123d629183.json,8,512,hybrid,B
bank,910,0,0.0014,0.013353658536585364,2.0,soft,0.5330392378773637,0.1806440668446314,0.004878048780487805,analytic,704b92ddf60935e8,results/raw/interaction_transfer/target/704b92ddf60935e8.json,8,512,hybrid,B
bank,910,0,0.0014,0.026707317073170728,4.0,soft,0.5761783112628552,0.1806440668446314,0.00975609756097561,analytic,6e0cf19fa4e321ee,results/raw/interaction_transfer/target/6e0cf19fa4e321ee.json,8,512,hybrid,B
bank,910,0,0.0014,0.053414634146341455,8.0,soft,0.6742694625677319,0.1806440668446314,0.01951219512195122,analytic,f9f374a7ed46db9e,results/raw/interaction_transfer/target/f9f374a7ed46db9e.json,8,512,hybrid,B
bank,911,0,0.0014,0.0,1.0,hard,0.6187321598888642,1.0,0.0024390243902439024,global,eec7ae9ade964823,results/raw/interaction_transfer/target/eec7ae9ade964823.json,8,512,hybrid,B
bank,911,0,0.0014,0.013353658536585364,2.0,soft,0.5653407245244941,0.1806440668446314,0.004878048780487805,analytic,301bc73056b7303d,results/raw/interaction_transfer/target/301bc73056b7303d.json,8,512,hybrid,B
bank,911,0,0.0014,0.026707317073170728,4.0,soft,0.5891128238001768,0.1806440668446314,0.00975609756097561,analytic,f2f03263c9d73523,results/raw/interaction_transfer/target/f2f03263c9d73523.json,8,512,hybrid,B
bank,911,0,0.0014,0.053414634146341455,8.0,soft,0.7428354459250249,0.1806440668446314,0.01951219512195122,analytic,61730f9bb845a597,results/raw/interaction_transfer/target/61730f9bb845a597.json,8,512,hybrid,B
bank,912,0,0.0014,0.0,1.0,hard,0.6498877325693907,1.0,0.0024390243902439024,global,eeee663f09bd441c,results/raw/interaction_transfer/target/eeee663f09bd441c.json,8,512,hybrid,B
bank,912,0,0.0014,0.013353658536585364,2.0,soft,0.49059212754340376,0.1806440668446314,0.004878048780487805,analytic,ac17f4b4d03febc6,results/raw/interaction_transfer/target/ac17f4b4d03febc6.json,8,512,hybrid,B
bank,912,0,0.0014,0.026707317073170728,4.0,soft,0.5675519047882339,0.1806440668446314,0.00975609756097561,analytic,1c9af677144efbc8,results/raw/interaction_transfer/target/1c9af677144efbc8.json,8,512,hybrid,B
bank,912,0,0.0014,0.053414634146341455,8.0,soft,0.7154914799430498,0.1806440668446314,0.01951219512195122,analytic,6329e9fb78e92301,results/raw/interaction_transfer/target/6329e9fb78e92301.json,8,512,hybrid,B
bank,913,0,0.0014,0.0,1.0,hard,0.6477200942718124,1.0,0.0024390243902439024,global,17bd282bbf79c41c,results/raw/interaction_transfer/target/17bd282bbf79c41c.json,8,512,hybrid,B
bank,913,0,0.0014,0.013353658536585364,2.0,soft,0.4986387520043126,0.1806440668446314,0.004878048780487805,analytic,71a1022196133994,results/raw/interaction_transfer/target/71a1022196133994.json,8,512,hybrid,B
bank,913,0,0.0014,0.026707317073170728,4.0,soft,0.590730183221829,0.1806440668446314,0.00975609756097561,analytic,25ed72d03b9aa0ad,results/raw/interaction_transfer/target/25ed72d03b9aa0ad.json,8,512,hybrid,B
bank,913,0,0.0014,0.053414634146341455,8.0,soft,0.6664361851017361,0.1806440668446314,0.01951219512195122,analytic,9599a9f89b8d4603,results/raw/interaction_transfer/target/9599a9f89b8d4603.json,8,512,hybrid,B
bank,914,0,0.0014,0.0,1.0,hard,0.6119763732997899,1.0,0.0024390243902439024,global,1d3661644b74af11,results/raw/interaction_transfer/target/1d3661644b74af11.json,8,512,hybrid,B
bank,914,0,0.0014,0.013353658536585364,2.0,soft,0.5131387018964946,0.1806440668446314,0.004878048780487805,analytic,0f2744f4597cac25,results/raw/interaction_transfer/target/0f2744f4597cac25.json,8,512,hybrid,B
bank,914,0,0.0014,0.026707317073170728,4.0,soft,0.569219588010063,0.1806440668446314,0.00975609756097561,analytic,6aea5da4f301b44c,results/raw/interaction_transfer/target/6aea5da4f301b44c.json,8,512,hybrid,B
bank,914,0,0.0014,0.053414634146341455,8.0,soft,0.6603059687050757,0.1806440668446314,0.01951219512195122,analytic,a2195537167f15e1,results/raw/interaction_transfer/target/a2195537167f15e1.json,8,512,hybrid,B
bank,915,0,0.0014,0.0,1.0,hard,0.6713544834402299,1.0,0.0024390243902439024,global,c992e12167a41247,results/raw/interaction_transfer/target/c992e12167a41247.json,8,512,hybrid,B
bank,915,0,0.0014,0.013353658536585364,2.0,soft,0.5045547574781599,0.1806440668446314,0.004878048780487805,analytic,3dec38083a489579,results/raw/interaction_transfer/target/3dec38083a489579.json,8,512,hybrid,B
bank,915,0,0.0014,0.026707317073170728,4.0,soft,0.5851388850492094,0.1806440668446314,0.00975609756097561,analytic,b02b43aeeea55c70,results/raw/interaction_transfer/target/b02b43aeeea55c70.json,8,512,hybrid,B
bank,915,0,0.0014,0.053414634146341455,8.0,soft,0.7182970426020125,0.1806440668446314,0.01951219512195122,analytic,b66c672da6f3e64c,results/raw/interaction_transfer/target/b66c672da6f3e64c.json,8,512,hybrid,B
bank,910,0,0.0018,0.0,1.0,hard,0.5816312945786797,1.0,0.0024390243902439024,global,f73bbc812dd5ed4c,results/raw/interaction_transfer/target/f73bbc812dd5ed4c.json,8,512,hybrid,B
bank,910,0,0.0018,0.013353658536585364,2.0,soft,0.4687962201426517,0.1806440668446314,0.004878048780487805,analytic,450e28e917ab6b93,results/raw/interaction_transfer/target/450e28e917ab6b93.json,8,512,hybrid,B
bank,910,0,0.0018,0.026707317073170728,4.0,soft,0.5527212432959195,0.1806440668446314,0.00975609756097561,analytic,724535ee3ca5e21a,results/raw/interaction_transfer/target/724535ee3ca5e21a.json,8,512,hybrid,B
bank,910,0,0.0018,0.053414634146341455,8.0,soft,0.7002158523858232,0.1806440668446314,0.01951219512195122,analytic,a9ef5fcbff46b626,results/raw/interaction_transfer/target/a9ef5fcbff46b626.json,8,512,hybrid,B
bank,911,0,0.0018,0.0,1.0,hard,0.633491849704191,1.0,0.0024390243902439024,global,c545ee3cac1cbc79,results/raw/interaction_transfer/target/c545ee3cac1cbc79.json,8,512,hybrid,B
bank,911,0,0.0018,0.013353658536585364,2.0,soft,0.4917650392568838,0.1806440668446314,0.004878048780487805,analytic,e60960edef17e310,results/raw/interaction_transfer/target/e60960edef17e310.json,8,512,hybrid,B
bank,911,0,0.0018,0.026707317073170728,4.0,soft,0.6015647462125401,0.1806440668446314,0.00975609756097561,analytic,ec66f70dfa19f136,results/raw/interaction_transfer/target/ec66f70dfa19f136.json,8,512,hybrid,B
bank,911,0,0.0018,0.053414634146341455,8.0,soft,0.7091362103284309,0.1806440668446314,0.01951219512195122,analytic,78cc2c0e6feca1e1,results/raw/interaction_transfer/target/78cc2c0e6feca1e1.json,8,512,hybrid,B
bank,912,0,0.0018,0.0,1.0,hard,0.5870920100492094,1.0,0.0024390243902439024,global,797d6a904f4d2f08,results/raw/interaction_transfer/target/797d6a904f4d2f08.json,8,512,hybrid,B
bank,912,0,0.0018,0.013353658536585364,2.0,soft,0.5100330538814551,0.1806440668446314,0.004878048780487805,analytic,25f57b8a2e60d974,results/raw/interaction_transfer/target/25f57b8a2e60d974.json,8,512,hybrid,B
bank,912,0,0.0018,0.026707317073170728,4.0,soft,0.6087655852593165,0.1806440668446314,0.00975609756097561,analytic,2f8c475775f3ec59,results/raw/interaction_transfer/target/2f8c475775f3ec59.json,8,512,hybrid,B
bank,912,0,0.0018,0.053414634146341455,8.0,soft,0.7120471289948026,0.1806440668446314,0.01951219512195122,analytic,b84782df8e225e2d,results/raw/interaction_transfer/target/b84782df8e225e2d.json,8,512,hybrid,B
bank,913,0,0.0018,0.0,1.0,hard,0.5726686041689705,1.0,0.0024390243902439024,global,4bf014f1e949043b,results/raw/interaction_transfer/target/4bf014f1e949043b.json,8,512,hybrid,B
bank,913,0,0.0018,0.013353658536585364,2.0,soft,0.4915741111909764,0.1806440668446314,0.004878048780487805,analytic,4d0ee0b9e7cac4d8,results/raw/interaction_transfer/target/4d0ee0b9e7cac4d8.json,8,512,hybrid,B
bank,913,0,0.0018,0.026707317073170728,4.0,soft,0.5576900382201703,0.1806440668446314,0.00975609756097561,analytic,f3f332a2c23fa465,results/raw/interaction_transfer/target/f3f332a2c23fa465.json,8,512,hybrid,B
bank,913,0,0.0018,0.053414634146341455,8.0,soft,0.7021318716825168,0.1806440668446314,0.01951219512195122,analytic,023f8ebc446f72f6,results/raw/interaction_transfer/target/023f8ebc446f72f6.json,8,512,hybrid,B
bank,914,0,0.0018,0.0,1.0,hard,0.5718062313391574,1.0,0.0024390243902439024,global,95dad8cb1faaac76,results/raw/interaction_transfer/target/95dad8cb1faaac76.json,8,512,hybrid,B
bank,914,0,0.0018,0.013353658536585364,2.0,soft,0.4755362400475506,0.1806440668446314,0.004878048780487805,analytic,53212c14f77cbd35,results/raw/interaction_transfer/target/53212c14f77cbd35.json,8,512,hybrid,B
bank,914,0,0.0018,0.026707317073170728,4.0,soft,0.5928969143951124,0.1806440668446314,0.00975609756097561,analytic,202014fc4a70c3bb,results/raw/interaction_transfer/target/202014fc4a70c3bb.json,8,512,hybrid,B
bank,914,0,0.0018,0.053414634146341455,8.0,soft,0.7019359760311843,0.1806440668446314,0.01951219512195122,analytic,cde8c495540b2a4e,results/raw/interaction_transfer/target/cde8c495540b2a4e.json,8,512,hybrid,B
bank,915,0,0.0018,0.0,1.0,hard,0.6319530213286519,1.0,0.0024390243902439024,global,8614ac1ae56025d8,results/raw/interaction_transfer/target/8614ac1ae56025d8.json,8,512,hybrid,B
bank,915,0,0.0018,0.013353658536585364,2.0,soft,0.48705589786298803,0.1806440668446314,0.004878048780487805,analytic,2e51d0a834a6e26a,results/raw/interaction_transfer/target/2e51d0a834a6e26a.json,8,512,hybrid,B
bank,915,0,0.0018,0.026707317073170728,4.0,soft,0.5643423262468208,0.1806440668446314,0.00975609756097561,analytic,cbeeb9770239e8fa,results/raw/interaction_transfer/target/cbeeb9770239e8fa.json,8,512,hybrid,B
bank,915,0,0.0018,0.053414634146341455,8.0,soft,0.6964170318201923,0.1806440668446314,0.01951219512195122,analytic,1ce32e62137ec5a3,results/raw/interaction_transfer/target/1ce32e62137ec5a3.json,8,512,hybrid,B
bank,910,0,0.0024,0.0,1.0,hard,0.5346816080117218,1.0,0.0024390243902439024,global,c30d1260f1ac9d78,results/raw/interaction_transfer/target/c30d1260f1ac9d78.json,8,512,hybrid,B
bank,910,0,0.0024,0.013353658536585364,2.0,soft,0.49001122242342143,0.1806440668446314,0.004878048780487805,analytic,07a52c43d547ca61,results/raw/interaction_transfer/target/07a52c43d547ca61.json,8,512,hybrid,B
bank,910,0,0.0024,0.026707317073170728,4.0,soft,0.602242670435696,0.1806440668446314,0.00975609756097561,analytic,eaf4393960dff0a8,results/raw/interaction_transfer/target/eaf4393960dff0a8.json,8,512,hybrid,B
bank,910,0,0.0024,0.053414634146341455,8.0,soft,0.6834438153129492,0.1806440668446314,0.01951219512195122,analytic,ceafdde1ac0b8b00,results/raw/interaction_transfer/target/ceafdde1ac0b8b00.json,8,512,hybrid,B
bank,911,0,0.0024,0.0,1.0,hard,0.5769238810405839,1.0,0.0024390243902439024,global,3a9eedfc54dfaf2a,results/raw/interaction_transfer/target/3a9eedfc54dfaf2a.json,8,512,hybrid,B
bank,911,0,0.0024,0.013353658536585364,2.0,soft,0.4982034619318809,0.1806440668446314,0.004878048780487805,analytic,51bcdb4937a2d134,results/raw/interaction_transfer/target/51bcdb4937a2d134.json,8,512,hybrid,B
bank,911,0,0.0024,0.026707317073170728,4.0,soft,0.6082618289008072,0.1806440668446314,0.00975609756097561,analytic,ddc2cfd9bcb7d4d0,results/raw/interaction_transfer/target/ddc2cfd9bcb7d4d0.json,8,512,hybrid,B
bank,911,0,0.0024,0.053414634146341455,8.0,soft,0.7285404629271259,0.1806440668446314,0.01951219512195122,analytic,7164e0d72a67562b,results/raw/interaction_transfer/target/7164e0d72a67562b.json,8,512,hybrid,B
bank,912,0,0.0024,0.0,1.0,hard,0.5597876551614509,1.0,0.0024390243902439024,global,b52342e70119e5e7,results/raw/interaction_transfer/target/b52342e70119e5e7.json,8,512,hybrid,B
bank,912,0,0.0024,0.013353658536585364,2.0,soft,0.4753269535137675,0.1806440668446314,0.004878048780487805,analytic,f70eef1f68ffbbb0,results/raw/interaction_transfer/target/f70eef1f68ffbbb0.json,8,512,hybrid,B
bank,912,0,0.0024,0.026707317073170728,4.0,soft,0.5687568250304101,0.1806440668446314,0.00975609756097561,analytic,f6667f7e6aef9408,results/raw/interaction_transfer/target/f6667f7e6aef9408.json,8,512,hybrid,B
bank,912,0,0.0024,0.053414634146341455,8.0,soft,0.6890526080255446,0.1806440668446314,0.01951219512195122,analytic,68aee96e8bb007fe,results/raw/interaction_transfer/target/68aee96e8bb007fe.json,8,512,hybrid,B
bank,913,0,0.0024,0.0,1.0,hard,0.5529895361052748,1.0,0.0024390243902439024,global,5b71d682b3dbddf7,results/raw/interaction_transfer/target/5b71d682b3dbddf7.json,8,512,hybrid,B
bank,913,0,0.0024,0.013353658536585364,2.0,soft,0.47534414567897826,0.1806440668446314,0.004878048780487805,analytic,fa63d76e8df060d4,results/raw/interaction_transfer/target/fa63d76e8df060d4.json,8,512,hybrid,B
bank,913,0,0.0024,0.026707317073170728,4.0,soft,0.5843782397296252,0.1806440668446314,0.00975609756097561,analytic,f101814b7f3cc60b,results/raw/interaction_transfer/target/f101814b7f3cc60b.json,8,512,hybrid,B
bank,913,0,0.0024,0.053414634146341455,8.0,soft,0.717758253967157,0.1806440668446314,0.01951219512195122,analytic,795cbd88dd836cd8,results/raw/interaction_transfer/target/795cbd88dd836cd8.json,8,512,hybrid,B
bank,914,0,0.0024,0.0,1.0,hard,0.5349070068008405,1.0,0.0024390243902439024,global,0f68f28a8ff3acc9,results/raw/interaction_transfer/target/0f68f28a8ff3acc9.json,8,512,hybrid,B
bank,914,0,0.0024,0.013353658536585364,2.0,soft,0.5180922916897048,0.1806440668446314,0.004878048780487805,analytic,5991ed44bdcc3f96,results/raw/interaction_transfer/target/5991ed44bdcc3f96.json,8,512,hybrid,B
bank,914,0,0.0024,0.026707317073170728,4.0,soft,0.5943660669855138,0.1806440668446314,0.00975609756097561,analytic,cf858bbea5ef0590,results/raw/interaction_transfer/target/cf858bbea5ef0590.json,8,512,hybrid,B
bank,914,0,0.0024,0.053414634146341455,8.0,soft,0.6886094130128275,0.1806440668446314,0.01951219512195122,analytic,7f7e6d679e7d8879,results/raw/interaction_transfer/target/7f7e6d679e7d8879.json,8,512,hybrid,B
bank,915,0,0.0024,0.0,1.0,hard,0.572996723985403,1.0,0.0024390243902439024,global,03b5ca1d8722dc1c,results/raw/interaction_transfer/target/03b5ca1d8722dc1c.json,8,512,hybrid,B
bank,915,0,0.0024,0.013353658536585364,2.0,soft,0.4867447542297909,0.1806440668446314,0.004878048780487805,analytic,4e18fc1fe4873aab,results/raw/interaction_transfer/target/4e18fc1fe4873aab.json,8,512,hybrid,B
bank,915,0,0.0024,0.026707317073170728,4.0,soft,0.5583384161091451,0.1806440668446314,0.00975609756097561,analytic,d4b03f8eeb9bbf83,results/raw/interaction_transfer/target/d4b03f8eeb9bbf83.json,8,512,hybrid,B
bank,915,0,0.0024,0.053414634146341455,8.0,soft,0.712032442220502,0.1806440668446314,0.01951219512195122,analytic,8a31ff630a4af133,results/raw/interaction_transfer/target/8a31ff630a4af133.json,8,512,hybrid,B
bank,910,0,0.003,0.0,1.0,hard,0.5059490075196285,1.0,0.0024390243902439024,global,e7c7a7af2078505a,results/raw/interaction_transfer/target/e7c7a7af2078505a.json,8,512,hybrid,B
bank,910,0,0.003,0.013353658536585364,2.0,soft,0.469686929807586,0.1806440668446314,0.004878048780487805,analytic,7552c640432035d4,results/raw/interaction_transfer/target/7552c640432035d4.json,8,512,hybrid,B
bank,910,0,0.003,0.026707317073170728,4.0,soft,0.5748330891297135,0.1806440668446314,0.00975609756097561,analytic,fde8faf346ba6cb6,results/raw/interaction_transfer/target/fde8faf346ba6cb6.json,8,512,hybrid,B
bank,910,0,0.003,0.053414634146341455,8.0,soft,0.6768561058968261,0.1806440668446314,0.01951219512195122,analytic,680a96e9d2a69320,results/raw/interaction_transfer/target/680a96e9d2a69320.json,8,512,hybrid,B
bank,911,0,0.003,0.0,1.0,hard,0.566510050937189,1.0,0.0024390243902439024,global,f33cf7e029fa6850,results/raw/interaction_transfer/target/f33cf7e029fa6850.json,8,512,hybrid,B
bank,911,0,0.003,0.013353658536585364,2.0,soft,0.4976393170131594,0.1806440668446314,0.004878048780487805,analytic,7a934bc47c9049c0,results/raw/interaction_transfer/target/7a934bc47c9049c0.json,8,512,hybrid,B
bank,911,0,0.003,0.026707317073170728,4.0,soft,0.5672279318257216,0.1806440668446314,0.00975609756097561,analytic,ad9489a316049b8c,results/raw/interaction_transfer/target/ad9489a316049b8c.json,8,512,hybrid,B
bank,911,0,0.003,0.053414634146341455,8.0,soft,0.7290804610610417,0.1806440668446314,0.01951219512195122,analytic,40314468defa7961,results/raw/interaction_transfer/target/40314468defa7961.json,8,512,hybrid,B
bank,912,0,0.003,0.0,1.0,hard,0.5314709495604336,1.0,0.0024390243902439024,global,9833d6f7c83d3b75,results/raw/interaction_transfer/target/9833d6f7c83d3b75.json,8,512,hybrid,B
bank,912,0,0.003,0.013353658536585364,2.0,soft,0.4836762119180582,0.1806440668446314,0.004878048780487805,analytic,d9ada72b48a81676,results/raw/interaction_transfer/target/d9ada72b48a81676.json,8,512,hybrid,B
bank,912,0,0.003,0.026707317073170728,4.0,soft,0.5936076246820745,0.1806440668446314,0.00975609756097561,analytic,c0bf04963c31f6dc,results/raw/interaction_transfer/target/c0bf04963c31f6dc.json,8,512,hybrid,B
bank,912,0,0.003,0.053414634146341455,8.0,soft,0.671017205988057,0.1806440668446314,0.01951219512195122,analytic,d01f6aaf2f53bc2b,results/raw/interaction_transfer/target/d01f6aaf2f53bc2b.json,8,512,hybrid,B
bank,913,0,0.003,0.0,1.0,hard,0.5416466811345793,1.0,0.0024390243902439024,global,ed778c98852eb40e,results/raw/interaction_transfer/target/ed778c98852eb40e.json,8,512,hybrid,B
bank,913,0,0.003,0.013353658536585364,2.0,soft,0.5283564894808139,0.1806440668446314,0.004878048780487805,analytic,2bffaf558c49c755,results/raw/interaction_transfer/target/2bffaf558c49c755.json,8,512,hybrid,B
bank,913,0,0.003,0.026707317073170728,4.0,soft,0.5538044792933761,0.1806440668446314,0.00975609756097561,analytic,e67af43d7a427b15,results/raw/interaction_transfer/target/e67af43d7a427b15.json,8,512,hybrid,B
bank,913,0,0.003,0.053414634146341455,8.0,soft,0.7449291319943603,0.1806440668446314,0.01951219512195122,analytic,cfc7e3f28b658e3c,results/raw/interaction_transfer/target/cfc7e3f28b658e3c.json,8,512,hybrid,B
bank,914,0,0.003,0.0,1.0,hard,0.5474495552499172,1.0,0.0024390243902439024,global,b53f7b0886aeca97,results/raw/interaction_transfer/target/b53f7b0886aeca97.json,8,512,hybrid,B
bank,914,0,0.003,0.013353658536585364,2.0,soft,0.5246475174167865,0.1806440668446314,0.004878048780487805,analytic,413ed4fa9d3c83fd,results/raw/interaction_transfer/target/413ed4fa9d3c83fd.json,8,512,hybrid,B
bank,914,0,0.003,0.026707317073170728,4.0,soft,0.5463653689317705,0.1806440668446314,0.00975609756097561,analytic,7c8084cac0dfe899,results/raw/interaction_transfer/target/7c8084cac0dfe899.json,8,512,hybrid,B
bank,914,0,0.003,0.053414634146341455,8.0,soft,0.672189296970032,0.1806440668446314,0.01951219512195122,analytic,53aa0494f43003c6,results/raw/interaction_transfer/target/53aa0494f43003c6.json,8,512,hybrid,B
bank,915,0,0.003,0.0,1.0,hard,0.5716934023554131,1.0,0.0024390243902439024,global,225b0d845387763d,results/raw/interaction_transfer/target/225b0d845387763d.json,8,512,hybrid,B
bank,915,0,0.003,0.013353658536585364,2.0,soft,0.4912904836613956,0.1806440668446314,0.004878048780487805,analytic,357b2ded10f1f026,results/raw/interaction_transfer/target/357b2ded10f1f026.json,8,512,hybrid,B
bank,915,0,0.003,0.026707317073170728,4.0,soft,0.5968866198302555,0.1806440668446314,0.00975609756097561,analytic,a7ae32c439b598b8,results/raw/interaction_transfer/target/a7ae32c439b598b8.json,8,512,hybrid,B
bank,915,0,0.003,0.053414634146341455,8.0,soft,0.713569585936636,0.1806440668446314,0.01951219512195122,analytic,d3f50231fa7f748e,results/raw/interaction_transfer/target/d3f50231fa7f748e.json,8,512,hybrid,B
bank,910,0,0.006,0.0,1.0,hard,0.49929330697777285,1.0,0.0024390243902439024,global,abc33cd0c5b619f8,results/raw/interaction_transfer/target/abc33cd0c5b619f8.json,8,512,hybrid,B
bank,910,0,0.006,0.013353658536585364,2.0,soft,0.514611094216521,0.18064406684463144,0.004878048780487805,analytic,c5d9470cad89d66f,results/raw/interaction_transfer/target/c5d9470cad89d66f.json,8,512,hybrid,B
bank,910,0,0.006,0.026707317073170728,4.0,soft,0.5629743396135132,0.18064406684463144,0.00975609756097561,analytic,e1c337b3a4063e77,results/raw/interaction_transfer/target/e1c337b3a4063e77.json,8,512,hybrid,B
bank,910,0,0.006,0.053414634146341455,8.0,soft,0.6497252709277894,0.18064406684463144,0.01951219512195122,analytic,38321afdeeb22e66,results/raw/interaction_transfer/target/38321afdeeb22e66.json,8,512,hybrid,B
bank,911,0,0.006,0.0,1.0,hard,0.5366835449380736,1.0,0.0024390243902439024,global,0fb2c773beff74c1,results/raw/interaction_transfer/target/0fb2c773beff74c1.json,8,512,hybrid,B
bank,911,0,0.006,0.013353658536585364,2.0,soft,0.5110217761666482,0.18064406684463144,0.004878048780487805,analytic,a997ba7734ae4beb,results/raw/interaction_transfer/target/a997ba7734ae4beb.json,8,512,hybrid,B
bank,911,0,0.006,0.026707317073170728,4.0,soft,0.5609089039865089,0.18064406684463144,0.00975609756097561,analytic,088de098b8f48414,results/raw/interaction_transfer/target/088de098b8f48414.json,8,512,hybrid,B
bank,911,0,0.006,0.053414634146341455,8.0,soft,0.6904330352206126,0.18064406684463144,0.01951219512195122,analytic,d34950a95e118d42,results/raw/interaction_transfer/target/d34950a95e118d42.json,8,512,hybrid,B
bank,912,0,0.006,0.0,1.0,hard,0.5452245089433817,1.0,0.0024390243902439024,global,35745421aa180b7f,results/raw/interaction_transfer/target/35745421aa180b7f.json,8,512,hybrid,B
bank,912,0,0.006,0.013353658536585364,2.0,soft,0.478098218235099,0.18064406684463144,0.004878048780487805,analytic,d78f0c39272f740d,results/raw/interaction_transfer/target/d78f0c39272f740d.json,8,512,hybrid,B
bank,912,0,0.006,0.026707317073170728,4.0,soft,0.5837736197887871,0.18064406684463144,0.00975609756097561,analytic,810387cc27cdf3a4,results/raw/interaction_transfer/target/810387cc27cdf3a4.json,8,512,hybrid,B
bank,912,0,0.006,0.053414634146341455,8.0,soft,0.7170063343193629,0.18064406684463144,0.01951219512195122,analytic,44edb056bea0d0d8,results/raw/interaction_transfer/target/44edb056bea0d0d8.json,8,512,hybrid,B
bank,913,0,0.006,0.0,1.0,hard,0.5227794029221497,1.0,0.0024390243902439024,global,eb8f1a52ee6b49a6,results/raw/interaction_transfer/target/eb8f1a52ee6b49a6.json,8,512,hybrid,B
bank,913,0,0.006,0.013353658536585364,2.0,soft,0.47925817103007845,0.18064406684463144,0.004878048780487805,analytic,d56992a58b13d864,results/raw/interaction_transfer/target/d56992a58b13d864.json,8,512,hybrid,B
bank,913,0,0.006,0.026707317073170728,4.0,soft,0.5891175754036271,0.18064406684463144,0.00975609756097561,analytic,6d33886a7bf0d0e2,results/raw/interaction_transfer/target/6d33886a7bf0d0e2.json,8,512,hybrid,B
bank,913,0,0.006,0.053414634146341455,8.0,soft,0.6778320852454938,0.18064406684463144,0.01951219512195122,analytic,ab9bf03f29ee7d50,results/raw/interaction_transfer/target/ab9bf03f29ee7d50.json,8,512,hybrid,B
bank,914,0,0.006,0.0,1.0,hard,0.48158887571878806,1.0,0.0024390243902439024,global,b059a2ef040cdb82,results/raw/interaction_transfer/target/b059a2ef040cdb82.json,8,512,hybrid,B
bank,914,0,0.006,0.013353658536585364,2.0,soft,0.4833223902465996,0.18064406684463144,0.004878048780487805,analytic,6b7292964cefca05,results/raw/interaction_transfer/target/6b7292964cefca05.json,8,512,hybrid,B
bank,914,0,0.006,0.026707317073170728,4.0,soft,0.5800334599275683,0.18064406684463144,0.00975609756097561,analytic,e9ab46e2195570a7,results/raw/interaction_transfer/target/e9ab46e2195570a7.json,8,512,hybrid,B
bank,914,0,0.006,0.053414634146341455,8.0,soft,0.643957558677983,0.18064406684463144,0.01951219512195122,analytic,992abfc15cf8d389,results/raw/interaction_transfer/target/992abfc15cf8d389.json,8,512,hybrid,B
bank,915,0,0.006,0.0,1.0,hard,0.5383512281599027,1.0,0.0024390243902439024,global,2c44678fbfd1bbf1,results/raw/interaction_transfer/target/2c44678fbfd1bbf1.json,8,512,hybrid,B
bank,915,0,0.006,0.013353658536585364,2.0,soft,0.44702847679144087,0.18064406684463144,0.004878048780487805,analytic,1eae2826a165a792,results/raw/interaction_transfer/target/1eae2826a165a792.json,8,512,hybrid,B
bank,915,0,0.006,0.026707317073170728,4.0,soft,0.576459001437576,0.18064406684463144,0.00975609756097561,analytic,29f28daca515a81b,results/raw/interaction_transfer/target/29f28daca515a81b.json,8,512,hybrid,B
bank,915,0,0.006,0.053414634146341455,8.0,soft,0.6939981632892845,0.18064406684463144,0.01951219512195122,analytic,14c4c8824045bd57,results/raw/interaction_transfer/target/14c4c8824045bd57.json,8,512,hybrid,B
bank,910,0,0.01,0.0,1.0,hard,0.4744156823648126,1.0,0.0024390243902439024,global,10145ce6048a9021,results/raw/interaction_transfer/target/10145ce6048a9021.json,8,512,hybrid,B
bank,910,0,0.01,0.013353658536585364,2.0,soft,0.5059092668362268,0.1806440668446314,0.004878048780487805,analytic,c716a81a6b402caa,results/raw/interaction_transfer/target/c716a81a6b402caa.json,8,512,hybrid,B
bank,910,0,0.01,0.026707317073170728,4.0,soft,0.5785018453499944,0.1806440668446314,0.00975609756097561,analytic,32d2fa482a898cb1,results/raw/interaction_transfer/target/32d2fa482a898cb1.json,8,512,hybrid,B
bank,910,0,0.01,0.053414634146341455,8.0,soft,0.7025792567455491,0.1806440668446314,0.01951219512195122,analytic,8b5cc8394b916869,results/raw/interaction_transfer/target/8b5cc8394b916869.json,8,512,hybrid,B
bank,911,0,0.01,0.0,1.0,hard,0.5103813464143536,1.0,0.0024390243902439024,global,d1761c3382d620b6,results/raw/interaction_transfer/target/d1761c3382d620b6.json,8,512,hybrid,B
bank,911,0,0.01,0.013353658536585364,2.0,soft,0.5106359891628884,0.1806440668446314,0.004878048780487805,analytic,f4becab9520e00b6,results/raw/interaction_transfer/target/f4becab9520e00b6.json,8,512,hybrid,B
bank,911,0,0.01,0.026707317073170728,4.0,soft,0.5850638529110915,0.1806440668446314,0.00975609756097561,analytic,e3826af5dd272477,results/raw/interaction_transfer/target/e3826af5dd272477.json,8,512,hybrid,B
bank,911,0,0.01,0.053414634146341455,8.0,soft,0.7081365161589075,0.1806440668446314,0.01951219512195122,analytic,019c189cf3f06857,results/raw/interaction_transfer/target/019c189cf3f06857.json,8,512,hybrid,B
bank,912,0,0.01,0.0,1.0,hard,0.4918196826965608,1.0,0.0024390243902439024,global,d9afe1cadc8bbfe6,results/raw/interaction_transfer/target/d9afe1cadc8bbfe6.json,8,512,hybrid,B
bank,912,0,0.01,0.013353658536585364,2.0,soft,0.5045809776899258,0.1806440668446314,0.004878048780487805,analytic,b1791d7bc49db037,results/raw/interaction_transfer/target/b1791d7bc49db037.json,8,512,hybrid,B
bank,912,0,0.01,0.026707317073170728,4.0,soft,0.5173869809521177,0.1806440668446314,0.00975609756097561,analytic,284713f76ac018e7,results/raw/interaction_transfer/target/284713f76ac018e7.json,8,512,hybrid,B
bank,912,0,0.01,0.053414634146341455,8.0,soft,0.7234975861854474,0.1806440668446314,0.01951219512195122,analytic,ed20cd7b18e81d3e,results/raw/interaction_transfer/target/ed20cd7b18e81d3e.json,8,512,hybrid,B
bank,913,0,0.01,0.0,1.0,hard,0.46078169060322904,1.0,0.0024390243902439024,global,1c4e03e47a377783,results/raw/interaction_transfer/target/1c4e03e47a377783.json,8,512,hybrid,B
bank,913,0,0.01,0.013353658536585364,2.0,soft,0.5097978063142763,0.1806440668446314,0.004878048780487805,analytic,188e9518494c5363,results/raw/interaction_transfer/target/188e9518494c5363.json,8,512,hybrid,B
bank,913,0,0.01,0.026707317073170728,4.0,soft,0.595624291579122,0.1806440668446314,0.00975609756097561,analytic,dd58736b44403c77,results/raw/interaction_transfer/target/dd58736b44403c77.json,8,512,hybrid,B
bank,913,0,0.01,0.053414634146341455,8.0,soft,0.6863253172343249,0.1806440668446314,0.01951219512195122,analytic,a113a6f21a5f2bff,results/raw/interaction_transfer/target/a113a6f21a5f2bff.json,8,512,hybrid,B
bank,914,0,0.01,0.0,1.0,hard,0.46510590892126497,1.0,0.0024390243902439024,global,fc249f7efb1e9fb5,results/raw/interaction_transfer/target/fc249f7efb1e9fb5.json,8,512,hybrid,B
bank,914,0,0.01,0.013353658536585364,2.0,soft,0.5097491239771094,0.1806440668446314,0.004878048780487805,analytic,31da5d2ed6573ed2,results/raw/interaction_transfer/target/31da5d2ed6573ed2.json,8,512,hybrid,B
bank,914,0,0.01,0.026707317073170728,4.0,soft,0.5741059642126507,0.1806440668446314,0.00975609756097561,analytic,d27202bf2787ca67,results/raw/interaction_transfer/target/d27202bf2787ca67.json,8,512,hybrid,B
bank,914,0,0.01,0.053414634146341455,8.0,soft,0.677342842875705,0.1806440668446314,0.01951219512195122,analytic,d036d1b7c3c72f49,results/raw/interaction_transfer/target/d036d1b7c3c72f49.json,8,512,hybrid,B
bank,915,0,0.01,0.0,1.0,hard,0.4691029577435586,1.0,0.0024390243902439024,global,8a27f31056b5d72d,results/raw/interaction_transfer/target/8a27f31056b5d72d.json,8,512,hybrid,B
bank,915,0,0.01,0.013353658536585364,2.0,soft,0.48349854514541635,0.1806440668446314,0.004878048780487805,analytic,8ac511940614edfc,results/raw/interaction_transfer/target/8ac511940614edfc.json,8,512,hybrid,B
bank,915,0,0.01,0.026707317073170728,4.0,soft,0.6018194321574698,0.1806440668446314,0.00975609756097561,analytic,41ba73c3abf3bf2b,results/raw/interaction_transfer/target/41ba73c3abf3bf2b.json,8,512,hybrid,B
bank,915,0,0.01,0.053414634146341455,8.0,soft,0.6700670148872057,0.1806440668446314,0.01951219512195122,analytic,8df5c8860f6cd102,results/raw/interaction_transfer/target/8df5c8860f6cd102.json,8,512,hybrid,B
bank,910,0,0.03,0.0,1.0,hard,0.3880249225920601,1.0,0.0024390243902439024,global,c322ab3ba3e23f70,results/raw/interaction_transfer/target/c322ab3ba3e23f70.json,8,512,hybrid,B
bank,910,0,0.03,0.013353658536585364,2.0,soft,0.47877571049430506,0.18064406684463144,0.004878048780487805,analytic,e1f84f3939692db3,results/raw/interaction_transfer/target/e1f84f3939692db3.json,8,512,hybrid,B
bank,910,0,0.03,0.026707317073170728,4.0,soft,0.6287048684065023,0.18064406684463144,0.00975609756097561,analytic,95c0ca981726e18a,results/raw/interaction_transfer/target/95c0ca981726e18a.json,8,512,hybrid,B
bank,910,0,0.03,0.053414634146341455,8.0,soft,0.7463291271563639,0.18064406684463144,0.01951219512195122,analytic,983128991ef659ab,results/raw/interaction_transfer/target/983128991ef659ab.json,8,512,hybrid,B
bank,911,0,0.03,0.0,1.0,hard,0.49746912321685277,1.0,0.0024390243902439024,global,e2f3f2e610cc8bdd,results/raw/interaction_transfer/target/e2f3f2e610cc8bdd.json,8,512,hybrid,B
bank,911,0,0.03,0.013353658536585364,2.0,soft,0.5383152023664713,0.18064406684463144,0.004878048780487805,analytic,83d111de1e05d8ce,results/raw/interaction_transfer/target/83d111de1e05d8ce.json,8,512,hybrid,B
bank,911,0,0.03,0.026707317073170728,4.0,soft,0.6465314158741567,0.18064406684463144,0.00975609756097561,analytic,9ce2af99a208042e,results/raw/interaction_transfer/target/9ce2af99a208042e.json,8,512,hybrid,B
bank,911,0,0.03,0.053414634146341455,8.0,soft,0.6960539229238083,0.18064406684463144,0.01951219512195122,analytic,af43ba71ab708364,results/raw/interaction_transfer/target/af43ba71ab708364.json,8,512,hybrid,B
bank,912,0,0.03,0.0,1.0,hard,0.39959533617162446,1.0,0.0024390243902439024,global,5888c746ee83ccad,results/raw/interaction_transfer/target/5888c746ee83ccad.json,8,512,hybrid,B
bank,912,0,0.03,0.013353658536585364,2.0,soft,0.5819737987946478,0.18064406684463144,0.004878048780487805,analytic,91e951b38bd068f0,results/raw/interaction_transfer/target/91e951b38bd068f0.json,8,512,hybrid,B
bank,912,0,0.03,0.026707317073170728,4.0,soft,0.6115057917726419,0.18064406684463144,0.00975609756097561,analytic,2cd6f1072648f6fc,results/raw/interaction_transfer/target/2cd6f1072648f6fc.json,8,512,hybrid,B
bank,912,0,0.03,0.053414634146341455,8.0,soft,0.8028236187520734,0.18064406684463144,0.01951219512195122,analytic,468370eb7195b287,results/raw/interaction_transfer/target/468370eb7195b287.json,8,512,hybrid,B
bank,913,0,0.03,0.0,1.0,hard,0.439142197348778,1.0,0.0024390243902439024,global,5b251dbd0a13740f,results/raw/interaction_transfer/target/5b251dbd0a13740f.json,8,512,hybrid,B
bank,913,0,0.03,0.013353658536585364,2.0,soft,0.4775919132892845,0.18064406684463144,0.004878048780487805,analytic,01db8d79eaeea882,results/raw/interaction_transfer/target/01db8d79eaeea882.json,8,512,hybrid,B
bank,913,0,0.03,0.026707317073170728,4.0,soft,0.6470670511721772,0.18064406684463144,0.00975609756097561,analytic,00ad7a342772bf5e,results/raw/interaction_transfer/target/00ad7a342772bf5e.json,8,512,hybrid,B
bank,913,0,0.03,0.053414634146341455,8.0,soft,0.6940411868987061,0.18064406684463144,0.01951219512195122,analytic,58778353c75f023c,results/raw/interaction_transfer/target/58778353c75f023c.json,8,512,hybrid,B
bank,914,0,0.03,0.0,1.0,hard,0.4183762215940507,1.0,0.0024390243902439024,global,b9bef19fe9e70d68,results/raw/interaction_transfer/target/b9bef19fe9e70d68.json,8,512,hybrid,B
bank,914,0,0.03,0.013353658536585364,2.0,soft,0.49637552008459573,0.18064406684463144,0.004878048780487805,analytic,c025442f904bf17c,results/raw/interaction_transfer/target/c025442f904bf17c.json,8,512,hybrid,B
bank,914,0,0.03,0.026707317073170728,4.0,soft,0.5904060806701315,0.18064406684463144,0.00975609756097561,analytic,bb072297259ab0e7,results/raw/interaction_transfer/target/bb072297259ab0e7.json,8,512,hybrid,B
bank,914,0,0.03,0.053414634146341455,8.0,soft,0.6904230136569723,0.18064406684463144,0.01951219512195122,analytic,db7625900eb0a573,results/raw/interaction_transfer/target/db7625900eb0a573.json,8,512,hybrid,B
bank,915,0,0.03,0.0,1.0,hard,0.4315664135933871,1.0,0.0024390243902439024,global,d0fadfe210ea15af,results/raw/interaction_transfer/target/d0fadfe210ea15af.json,8,512,hybrid,B
bank,915,0,0.03,0.013353658536585364,2.0,soft,0.4505383566709057,0.18064406684463144,0.004878048780487805,analytic,5fa47418dd12b14d,results/raw/interaction_transfer/target/5fa47418dd12b14d.json,8,512,hybrid,B
bank,915,0,0.03,0.026707317073170728,4.0,soft,0.618541145430167,0.18064406684463144,0.00975609756097561,analytic,74cff9f5e784488e,results/raw/interaction_transfer/target/74cff9f5e784488e.json,8,512,hybrid,B
bank,915,0,0.03,0.053414634146341455,8.0,soft,0.7365819470170297,0.18064406684463144,0.01951219512195122,analytic,fee70a35e7da91dc,results/raw/interaction_transfer/target/fee70a35e7da91dc.json,8,512,hybrid,B
bank,910,0,0.06,0.0,1.0,hard,0.4059388131704081,1.0,0.0024390243902439024,global,d20eea8947b65fa7,results/raw/interaction_transfer/target/d20eea8947b65fa7.json,8,512,hybrid,B
bank,910,0,0.06,0.013353658536585364,2.0,soft,0.5477686038233993,0.1806440668446314,0.004878048780487805,analytic,961d2cc665714810,results/raw/interaction_transfer/target/961d2cc665714810.json,8,512,hybrid,B
bank,910,0,0.06,0.026707317073170728,4.0,soft,0.7018724341341369,0.1806440668446314,0.00975609756097561,analytic,f4c9059ce96b7e4d,results/raw/interaction_transfer/target/f4c9059ce96b7e4d.json,8,512,hybrid,B
bank,910,0,0.06,0.053414634146341455,8.0,soft,0.6897372708863209,0.1806440668446314,0.01951219512195122,analytic,3d90f7970f52a393,results/raw/interaction_transfer/target/3d90f7970f52a393.json,8,512,hybrid,B
bank,911,0,0.06,0.0,1.0,hard,0.43107151249585307,1.0,0.0024390243902439024,global,a67145f93834a4b6,results/raw/interaction_transfer/target/a67145f93834a4b6.json,8,512,hybrid,B
bank,911,0,0.06,0.013353658536585364,2.0,soft,0.5183218373327435,0.1806440668446314,0.004878048780487805,analytic,8a7d37e00d9fb8e8,results/raw/interaction_transfer/target/8a7d37e00d9fb8e8.json,8,512,hybrid,B
bank,911,0,0.06,0.026707317073170728,4.0,soft,0.6153498821602343,0.1806440668446314,0.00975609756097561,analytic,f168e5225dc31dd0,results/raw/interaction_transfer/target/f168e5225dc31dd0.json,8,512,hybrid,B
bank,911,0,0.06,0.053414634146341455,8.0,soft,0.7202099949546611,0.1806440668446314,0.01951219512195122,analytic,956394eba9fc961f,results/raw/interaction_transfer/target/956394eba9fc961f.json,8,512,hybrid,B
bank,912,0,0.06,0.0,1.0,hard,0.3912953648540308,1.0,0.0024390243902439024,global,ed212bcb727649bc,results/raw/interaction_transfer/target/ed212bcb727649bc.json,8,512,hybrid,B
bank,912,0,0.06,0.013353658536585364,2.0,soft,0.553982232458808,0.1806440668446314,0.004878048780487805,analytic,296b1631400d6e8b,results/raw/interaction_transfer/target/296b1631400d6e8b.json,8,512,hybrid,B
bank,912,0,0.06,0.026707317073170728,4.0,soft,0.5980212163413691,0.1806440668446314,0.00975609756097561,analytic,aee1c4e3be745485,results/raw/interaction_transfer/target/aee1c4e3be745485.json,8,512,hybrid,B
bank,912,0,0.06,0.053414634146341455,8.0,soft,0.744975697708172,0.1806440668446314,0.01951219512195122,analytic,c98cfce7709a760d,results/raw/interaction_transfer/target/c98cfce7709a760d.json,8,512,hybrid,B
bank,913,0,0.06,0.0,1.0,hard,0.43284606359891625,1.0,0.0024390243902439024,global,d505f49de57e0d71,results/raw/interaction_transfer/target/d505f49de57e0d71.json,8,512,hybrid,B
bank,913,0,0.06,0.013353658536585364,2.0,soft,0.5234159018024991,0.1806440668446314,0.004878048780487805,analytic,3cbff8f16a8b2ae0,results/raw/interaction_transfer/target/3cbff8f16a8b2ae0.json,8,512,hybrid,B
bank,913,0,0.06,0.026707317073170728,4.0,soft,0.6083451979431604,0.1806440668446314,0.00975609756097561,analytic,0cb749c067f3c3bc,results/raw/interaction_transfer/target/0cb749c067f3c3bc.json,8,512,hybrid,B
bank,913,0,0.06,0.053414634146341455,8.0,soft,0.66523402942884,0.1806440668446314,0.01951219512195122,analytic,63428e53c52920bd,results/raw/interaction_transfer/target/63428e53c52920bd.json,8,512,hybrid,B
bank,914,0,0.06,0.0,1.0,hard,0.43458316342751296,1.0,0.0024390243902439024,global,a4f3d07ee61df1ed,results/raw/interaction_transfer/target/a4f3d07ee61df1ed.json,8,512,hybrid,B
bank,914,0,0.06,0.013353658536585364,2.0,soft,0.5636668642181798,0.1806440668446314,0.004878048780487805,analytic,a9e2cad6f5670b6a,results/raw/interaction_transfer/target/a9e2cad6f5670b6a.json,8,512,hybrid,B
bank,914,0,0.06,0.026707317073170728,4.0,soft,0.5967229918859893,0.1806440668446314,0.00975609756097561,analytic,e2de3f9cc8552d0f,results/raw/interaction_transfer/target/e2de3f9cc8552d0f.json,8,512,hybrid,B
bank,914,0,0.06,0.053414634146341455,8.0,soft,0.7008476860555126,0.1806440668446314,0.01951219512195122,analytic,dc989e1b9d76f466,results/raw/interaction_transfer/target/dc989e1b9d76f466.json,8,512,hybrid,B
bank,915,0,0.06,0.0,1.0,hard,0.414661806784253,1.0,0.0024390243902439024,global,d9f8c7acd3849f88,results/raw/interaction_transfer/target/d9f8c7acd3849f88.json,8,512,hybrid,B
bank,915,0,0.06,0.013353658536585364,2.0,soft,0.5139428027894504,0.1806440668446314,0.004878048780487805,analytic,b1f0de5e2c2be666,results/raw/interaction_transfer/target/b1f0de5e2c2be666.json,8,512,hybrid,B
bank,915,0,0.06,0.026707317073170728,4.0,soft,0.5791446941004091,0.1806440668446314,0.00975609756097561,analytic,572ea6c693c31912,results/raw/interaction_transfer/target/572ea6c693c31912.json,8,512,hybrid,B
bank,915,0,0.06,0.053414634146341455,8.0,soft,0.7638127816404954,0.1806440668446314,0.01951219512195122,analytic,80d331295e58b7a1,results/raw/interaction_transfer/target/80d331295e58b7a1.json,8,512,hybrid,B
bank,910,0,0.1,0.0,1.0,hard,0.3873632402134247,1.0,0.0024390243902439024,global,32477d0091cf04b9,results/raw/interaction_transfer/target/32477d0091cf04b9.json,8,512,hybrid,B
bank,910,0,0.1,0.013353658536585364,2.0,soft,0.5085459747871282,0.1806440668446314,0.004878048780487805,analytic,8a6df1e9f922f209,results/raw/interaction_transfer/target/8a6df1e9f922f209.json,8,512,hybrid,B
bank,910,0,0.1,0.026707317073170728,4.0,soft,0.624741469575915,0.1806440668446314,0.00975609756097561,analytic,0966948deab9ab2f,results/raw/interaction_transfer/target/0966948deab9ab2f.json,8,512,hybrid,B
bank,910,0,0.1,0.053414634146341455,8.0,soft,0.697185927651222,0.1806440668446314,0.01951219512195122,analytic,db63aec2db83294b,results/raw/interaction_transfer/target/db63aec2db83294b.json,8,512,hybrid,B
bank,911,0,0.1,0.0,1.0,hard,0.4256350302029194,1.0,0.0024390243902439024,global,711df3f84339e7a4,results/raw/interaction_transfer/target/711df3f84339e7a4.json,8,512,hybrid,B
bank,911,0,0.1,0.013353658536585364,2.0,soft,0.508489041938516,0.1806440668446314,0.004878048780487805,analytic,fd29fef7b3ce69e5,results/raw/interaction_transfer/target/fd29fef7b3ce69e5.json,8,512,hybrid,B
bank,911,0,0.1,0.026707317073170728,4.0,soft,0.6389280728187549,0.1806440668446314,0.00975609756097561,analytic,31eff8b204c21f78,results/raw/interaction_transfer/target/31eff8b204c21f78.json,8,512,hybrid,B
bank,911,0,0.1,0.053414634146341455,8.0,soft,0.7370813405396438,0.1806440668446314,0.01951219512195122,analytic,076e739047d3e005,results/raw/interaction_transfer/target/076e739047d3e005.json,8,512,hybrid,B
bank,912,0,0.1,0.0,1.0,hard,0.41920667228795755,1.0,0.0024390243902439024,global,177e389a5303a358,results/raw/interaction_transfer/target/177e389a5303a358.json,8,512,hybrid,B
bank,912,0,0.1,0.013353658536585364,2.0,soft,0.512160865102842,0.1806440668446314,0.004878048780487805,analytic,2dca84baf8790190,results/raw/interaction_transfer/target/2dca84baf8790190.json,8,512,hybrid,B
bank,912,0,0.1,0.026707317073170728,4.0,soft,0.6496070423946698,0.1806440668446314,0.00975609756097561,analytic,50c0ac0f1733cfdf,results/raw/interaction_transfer/target/50c0ac0f1733cfdf.json,8,512,hybrid,B
bank,912,0,0.1,0.053414634146341455,8.0,soft,0.7598159056037819,0.1806440668446314,0.01951219512195122,analytic,f8728039f953d6d4,results/raw/interaction_transfer/target/f8728039f953d6d4.json,8,512,hybrid,B
bank,913,0,0.1,0.0,1.0,hard,0.44349095121917503,1.0,0.0024390243902439024,global,57de2cc82489d648,results/raw/interaction_transfer/target/57de2cc82489d648.json,8,512,hybrid,B
bank,913,0,0.1,0.013353658536585364,2.0,soft,0.5577664526429282,0.1806440668446314,0.004878048780487805,analytic,633dbccd72b8d34e,results/raw/interaction_transfer/target/633dbccd72b8d34e.json,8,512,hybrid,B
bank,913,0,0.1,0.026707317073170728,4.0,soft,0.5895400793431383,0.1806440668446314,0.00975609756097561,analytic,ef65f8ecedec6318,results/raw/interaction_transfer/target/ef65f8ecedec6318.json,8,512,hybrid,B
bank,913,0,0.1,0.053414634146341455,8.0,soft,0.7172190765647461,0.1806440668446314,0.01951219512195122,analytic,6cf026a726ec9306,results/raw/interaction_transfer/target/6cf026a726ec9306.json,8,512,hybrid,B
bank,914,0,0.1,0.0,1.0,hard,0.37014740337830365,1.0,0.0024390243902439024,global,01d82d5ad931ee1e,results/raw/interaction_transfer/target/01d82d5ad931ee1e.json,8,512,hybrid,B
bank,914,0,0.1,0.013353658536585364,2.0,soft,0.577289624917063,0.1806440668446314,0.004878048780487805,analytic,64cdb11d69d3a5e8,results/raw/interaction_transfer/target/64cdb11d69d3a5e8.json,8,512,hybrid,B
bank,914,0,0.1,0.026707317073170728,4.0,soft,0.6640937309935862,0.1806440668446314,0.00975609756097561,analytic,02ecc3628fedd74b,results/raw/interaction_transfer/target/02ecc3628fedd74b.json,8,512,hybrid,B
bank,914,0,0.1,0.053414634146341455,8.0,soft,0.738905740282539,0.1806440668446314,0.01951219512195122,analytic,5ceeb055a70075b8,results/raw/interaction_transfer/target/5ceeb055a70075b8.json,8,512,hybrid,B
bank,915,0,0.1,0.0,1.0,hard,0.41144436649894944,1.0,0.0024390243902439024,global,bb121ecc0d0477f5,results/raw/interaction_transfer/target/bb121ecc0d0477f5.json,8,512,hybrid,B
bank,915,0,0.1,0.013353658536585364,2.0,soft,0.5110470460577242,0.1806440668446314,0.004878048780487805,analytic,c160f9e761788a04,results/raw/interaction_transfer/target/c160f9e761788a04.json,8,512,hybrid,B
bank,915,0,0.1,0.026707317073170728,4.0,soft,0.662579438170408,0.1806440668446314,0.00975609756097561,analytic,47dccbfe4158f47f,results/raw/interaction_transfer/target/47dccbfe4158f47f.json,8,512,hybrid,B
bank,915,0,0.1,0.053414634146341455,8.0,soft,0.720130599980648,0.1806440668446314,0.01951219512195122,analytic,9c47130dcb3518e3,results/raw/interaction_transfer/target/9c47130dcb3518e3.json,8,512,hybrid,B
bank,910,0,0.1778279410038923,0.0,1.0,hard,0.3757253106684729,1.0,0.0024390243902439024,global,8f928eac55a2e5e8,results/raw/interaction_transfer/target/8f928eac55a2e5e8.json,8,512,hybrid,B
bank,910,0,0.1778279410038923,0.013353658536585364,2.0,soft,0.5674928985126618,0.1806440668446314,0.004878048780487805,analytic,63c492c9db83e245,results/raw/interaction_transfer/target/63c492c9db83e245.json,8,512,hybrid,B
bank,910,0,0.1778279410038923,0.026707317073170728,4.0,soft,0.5890063446864979,0.1806440668446314,0.00975609756097561,analytic,709c9dbe123625d5,results/raw/interaction_transfer/target/709c9dbe123625d5.json,8,512,hybrid,B
bank,910,0,0.1778279410038923,0.053414634146341455,8.0,soft,0.7655955832550039,0.1806440668446314,0.01951219512195122,analytic,4b31f685a24fdd08,results/raw/interaction_transfer/target/4b31f685a24fdd08.json,8,512,hybrid,B
bank,911,0,0.1778279410038923,0.0,1.0,hard,0.4618390087636845,1.0,0.0024390243902439024,global,f8b0a812c281077d,results/raw/interaction_transfer/target/f8b0a812c281077d.json,8,512,hybrid,B
bank,911,0,0.1778279410038923,0.013353658536585364,2.0,soft,0.5343906802913856,0.1806440668446314,0.004878048780487805,analytic,1b7cf70cf46c87bf,results/raw/interaction_transfer/target/1b7cf70cf46c87bf.json,8,512,hybrid,B
bank,911,0,0.1778279410038923,0.026707317073170728,4.0,soft,0.6838660168776955,0.1806440668446314,0.00975609756097561,analytic,b82d2e1dfbf5e4db,results/raw/interaction_transfer/target/b82d2e1dfbf5e4db.json,8,512,hybrid,B
bank,911,0,0.1778279410038923,0.053414634146341455,8.0,soft,0.8257223733136128,0.1806440668446314,0.01951219512195122,analytic,60749cf5e5b2d124,results/raw/interaction_transfer/target/60749cf5e5b2d124.json,8,512,hybrid,B
bank,912,0,0.1778279410038923,0.0,1.0,hard,0.43170662909156254,1.0,0.0024390243902439024,global,d11572e26332f5fe,results/raw/interaction_transfer/target/d11572e26332f5fe.json,8,512,hybrid,B
bank,912,0,0.1778279410038923,0.013353658536585364,2.0,soft,0.4896291503096317,0.1806440668446314,0.004878048780487805,analytic,a5ebd6a8a6b538b5,results/raw/interaction_transfer/target/a5ebd6a8a6b538b5.json,8,512,hybrid,B
bank,912,0,0.1778279410038923,0.026707317073170728,4.0,soft,0.6476533126451398,0.1806440668446314,0.00975609756097561,analytic,20a839c2a87e55d5,results/raw/interaction_transfer/target/20a839c2a87e55d5.json,8,512,hybrid,B
bank,912,0,0.1778279410038923,0.053414634146341455,8.0,soft,0.7722700310322901,0.1806440668446314,0.01951219512195122,analytic,9a5ae1fdd5544013,results/raw/interaction_transfer/target/9a5ae1fdd5544013.json,8,512,hybrid,B
bank,913,0,0.1778279410038923,0.0,1.0,hard,0.38595538330753076,1.0,0.0024390243902439024,global,62e127bf62198503,results/raw/interaction_transfer/target/62e127bf62198503.json,8,512,hybrid,B
bank,913,0,0.1778279410038923,0.013353658536585364,2.0,soft,0.4982248873438018,0.1806440668446314,0.004878048780487805,analytic,28f8967ee109c453,results/raw/interaction_transfer/target/28f8967ee109c453.json,8,512,hybrid,B
bank,913,0,0.1778279410038923,0.026707317073170728,4.0,soft,0.6183856384081611,0.1806440668446314,0.00975609756097561,analytic,178bd0d32be1dbc1,results/raw/interaction_transfer/target/178bd0d32be1dbc1.json,8,512,hybrid,B
bank,913,0,0.1778279410038923,0.053414634146341455,8.0,soft,0.7488768073371668,0.1806440668446314,0.01951219512195122,analytic,d34e5d858a0108fd,results/raw/interaction_transfer/target/d34e5d858a0108fd.json,8,512,hybrid,B
bank,914,0,0.1778279410038923,0.0,1.0,hard,0.3682128528281544,1.0,0.0024390243902439024,global,a8e9993b5ae268a4,results/raw/interaction_transfer/target/a8e9993b5ae268a4.json,8,512,hybrid,B
bank,914,0,0.1778279410038923,0.013353658536585364,2.0,soft,0.5148217630349441,0.1806440668446314,0.004878048780487805,analytic,6978b66c08e4ffce,results/raw/interaction_transfer/target/6978b66c08e4ffce.json,8,512,hybrid,B
bank,914,0,0.1778279410038923,0.026707317073170728,4.0,soft,0.7258571892624128,0.1806440668446314,0.00975609756097561,analytic,64ee8ea76141df32,results/raw/interaction_transfer/target/64ee8ea76141df32.json,8,512,hybrid,B
bank,914,0,0.1778279410038923,0.053414634146341455,8.0,soft,0.6543356653627115,0.1806440668446314,0.01951219512195122,analytic,1618fcfbf1255f53,results/raw/interaction_transfer/target/1618fcfbf1255f53.json,8,512,hybrid,B
bank,915,0,0.1778279410038923,0.0,1.0,hard,0.4027403361025102,1.0,0.0024390243902439024,global,f79934e5800a59c8,results/raw/interaction_transfer/target/f79934e5800a59c8.json,8,512,hybrid,B
bank,915,0,0.1778279410038923,0.013353658536585364,2.0,soft,0.5220478287764017,0.1806440668446314,0.004878048780487805,analytic,c01be66d084c0144,results/raw/interaction_transfer/target/c01be66d084c0144.json,8,512,hybrid,B
bank,915,0,0.1778279410038923,0.026707317073170728,4.0,soft,0.6104634195648567,0.1806440668446314,0.00975609756097561,analytic,c5dad4e7c0df67dd,results/raw/interaction_transfer/target/c5dad4e7c0df67dd.json,8,512,hybrid,B
bank,915,0,0.1778279410038923,0.053414634146341455,8.0,soft,0.8036411969202698,0.1806440668446314,0.01951219512195122,analytic,3dd0222c55b6b570,results/raw/interaction_transfer/target/3dd0222c55b6b570.json,8,512,hybrid,B
bank,910,0,0.18,0.0,1.0,hard,0.38325120258763684,1.0,0.0024390243902439024,global,f1fe6661b36c68e6,results/raw/interaction_transfer/target/f1fe6661b36c68e6.json,8,512,hybrid,B
bank,910,0,0.18,0.013353658536585364,2.0,soft,0.49742618600022126,0.18064406684463144,0.004878048780487805,analytic,d08b38a98877252f,results/raw/interaction_transfer/target/d08b38a98877252f.json,8,512,hybrid,B
bank,910,0,0.18,0.026707317073170728,4.0,soft,0.570444853754285,0.18064406684463144,0.00975609756097561,analytic,81d0adf424db0638,results/raw/interaction_transfer/target/81d0adf424db0638.json,8,512,hybrid,B
bank,910,0,0.18,0.053414634146341455,8.0,soft,0.7712146999060047,0.18064406684463144,0.01951219512195122,analytic,22f988d44917b781,results/raw/interaction_transfer/target/22f988d44917b781.json,8,512,hybrid,B
bank,911,0,0.18,0.0,1.0,hard,0.445989819473626,1.0,0.0024390243902439024,global,faea176d8982747b,results/raw/interaction_transfer/target/faea176d8982747b.json,8,512,hybrid,B
bank,911,0,0.18,0.013353658536585364,2.0,soft,0.5269579197998452,0.18064406684463144,0.004878048780487805,analytic,108573bdddffe33e,results/raw/interaction_transfer/target/108573bdddffe33e.json,8,512,hybrid,B
bank,911,0,0.18,0.026707317073170728,4.0,soft,0.6409437461987173,0.18064406684463144,0.00975609756097561,analytic,06681bd418c9cbbc,results/raw/interaction_transfer/target/06681bd418c9cbbc.json,8,512,hybrid,B
bank,911,0,0.18,0.053414634146341455,8.0,soft,0.7897583939234767,0.18064406684463144,0.01951219512195122,analytic,7fd7faa97a2b263f,results/raw/interaction_transfer/target/7fd7faa97a2b263f.json,8,512,hybrid,B
bank,912,0,0.18,0.0,1.0,hard,0.44607526194293934,1.0,0.0024390243902439024,global,d96cca840a921033,results/raw/interaction_transfer/target/d96cca840a921033.json,8,512,hybrid,B
bank,912,0,0.18,0.013353658536585364,2.0,soft,0.5464674852095543,0.18064406684463144,0.004878048780487805,analytic,fe2b70d890313241,results/raw/interaction_transfer/target/fe2b70d890313241.json,8,512,hybrid,B
bank,912,0,0.18,0.026707317073170728,4.0,soft,0.6330526287598142,0.18064406684463144,0.00975609756097561,analytic,8dd985fab673a2c7,results/raw/interaction_transfer/target/8dd985fab673a2c7.json,8,512,hybrid,B
bank,912,0,0.18,0.053414634146341455,8.0,soft,0.7124358533534225,0.18064406684463144,0.01951219512195122,analytic,8a9e3ae13897834d,results/raw/interaction_transfer/target/8a9e3ae13897834d.json,8,512,hybrid,B
bank,913,0,0.18,0.0,1.0,hard,0.4344731854058387,1.0,0.0024390243902439024,global,eec6ca57994a1c52,results/raw/interaction_transfer/target/eec6ca57994a1c52.json,8,512,hybrid,B
bank,913,0,0.18,0.013353658536585364,2.0,soft,0.5143389137316154,0.18064406684463144,0.004878048780487805,analytic,fe9af5ef4bba1673,results/raw/interaction_transfer/target/fe9af5ef4bba1673.json,8,512,hybrid,B
bank,913,0,0.18,0.026707317073170728,4.0,soft,0.6350454080504258,0.18064406684463144,0.00975609756097561,analytic,71bcde22e05434d1,results/raw/interaction_transfer/target/71bcde22e05434d1.json,8,512,hybrid,B
bank,913,0,0.18,0.053414634146341455,8.0,soft,0.7397541606767665,0.18064406684463144,0.01951219512195122,analytic,4de5ac125c09a391,results/raw/interaction_transfer/target/4de5ac125c09a391.json,8,512,hybrid,B
bank,914,0,0.18,0.0,1.0,hard,0.3592012640993033,1.0,0.0024390243902439024,global,85f4600feb8f4945,results/raw/interaction_transfer/target/85f4600feb8f4945.json,8,512,hybrid,B
bank,914,0,0.18,0.013353658536585364,2.0,soft,0.5435558754008626,0.18064406684463144,0.004878048780487805,analytic,716bb7b6f2446b5b,results/raw/interaction_transfer/target/716bb7b6f2446b5b.json,8,512,hybrid,B
bank,914,0,0.18,0.026707317073170728,4.0,soft,0.6629948147047439,0.18064406684463144,0.00975609756097561,analytic,1ca4e4368b03c9e9,results/raw/interaction_transfer/target/1ca4e4368b03c9e9.json,8,512,hybrid,B
bank,914,0,0.18,0.053414634146341455,8.0,soft,0.7612352959471413,0.18064406684463144,0.01951219512195122,analytic,7420a4c84dc4cb88,results/raw/interaction_transfer/target/7420a4c84dc4cb88.json,8,512,hybrid,B
bank,915,0,0.18,0.0,1.0,hard,0.39377431957038594,1.0,0.0024390243902439024,global,a76d4dd9e9a07911,results/raw/interaction_transfer/target/a76d4dd9e9a07911.json,8,512,hybrid,B
bank,915,0,0.18,0.013353658536585364,2.0,soft,0.4962393650475505,0.18064406684463144,0.004878048780487805,analytic,77393ecdaa556779,results/raw/interaction_transfer/target/77393ecdaa556779.json,8,512,hybrid,B
bank,915,0,0.18,0.026707317073170728,4.0,soft,0.6392772724759481,0.18064406684463144,0.00975609756097561,analytic,1338e6bc6274a77d,results/raw/interaction_transfer/target/1338e6bc6274a77d.json,8,512,hybrid,B
bank,915,0,0.18,0.053414634146341455,8.0,soft,0.7028678518605551,0.18064406684463144,0.01951219512195122,analytic,e7747621dbdcc8d2,results/raw/interaction_transfer/target/e7747621dbdcc8d2.json,8,512,hybrid,B
bank,910,0,0.3,0.0,1.0,hard,0.39170689690921157,1.0,0.0024390243902439024,global,f9853a3e5226c3b3,results/raw/interaction_transfer/target/f9853a3e5226c3b3.json,8,512,hybrid,B
bank,910,0,0.3,0.013353658536585364,2.0,soft,0.4436284021480704,0.1806440668446314,0.004878048780487805,analytic,a41e0d3028b2b922,results/raw/interaction_transfer/target/a41e0d3028b2b922.json,8,512,hybrid,B
bank,910,0,0.3,0.026707317073170728,4.0,soft,0.6533974828596704,0.1806440668446314,0.00975609756097561,analytic,ccaa911b931697cd,results/raw/interaction_transfer/target/ccaa911b931697cd.json,8,512,hybrid,B
bank,910,0,0.3,0.053414634146341455,8.0,soft,0.7406167062921597,0.1806440668446314,0.01951219512195122,analytic,a0102f57b0748ebb,results/raw/interaction_transfer/target/a0102f57b0748ebb.json,8,512,hybrid,B
bank,911,0,0.3,0.0,1.0,hard,0.4211131019849607,1.0,0.0024390243902439024,global,f2025be09235982d,results/raw/interaction_transfer/target/f2025be09235982d.json,8,512,hybrid,B
bank,911,0,0.3,0.013353658536585364,2.0,soft,0.5573049855551255,0.1806440668446314,0.004878048780487805,analytic,40fe785369565451,results/raw/interaction_transfer/target/40fe785369565451.json,8,512,hybrid,B
bank,911,0,0.3,0.026707317073170728,4.0,soft,0.5763453949187216,0.1806440668446314,0.00975609756097561,analytic,5c5aa8ad612a0bce,results/raw/interaction_transfer/target/5c5aa8ad612a0bce.json,8,512,hybrid,B
bank,911,0,0.3,0.053414634146341455,8.0,soft,0.7805833500359393,0.1806440668446314,0.01951219512195122,analytic,281982cc9aa44a4e,results/raw/interaction_transfer/target/281982cc9aa44a4e.json,8,512,hybrid,B
bank,912,0,0.3,0.0,1.0,hard,0.4320648567953113,1.0,0.0024390243902439024,global,537a1b30f7cd8df1,results/raw/interaction_transfer/target/537a1b30f7cd8df1.json,8,512,hybrid,B
bank,912,0,0.3,0.013353658536585364,2.0,soft,0.5484589254119208,0.1806440668446314,0.004878048780487805,analytic,fcf8195f8089132b,results/raw/interaction_transfer/target/fcf8195f8089132b.json,8,512,hybrid,B
bank,912,0,0.3,0.026707317073170728,4.0,soft,0.6458968176351874,0.1806440668446314,0.00975609756097561,analytic,2b487fd2f56c2666,results/raw/interaction_transfer/target/2b487fd2f56c2666.json,8,512,hybrid,B
bank,912,0,0.3,0.053414634146341455,8.0,soft,0.8601254077739687,0.1806440668446314,0.01951219512195122,analytic,1fcaa7180fcc4580,results/raw/interaction_transfer/target/1fcaa7180fcc4580.json,8,512,hybrid,B
bank,913,0,0.3,0.0,1.0,hard,0.3797364415155369,1.0,0.0024390243902439024,global,c0798684bff0f3a5,results/raw/interaction_transfer/target/c0798684bff0f3a5.json,8,512,hybrid,B
bank,913,0,0.3,0.013353658536585364,2.0,soft,0.5306331122829813,0.1806440668446314,0.004878048780487805,analytic,d68a6bdc1b787138,results/raw/interaction_transfer/target/d68a6bdc1b787138.json,8,512,hybrid,B
bank,913,0,0.3,0.026707317073170728,4.0,soft,0.6960053701758266,0.1806440668446314,0.00975609756097561,analytic,65bed251c6e90093,results/raw/interaction_transfer/target/65bed251c6e90093.json,8,512,hybrid,B
bank,913,0,0.3,0.053414634146341455,8.0,soft,0.7200671876727855,0.1806440668446314,0.01951219512195122,analytic,1fa31674618d3a19,results/raw/interaction_transfer/target/1fa31674618d3a19.json,8,512,hybrid,B
bank,914,0,0.3,0.0,1.0,hard,0.40644477254506245,1.0,0.0024390243902439024,global,f69219e30a53d62f,results/raw/interaction_transfer/target/f69219e30a53d62f.json,8,512,hybrid,B
bank,914,0,0.3,0.013353658536585364,2.0,soft,0.4995475177623576,0.1806440668446314,0.004878048780487805,analytic,5d531fb8a67a5986,results/raw/interaction_transfer/target/5d531fb8a67a5986.json,8,512,hybrid,B
bank,914,0,0.3,0.026707317073170728,4.0,soft,0.7061684884026318,0.1806440668446314,0.00975609756097561,analytic,bca3eca316f12603,results/raw/interaction_transfer/target/bca3eca316f12603.json,8,512,hybrid,B
bank,914,0,0.3,0.053414634146341455,8.0,soft,0.7898255643177043,0.1806440668446314,0.01951219512195122,analytic,f3429a617db4cb43,results/raw/interaction_transfer/target/f3429a617db4cb43.json,8,512,hybrid,B
bank,915,0,0.3,0.0,1.0,hard,0.4106711510284198,1.0,0.0024390243902439024,global,16aad21aa6cdea8f,results/raw/interaction_transfer/target/16aad21aa6cdea8f.json,8,512,hybrid,B
bank,915,0,0.3,0.013353658536585364,2.0,soft,0.5211057585978104,0.1806440668446314,0.004878048780487805,analytic,26d08e3b232f38ac,results/raw/interaction_transfer/target/26d08e3b232f38ac.json,8,512,hybrid,B
bank,915,0,0.3,0.026707317073170728,4.0,soft,0.6465051524659958,0.1806440668446314,0.00975609756097561,analytic,5001493379d22e0c,results/raw/interaction_transfer/target/5001493379d22e0c.json,8,512,hybrid,B
bank,915,0,0.3,0.053414634146341455,8.0,soft,0.8041973505059163,0.1806440668446314,0.01951219512195122,analytic,7348abf0035cffd3,results/raw/interaction_transfer/target/7348abf0035cffd3.json,8,512,hybrid,B
bank,910,0,0.31622776601683794,0.0,1.0,hard,0.3829134499751189,1.0,0.0024390243902439024,global,1fbeca93689c8ec5,results/raw/interaction_transfer/target/1fbeca93689c8ec5.json,8,512,hybrid,B
bank,910,0,0.31622776601683794,0.013353658536585364,2.0,soft,0.4664193385076856,0.1806440668446314,0.004878048780487805,analytic,c00053378d83ecfb,results/raw/interaction_transfer/target/c00053378d83ecfb.json,8,512,hybrid,B
bank,910,0,0.31622776601683794,0.026707317073170728,4.0,soft,0.7025357579757825,0.1806440668446314,0.00975609756097561,analytic,0d6e97d61676f468,results/raw/interaction_transfer/target/0d6e97d61676f468.json,8,512,hybrid,B
bank,910,0,0.31622776601683794,0.053414634146341455,8.0,soft,0.7455564732389695,0.1806440668446314,0.01951219512195122,analytic,72f23080a5b3eec2,results/raw/interaction_transfer/target/72f23080a5b3eec2.json,8,512,hybrid,B
bank,911,0,0.31622776601683794,0.0,1.0,hard,0.4108778889748977,1.0,0.0024390243902439024,global,737afeffcf9ee0e0,results/raw/interaction_transfer/target/737afeffcf9ee0e0.json,8,512,hybrid,B
bank,911,0,0.31622776601683794,0.013353658536585364,2.0,soft,0.5652133815520293,0.1806440668446314,0.004878048780487805,analytic,cfc52a86615a0921,results/raw/interaction_transfer/target/cfc52a86615a0921.json,8,512,hybrid,B
bank,911,0,0.31622776601683794,0.026707317073170728,4.0,soft,0.6841251520513103,0.1806440668446314,0.00975609756097561,analytic,445e71d67644466c,results/raw/interaction_transfer/target/445e71d67644466c.json,8,512,hybrid,B
bank,911,0,0.31622776601683794,0.053414634146341455,8.0,soft,0.7095620403903571,0.1806440668446314,0.01951219512195122,analytic,87a6580e51aea619,results/raw/interaction_transfer/target/87a6580e51aea619.json,8,512,hybrid,B
bank,912,0,0.31622776601683794,0.0,1.0,hard,0.3988418614536105,1.0,0.0024390243902439024,global,0bf40536d054c214,results/raw/interaction_transfer/target/0bf40536d054c214.json,8,512,hybrid,B
bank,912,0,0.31622776601683794,0.013353658536585364,2.0,soft,0.5147743765896273,0.1806440668446314,0.004878048780487805,analytic,9f9afb041ac1b489,results/raw/interaction_transfer/target/9f9afb041ac1b489.json,8,512,hybrid,B
bank,912,0,0.31622776601683794,0.026707317073170728,4.0,soft,0.6280111774991706,0.1806440668446314,0.00975609756097561,analytic,8619738bb3bac605,results/raw/interaction_transfer/target/8619738bb3bac605.json,8,512,hybrid,B
bank,912,0,0.31622776601683794,0.053414634146341455,8.0,soft,0.826716149577021,0.1806440668446314,0.01951219512195122,analytic,7b80f04cd3bf4b21,results/raw/interaction_transfer/target/7b80f04cd3bf4b21.json,8,512,hybrid,B
bank,913,0,0.31622776601683794,0.0,1.0,hard,0.4062724621254009,1.0,0.0024390243902439024,global,09453033df201ec0,results/raw/interaction_transfer/target/09453033df201ec0.json,8,512,hybrid,B
bank,913,0,0.31622776601683794,0.013353658536585364,2.0,soft,0.5514148547218843,0.1806440668446314,0.004878048780487805,analytic,bf5193791c78f98c,results/raw/interaction_transfer/target/bf5193791c78f98c.json,8,512,hybrid,B
bank,913,0,0.31622776601683794,0.026707317073170728,4.0,soft,0.6108293362269158,0.1806440668446314,0.00975609756097561,analytic,5f8207c34c90259f,results/raw/interaction_transfer/target/5f8207c34c90259f.json,8,512,hybrid,B
bank,913,0,0.31622776601683794,0.053414634146341455,8.0,soft,0.7147212018273803,0.1806440668446314,0.01951219512195122,analytic,c1660f036e2aeed5,results/raw/interaction_transfer/target/c1660f036e2aeed5.json,8,512,hybrid,B
bank,914,0,0.31622776601683794,0.0,1.0,hard,0.35133031937686604,1.0,0.0024390243902439024,global,7fcfcdaae4726a4a,results/raw/interaction_transfer/target/7fcfcdaae4726a4a.json,8,512,hybrid,B
bank,914,0,0.31622776601683794,0.013353658536585364,2.0,soft,0.5551802412777838,0.1806440668446314,0.004878048780487805,analytic,c62bbc8af955127c,results/raw/interaction_transfer/target/c62bbc8af955127c.json,8,512,hybrid,B
bank,914,0,0.31622776601683794,0.026707317073170728,4.0,soft,0.6705591082190644,0.1806440668446314,0.00975609756097561,analytic,9cfd75b743308738,results/raw/interaction_transfer/target/9cfd75b743308738.json,8,512,hybrid,B
bank,914,0,0.31622776601683794,0.053414634146341455,8.0,soft,0.8025598183677982,0.1806440668446314,0.01951219512195122,analytic,98a39f6e12442a82,results/raw/interaction_transfer/target/98a39f6e12442a82.json,8,512,hybrid,B
bank,915,0,0.31622776601683794,0.0,1.0,hard,0.4066055063308636,1.0,0.0024390243902439024,global,60d6d2d140e9b601,results/raw/interaction_transfer/target/60d6d2d140e9b601.json,8,512,hybrid,B
bank,915,0,0.31622776601683794,0.013353658536585364,2.0,soft,0.5578899943326329,0.1806440668446314,0.004878048780487805,analytic,e3e1fa10819d6f47,results/raw/interaction_transfer/target/e3e1fa10819d6f47.json,8,512,hybrid,B
bank,915,0,0.31622776601683794,0.026707317073170728,4.0,soft,0.6760170159239189,0.1806440668446314,0.00975609756097561,analytic,44edeb2fff0dae24,results/raw/interaction_transfer/target/44edeb2fff0dae24.json,8,512,hybrid,B
bank,915,0,0.31622776601683794,0.053414634146341455,8.0,soft,0.8033406796002434,0.1806440668446314,0.01951219512195122,analytic,2dd35599bf2c2a0d,results/raw/interaction_transfer/target/2dd35599bf2c2a0d.json,8,512,hybrid,B
bank,910,0,0.5623413251903491,0.0,1.0,hard,0.38232014748977117,1.0,0.0024390243902439024,global,bda81e91e62204f6,results/raw/interaction_transfer/target/bda81e91e62204f6.json,8,512,hybrid,B
bank,910,0,0.5623413251903491,0.013353658536585364,2.0,soft,0.549375509717461,0.18064406684463138,0.004878048780487805,analytic,8d9c2761348c3ebb,results/raw/interaction_transfer/target/8d9c2761348c3ebb.json,8,512,hybrid,B
bank,910,0,0.5623413251903491,0.026707317073170728,4.0,soft,0.6605111083849386,0.18064406684463138,0.00975609756097561,analytic,9297a512e23ef7ac,results/raw/interaction_transfer/target/9297a512e23ef7ac.json,8,512,hybrid,B
bank,910,0,0.5623413251903491,0.053414634146341455,8.0,soft,0.6947532362739135,0.18064406684463138,0.01951219512195122,analytic,1f9837e03420c6e9,results/raw/interaction_transfer/target/1f9837e03420c6e9.json,8,512,hybrid,B
bank,911,0,0.5623413251903491,0.0,1.0,hard,0.4232084727137012,1.0,0.0024390243902439024,global,c86c7d5f4daadee8,results/raw/interaction_transfer/target/c86c7d5f4daadee8.json,8,512,hybrid,B
bank,911,0,0.5623413251903491,0.013353658536585364,2.0,soft,0.5159362300259869,0.18064406684463138,0.004878048780487805,analytic,b7b6d75bb2e39c25,results/raw/interaction_transfer/target/b7b6d75bb2e39c25.json,8,512,hybrid,B
bank,911,0,0.5623413251903491,0.026707317073170728,4.0,soft,0.6665835712014818,0.18064406684463138,0.00975609756097561,analytic,f6461810c980711f,results/raw/interaction_transfer/target/f6461810c980711f.json,8,512,hybrid,B
bank,911,0,0.5623413251903491,0.053414634146341455,8.0,soft,0.7150189113817317,0.18064406684463138,0.01951219512195122,analytic,073163a4236d4f93,results/raw/interaction_transfer/target/073163a4236d4f93.json,8,512,hybrid,B
bank,912,0,0.5623413251903491,0.0,1.0,hard,0.3932223128386597,1.0,0.0024390243902439024,global,e67d5a0c14002071,results/raw/interaction_transfer/target/e67d5a0c14002071.json,8,512,hybrid,B
bank,912,0,0.5623413251903491,0.013353658536585364,2.0,soft,0.5733521007270816,0.18064406684463138,0.004878048780487805,analytic,92745b46befa6fe3,results/raw/interaction_transfer/target/92745b46befa6fe3.json,8,512,hybrid,B
bank,912,0,0.5623413251903491,0.026707317073170728,4.0,soft,0.6625323109034613,0.18064406684463138,0.00975609756097561,analytic,bb98988381612b4b,results/raw/interaction_transfer/target/bb98988381612b4b.json,8,512,hybrid,B
bank,912,0,0.5623413251903491,0.053414634146341455,8.0,soft,0.7812860257934313,0.18064406684463138,0.01951219512195122,analytic,bd249b18e0fec4a4,results/raw/interaction_transfer/target/bd249b18e0fec4a4.json,8,512,hybrid,B
bank,913,0,0.5623413251903491,0.0,1.0,hard,0.3792345857984077,1.0,0.0024390243902439024,global,1d9c2c536ebabcbf,results/raw/interaction_transfer/target/1d9c2c536ebabcbf.json,8,512,hybrid,B
bank,913,0,0.5623413251903491,0.013353658536585364,2.0,soft,0.541720201398872,0.18064406684463138,0.004878048780487805,analytic,d73c889bd9f5f497,results/raw/interaction_transfer/target/d73c889bd9f5f497.json,8,512,hybrid,B
bank,913,0,0.5623413251903491,0.026707317073170728,4.0,soft,0.6714753901498396,0.18064406684463138,0.00975609756097561,analytic,57db099f6ab99397,results/raw/interaction_transfer/target/57db099f6ab99397.json,8,512,hybrid,B
bank,913,0,0.5623413251903491,0.053414634146341455,8.0,soft,0.7387705355661838,0.18064406684463138,0.01951219512195122,analytic,248c921a167f3503,results/raw/interaction_transfer/target/248c921a167f3503.json,8,512,hybrid,B
bank,914,0,0.5623413251903491,0.0,1.0,hard,0.38893005985292495,1.0,0.0024390243902439024,global,75f593f395b09753,results/raw/interaction_transfer/target/75f593f395b09753.json,8,512,hybrid,B
bank,914,0,0.5623413251903491,0.013353658536585364,2.0,soft,0.5410881085508127,0.18064406684463138,0.004878048780487805,analytic,6de756bf6beecfa7,results/raw/interaction_transfer/target/6de756bf6beecfa7.json,8,512,hybrid,B
bank,914,0,0.5623413251903491,0.026707317073170728,4.0,soft,0.6387808595045892,0.18064406684463138,0.00975609756097561,analytic,a228b3af62c1ed02,results/raw/interaction_transfer/target/a228b3af62c1ed02.json,8,512,hybrid,B
bank,914,0,0.5623413251903491,0.053414634146341455,8.0,soft,0.7446974697279665,0.18064406684463138,0.01951219512195122,analytic,241fcd3b031af8f2,results/raw/interaction_transfer/target/241fcd3b031af8f2.json,8,512,hybrid,B
bank,915,0,0.5623413251903491,0.0,1.0,hard,0.38355163351487337,1.0,0.0024390243902439024,global,eb21e68b1943a5e4,results/raw/interaction_transfer/target/eb21e68b1943a5e4.json,8,512,hybrid,B
bank,915,0,0.5623413251903491,0.013353658536585364,2.0,soft,0.5234684718152162,0.18064406684463138,0.004878048780487805,analytic,0d7aef680d7a6ef3,results/raw/interaction_transfer/target/0d7aef680d7a6ef3.json,8,512,hybrid,B
bank,915,0,0.5623413251903491,0.026707317073170728,4.0,soft,0.7177754461323677,0.18064406684463138,0.00975609756097561,analytic,8693be235f4bd709,results/raw/interaction_transfer/target/8693be235f4bd709.json,8,512,hybrid,B
bank,915,0,0.5623413251903491,0.053414634146341455,8.0,soft,0.8208385456983303,0.18064406684463138,0.01951219512195122,analytic,f00c54d2ca69e1bf,results/raw/interaction_transfer/target/f00c54d2ca69e1bf.json,8,512,hybrid,B
bank,910,0,0.6,0.0,1.0,hard,0.3945517682876258,1.0,0.0024390243902439024,global,6c96da7c8589fa54,results/raw/interaction_transfer/target/6c96da7c8589fa54.json,8,512,hybrid,B
bank,910,0,0.6,0.013353658536585364,2.0,soft,0.45671293576523275,0.1806440668446314,0.004878048780487805,analytic,0ba21f6692b58ef2,results/raw/interaction_transfer/target/0ba21f6692b58ef2.json,8,512,hybrid,B
bank,910,0,0.6,0.026707317073170728,4.0,soft,0.6969052806728961,0.1806440668446314,0.00975609756097561,analytic,422f20934c13bc8e,results/raw/interaction_transfer/target/422f20934c13bc8e.json,8,512,hybrid,B
bank,910,0,0.6,0.053414634146341455,8.0,soft,0.8524774428425301,0.1806440668446314,0.01951219512195122,analytic,4e4d9bccaf1b09d5,results/raw/interaction_transfer/target/4e4d9bccaf1b09d5.json,8,512,hybrid,B
bank,911,0,0.6,0.0,1.0,hard,0.42354566377308417,1.0,0.0024390243902439024,global,de902a89412a2b7c,results/raw/interaction_transfer/target/de902a89412a2b7c.json,8,512,hybrid,B
bank,911,0,0.6,0.013353658536585364,2.0,soft,0.535469683042132,0.1806440668446314,0.004878048780487805,analytic,3ba43596f3cd65dd,results/raw/interaction_transfer/target/3ba43596f3cd65dd.json,8,512,hybrid,B
bank,911,0,0.6,0.026707317073170728,4.0,soft,0.6756201706430388,0.1806440668446314,0.00975609756097561,analytic,2ffd431b6b91e636,results/raw/interaction_transfer/target/2ffd431b6b91e636.json,8,512,hybrid,B
bank,911,0,0.6,0.053414634146341455,8.0,soft,0.7509186577325003,0.1806440668446314,0.01951219512195122,analytic,5ba3f556a3fafb4b,results/raw/interaction_transfer/target/5ba3f556a3fafb4b.json,8,512,hybrid,B
bank,912,0,0.6,0.0,1.0,hard,0.4075653734241955,1.0,0.0024390243902439024,global,7bbcfe8c3dbf377f,results/raw/interaction_transfer/target/7bbcfe8c3dbf377f.json,8,512,hybrid,B
bank,912,0,0.6,0.013353658536585364,2.0,soft,0.5345862735679531,0.1806440668446314,0.004878048780487805,analytic,3e63e676a4ae6b11,results/raw/interaction_transfer/target/3e63e676a4ae6b11.json,8,512,hybrid,B
bank,912,0,0.6,0.026707317073170728,4.0,soft,0.7404146335563419,0.1806440668446314,0.00975609756097561,analytic,d2c4eb7284167ce5,results/raw/interaction_transfer/target/d2c4eb7284167ce5.json,8,512,hybrid,B
bank,912,0,0.6,0.053414634146341455,8.0,soft,0.7812851186691363,0.1806440668446314,0.01951219512195122,analytic,04c68c756521082c,results/raw/interaction_transfer/target/04c68c756521082c.json,8,512,hybrid,B
bank,913,0,0.6,0.0,1.0,hard,0.37680858986232446,1.0,0.0024390243902439024,global,72eff2710cfe3b34,results/raw/interaction_transfer/target/72eff2710cfe3b34.json,8,512,hybrid,B
bank,913,0,0.6,0.013353658536585364,2.0,soft,0.4913301811484021,0.1806440668446314,0.004878048780487805,analytic,1dc2c26d1ec0ca8b,results/raw/interaction_transfer/target/1dc2c26d1ec0ca8b.json,8,512,hybrid,B
bank,913,0,0.6,0.026707317073170728,4.0,soft,0.6349014344658851,0.1806440668446314,0.00975609756097561,analytic,a7e4e8de7fbf5db8,results/raw/interaction_transfer/target/a7e4e8de7fbf5db8.json,8,512,hybrid,B
bank,913,0,0.6,0.053414634146341455,8.0,soft,0.7491022061262856,0.1806440668446314,0.01951219512195122,analytic,e50d3a325c920860,results/raw/interaction_transfer/target/e50d3a325c920860.json,8,512,hybrid,B
bank,914,0,0.6,0.0,1.0,hard,0.3913034425798961,1.0,0.0024390243902439024,global,120390e2e4b96077,results/raw/interaction_transfer/target/120390e2e4b96077.json,8,512,hybrid,B
bank,914,0,0.6,0.013353658536585364,2.0,soft,0.5614622930028751,0.1806440668446314,0.004878048780487805,analytic,bc9069657fb09163,results/raw/interaction_transfer/target/bc9069657fb09163.json,8,512,hybrid,B
bank,914,0,0.6,0.026707317073170728,4.0,soft,0.6330947452449409,0.1806440668446314,0.00975609756097561,analytic,0d2fab642f17c022,results/raw/interaction_transfer/target/0d2fab642f17c022.json,8,512,hybrid,B
bank,914,0,0.6,0.053414634146341455,8.0,soft,0.6612032010256552,0.1806440668446314,0.01951219512195122,analytic,b6fd1acf751fadc3,results/raw/interaction_transfer/target/b6fd1acf751fadc3.json,8,512,hybrid,B
bank,915,0,0.6,0.0,1.0,hard,0.3950986778447418,1.0,0.0024390243902439024,global,ec433e8344580256,results/raw/interaction_transfer/target/ec433e8344580256.json,8,512,hybrid,B
bank,915,0,0.6,0.013353658536585364,2.0,soft,0.541979077394117,0.1806440668446314,0.004878048780487805,analytic,4f41f3752c3bde7e,results/raw/interaction_transfer/target/4f41f3752c3bde7e.json,8,512,hybrid,B
bank,915,0,0.6,0.026707317073170728,4.0,soft,0.7101379779249144,0.1806440668446314,0.00975609756097561,analytic,a68dc1abed7b1f73,results/raw/interaction_transfer/target/a68dc1abed7b1f73.json,8,512,hybrid,B
bank,915,0,0.6,0.053414634146341455,8.0,soft,0.7826385913137235,0.1806440668446314,0.01951219512195122,analytic,addb5392c625824d,results/raw/interaction_transfer/target/addb5392c625824d.json,8,512,hybrid,B
bank,910,0,1.0,0.0,1.0,hard,0.3493938249889418,1.0,0.0024390243902439024,global,a1acd4786dc5f611,results/raw/interaction_transfer/target/a1acd4786dc5f611.json,8,512,hybrid,B
bank,910,0,1.0,0.013353658536585364,2.0,soft,0.513281725160345,0.1806440668446314,0.004878048780487805,analytic,6b591e082986343c,results/raw/interaction_transfer/target/6b591e082986343c.json,8,512,hybrid,B
bank,910,0,1.0,0.026707317073170728,4.0,soft,0.5610288171790334,0.1806440668446314,0.00975609756097561,analytic,20ff6dd9522992a6,results/raw/interaction_transfer/target/20ff6dd9522992a6.json,8,512,hybrid,B
bank,910,0,1.0,0.053414634146341455,8.0,soft,0.7362438056369568,0.1806440668446314,0.01951219512195122,analytic,a5a77d177f70f5da,results/raw/interaction_transfer/target/a5a77d177f70f5da.json,8,512,hybrid,B
bank,911,0,1.0,0.0,1.0,hard,0.3728618648402079,1.0,0.0024390243902439024,global,1fee90a604dbdc1d,results/raw/interaction_transfer/target/1fee90a604dbdc1d.json,8,512,hybrid,B
bank,911,0,1.0,0.013353658536585364,2.0,soft,0.48481391856961176,0.1806440668446314,0.004878048780487805,analytic,f8602329dcded329,results/raw/interaction_transfer/target/f8602329dcded329.json,8,512,hybrid,B
bank,911,0,1.0,0.026707317073170728,4.0,soft,0.7627247940395886,0.1806440668446314,0.00975609756097561,analytic,6a357100a625143d,results/raw/interaction_transfer/target/6a357100a625143d.json,8,512,hybrid,B
bank,911,0,1.0,0.053414634146341455,8.0,soft,0.7893809438239522,0.1806440668446314,0.01951219512195122,analytic,cba78a31f00c491a,results/raw/interaction_transfer/target/cba78a31f00c491a.json,8,512,hybrid,B
bank,912,0,1.0,0.0,1.0,hard,0.39951473169855134,1.0,0.0024390243902439024,global,c89e71bf68c254e3,results/raw/interaction_transfer/target/c89e71bf68c254e3.json,8,512,hybrid,B
bank,912,0,1.0,0.013353658536585364,2.0,soft,0.4969257557641269,0.1806440668446314,0.004878048780487805,analytic,7464af9f5f1d0ad8,results/raw/interaction_transfer/target/7464af9f5f1d0ad8.json,8,512,hybrid,B
bank,912,0,1.0,0.026707317073170728,4.0,soft,0.6049656847838107,0.1806440668446314,0.00975609756097561,analytic,2aa22fcf89da6835,results/raw/interaction_transfer/target/2aa22fcf89da6835.json,8,512,hybrid,B
bank,912,0,1.0,0.053414634146341455,8.0,soft,0.7880928705213978,0.1806440668446314,0.01951219512195122,analytic,94f5a4ef93a8f4e7,results/raw/interaction_transfer/target/94f5a4ef93a8f4e7.json,8,512,hybrid,B
bank,913,0,1.0,0.0,1.0,hard,0.38897118282096643,1.0,0.0024390243902439024,global,a644c8d540b2c0f4,results/raw/interaction_transfer/target/a644c8d540b2c0f4.json,8,512,hybrid,B
bank,913,0,1.0,0.013353658536585364,2.0,soft,0.5541438733689041,0.1806440668446314,0.004878048780487805,analytic,2e16c15e47d329c6,results/raw/interaction_transfer/target/2e16c15e47d329c6.json,8,512,hybrid,B
bank,913,0,1.0,0.026707317073170728,4.0,soft,0.6676100903323012,0.1806440668446314,0.00975609756097561,analytic,bf2969df5debc08e,results/raw/interaction_transfer/target/bf2969df5debc08e.json,8,512,hybrid,B
bank,913,0,1.0,0.053414634146341455,8.0,soft,0.7819950946173837,0.1806440668446314,0.01951219512195122,analytic,7e88960cd2f04b10,results/raw/interaction_transfer/target/7e88960cd2f04b10.json,8,512,hybrid,B
bank,914,0,1.0,0.0,1.0,hard,0.36784326447252014,1.0,0.0024390243902439024,global,f1f54da1cdb57eea,results/raw/interaction_transfer/target/f1f54da1cdb57eea.json,8,512,hybrid,B
bank,914,0,1.0,0.013353658536585364,2.0,soft,0.5059812752266947,0.1806440668446314,0.004878048780487805,analytic,35cd135f6e7791a9,results/raw/interaction_transfer/target/35cd135f6e7791a9.json,8,512,hybrid,B
bank,914,0,1.0,0.026707317073170728,4.0,soft,0.6926522068174279,0.1806440668446314,0.00975609756097561,analytic,7eeb2e3cab23313a,results/raw/interaction_transfer/target/7eeb2e3cab23313a.json,8,512,hybrid,B
bank,914,0,1.0,0.053414634146341455,8.0,soft,0.7796408046970031,0.1806440668446314,0.01951219512195122,analytic,fc165c2340547d63,results/raw/interaction_transfer/target/fc165c2340547d63.json,8,512,hybrid,B
bank,915,0,1.0,0.0,1.0,hard,0.3937724621254009,1.0,0.0024390243902439024,global,a2be68d40eaedafe,results/raw/interaction_transfer/target/a2be68d40eaedafe.json,8,512,hybrid,B
bank,915,0,1.0,0.013353658536585364,2.0,soft,0.544216607458808,0.1806440668446314,0.004878048780487805,analytic,adc99af5be0ddad7,results/raw/interaction_transfer/target/adc99af5be0ddad7.json,8,512,hybrid,B
bank,915,0,1.0,0.026707317073170728,4.0,soft,0.6803093984988389,0.1806440668446314,0.00975609756097561,analytic,d0c1ff285ac650a8,results/raw/interaction_transfer/target/d0c1ff285ac650a8.json,8,512,hybrid,B
bank,915,0,1.0,0.053414634146341455,8.0,soft,0.7370134358067013,0.1806440668446314,0.01951219512195122,analytic,ab63fa40b395a56a,results/raw/interaction_transfer/target/ab63fa40b395a56a.json,8,512,hybrid,B
