dataset,seed,data_seed,rho,tau,theta,arm,error,q_actual,reach,calibration,id,source_json,rounds,nout,selection,adjacency,raw_sha256,synthetic_sha256
xor3,910,70,1e-05,0.0,1.0,hard,0.84765625,1.0,0.03571428571428571,global,6f7f9a25cbefaaf4,results/raw/interaction_transfer/target/6f7f9a25cbefaaf4.json,8,512,hybrid,B,7cb2410cc217b233894ea4315c2ba904ff98668657debabc284c0e79e1fe7d4f,b5572ccdb803245c79c5543f0e84bf285ab9c57dee98890aeb0a89b3f85c845a
xor3,910,70,1e-05,0.01,1.0,soft,0.8447499999999999,0.9453064264076342,0.03571428571428571,analytic,b47ae97704976a2d,results/raw/equal_noise_xor3/target/b47ae97704976a2d.json,8,512,hybrid,B,8649606d98ef48a8e1e2bf9d92adfb9088ea607be95cdccd3c9ed6cd12be2181,873be032268f73344628e8bd02f4b0f92542f8605b5ef8d2f2c5ea602b547eeb
xor3,910,70,1e-05,0.02,2.0,soft,0.9375,0.9453064264076342,0.07142857142857142,analytic,fde85b806d82081d,results/raw/equal_noise_xor3/target/fde85b806d82081d.json,8,512,hybrid,B,7b028af5ae5fb731d614cc784726ee9b67eeb3f46a84477be4289190e73f6806,b84b8110ef6ac75980b042c3484a03b05d894a474aa0ecd59d65de2fbbb851ea
xor3,910,70,1e-05,0.04,4.0,soft,0.90625,0.9453064264076342,0.14285714285714285,analytic,2622271bca703dd3,results/raw/equal_noise_xor3/target/2622271bca703dd3.json,8,512,hybrid,B,428639a56ede33cb0f279a5c37d094b1c575a3a0985053eb0d93742362623425,067a0bd942aadc5a203cb677d8ce67a15aa90d82219398aaff433e099aef648f
xor3,911,71,1e-05,0.0,1.0,hard,0.91796875,1.0,0.03571428571428571,global,37ef4745777795d9,results/raw/interaction_transfer/target/37ef4745777795d9.json,8,512,hybrid,B,53df8c0853483632bb7d7760805d927995ba4e7673cfe6dd5d06399b796915de,9e90e91faa44135a2f9bac1afa441ac165e79dd56bb67280c2ecd1e496d8a200
xor3,911,71,1e-05,0.01,1.0,soft,0.703125,0.9453064264076342,0.03571428571428571,analytic,0d924899321b169a,results/raw/equal_noise_xor3/target/0d924899321b169a.json,8,512,hybrid,B,1321466f072a2c01bff7d50cc2a3bdff19e975fc7ea29ee711b14115a582434e,ce3fbef383109fe55ad11f38a257590b18f3b94b8d697f65fc43cce56a439af4
xor3,911,71,1e-05,0.02,2.0,soft,0.73828125,0.9453064264076342,0.07142857142857142,analytic,5c1b217d40eb8001,results/raw/equal_noise_xor3/target/5c1b217d40eb8001.json,8,512,hybrid,B,ec3b00feba533bef48688d1aafbbc0dd1d96d15332da979540b7d876ca197e99,7f10db6221c0f4740ebb30f867a6921a4a0af3200d8be6b5c8a2d38902d034af
xor3,911,71,1e-05,0.04,4.0,soft,0.78125,0.9453064264076342,0.14285714285714285,analytic,1162fae0d0b46b44,results/raw/equal_noise_xor3/target/1162fae0d0b46b44.json,8,512,hybrid,B,632ded237996aed75009b67f9d7f229f7d2e8b46938eac8015d9ac50671fa696,03c8ba37710665f91b75a49cbc7086c2e66f0942fbb1438afb61c5203d3efa9a
xor3,912,72,1e-05,0.0,1.0,hard,0.84765625,1.0,0.03571428571428571,global,d9e5903c299f77da,results/raw/interaction_transfer/target/d9e5903c299f77da.json,8,512,hybrid,B,64ede5eecf27dbe97e64b2a90b882570da6282ec39348e321a6a8e1468c2ad9b,bea576364a53d73123da8ef6083b77cb3c227fa598e695d0df82227d17eb1826
xor3,912,72,1e-05,0.01,1.0,soft,1.13671875,0.9453064264076342,0.03571428571428571,analytic,2bc15dfd6c8dcf12,results/raw/equal_noise_xor3/target/2bc15dfd6c8dcf12.json,8,512,hybrid,B,4c61af895c9e7d937b0c32bb4b9f05bbf05b2f3a012154b84dc482a1a41a2e6c,2f5bc73691dbd868aa53ecc14b94d13821eecfc235b0cb4ea0cccf0bef76cb24
xor3,912,72,1e-05,0.02,2.0,soft,0.93359375,0.9453064264076342,0.07142857142857142,analytic,b55e1682486a410e,results/raw/equal_noise_xor3/target/b55e1682486a410e.json,8,512,hybrid,B,c14b5c807a905589473543edb48f7a402be14a46410acbc8f7998dc29f0247f6,8790b7d4ef493f8ddebd4e28a40257325cdb7a986e2d733cf0c96b12863bc6ff
xor3,912,72,1e-05,0.04,4.0,soft,0.8933437500000001,0.9453064264076342,0.14285714285714285,analytic,9830f4f0ec0ae785,results/raw/equal_noise_xor3/target/9830f4f0ec0ae785.json,8,512,hybrid,B,d304bf2602da7dbb54f8c087cc23abd9dac0c51e1de1683f37bf8f1cb853b428,bb38f09185c77b2e53c0ed9146ee90c57a0bca0ddcda0fbeeb2a8fa5f392224e
xor3,913,70,1e-05,0.0,1.0,hard,0.8828125,1.0,0.03571428571428571,global,50689cb6e99890c9,results/raw/interaction_transfer/target/50689cb6e99890c9.json,8,512,hybrid,B,7df13b5df8c05099838913aae34ee338ca2ee34fa356daea1c3eaff0a0e581ae,ec411caed60a389f8fb0db0ad28f224bda0b3d32ed50be8aa1959bb10d77f93b
xor3,913,70,1e-05,0.01,1.0,soft,0.984375,0.9453064264076342,0.03571428571428571,analytic,422d56e4074d1fa3,results/raw/equal_noise_xor3/target/422d56e4074d1fa3.json,8,512,hybrid,B,ddaa1da938cfc33a8bbbbe3e5ef7c12afd9f01a517254019ada3fe1b1205539f,7951ed3443aa56d0600bc3b07b0f045f04bef2a65091b8f07740622376f13022
xor3,913,70,1e-05,0.02,2.0,soft,1.01953125,0.9453064264076342,0.07142857142857142,analytic,d217d467377e209f,results/raw/equal_noise_xor3/target/d217d467377e209f.json,8,512,hybrid,B,a7c5212ff8d48eeffe49272a1b32516dfcab117c0c7d70ee2e4a3bf1c2d03b3b,6cbb9c889d53a6b3dfff40d265b2b2161470742463ccabf5195db1f82ff7aaed
xor3,913,70,1e-05,0.04,4.0,soft,0.9321124999999999,0.9453064264076342,0.14285714285714285,analytic,7e1663c786fc7073,results/raw/equal_noise_xor3/target/7e1663c786fc7073.json,8,512,hybrid,B,1dff6b8b3636c9028f193878b0b7724c4293c38ace2256aa7e5735602cc25a75,ba13034655758ed517178c19c3f14eccfe4864113473f426ca06bb334ceb1b31
xor3,914,71,1e-05,0.0,1.0,hard,1.14453125,1.0,0.03571428571428571,global,02008bccdea50bc3,results/raw/interaction_transfer/target/02008bccdea50bc3.json,8,512,hybrid,B,d859cf82377a03e9153268000212367b6416fec6b317265d6fa035bf777b32ab,246ca37552f130b4b67153cb73a6c3276cea42770603e5797adb087f92546ca4
xor3,914,71,1e-05,0.01,1.0,soft,1.10546875,0.9453064264076342,0.03571428571428571,analytic,866cbdc0bf3a585a,results/raw/equal_noise_xor3/target/866cbdc0bf3a585a.json,8,512,hybrid,B,0aecc8f7d2cd34c8907647f538da8749427a70c9c4f281ab229a0f728179ca8f,bf100d9a146fedf615ddde9177554219c58ae2928c9e1bf399c33f8ebb7401a8
xor3,914,71,1e-05,0.02,2.0,soft,1.0078125,0.9453064264076342,0.07142857142857142,analytic,d65c3bbb92e05cc7,results/raw/equal_noise_xor3/target/d65c3bbb92e05cc7.json,8,512,hybrid,B,6a115bce85ab1065f3342c7c9115bd669ee102b0a1a60c7afcc9253d2589ed7d,f5d998d13d5dda24a0b81f49e7eb8e4d7f4396c59daa846ca493921072d50974
xor3,914,71,1e-05,0.04,4.0,soft,1.23046875,0.9453064264076342,0.14285714285714285,analytic,61bfc4223505813c,results/raw/equal_noise_xor3/target/61bfc4223505813c.json,8,512,hybrid,B,b3375e2fee09815a7361122eaf4751321972b6a3a95530252adee2b2b9dafa15,c9d90c1a5f0c99e3e901560e7db02ecc613ebd78e5153f2c7700f3512d5ab5d2
xor3,915,72,1e-05,0.0,1.0,hard,0.80078125,1.0,0.03571428571428571,global,6643941aeccfeb81,results/raw/interaction_transfer/target/6643941aeccfeb81.json,8,512,hybrid,B,ddf70cd4a8d1dbd2c9a5ecdb8179cec7cadce2fe443928d86f1bd3c4ba2250b4,d868f52f993f411000685ea127273371d1d0d3ba83af9b729dd7fb96118d2a31
xor3,915,72,1e-05,0.01,1.0,soft,1.0234375,0.9453064264076342,0.03571428571428571,analytic,2e1ec32d791bfb3b,results/raw/equal_noise_xor3/target/2e1ec32d791bfb3b.json,8,512,hybrid,B,e5c3cc9f319c83ee09b9423457c1613c24915f64995b6f767e56886bd3b8a88c,66dc95e175eb1a2611ae132dad4be89a8b8b5c75c27ff15c5ca76f5c9c2ea54a
xor3,915,72,1e-05,0.02,2.0,soft,1.0390625,0.9453064264076342,0.07142857142857142,analytic,f24d4b1f825fc0a6,results/raw/equal_noise_xor3/target/f24d4b1f825fc0a6.json,8,512,hybrid,B,0e86375d5b1935536018724856bbfcc950d120546e66d20b025cbd87a1db4cdf,3c905f3de86bae3a6827c4fb952b90dc754ea80e889047fca7cac08db543e972
xor3,915,72,1e-05,0.04,4.0,soft,0.94921875,0.9453064264076342,0.14285714285714285,analytic,8c6fce8f358bc8cd,results/raw/equal_noise_xor3/target/8c6fce8f358bc8cd.json,8,512,hybrid,B,1869de144952d04b6b1f5788ee5fb7de5445ba4e50f0bfe6954af6d04affb434,7aa9913e4454dde5b083669109938a5fc939cb8e00948bffc64c8028588d25b5
xor3,910,70,3e-05,0.0,1.0,hard,0.91796875,1.0,0.03571428571428571,global,8045d3acd1481d37,results/raw/interaction_transfer/target/8045d3acd1481d37.json,8,512,hybrid,B,484321c31012c743d6b334a3daf715c4ae6f4fb5e81085d3a156f47cf9fe743b,2382cba5f4edc06c50ca1b033323aadff87b527ccf9dd42d2eb5936d1dd7cccd
xor3,910,70,3e-05,0.01,1.0,soft,0.81640625,0.9453064264076341,0.03571428571428571,analytic,0852595d8a369eac,results/raw/equal_noise_xor3/target/0852595d8a369eac.json,8,512,hybrid,B,2c867399bb36b3093d2df642035610b61f6f6f70e5fa3932585208504faec1af,b8429ed0dff3d1f65e25650c93fa9e39aad693359111b97fade4d5d0f92b8ab3
xor3,910,70,3e-05,0.02,2.0,soft,0.69140625,0.9453064264076341,0.07142857142857142,analytic,94f01923f54757eb,results/raw/equal_noise_xor3/target/94f01923f54757eb.json,8,512,hybrid,B,02ce6b7e6f819e4b89613f3ec2c063cbb0afeb5f5111b5a69d37bd0b321bea8a,f6ce8b2cc72e4cef0e3f2b7bb61cd97faa4343b81d23deccf4d95c3170f5097e
xor3,910,70,3e-05,0.04,4.0,soft,0.92235625,0.9453064264076341,0.14285714285714285,analytic,6e39d4e2b1f654bd,results/raw/equal_noise_xor3/target/6e39d4e2b1f654bd.json,8,512,hybrid,B,ebc64ff395684c071234c6e1ef8da7a5cf138bfcc5165da36befdbf63097148f,f598d5325d1db8482a6a29525798bde1b1df09c7ff90a673dab44b52589331fc
xor3,911,71,3e-05,0.0,1.0,hard,0.94140625,1.0,0.03571428571428571,global,c7e4f36994c1836d,results/raw/interaction_transfer/target/c7e4f36994c1836d.json,8,512,hybrid,B,06676b26ad9452845af610c63cb9eba78fd4f7a234c29d95252aec9c4b8f0794,fbd635a6b598b84a2e18b2ce6754f4820c6bf13bd8afaa979125bdde0d396c76
xor3,911,71,3e-05,0.01,1.0,soft,0.55859375,0.9453064264076341,0.03571428571428571,analytic,174de2bba1706930,results/raw/equal_noise_xor3/target/174de2bba1706930.json,8,512,hybrid,B,630f8b800814d10ea8977f76dcf100e14808f39b013e6a45776ea7658e02616b,a0c5f170b1d7121571803d965a81fc57290b9b7dad3eac2bd0a0433bd89d867d
xor3,911,71,3e-05,0.02,2.0,soft,0.69921875,0.9453064264076341,0.07142857142857142,analytic,730f02eb8bae442f,results/raw/equal_noise_xor3/target/730f02eb8bae442f.json,8,512,hybrid,B,fa2cf580ed002d2963a97419135c84b4f0239ca1fcae35e72182a18228fc6bc6,6f6bfe9d33692585713e4a256e787fb5a134582ccebaa3ab3981b5ec7bf5ac42
xor3,911,71,3e-05,0.04,4.0,soft,0.796875,0.9453064264076341,0.14285714285714285,analytic,32001126186ddada,results/raw/equal_noise_xor3/target/32001126186ddada.json,8,512,hybrid,B,c5edbce852c6ea67ed5f4e65167f8dd47268ae1ea9eaf7ac6d60d76cfcbb2983,169df08e783f802d4f33a214be4a4e949cb94cfb8c795841cc7cc7f40d64f896
xor3,912,72,3e-05,0.0,1.0,hard,0.9960937499999999,1.0,0.03571428571428571,global,c42028b8d833077b,results/raw/interaction_transfer/target/c42028b8d833077b.json,8,512,hybrid,B,4edc421f0c40a03f0393aaf272d448a3884066f0b2cc682e4fbfcfac9b170b37,649272cb9f38330c1cd2ddbc8d705a5d53801366e2591f80376353ba49ba74b5
xor3,912,72,3e-05,0.01,1.0,soft,1.03515625,0.9453064264076341,0.03571428571428571,analytic,5b2fbc14845a64dc,results/raw/equal_noise_xor3/target/5b2fbc14845a64dc.json,8,512,hybrid,B,ffe62e4b4d40b7e199f6c0fc0047ac5ed8809065333086c18771af6e3546b317,f8e0288d3b4eed3078b283bb5b95f4fc30c3e66201d2dae207015281d94557ab
xor3,912,72,3e-05,0.02,2.0,soft,0.8867187500000001,0.9453064264076341,0.07142857142857142,analytic,ed02fafa93e331f7,results/raw/equal_noise_xor3/target/ed02fafa93e331f7.json,8,512,hybrid,B,2edf25ee234202d382e1179919fcd011feccc00a1917ee85ab6bb1db22392ad2,e6d395d439be6ee8b0f459c9816c64542ceebe09d4fa53e59df15073fcb94a69
xor3,912,72,3e-05,0.04,4.0,soft,0.94921875,0.9453064264076341,0.14285714285714285,analytic,198a53a5f18a7ffd,results/raw/equal_noise_xor3/target/198a53a5f18a7ffd.json,8,512,hybrid,B,1d83a3d2ae8e05ff9e12a4c158bca8b20b72071036d5bc7385c55b7ca0752218,40de3f38953240e74ab54213aaf6846669b0c7581e708d22c8cc9870f857e6c2
xor3,913,70,3e-05,0.0,1.0,hard,0.7890625,1.0,0.03571428571428571,global,f31a8926cf8a9541,results/raw/interaction_transfer/target/f31a8926cf8a9541.json,8,512,hybrid,B,5dbdd47fbb3b21d3f215480aa7abf26e2d20826077205ca1c4a00d663a441026,188f1638e10a0ad30020cce7124165c981c12ef80e41e5dfa003ed665907fa59
xor3,913,70,3e-05,0.01,1.0,soft,0.97265625,0.9453064264076341,0.03571428571428571,analytic,62eb44d5bd975166,results/raw/equal_noise_xor3/target/62eb44d5bd975166.json,8,512,hybrid,B,0f2445b54796d41e44063d6146023e44127983ad072f6a932565d00a621527dd,3c285a9a74df6cf167821de4c6af4d72534d7cc4a011a9134ebd088d6ccdadb8
xor3,913,70,3e-05,0.02,2.0,soft,0.98828125,0.9453064264076341,0.07142857142857142,analytic,e278a1cadd2ed9f4,results/raw/equal_noise_xor3/target/e278a1cadd2ed9f4.json,8,512,hybrid,B,bb29ab2324ed7cac518f42bdc0e5404a6a925abc287800f1ae9bd9f077a67506,255630758c035b4d46e43b5ef49ffafd760abc11cf1d2db4d3bbc4c1b6bccf64
xor3,913,70,3e-05,0.04,4.0,soft,0.98046875,0.9453064264076341,0.14285714285714285,analytic,854315f3dbae5b8b,results/raw/equal_noise_xor3/target/854315f3dbae5b8b.json,8,512,hybrid,B,3e2d9f31bf804ffca16018bb281f6e25d539716fba8ac7a96bf604e85203666f,4ed8fc743526096fa792beb1243eb66eea9c4063fa0d98e2bc548191805191e2
xor3,914,71,3e-05,0.0,1.0,hard,0.97265625,1.0,0.03571428571428571,global,e16402a9a1bbe599,results/raw/interaction_transfer/target/e16402a9a1bbe599.json,8,512,hybrid,B,464e156b5ed865c24a3b5a3530982f63ec08e63fb412e585d0d2a062e2cab54e,ecc5bd355945bb62014fdc21e01561a6122bd598a31f97d428a52a408dba6f97
xor3,914,71,3e-05,0.01,1.0,soft,0.83203125,0.9453064264076341,0.03571428571428571,analytic,701762e23dfdc9ad,results/raw/equal_noise_xor3/target/701762e23dfdc9ad.json,8,512,hybrid,B,a7b26c7314e38fbb337820b3804b2f92128c2b9b358b020ee837fe7178c86dee,ca85fbaf3b3e6e2a29ac24e11610e0aafbf480db7dfc6b0e2c74d74311832815
xor3,914,71,3e-05,0.02,2.0,soft,0.90625,0.9453064264076341,0.07142857142857142,analytic,3cad9485e61e9da3,results/raw/equal_noise_xor3/target/3cad9485e61e9da3.json,8,512,hybrid,B,9ae570ebda16008d7b0e3f832450ea0942ac088be94c94a3730a460347255683,b35cedd820ea8e9d3d0e12955550bdc91dafded06d6713b1f492469531399be4
xor3,914,71,3e-05,0.04,4.0,soft,1.03125,0.9453064264076341,0.14285714285714285,analytic,3aaa7ec9aeadabfd,results/raw/equal_noise_xor3/target/3aaa7ec9aeadabfd.json,8,512,hybrid,B,45e9c453a9976978e01b3e7f25e62a2617f5152f5683628fa27c3919f6f4d9d7,f32e5bd7ca2318ea0e31f54cb34ef6d48a0bb3d7b1b15da745781dacc36cd628
xor3,915,72,3e-05,0.0,1.0,hard,0.98046875,1.0,0.03571428571428571,global,b3964723e9d73ffc,results/raw/interaction_transfer/target/b3964723e9d73ffc.json,8,512,hybrid,B,cec550d4c325d780dc7faeded64b196a3a3ac7892b9fd1238c2888b6a4c2a958,f3f296248b7e05b118409dc101493e1cd16c96310a95c04946c82957a6bf270d
xor3,915,72,3e-05,0.01,1.0,soft,1.07421875,0.9453064264076341,0.03571428571428571,analytic,a58fb88a51780840,results/raw/equal_noise_xor3/target/a58fb88a51780840.json,8,512,hybrid,B,e3972f99708e0602db1c6f30f8231bcdc01d005f257a917b0a564b473a64b58d,d5449058675be5ee75f550b0adeafb7d1cbc0eaa49af548d60669b2c69d9cc34
xor3,915,72,3e-05,0.02,2.0,soft,1.0234375,0.9453064264076341,0.07142857142857142,analytic,1f355e03e324f352,results/raw/equal_noise_xor3/target/1f355e03e324f352.json,8,512,hybrid,B,322ee301da076f5d896cb744f6a9c9fc22f683cdd5bdf4683ee17f656eda9c78,ec1815fcabda37362ecb89bf21f76ff90ca75a89a4a182d921b8afa298db0d1c
xor3,915,72,3e-05,0.04,4.0,soft,0.99609375,0.9453064264076341,0.14285714285714285,analytic,34390845aaff2a60,results/raw/equal_noise_xor3/target/34390845aaff2a60.json,8,512,hybrid,B,490e5f0eed0d3bd380fd1149a2b7fedb7ce2aa32158a186ec6187238cb53ae2b,ac007c3780824c42231b83a56815d3df3da219c0aa6ec1b89bb77b89b0972e8f
xor3,910,70,0.0001,0.0,1.0,hard,0.88671875,1.0,0.03571428571428571,global,46c9dbe9ea6a066a,results/raw/interaction_transfer/target/46c9dbe9ea6a066a.json,8,512,hybrid,B,c475a72e9da04708f3266d86aec897f6e4ac1d83391a2b20dbbc7b3f2fcc6988,16aa7fade7a9f08f0857a31d7df85a23ddc8b8b74976642b9a47d75decb68d32
xor3,910,70,0.0001,0.01,1.0,soft,0.80859375,0.9453064264076342,0.03571428571428571,analytic,0fe060f46ca1d9f7,results/raw/equal_noise_xor3/target/0fe060f46ca1d9f7.json,8,512,hybrid,B,f6715677b8b774e9f3fa99e83e1ae0c8a4f2d326e20fe6431ab17528458197fb,94d7469399ce81d45e2c364a585e21e33f5b7d034451949d07f069ad8ae22e47
xor3,910,70,0.0001,0.02,2.0,soft,0.76171875,0.9453064264076342,0.07142857142857142,analytic,48bd817fa6f24a67,results/raw/equal_noise_xor3/target/48bd817fa6f24a67.json,8,512,hybrid,B,0efc23702964e379a4f2278b3118693f89e8b949240380244a5d5430d26626d5,472816c36fc4f3339e13036f752e3093bc3bb4ae40f76091d815350115715f5c
xor3,910,70,0.0001,0.04,4.0,soft,0.84765625,0.9453064264076342,0.14285714285714285,analytic,d1e4037c0c2eebf6,results/raw/equal_noise_xor3/target/d1e4037c0c2eebf6.json,8,512,hybrid,B,969e5274f7f2fd1738f98627a674244f46be454bf2dc1316357e43dce7819447,a92502b03d7093738a7679403fc95907c2e8598920eca849d7e02d8810b63e4c
xor3,911,71,0.0001,0.0,1.0,hard,0.7265625,1.0,0.03571428571428571,global,fff4b33e68a49eed,results/raw/interaction_transfer/target/fff4b33e68a49eed.json,8,512,hybrid,B,ac87a13baa90c93804483e5d3de6241f4570a8f302743916096b54e1ca3231e1,b4b550c4c570848abe19c5337c06f0918df8686fe6b9e98dbd2ab4475ac171e8
xor3,911,71,0.0001,0.01,1.0,soft,0.7265625,0.9453064264076342,0.03571428571428571,analytic,88cd1ecd116648b4,results/raw/equal_noise_xor3/target/88cd1ecd116648b4.json,8,512,hybrid,B,060b41354b37378404aadd9205499f517730c4a6ad33c5f95a794719ea569bb8,0bad1cc263c183528adc0a74250b04f96af67f1a363201c089c0bb27238f0c09
xor3,911,71,0.0001,0.02,2.0,soft,0.7385625,0.9453064264076342,0.07142857142857142,analytic,a69c7a2bd8983385,results/raw/equal_noise_xor3/target/a69c7a2bd8983385.json,8,512,hybrid,B,68702bd1b0724c9dff9caa962103ec54e65adbafde1c9e3e279a05042166c17f,3bffebd9212a562025ed13aeddc8e8663666154458d7504d1433334052747a11
xor3,911,71,0.0001,0.04,4.0,soft,0.70703125,0.9453064264076342,0.14285714285714285,analytic,018db25243936673,results/raw/equal_noise_xor3/target/018db25243936673.json,8,512,hybrid,B,5f11ca133c13562f6cb62d4d8a9f90b7e77c61854b7afe449ce4bedf4cde6f40,32dfb4ee957134e94a4eda287074a15adfd2b62cc3cd2515e9eda9eb99898ac4
xor3,912,72,0.0001,0.0,1.0,hard,0.8359375,1.0,0.03571428571428571,global,49c8abd4a7cba10e,results/raw/interaction_transfer/target/49c8abd4a7cba10e.json,8,512,hybrid,B,0c3b9f19fde4101a4830983adfd65a6390d906dfb6553f9c3428e77321c3d979,6745eaf8110ff5767bf91d909ae090a2aeba5675e4abfd14b9550a6e6c9e1b25
xor3,912,72,0.0001,0.01,1.0,soft,0.85546875,0.9453064264076342,0.03571428571428571,analytic,0ebb3e70be2a71ae,results/raw/equal_noise_xor3/target/0ebb3e70be2a71ae.json,8,512,hybrid,B,b9431e19d48e19aab04a2837066e91f062aa33be784d78429d007214e8d57a3f,7b3b1612adee565f56c32d300c09050116226018065cd3fd282554330402a58b
xor3,912,72,0.0001,0.02,2.0,soft,0.7761562500000001,0.9453064264076342,0.07142857142857142,analytic,78527be5cee09db1,results/raw/equal_noise_xor3/target/78527be5cee09db1.json,8,512,hybrid,B,7bfe96e8b5555b57be738a1fb311ff28f49727faf0c1df70dbedcc7f88c0ec26,4bb58764a2838c0e09bb18b2c4caa4787fc765b82166d2abd09cfd2eee5d707e
xor3,912,72,0.0001,0.04,4.0,soft,0.9414062500000001,0.9453064264076342,0.14285714285714285,analytic,8a036fedffe6fe05,results/raw/equal_noise_xor3/target/8a036fedffe6fe05.json,8,512,hybrid,B,39c76e9a2d4e555e285734be26d0a3614c52d7d284a14ba3e242cdacb7ea42e5,5118cbb30da2b14ceb4aa348cfe91bc655749cbe9824da5c4eb593562534cfe5
xor3,913,70,0.0001,0.0,1.0,hard,0.75,1.0,0.03571428571428571,global,f318d16070fae86e,results/raw/interaction_transfer/target/f318d16070fae86e.json,8,512,hybrid,B,e5c4440d0619b24a4060e127ed4717b209954f67c5aa26bf4daeb93d2118f0f8,7ecee828b5799bacebe6bf5d8d439163225029406def9b474be2c139e66269b6
xor3,913,70,0.0001,0.01,1.0,soft,0.79296875,0.9453064264076342,0.03571428571428571,analytic,0e2729946a14839e,results/raw/equal_noise_xor3/target/0e2729946a14839e.json,8,512,hybrid,B,389dc9d13ff438a6a411e88d6b402c5fdb3f21a6c7a96f0fe4f0fa0a4a0b1300,473cf11cb44e1306de48a9c56dae822685df5a464913542aab247c76a38f42b6
xor3,913,70,0.0001,0.02,2.0,soft,0.91015625,0.9453064264076342,0.07142857142857142,analytic,46b67edc559d95c6,results/raw/equal_noise_xor3/target/46b67edc559d95c6.json,8,512,hybrid,B,e535b86c9c6f7279031f333be32276939a444de33c6cfdeec12db06dd4125965,df5fd811a3ad03f72b9eaeebe6d9b8109de898fd82f520f1346ea674df553d0d
xor3,913,70,0.0001,0.04,4.0,soft,0.86328125,0.9453064264076342,0.14285714285714285,analytic,c73aa2c157d45e22,results/raw/equal_noise_xor3/target/c73aa2c157d45e22.json,8,512,hybrid,B,360de98022d18ab6abe0b4510556fb41f0ee799d236934b37dd4d1b13318dd1b,b77dbee91155d21fffdb463ec4ec880e0475aa84b002dffcd5e87a12b1a02051
xor3,914,71,0.0001,0.0,1.0,hard,0.96875,1.0,0.03571428571428571,global,cf46f1ed9acf96ea,results/raw/interaction_transfer/target/cf46f1ed9acf96ea.json,8,512,hybrid,B,61901f7f6bf9a206732e4a5c4e24b02a638e7c48d0caf1dea08f38cd1136a0f6,5845e6223b5776cfc6836e76cd7b8ad076c0b415d3a114b817d889daaad811c9
xor3,914,71,0.0001,0.01,1.0,soft,0.715125,0.9453064264076342,0.03571428571428571,analytic,3cbb02557c7d5f56,results/raw/equal_noise_xor3/target/3cbb02557c7d5f56.json,8,512,hybrid,B,59c2e66b9b06369b1c1f9bbc96eac3b4a461a3b8237283209718915ab17b50a5,37142935e2f0acbf93e3a2d6afc4d081e13d434e6609eba7194548e0a8905493
xor3,914,71,0.0001,0.02,2.0,soft,0.87890625,0.9453064264076342,0.07142857142857142,analytic,227cf4d87dfde59b,results/raw/equal_noise_xor3/target/227cf4d87dfde59b.json,8,512,hybrid,B,8c968aa9c42fde07c115f9483e68bb1eaa2194a19d26de6ab6e797f087909783,0eeb6c4ab6a232d81f948c979af79bc3357680d0a3bbfe92c501727a76bcc2fb
xor3,914,71,0.0001,0.04,4.0,soft,0.89453125,0.9453064264076342,0.14285714285714285,analytic,a0b4056524f23cd9,results/raw/equal_noise_xor3/target/a0b4056524f23cd9.json,8,512,hybrid,B,526f56c9944463d770b933aed10d2d8c590b16dfdb04014baabf44b01863b63e,d3ad950783beaa4a354aedf9d132fa287fd126a9654b83f01e856a109ea79830
xor3,915,72,0.0001,0.0,1.0,hard,0.73046875,1.0,0.03571428571428571,global,538350d13640ff83,results/raw/interaction_transfer/target/538350d13640ff83.json,8,512,hybrid,B,be02cb11e8d4e942201a45f7eed92876c0cadf631418fb900257644bbb5488cf,1c2d493caf9314bd5fc722143cf0191edefd3741696f6e3c826cd4f47c3e8d80
xor3,915,72,0.0001,0.01,1.0,soft,0.833725,0.9453064264076342,0.03571428571428571,analytic,1af18d1807c988be,results/raw/equal_noise_xor3/target/1af18d1807c988be.json,8,512,hybrid,B,463afc7b49caa1380149cc04d55b9ea42cdc7399db4214fb8cee5a761768a2df,6ea219bcec8a2b30acfebe77b6eb8ffb632b708b5cf1d20864ccaa2feae2013c
xor3,915,72,0.0001,0.02,2.0,soft,0.8593750000000001,0.9453064264076342,0.07142857142857142,analytic,549d28e86c67c38e,results/raw/equal_noise_xor3/target/549d28e86c67c38e.json,8,512,hybrid,B,39b77915ebcb3eacad96b46d7c5f991e78315e7661ee59465b9a859d6f8aa052,0af522609db2e4557e5386fe3b5faeab642873e91cb31c1a79cf61833b356cfa
xor3,915,72,0.0001,0.04,4.0,soft,0.92578125,0.9453064264076342,0.14285714285714285,analytic,50b924878d866ead,results/raw/equal_noise_xor3/target/50b924878d866ead.json,8,512,hybrid,B,32aa2e0e87e1bd2e59e6d9612312f036559dfa9bc4c0880b145460cadcbfb515,e8351d8de2222f3faa9565b8e917beabd9ed2c034b11597831e8666d08a0278f
xor3,910,70,0.0002,0.0,1.0,hard,0.859375,1.0,0.03571428571428571,global,3152249164f957e9,results/raw/interaction_transfer/target/3152249164f957e9.json,8,512,hybrid,B,0e5c1d0bdc8354c5220fc30a7c150fd2d3a5fbb8dcd59908935aef074a98e526,ca5669c2eefdcc89ae0ca4eee8a4094bc576e416f1d7097d7fba36001f22b7ae
xor3,910,70,0.0002,0.01,1.0,soft,0.89453125,0.9453064264076342,0.03571428571428571,analytic,11d744b0a018a7bc,results/raw/equal_noise_xor3/target/11d744b0a018a7bc.json,8,512,hybrid,B,6f4c136c445aacdc4cc14d10b663cd736d91b6e864b00845b0bb77fd824d505e,4ff272bffab404afca0aa4c073a3c1578cc789ddcb99c29ce081441963b76a0c
xor3,910,70,0.0002,0.02,2.0,soft,0.89453125,0.9453064264076342,0.07142857142857142,analytic,df9efed5e67f3462,results/raw/equal_noise_xor3/target/df9efed5e67f3462.json,8,512,hybrid,B,ce1a7ae8318316800b2f6dc7586c6fd02e91cfc97d99aaf20142459de31edd3a,868985336ddf3b5c829eb1dc405f540cdb5299c79e14edb0d8ab5c951c99ee64
xor3,910,70,0.0002,0.04,4.0,soft,0.83203125,0.9453064264076342,0.14285714285714285,analytic,d2f582a58493490b,results/raw/equal_noise_xor3/target/d2f582a58493490b.json,8,512,hybrid,B,6fb473c76b9b2f21b23b5c078f22665a6e6f7f03c80caea065bcfc1675bcbd73,fc02f6c16c195fd4ba996c50cdfdcc3a7ef522e0a9919a7785a66f4304e51b25
xor3,911,71,0.0002,0.0,1.0,hard,0.82421875,1.0,0.03571428571428571,global,2d06bd080f88eb25,results/raw/interaction_transfer/target/2d06bd080f88eb25.json,8,512,hybrid,B,5391135537e615cd9c3e1d643a5f50507b5a73d72c6ab2dbdc262fa90c4a7440,76b60696c1cef41b1e1eaa09bb287931b3a77955eed1cc8df74f20c63329e41f
xor3,911,71,0.0002,0.01,1.0,soft,0.62109375,0.9453064264076342,0.03571428571428571,analytic,19be23c101133867,results/raw/equal_noise_xor3/target/19be23c101133867.json,8,512,hybrid,B,cd52a521c23e5a45e35b19266ce7e3e79ee6ea05e19094f561a79c6b04a11f6f,99006f86a43a653b8cffc7069bda1680dd943a7a861374bb9bf201b29590fe4d
xor3,911,71,0.0002,0.02,2.0,soft,0.6328125,0.9453064264076342,0.07142857142857142,analytic,afaea0e9ad6a18f7,results/raw/equal_noise_xor3/target/afaea0e9ad6a18f7.json,8,512,hybrid,B,0d024cfbc58c3b8bbae0da25a1ce60a34c9133e667f908727a1d9d84a630dc94,2302ccc16e0f5b61b0b8b9c694b9469da11c5ba5455cfa6c917ca7bd41a81f2f
xor3,911,71,0.0002,0.04,4.0,soft,0.8125,0.9453064264076342,0.14285714285714285,analytic,5eef990e3ba98fa5,results/raw/equal_noise_xor3/target/5eef990e3ba98fa5.json,8,512,hybrid,B,a3119df368b5f959bede0ea66edc17fb194190b326d51d743fbe23a3b7fbdffa,dbb76f5fe504e97005b4bb7cb0e292b498c1c624cd315fd6eaa24dabc6bda5b1
xor3,912,72,0.0002,0.0,1.0,hard,0.76953125,1.0,0.03571428571428571,global,e8a83c1f0eba5559,results/raw/interaction_transfer/target/e8a83c1f0eba5559.json,8,512,hybrid,B,082be8e9860605c408fc2722e58589fb01e78d9cf425a1a012c735a09473171d,0291ac9288c3c214de7d861cfe02e29552b31ba96456d116a5f01ae9c48a840c
xor3,912,72,0.0002,0.01,1.0,soft,0.87109375,0.9453064264076342,0.03571428571428571,analytic,f2543fb5cbb19c9e,results/raw/equal_noise_xor3/target/f2543fb5cbb19c9e.json,8,512,hybrid,B,6b7debc8683d64d9323105c5194cb5eb3d85097034a4cf7241a01dcfb87d0813,a2944d1871679bb54def8f8151124e8362cb07d0017b88c3a39a8940385157d7
xor3,912,72,0.0002,0.02,2.0,soft,0.84375,0.9453064264076342,0.07142857142857142,analytic,5a56b49c34640af2,results/raw/equal_noise_xor3/target/5a56b49c34640af2.json,8,512,hybrid,B,69c2da4ed882c6477bcea979d579adc8780c206e8d455d1a0fe11e663431fcb2,68c69dd2f9120ecb6868bac0e349d0fba32389c1df3a5eb30732030f513358e8
xor3,912,72,0.0002,0.04,4.0,soft,0.9101562500000001,0.9453064264076342,0.14285714285714285,analytic,5b5057ddd94345db,results/raw/equal_noise_xor3/target/5b5057ddd94345db.json,8,512,hybrid,B,ddbe447c478add2e9d5cc5ce0037f31de4188f37aead9abb657a1a72063e95bc,ab9d757d111cc4db44dbb096dc6949b1cfbe428bb79c02ecaf534614d9e9ac79
xor3,913,70,0.0002,0.0,1.0,hard,0.73086875,1.0,0.03571428571428571,global,3bcea7dcc295b553,results/raw/interaction_transfer/target/3bcea7dcc295b553.json,8,512,hybrid,B,f2cb6b66116420dc2cf7f2d5de4cedb86951b77a28dcc4ddfc71146af213fa96,58cb9db1c7ac2e601404ec3642c58559271e05cc518ec7653dddc2118fa5ef84
xor3,913,70,0.0002,0.01,1.0,soft,0.84375,0.9453064264076342,0.03571428571428571,analytic,9460328a54c9d3c8,results/raw/equal_noise_xor3/target/9460328a54c9d3c8.json,8,512,hybrid,B,c3949f0ea17df37ad976fee6efc0eb7631d2117ef0d409e06ebc507a50cb1c6e,14d82f774ad5df0801172a549ac6ac5cb38ebfd6c1f2c3f9bde65cc45374e5e4
xor3,913,70,0.0002,0.02,2.0,soft,0.83984375,0.9453064264076342,0.07142857142857142,analytic,9596a56a60e5ad07,results/raw/equal_noise_xor3/target/9596a56a60e5ad07.json,8,512,hybrid,B,00dc124e411b144420cbe3f8d59cb4598899ad314dfba6df5345aa92b4d72441,fc2d8da8be060cf603a7afea8d53e7fa3b96cdb8c5959c15ea5c3f2e9ae19c7e
xor3,913,70,0.0002,0.04,4.0,soft,0.93359375,0.9453064264076342,0.14285714285714285,analytic,6d4c4410116a4874,results/raw/equal_noise_xor3/target/6d4c4410116a4874.json,8,512,hybrid,B,ec9f204cb7514a0dc48b16b881313d03726bbb0185be2a9cf3e26abeb3c177f8,97980e3e58210ce0df857915d6df94dd3de3d6f8d861063052e0f284889bfd34
xor3,914,71,0.0002,0.0,1.0,hard,0.671875,1.0,0.03571428571428571,global,3b67e8c9fb6581db,results/raw/interaction_transfer/target/3b67e8c9fb6581db.json,8,512,hybrid,B,4ec8a8b0821065e7372b623e6553f5e3cde6247900cb642b9269a51bb992f2fd,433b9f8f009df2cbd4c5d243e192cb750e2da34dd63fcf2ea5476b381f10e483
xor3,914,71,0.0002,0.01,1.0,soft,0.725775,0.9453064264076342,0.03571428571428571,analytic,9b01cbeb20f84b57,results/raw/equal_noise_xor3/target/9b01cbeb20f84b57.json,8,512,hybrid,B,985a05d59df200d8bf9e04ad09070ef8c53ac01f70c7179ac355dafccf841a8e,0270fdf97bb6b50f71ef4a977ba3df5ae9319585a8ec4291148c4d0db05298ac
xor3,914,71,0.0002,0.02,2.0,soft,0.82421875,0.9453064264076342,0.07142857142857142,analytic,058496cc110eb5cf,results/raw/equal_noise_xor3/target/058496cc110eb5cf.json,8,512,hybrid,B,15a9cc1b1636f62c3cb26db41327af70d399dc6a50c319c7e6f2dbd0ceeffa6d,8f28d2c0802772c21be10b6824e6f58e30e3d97c13e93546dfd2dce6cf30798b
xor3,914,71,0.0002,0.04,4.0,soft,0.83203125,0.9453064264076342,0.14285714285714285,analytic,2ea6adbb31e9c5a1,results/raw/equal_noise_xor3/target/2ea6adbb31e9c5a1.json,8,512,hybrid,B,ddebe841d5668c4bf641c4321930affcf704e42d13dfa3abe264aa1c3555bac7,a4a3632c8d638ae75041cc5d81953107dd8f7eeea1f2f103ce506b2c7f967024
xor3,915,72,0.0002,0.0,1.0,hard,0.70481875,1.0,0.03571428571428571,global,6ba44e17267a41df,results/raw/interaction_transfer/target/6ba44e17267a41df.json,8,512,hybrid,B,1484f8db63bcf837f4a554eff320320556ca43f9dc6e28828303f3f4dd6dbd7d,813d6bb2ab19fd3613c85bafdd78dbfa18f7e4046f58dac4f2fec9c4d2f660b0
xor3,915,72,0.0002,0.01,1.0,soft,0.8415375,0.9453064264076342,0.03571428571428571,analytic,50dd6f10cbf1cb97,results/raw/equal_noise_xor3/target/50dd6f10cbf1cb97.json,8,512,hybrid,B,e862980f77944f53bfa2102cb2da42afe17541eeadc5c5825428ff75f7efa988,d334406d33fbb1b2ffab15aeaba825315fdba18474e1f5a8b9c8264b2d98a24f
xor3,915,72,0.0002,0.02,2.0,soft,0.859375,0.9453064264076342,0.07142857142857142,analytic,a5b565e4a2ad74c7,results/raw/equal_noise_xor3/target/a5b565e4a2ad74c7.json,8,512,hybrid,B,dca8cb6d693cc2952d9cbc37249a3587dccd7e6928d2baa78ae89ef0cf998a3b,12610b03de60afba90f5c965e33fcdcb730463142d545d3b78dc7b3efec7e9fd
xor3,915,72,0.0002,0.04,4.0,soft,0.8671875000000001,0.9453064264076342,0.14285714285714285,analytic,ef2ee709d2dd578a,results/raw/equal_noise_xor3/target/ef2ee709d2dd578a.json,8,512,hybrid,B,4cb9efca4fb754d40414f6c95d6a90c26c9a2fe3fd2cd35a554ee330600d0c07,9d26bef07ad21b93fe15ac14001470d85e1df67a1f2a43d847381d4513e0da17
xor3,910,70,0.0003,0.0,1.0,hard,0.8046875,1.0,0.03571428571428571,global,a57d9782cc56aa5a,results/raw/interaction_transfer/target/a57d9782cc56aa5a.json,8,512,hybrid,B,01ed5df682a398e4f3a7561ec5397e58a4fac5168f9f01692fc08f27db26ecd1,52f5f3e3c2aac9baa36d3bef08d679f2fd1b20b61d894760e6c0a89d38e4cddf
xor3,910,70,0.0003,0.01,1.0,soft,0.7109375,0.9453064264076341,0.03571428571428571,analytic,e72a9d3009980efb,results/raw/equal_noise_xor3/target/e72a9d3009980efb.json,8,512,hybrid,B,7ac9009012a0c236812c158ff3108983389b5be27a282f77bd25c624201202d2,38e28be534a004c04c9437c4a0bf03b83b3f90332192b4a3837497145ddc3a09
xor3,910,70,0.0003,0.02,2.0,soft,0.8203125,0.9453064264076341,0.07142857142857142,analytic,3f5736fca841b6d4,results/raw/equal_noise_xor3/target/3f5736fca841b6d4.json,8,512,hybrid,B,b047ae7b453a4df586c954bd0c130988fbb12507ab027408dbe0d4db7e2d2ec5,2f56c773926c6f3db4e374efae863a535612f1872d02575e3f6d150cd63d91a4
xor3,910,70,0.0003,0.04,4.0,soft,0.703125,0.9453064264076341,0.14285714285714285,analytic,f5ed3dc765d76982,results/raw/equal_noise_xor3/target/f5ed3dc765d76982.json,8,512,hybrid,B,3d794f1c8e1b33911ba38babb54ad82c1b2194d5e8133016067cf2ed80e7e526,d0d90b900b007395e1c2c46680bfea2fcea5239e73925c7e9d8c30295d39b665
xor3,911,71,0.0003,0.0,1.0,hard,0.69921875,1.0,0.03571428571428571,global,7a3c60b89e671f4d,results/raw/interaction_transfer/target/7a3c60b89e671f4d.json,8,512,hybrid,B,e44ccbe807fcb525c7433dbcbc9bacc07912bd7de8d9bce68807d7e95fe88303,ba487bde69063db15588b9c4b0fde2e56e3aee86afa272400bff621880a6aef6
xor3,911,71,0.0003,0.01,1.0,soft,0.65234375,0.9453064264076341,0.03571428571428571,analytic,11aaaf18bb324fd0,results/raw/equal_noise_xor3/target/11aaaf18bb324fd0.json,8,512,hybrid,B,c87d7237361f44a1b07896d2e41f77c0edbe248dc2e9cb97c73884c19a3455dc,3e47ac7841559c8503c32ccce13a05eea24020a49a41a95dae205c690ca813f0
xor3,911,71,0.0003,0.02,2.0,soft,0.73828125,0.9453064264076341,0.07142857142857142,analytic,ddde309f279bc1c6,results/raw/equal_noise_xor3/target/ddde309f279bc1c6.json,8,512,hybrid,B,78daf15ae42cd5b05cee9e0c557dc212742276d72daf4bc933729fcd1eb600cb,ec9b15512088ce6e32839181f1acfbf465b50d80ff7e1059502dfb662bb1e0ca
xor3,911,71,0.0003,0.04,4.0,soft,0.75,0.9453064264076341,0.14285714285714285,analytic,636401c88a7365f4,results/raw/equal_noise_xor3/target/636401c88a7365f4.json,8,512,hybrid,B,c4365c7df0bc807973c0e46a9b84bbc9b22a419397b547ffcc048d6fab14eac9,250dcef51796aed8c47ef9285a2404446dbc9055feff8134d7e9235f0234780d
xor3,912,72,0.0003,0.0,1.0,hard,0.68359375,1.0,0.03571428571428571,global,f55eb53f9df34942,results/raw/interaction_transfer/target/f55eb53f9df34942.json,8,512,hybrid,B,48771800cb4d977fb572713cc0ae85f205cccce7c44100aeb749c922ab8dfd07,efe2f6f33edf26391fee2550287ced7c3446f5dd171c83948b141f3008a94d53
xor3,912,72,0.0003,0.01,1.0,soft,0.79296875,0.9453064264076341,0.03571428571428571,analytic,8d9dc1610744e445,results/raw/equal_noise_xor3/target/8d9dc1610744e445.json,8,512,hybrid,B,b9cc6faddc6b7312197fe28896a187cd782e19f1cd21d13c73599dac44e95ce2,5ccea6f547fa5dffcb18fca05388257a8af9ce404593b0adfa865d3f918a6eff
xor3,912,72,0.0003,0.02,2.0,soft,0.66015625,0.9453064264076341,0.07142857142857142,analytic,1ae71a6d40c977a9,results/raw/equal_noise_xor3/target/1ae71a6d40c977a9.json,8,512,hybrid,B,8ef65f5689f64e57497cc646f3bbdf8133f38de14e81b1106edf96e5f01a4a30,c5cf95e815e3ae0723a7ae3ef7218df3a54e44bb7ee857e4f9dfe201cb912b7f
xor3,912,72,0.0003,0.04,4.0,soft,0.84375,0.9453064264076341,0.14285714285714285,analytic,added740cc54b280,results/raw/equal_noise_xor3/target/added740cc54b280.json,8,512,hybrid,B,bdeb3e47d2c6b8f7f860a8d086d7e4e37d9b3f54a49ad9307578865604d786c0,dfc763936532deaaafd30697fbf0b908519440f37a2e6e3d62c9d2e45b8b4f55
xor3,913,70,0.0003,0.0,1.0,hard,0.76953125,1.0,0.03571428571428571,global,27769720daf59071,results/raw/interaction_transfer/target/27769720daf59071.json,8,512,hybrid,B,cd331ada172ea1b3ce698021e6aa5e6bbc29c25b4c7878868f6a1ef61a1e274d,2a518703286ff8af5ae129c6100593a87f38e44fef0f25171b6d846dcd57725d
xor3,913,70,0.0003,0.01,1.0,soft,0.7265625,0.9453064264076341,0.03571428571428571,analytic,9dfc785b40afa312,results/raw/equal_noise_xor3/target/9dfc785b40afa312.json,8,512,hybrid,B,1e3c9b8254d8bfb8f637f966b1a5bab41839da7cf5093b76680e86e6911acd90,2dae4bcee19eab44caf20426cac00398bde977851c256bda0e074c7acadd22bc
xor3,913,70,0.0003,0.02,2.0,soft,0.82421875,0.9453064264076341,0.07142857142857142,analytic,67df1c09c56a5cdb,results/raw/equal_noise_xor3/target/67df1c09c56a5cdb.json,8,512,hybrid,B,096e2821a08ea3acb246f862c4dd59b613eae309926ff6d3b79d97a1421d9629,4cee1f28d44b49ac30d764a4d3080086449c255371d1f0218ac3874ae272cddc
xor3,913,70,0.0003,0.04,4.0,soft,0.78515625,0.9453064264076341,0.14285714285714285,analytic,c5b8e2d5598c72ee,results/raw/equal_noise_xor3/target/c5b8e2d5598c72ee.json,8,512,hybrid,B,b333c9dd447d005cd9f78bfb49991249baf80d8474f0203e9a49ecc5283159de,e5c368a72b60df6681906f962e61670b2808ac294d71179eadcd6ed045c78427
xor3,914,71,0.0003,0.0,1.0,hard,0.703125,1.0,0.03571428571428571,global,cf3d9213b4bea181,results/raw/interaction_transfer/target/cf3d9213b4bea181.json,8,512,hybrid,B,b8d4302ec67b583e5952eac3f948af46b37530b3b9503dbba28f626a91b0aabe,b624f78c6501ea0e03417d2e9b1d56bed0d0fe5e0a4f0019ec152c6966bfd0c3
xor3,914,71,0.0003,0.01,1.0,soft,0.734375,0.9453064264076341,0.03571428571428571,analytic,0309f56a9693dd96,results/raw/equal_noise_xor3/target/0309f56a9693dd96.json,8,512,hybrid,B,a2a26c6bdf54cd684befe3fc606c9379c9dee261bac08e1bc87d662524abf863,c2a46af29d645e941fb3711de6ba83904f91e2f54cc2f01d26e9c73351ea4f10
xor3,914,71,0.0003,0.02,2.0,soft,0.71275,0.9453064264076341,0.07142857142857142,analytic,0bc3201af5e14b47,results/raw/equal_noise_xor3/target/0bc3201af5e14b47.json,8,512,hybrid,B,64c8a48a4cbe13d9bc6b96c247bb6ea6d81d799b8ba7c2d358ea08b6991a891b,34598d2436defb18e17c022303d565b1842803382c61f02d1e67bf15e2d326af
xor3,914,71,0.0003,0.04,4.0,soft,0.8125,0.9453064264076341,0.14285714285714285,analytic,3be16f05354869cc,results/raw/equal_noise_xor3/target/3be16f05354869cc.json,8,512,hybrid,B,f5573ce77d841fd59079ad73d660b6d303f7349dec414bac1b160ef9c5d689ed,67b5072dd201dee04c7744fcd22bd25593105307a306d41a531b24a6189e22bd
xor3,915,72,0.0003,0.0,1.0,hard,0.7109375,1.0,0.03571428571428571,global,5fdc9d2a90aba088,results/raw/interaction_transfer/target/5fdc9d2a90aba088.json,8,512,hybrid,B,a521bdef0c053c78ac99bf706125eacd81288a888ed58a4392049053569312ae,7b71675152c9a776ee4d976e79d4ea1213cea63069b59040ccc0cd52304a3ac8
xor3,915,72,0.0003,0.01,1.0,soft,0.8125,0.9453064264076341,0.03571428571428571,analytic,10db020b75aa0228,results/raw/equal_noise_xor3/target/10db020b75aa0228.json,8,512,hybrid,B,0c2b23c67fdc96917002426ac9ae2ad481c782300f0b5903156f95f87e1f8503,35eacafac08ca10a3255a5962827214be23cf7f38e70b963e8d3355d55731e27
xor3,915,72,0.0003,0.02,2.0,soft,0.828125,0.9453064264076341,0.07142857142857142,analytic,fcc5feae2ec607c3,results/raw/equal_noise_xor3/target/fcc5feae2ec607c3.json,8,512,hybrid,B,be7771250502e04146573550b1347b2809c48e297dfc02c650b997861b762494,c98f7e9cb540b923559b36dc9db5d3d16653f2503bac519a3607e410df0e5f68
xor3,915,72,0.0003,0.04,4.0,soft,0.8593750000000001,0.9453064264076341,0.14285714285714285,analytic,a8c6fc25ad2e7862,results/raw/equal_noise_xor3/target/a8c6fc25ad2e7862.json,8,512,hybrid,B,bb5e2299efd287513eaa91c1a30dfcc8643791d6333d05e57c76d73e8937d7c6,8b63689eeda4773a81055f9b4633b1e0462865ed2bb1ce99e795b6c513b65f24
xor3,910,70,0.0004,0.0,1.0,hard,0.70703125,1.0,0.03571428571428571,global,ac7ef149eb034257,results/raw/interaction_transfer/target/ac7ef149eb034257.json,8,512,hybrid,B,1e29b925606306bfb752f77f47e1e4129a9109089b752cc41ff0d9ad8ae5437c,b79cfe4a4aa57ff89e9151d8e9756ecbec99c464f220feecd8c7d8fec8f8ca96
xor3,910,70,0.0004,0.01,1.0,soft,0.51993125,0.9453064264076342,0.03571428571428571,analytic,0e48ec99f5137624,results/raw/equal_noise_xor3/target/0e48ec99f5137624.json,8,512,hybrid,B,648886973aedb9ca264416a554f4dd5950bb78e87c152365a780ff5c99d648dc,01c91fd1bde76650bb2a30c02fad8a18b7c636612b64dd4b6a9dad3d635a889a
xor3,910,70,0.0004,0.02,2.0,soft,0.73608125,0.9453064264076342,0.07142857142857142,analytic,a0abe0242b2dbf1c,results/raw/equal_noise_xor3/target/a0abe0242b2dbf1c.json,8,512,hybrid,B,4483464bb4b2851b64077c9f32e3928649a8aecd485c514e253f340afa45884f,7f4afa5da3f522b703d0ef51c1dd1c3dd65539bcb7164e59ebabbd7bd4ef1013
xor3,910,70,0.0004,0.04,4.0,soft,0.79296875,0.9453064264076342,0.14285714285714285,analytic,de02fa336448555b,results/raw/equal_noise_xor3/target/de02fa336448555b.json,8,512,hybrid,B,5b7510a0ee9777b4c05dfa7d93ab61f3edba4a9bd0a0a04af324a7a1c18b7ef5,682dda359a7ab5f62bc89303a95137ec886ec17b0ada5ea8cff441cfa637beec
xor3,911,71,0.0004,0.0,1.0,hard,0.7265625,1.0,0.03571428571428571,global,01920e4a088089d8,results/raw/interaction_transfer/target/01920e4a088089d8.json,8,512,hybrid,B,c8e160d8b61a27111f0567b8fb5f6445e648e5e5680c7d535e29af36a0ebed35,44fa2ac085d783667220aac2632d663ab49682e419511462e7cdfeab7a24b3f1
xor3,911,71,0.0004,0.01,1.0,soft,0.6484375,0.9453064264076342,0.03571428571428571,analytic,561da77b444ce9d1,results/raw/equal_noise_xor3/target/561da77b444ce9d1.json,8,512,hybrid,B,23b30534e1530c47608ae0d252f76b266916c2cfedc71168c557d1df296a8f2d,7db2090f16703e9cb7002dcff8d02b1830a3648e3c3eb99e316bb00dbe340cb4
xor3,911,71,0.0004,0.02,2.0,soft,0.6164,0.9453064264076342,0.07142857142857142,analytic,84137bd94aa5766e,results/raw/equal_noise_xor3/target/84137bd94aa5766e.json,8,512,hybrid,B,6c35aa03d4a716facc88670ababad97e8a1d09fe7a73ea054ad1981499bbf8c2,18ef837585ed7fe54b902891ff5ed0f04af5ac7f1f2b6e85f1ca9ed68d62d60f
xor3,911,71,0.0004,0.04,4.0,soft,0.64871875,0.9453064264076342,0.14285714285714285,analytic,1fe02d34b01b3ed5,results/raw/equal_noise_xor3/target/1fe02d34b01b3ed5.json,8,512,hybrid,B,0c892472ae02902e2a16dd7e65d3030b6c0dce6c5bbdf1a039048396a9daee07,a83bbfa0f52e590fb84f09cf2b16ce66517e40d51b6ec2d97193def9b32a477b
xor3,912,72,0.0004,0.0,1.0,hard,0.6875,1.0,0.03571428571428571,global,55d1eee65ee88c54,results/raw/interaction_transfer/target/55d1eee65ee88c54.json,8,512,hybrid,B,73da71c4aa2f8efb5e9f6a0e87bebb8d603cf67e3ffc1cb78a2cfcf3702f1f88,657f054169e05aaa311bd986ec0ce8e6146e057121d67cd887ee1fd6ecc064f2
xor3,912,72,0.0004,0.01,1.0,soft,0.70703125,0.9453064264076342,0.03571428571428571,analytic,a7601052afbe4c68,results/raw/equal_noise_xor3/target/a7601052afbe4c68.json,8,512,hybrid,B,b92ceac2052c6724db0a94e237dfe6f48a6053b04ada716b7edc27253dc93827,3878499dcbc5ba4e316ea66dc0cee3d79200a97a1d582c45c91b4330cdde24e9
xor3,912,72,0.0004,0.02,2.0,soft,0.7527187500000001,0.9453064264076342,0.07142857142857142,analytic,933a14cd72a415fb,results/raw/equal_noise_xor3/target/933a14cd72a415fb.json,8,512,hybrid,B,d4f51544aa467def241d61a4e830c25179b543057cea7b3da83ccadfc71d5aa8,4b94c8afb5024667ae9c819edc8de6c908c3685fe2b8afff51566426d6ed7a21
xor3,912,72,0.0004,0.04,4.0,soft,0.76171875,0.9453064264076342,0.14285714285714285,analytic,2a2eeda167673794,results/raw/equal_noise_xor3/target/2a2eeda167673794.json,8,512,hybrid,B,c1f45546d0aab6b939441ca27e89b85a0f5dbbe8acae3195c7f5593a98c60108,d7e0a8e9bccb564a77b82473e9dba8482d27f5188857445a5229a0d2a4c390ae
xor3,913,70,0.0004,0.0,1.0,hard,0.765625,1.0,0.03571428571428571,global,03008d25f3b287e7,results/raw/interaction_transfer/target/03008d25f3b287e7.json,8,512,hybrid,B,157ede0f43a8e3a676cf947098e6e85b1c6b2a872bbef609a3cd66c73fb09321,63d42174b89f9c1dad452f7c562b8bd06e43847c3dc22ba705043f7a78b0d405
xor3,913,70,0.0004,0.01,1.0,soft,0.703125,0.9453064264076342,0.03571428571428571,analytic,62595357119007e1,results/raw/equal_noise_xor3/target/62595357119007e1.json,8,512,hybrid,B,24f168fb5b02b0e0efd19d5cd8f9ff05d1ba036bcb7b6629ee95890fa87eb7fe,fb36ba84b9568f4a7b464d73a2fe209baa57007de1464b6905e344d3b5706d45
xor3,913,70,0.0004,0.02,2.0,soft,0.7578125,0.9453064264076342,0.07142857142857142,analytic,dee72fd1c6e06023,results/raw/equal_noise_xor3/target/dee72fd1c6e06023.json,8,512,hybrid,B,5517c6ff53602bba76c7aced10e2c2f6b48b238330b5b8da7cef01f419aad27c,7ddd58bb6defa83e87b6da074e3c6e8d6a7f1e5fb3b8ef7c4201aee645bab941
xor3,913,70,0.0004,0.04,4.0,soft,0.7421875,0.9453064264076342,0.14285714285714285,analytic,171e7c72a542a1e7,results/raw/equal_noise_xor3/target/171e7c72a542a1e7.json,8,512,hybrid,B,1424b225e50d697ab9e27a2a7ccab1a88cab539445d5e5856a05c8ed2a7acd36,4ea99b6ad3805c2d0e73eafee31cb13ce998ed75759c20b7b3e7ee4993f9541b
xor3,914,71,0.0004,0.0,1.0,hard,0.7265625,1.0,0.03571428571428571,global,4b84fe417c65f708,results/raw/interaction_transfer/target/4b84fe417c65f708.json,8,512,hybrid,B,be9b31077cdcf3e54c2af03e166b5e7c3f58678fc88bc584169b9404a9fef3bd,1d3ccf5d5c1f8d9dfb7cb07faa48061d8870dd4d54874011e399dcd6b7fada27
xor3,914,71,0.0004,0.01,1.0,soft,0.75390625,0.9453064264076342,0.03571428571428571,analytic,4bac8e173ec558e6,results/raw/equal_noise_xor3/target/4bac8e173ec558e6.json,8,512,hybrid,B,64f63ad2ddd6fbff92d62dd3f2f25917ce03cbc619849f6b630e0e293d085048,ea08216070b54edd88c96fda37f178a60ed40c6d11ead3aa5ad427ce1dea3b1d
xor3,914,71,0.0004,0.02,2.0,soft,0.55578125,0.9453064264076342,0.07142857142857142,analytic,2f2c8e66c92a0191,results/raw/equal_noise_xor3/target/2f2c8e66c92a0191.json,8,512,hybrid,B,b3669e3c815184af72b5030916c064b8ca464a03d666e4f7dcb2180f31f8e424,419ca9a8c315b26c78351e2a60d2d27ae83eda3a6b6f33b7cdc18e4f7528bd5f
xor3,914,71,0.0004,0.04,4.0,soft,0.82421875,0.9453064264076342,0.14285714285714285,analytic,595a066389cdbf61,results/raw/equal_noise_xor3/target/595a066389cdbf61.json,8,512,hybrid,B,14b1e4cdf59f2075dbfaf0bf61cac8f3d5452ceb07b27443865e743234519298,4f2fb713bfa766052632798a56560b486bcf532991bb2996b41241078df66b84
xor3,915,72,0.0004,0.0,1.0,hard,0.6328125,1.0,0.03571428571428571,global,93a1f791c583e0f1,results/raw/interaction_transfer/target/93a1f791c583e0f1.json,8,512,hybrid,B,c97d5f9d9573004eb58dc463e1a5050c394a242c7a413241ba753e9030fae387,ac70f83f02341db86e6cf262e3895c5182a79b702aa416b0e9fea98a83a9927c
xor3,915,72,0.0004,0.01,1.0,soft,0.70323125,0.9453064264076342,0.03571428571428571,analytic,5c670f5ed8d31afd,results/raw/equal_noise_xor3/target/5c670f5ed8d31afd.json,8,512,hybrid,B,b37b57c41bf5920972c001a0102f52974dc7fb1871cf8fcbbd8d9e14cd04a59b,3803786fe5069f501d335a1bb08bb2429c2e35cd9ed3da797753b3fce0ad482b
xor3,915,72,0.0004,0.02,2.0,soft,0.765625,0.9453064264076342,0.07142857142857142,analytic,5da1a634f50b7d2e,results/raw/equal_noise_xor3/target/5da1a634f50b7d2e.json,8,512,hybrid,B,c5bf3718791c6efffdb11531742168d3ad01dbf0653eb5b9044e2292c4c6e720,11fd67b342f83ba747358c9caef93f6fe5ba208cd254d440980642b206bec57c
xor3,915,72,0.0004,0.04,4.0,soft,0.80859375,0.9453064264076342,0.14285714285714285,analytic,8806f4643d314d45,results/raw/equal_noise_xor3/target/8806f4643d314d45.json,8,512,hybrid,B,6c38c5ad8c261f72cac16ad8f05586107fc4287a7ce86e33ff2cb674efba24de,f4314eb19b85e5379605e2c87e46246d1aa792597fbe69ecb2901b0ec3543c5c
xor3,910,70,0.0006,0.0,1.0,hard,0.60546875,1.0,0.03571428571428571,global,c7f440c2fe0c5740,results/raw/interaction_transfer/target/c7f440c2fe0c5740.json,8,512,hybrid,B,3a8dbb66bb5df3f4466be2fe1f725011b9ceb00ccf39dbe91cbe3ab8e12c2d6e,2e7f91eccb67350bce850f3754a2517d6d953facb88ce3b59a252382a13a2ed2
xor3,910,70,0.0006,0.01,1.0,soft,0.6025624999999999,0.9453064264076341,0.03571428571428571,analytic,368dcb6c3ca1562b,results/raw/equal_noise_xor3/target/368dcb6c3ca1562b.json,8,512,hybrid,B,759c41feae595e43eb0d723c71930aa7120cd8920223f938853819219d5de03f,dfba740e8539d8cebc360d28513c43ce42d911c8acafef0dc5729193c61a69e8
xor3,910,70,0.0006,0.02,2.0,soft,0.6328125,0.9453064264076341,0.07142857142857142,analytic,fd1950b9aecffcaa,results/raw/equal_noise_xor3/target/fd1950b9aecffcaa.json,8,512,hybrid,B,8bf81406e044f0b3a0ec8153b03c3e11c305efd3931b28ef79fc29eba44266ed,65b7cb8919a507725cd38b0f72019d6d80c7da1b633de2af3aa6f4198c062158
xor3,910,70,0.0006,0.04,4.0,soft,0.796875,0.9453064264076341,0.14285714285714285,analytic,99869c439a9138e0,results/raw/equal_noise_xor3/target/99869c439a9138e0.json,8,512,hybrid,B,376230b84776c4eff64aa380c707e514f0e3a2b45281979c3992eb22e7988553,666ac1e417dae0afae612976e681841abd0be94fb6908a74a18144c794d10928
xor3,911,71,0.0006,0.0,1.0,hard,0.6796875,1.0,0.03571428571428571,global,b8a91e9d6852461f,results/raw/interaction_transfer/target/b8a91e9d6852461f.json,8,512,hybrid,B,4500a84585b67d408bd0562de308d30d2c2346c6c06a58aacc9ab682ab6d178b,c79bc390da5c122788f668e41e5a3b701bc82d38cf764e225b84f3cbd9935ee7
xor3,911,71,0.0006,0.01,1.0,soft,0.5859375,0.9453064264076341,0.03571428571428571,analytic,47fefafccba675ae,results/raw/equal_noise_xor3/target/47fefafccba675ae.json,8,512,hybrid,B,6591fcdb000d1790f59ea8f534b284903b82923ba0cb41f4af2ec75bfc3cca80,84a8f7afd702bed1a3547d5a90d9c0f90a9ffaf9e9a4bdc5f120b421e615957b
xor3,911,71,0.0006,0.02,2.0,soft,0.68359375,0.9453064264076341,0.07142857142857142,analytic,a79b406f4b1956a6,results/raw/equal_noise_xor3/target/a79b406f4b1956a6.json,8,512,hybrid,B,ea2a6182bc3ce326b30ff6234619af6288978d16ef44bf0daf8285f9b2b1a56e,cd922e8c114dd0c9f533739b36ea657fde1cdd6d3382253a0ba67c371a15597f
xor3,911,71,0.0006,0.04,4.0,soft,0.71875,0.9453064264076341,0.14285714285714285,analytic,fe181af9ae9096ad,results/raw/equal_noise_xor3/target/fe181af9ae9096ad.json,8,512,hybrid,B,fabdc8a217a90740c04cabc5e1e72a18c115808c004a9c369ef6d688d9d40f7f,5990e7376505c8dd2a0699fbc6662067f02aa08434ed2fd5c7df03691225c245
xor3,912,72,0.0006,0.0,1.0,hard,0.611175,1.0,0.03571428571428571,global,5520cef877b666a2,results/raw/interaction_transfer/target/5520cef877b666a2.json,8,512,hybrid,B,10bc76e419d3005329700a99431613b731ea65a1e832df1992b8e788d14ad65a,b1aad80ecb9511b8a0a4fff3e4a74f150d8b7afb95c35736e7d4671553b8e4fa
xor3,912,72,0.0006,0.01,1.0,soft,0.73828125,0.9453064264076341,0.03571428571428571,analytic,014f20b2854934ab,results/raw/equal_noise_xor3/target/014f20b2854934ab.json,8,512,hybrid,B,9a50f9f270c961ff0ff98380628e96d474754ed24ddbf49b3f3eb0a6febf031d,29164192a887eb74d504a4b8863a2556560deaea7d72a07d47e8258b568ab7ee
xor3,912,72,0.0006,0.02,2.0,soft,0.7109375,0.9453064264076341,0.07142857142857142,analytic,07a3671bf807653f,results/raw/equal_noise_xor3/target/07a3671bf807653f.json,8,512,hybrid,B,c00c5db0c80c180f61541949d5ad92908d86860a1e181691fcf4163801496235,63f503e703c92f925ea493d7821f3fecbe00795b79a72356c45217ce39dc883f
xor3,912,72,0.0006,0.04,4.0,soft,0.75390625,0.9453064264076341,0.14285714285714285,analytic,28fc5faa1558a44f,results/raw/equal_noise_xor3/target/28fc5faa1558a44f.json,8,512,hybrid,B,aa3440f21aa38690726cb3521183fbd8df151744bd9821184fdda6714a930b64,3afc77aac03af7e6670a8a74cb0047f2bb59ac6375000cdd85f635e06e85b506
xor3,913,70,0.0006,0.0,1.0,hard,0.54858125,1.0,0.03571428571428571,global,caa2c2a681a8f011,results/raw/interaction_transfer/target/caa2c2a681a8f011.json,8,512,hybrid,B,10232bf6a6c547b97a45b0463a4fb3f08f4a4119231d54b368dc1383cb295e10,ee2df20e281237787c148c4b82864169314156228673897b0f24182de4fa56e8
xor3,913,70,0.0006,0.01,1.0,soft,0.7109375,0.9453064264076341,0.03571428571428571,analytic,9153d2c930cc5409,results/raw/equal_noise_xor3/target/9153d2c930cc5409.json,8,512,hybrid,B,3daa029b55d0e6c785eae3517a9e56b94627e421a70ee75ce791c1f8503d0a5d,93c4e1e6ff2cf9d43921c20cce46d1855cf85932e2688f928f4d974fb1258e75
xor3,913,70,0.0006,0.02,2.0,soft,0.734375,0.9453064264076341,0.07142857142857142,analytic,a29122efaffbab28,results/raw/equal_noise_xor3/target/a29122efaffbab28.json,8,512,hybrid,B,6ac4889d993e5d2375f00de229a60480730106cb3a1c9f4b53665d6a17bde7ea,324310e51540085609c91ac429cd9997dbe7c543f1772332918c7c5b03f70fb4
xor3,913,70,0.0006,0.04,4.0,soft,0.65625,0.9453064264076341,0.14285714285714285,analytic,50a59360dc94278e,results/raw/equal_noise_xor3/target/50a59360dc94278e.json,8,512,hybrid,B,589094f64f4869a99b9a31744a2fd144cbee79525aa762e61558f6e0649a165e,2f92444e83d799e1e45770c22bb2c57b3fb145b5f07fbef80a985f716bfc7e6a
xor3,914,71,0.0006,0.0,1.0,hard,0.65936875,1.0,0.03571428571428571,global,1a2a0b402dc70005,results/raw/interaction_transfer/target/1a2a0b402dc70005.json,8,512,hybrid,B,604a19ff8e6bcda884cffe24c117cee819930b3d7c133bf8f279eed992aecdb4,8913eb6dd04fa20396cca613f4fb19a84e953785727022b0c23243bb501b6050
xor3,914,71,0.0006,0.01,1.0,soft,0.74609375,0.9453064264076341,0.03571428571428571,analytic,57e9ffebcab6a121,results/raw/equal_noise_xor3/target/57e9ffebcab6a121.json,8,512,hybrid,B,07b6bb208f6ce35e208dd12f6ac505f9b79244ce37c5ae9e2801209e95a13702,5d4a421906d184e43b656063fcccf70867b2de94f867be79e071edda73dea923
xor3,914,71,0.0006,0.02,2.0,soft,0.7023375,0.9453064264076341,0.07142857142857142,analytic,04be2782755c2a74,results/raw/equal_noise_xor3/target/04be2782755c2a74.json,8,512,hybrid,B,b3dd6ac6f28d333711e905198098a99115b014b371f3bbbc9c312b1b65c00fb7,27ad99cfc4aae498a1e8f55918c92696643cb0d7fdffb83bcb46ddd4d8c931bc
xor3,914,71,0.0006,0.04,4.0,soft,0.83203125,0.9453064264076341,0.14285714285714285,analytic,e5512b7e9d202bf9,results/raw/equal_noise_xor3/target/e5512b7e9d202bf9.json,8,512,hybrid,B,1bb443176b1c5d70792deab7f134514a744ef2e079ddfdf2c4a36bcb899bd4cf,d8111aa18b574e8f3d80241c11a91b54a0212e6f6307c9ea717dd4fd9584520c
xor3,915,72,0.0006,0.0,1.0,hard,0.61328125,1.0,0.03571428571428571,global,ef1a5835b6199f20,results/raw/interaction_transfer/target/ef1a5835b6199f20.json,8,512,hybrid,B,b26e5dd2d038aa9d5ae95d619da1f2045ee9b7d330f26a3b010225b51e045728,1ce072b18a8f099b69e03e7adc84b552ed99c8e3b4f4787ab944f0494e5e863a
xor3,915,72,0.0006,0.01,1.0,soft,0.6328125,0.9453064264076341,0.03571428571428571,analytic,2a1a7ecb2ef05b1d,results/raw/equal_noise_xor3/target/2a1a7ecb2ef05b1d.json,8,512,hybrid,B,c545799d768de96fa87ca853a1d6d1d68f671d9df93bfe33be510bde34ae6248,1da2dff863bf978cabe42b6d3ba54668b9f21b9bb5a7768d336d9b3612cd7a02
xor3,915,72,0.0006,0.02,2.0,soft,0.6796875,0.9453064264076341,0.07142857142857142,analytic,18e221bc2aabd929,results/raw/equal_noise_xor3/target/18e221bc2aabd929.json,8,512,hybrid,B,13a9ddf990b2468bbece3424e7f8f608f5e498270efa2fe6a20b414ebd498242,a6a0b13026ff7b39793303fd6ceab384e12ba8cf436cfa5a2191e4b78ec10239
xor3,915,72,0.0006,0.04,4.0,soft,0.734375,0.9453064264076341,0.14285714285714285,analytic,5fb861601e3dbf21,results/raw/equal_noise_xor3/target/5fb861601e3dbf21.json,8,512,hybrid,B,19a7170ab720cdb114e731f8e00c5d3baf03d71d82cfb85eff4fa6b1cd7e1aff,5859c84c63c29e5c85a45c434835b98f6fc25738ef277810a2a1af8ee783db7a
xor3,910,70,0.0008,0.0,1.0,hard,0.60546875,1.0,0.03571428571428571,global,77b67f63eb1d65b4,results/raw/interaction_transfer/target/77b67f63eb1d65b4.json,8,512,hybrid,B,ddcd4940c666e1dd544b7b23d45f5273e14103a9409a2e8808f24eb6bb080adc,7355a9dd6b4ff3eb98ac3688018485544d33bf49b601c530fdbef76d1f526cfe
xor3,910,70,0.0008,0.01,1.0,soft,0.49546874999999996,0.9453064264076342,0.03571428571428571,analytic,f9730dbaec17330c,results/raw/equal_noise_xor3/target/f9730dbaec17330c.json,8,512,hybrid,B,370410a9dd43710f1f00b3cfc20db42f2bd9d97ffd6e8d46ffe0c3b838abd4fa,a8bf9ccb85a77d86c54247783e4c0dc4e058fa5cd35e98757371f8a2eaef6b5b
xor3,910,70,0.0008,0.02,2.0,soft,0.51171875,0.9453064264076342,0.07142857142857142,analytic,e7d08f2c0a3bccb9,results/raw/equal_noise_xor3/target/e7d08f2c0a3bccb9.json,8,512,hybrid,B,d03f1dafb2b1003f569ffc7cea50bdb116dfa33364ff1f771b7083ecc0c2d347,6f73919dade045e5ab02dac563025ee6ae99a60f9eae740e8b32859473a624ab
xor3,910,70,0.0008,0.04,4.0,soft,0.59765625,0.9453064264076342,0.14285714285714285,analytic,fe25b55fab74f0e7,results/raw/equal_noise_xor3/target/fe25b55fab74f0e7.json,8,512,hybrid,B,810fbe7d212749ec00498007fcf8d293104f4fad7206fc99eb9b548e6d4d00b3,08454d4480183e0581eea8eb11463186660123f6fe14a2bdf17f60dc7c865fed
xor3,911,71,0.0008,0.0,1.0,hard,0.58984375,1.0,0.03571428571428571,global,065b0a79162a7af8,results/raw/interaction_transfer/target/065b0a79162a7af8.json,8,512,hybrid,B,cbb5286cdb40712132e4f083825fd2d520fd1839e967018432c051a35ff4ff2c,881373c6a26408a47650a73e52207cad0d3c47500e47867f94f0b0ba5a77d5c4
xor3,911,71,0.0008,0.01,1.0,soft,0.663875,0.9453064264076342,0.03571428571428571,analytic,a7f223f0ba702c65,results/raw/equal_noise_xor3/target/a7f223f0ba702c65.json,8,512,hybrid,B,144fd592806126588b219c5aa0923bf63e6d9ec4ad6801455b26578b3bb5724a,84a13aaf81c076c1b965cdd9ec6944eac3c1be3aba0d6da65ae2e920a5a99762
xor3,911,71,0.0008,0.02,2.0,soft,0.6015625,0.9453064264076342,0.07142857142857142,analytic,7fc49363b28cb0f9,results/raw/equal_noise_xor3/target/7fc49363b28cb0f9.json,8,512,hybrid,B,01d9323232c219a2ede4f8d0601e682e2b5ebc177fd1b3b5b57ee544771977c4,6bc72f7c6c91529fcedcdf4ea24c4031b469b13da99673740398b6b1814146ce
xor3,911,71,0.0008,0.04,4.0,soft,0.62890625,0.9453064264076342,0.14285714285714285,analytic,5d15bd4f13df8e3b,results/raw/equal_noise_xor3/target/5d15bd4f13df8e3b.json,8,512,hybrid,B,efd079f6edd6f39cd44986c7e795122269d7f8c45e963da3762e2237d9f3ae8b,413e680861e9b01480e91e0f603fe0825fff67bacf1de3147ef7425ace01f5b5
xor3,912,72,0.0008,0.0,1.0,hard,0.609375,1.0,0.03571428571428571,global,8a8e73295578f296,results/raw/interaction_transfer/target/8a8e73295578f296.json,8,512,hybrid,B,290dc712e2ec488af367bc9544bd1ccd6307575b50d0e8d61c66dcb05f22ff1a,61d9e5c90b11ad5e3b9a51901d329eb104749689947cde9486538dc3f26481b2
xor3,912,72,0.0008,0.01,1.0,soft,0.625,0.9453064264076342,0.03571428571428571,analytic,0590a54909448198,results/raw/equal_noise_xor3/target/0590a54909448198.json,8,512,hybrid,B,56056c895e93ffae659518a1d48083da65d8b746696d279c20b143d283083737,aee9d02815c06d31c091da744219d5b1f884e2528b2bec490d548e2dd2956902
xor3,912,72,0.0008,0.02,2.0,soft,0.54435625,0.9453064264076342,0.07142857142857142,analytic,d7b223735b4992c3,results/raw/equal_noise_xor3/target/d7b223735b4992c3.json,8,512,hybrid,B,30ddc94d4a1e5a2c9e7efedb4839ad6ab46fe3ae9a1a8f0b5db831c794245176,f430dbe74f1e32926dc73968b33be54101ba2d5137f8d93735747ffb60556030
xor3,912,72,0.0008,0.04,4.0,soft,0.703125,0.9453064264076342,0.14285714285714285,analytic,44673535cc56a23d,results/raw/equal_noise_xor3/target/44673535cc56a23d.json,8,512,hybrid,B,9687f737cdd538ec162f362d05a12ff05688744b813f38443f6e92395027af40,42b185acafa511bbfea6316d876d517ce740cd03540f7143b4bd4babb7c6c657
xor3,913,70,0.0008,0.0,1.0,hard,0.53515625,1.0,0.03571428571428571,global,76027095f4753def,results/raw/interaction_transfer/target/76027095f4753def.json,8,512,hybrid,B,4d378afe1a969b619582189ca24197a0876e1c85e37cb120599c73bb13e64293,9ac60e27939823daa79a413edbce7f6b9e6c397d27be4c2a0ef0653b120f2fc3
xor3,913,70,0.0008,0.01,1.0,soft,0.6175875,0.9453064264076342,0.03571428571428571,analytic,71319c2786c37f55,results/raw/equal_noise_xor3/target/71319c2786c37f55.json,8,512,hybrid,B,d295e8ba2cadcb1b468569e8cd3d4eeeea38f627ab7aa08b439a8d0d9d891118,264cb3af4e3fb78669d524533076ed6ca5c411602388c66c89a3785572e64fdd
xor3,913,70,0.0008,0.02,2.0,soft,0.7109375,0.9453064264076342,0.07142857142857142,analytic,17c373ca71300d60,results/raw/equal_noise_xor3/target/17c373ca71300d60.json,8,512,hybrid,B,e57142f248f74c2deaa1cb5b11c2aeab3e552ec52566b3e2bcddb56ea320f55c,cf22e56e953bca183edf25e1d6b6d09ade8d8bf12edfdce14819c95249f87864
xor3,913,70,0.0008,0.04,4.0,soft,0.6953125,0.9453064264076342,0.14285714285714285,analytic,17d9a3ca347bbf7c,results/raw/equal_noise_xor3/target/17d9a3ca347bbf7c.json,8,512,hybrid,B,85950432cecacfea12e381174c9d67881b7056a5b0bb88e196e165e394a2b954,1960a7ddf455385a40116ab6480ce8782e7249039af1ff4c424fd45c7fa1f433
xor3,914,71,0.0008,0.0,1.0,hard,0.46484375,1.0,0.03571428571428571,global,45097de1ecfbdf67,results/raw/interaction_transfer/target/45097de1ecfbdf67.json,8,512,hybrid,B,64cb1ea45ba9bbb8c6c610dd76f2f61f39ff1d21253fbfca1a1e1a068f8c6e9f,be7488709885d1c4e955eb024056d50d8b63c9bc9822a785025ab9a1f9dd1589
xor3,914,71,0.0008,0.01,1.0,soft,0.64453125,0.9453064264076342,0.03571428571428571,analytic,70eb5ef4687b8d03,results/raw/equal_noise_xor3/target/70eb5ef4687b8d03.json,8,512,hybrid,B,9f854b1ac1e27dbb0a6492fd9273ef5a48d6974a32084e38667a6d9970e66a26,d927f636b835a2921aa6d5ab8b2193e37a995091afe7ab3ea3bfc5b8083fcf84
xor3,914,71,0.0008,0.02,2.0,soft,0.8046875,0.9453064264076342,0.07142857142857142,analytic,4b9e650602d5caa3,results/raw/equal_noise_xor3/target/4b9e650602d5caa3.json,8,512,hybrid,B,7d8b2ced64934274aa801b777deb2cdcde51dabe5adc34e5c9810618c251f113,664828f57b727d695a21ff530df5b4cdf6f3c3cb2bcce9be352f5bea4a06e5eb
xor3,914,71,0.0008,0.04,4.0,soft,0.75,0.9453064264076342,0.14285714285714285,analytic,05a72875830432bb,results/raw/equal_noise_xor3/target/05a72875830432bb.json,8,512,hybrid,B,a70635846da9fbd5056dc08b4f2ac9b1c5350acd3cde0b65e5eef991ae6c341b,2950d1922ea9f274001dcb286e57de06d17f6fb770cd4db2a9facfd64de88b8e
xor3,915,72,0.0008,0.0,1.0,hard,0.58984375,1.0,0.03571428571428571,global,b67cac43caf843a9,results/raw/interaction_transfer/target/b67cac43caf843a9.json,8,512,hybrid,B,f3e691e21c34b41b693b79bd5bebd9bef2933c839a1ab71ad5b0db2688f76cf3,a37b32a7cabd0d8f5725eb7819494cf31b9e33f1691c12b9b7188d7385cc415c
xor3,915,72,0.0008,0.01,1.0,soft,0.56640625,0.9453064264076342,0.03571428571428571,analytic,79c18e0b886cdea5,results/raw/equal_noise_xor3/target/79c18e0b886cdea5.json,8,512,hybrid,B,8476e43f8a0bf0a92b7434d749de071883ca077e83ff32add132bc3b2577ee97,92b630c9774b69d1de01618c59145592a48bb06d1eb1f3b876063188b62f61f3
xor3,915,72,0.0008,0.02,2.0,soft,0.63671875,0.9453064264076342,0.07142857142857142,analytic,b2a0a3c802e8faa9,results/raw/equal_noise_xor3/target/b2a0a3c802e8faa9.json,8,512,hybrid,B,fb92564526b213731ec782ad6f8406c89acdce71da4644ea097c09dae6529c1e,7db341f6efaa7f7202ad3db0d64c26271c54750263635f7aa2f5bd6696fc568e
xor3,915,72,0.0008,0.04,4.0,soft,0.6696625,0.9453064264076342,0.14285714285714285,analytic,65ad42983100d4e8,results/raw/equal_noise_xor3/target/65ad42983100d4e8.json,8,512,hybrid,B,21a31f65c26fb2661f980be35579a70e3da06106d8e2875f81aca85559e97ead,d43d813526ef1228821a7fdad37d12dff1b63b42d7b0eb47b6c2ae4ae1282743
xor3,910,70,0.001,0.0,1.0,hard,0.6019625,1.0,0.03571428571428571,global,ce8335195b5bf25e,results/raw/interaction_transfer/target/ce8335195b5bf25e.json,8,512,hybrid,B,a37121009db6e0726886b3e562964d6d4587aec5e83ae0cd424a06e343b8f405,3f9755d67c8ad6d6c695dac6d33b1bc48b0ea6a6ee9125b3f97ac0462fc3a6cf
xor3,910,70,0.001,0.01,1.0,soft,0.5345312499999999,0.9453064264076341,0.03571428571428571,analytic,93bdc3b81aa137c7,results/raw/interaction_transfer/target/93bdc3b81aa137c7.json,8,512,hybrid,B,83b28008481f5b0a14580a9c87e4082e038ab0836bff61549907647baced26cf,ccfff92d6c9a0668c4a7fca776bd34b76f2b68048f9474b9a56f62f5d4ffd825
xor3,910,70,0.001,0.02,2.0,soft,0.69140625,0.9453064264076341,0.07142857142857142,analytic,b13f6cf353e5ff00,results/raw/interaction_transfer/target/b13f6cf353e5ff00.json,8,512,hybrid,B,3e9d7d2721e1762e92a0cea34aea6b5f5fe630f304b6131485383408f1c4c744,da0c8ccf6e7156ecbcf9b551b0068218f740a1ab9f1397795e48738739ffe8bc
xor3,910,70,0.001,0.04,4.0,soft,0.5634999999999999,0.9453064264076341,0.14285714285714285,analytic,613c4d4e81c08d2b,results/raw/interaction_transfer/target/613c4d4e81c08d2b.json,8,512,hybrid,B,7baa889a058cf729b90e81d5492e39fa4c3e5de3d4741bb43a1f199d80ecd539,40acfb1a9e8d6dd8fe9a4c8d017d715e3d29bfcedda0771cc45e25c8f605bef4
xor3,911,71,0.001,0.0,1.0,hard,0.54296875,1.0,0.03571428571428571,global,c673f805a55037b9,results/raw/interaction_transfer/target/c673f805a55037b9.json,8,512,hybrid,B,ffc824704e7e4b797fe16c23cffb197dca7e58e04a48203ad5b2153f2a5e352d,bbb29a3d8c5c8ce7b1fc5ddc5d1cabd484267a12854855b5950079baa9257cb4
xor3,911,71,0.001,0.01,1.0,soft,0.422475,0.9453064264076341,0.03571428571428571,analytic,39dc9aa2401d1974,results/raw/interaction_transfer/target/39dc9aa2401d1974.json,8,512,hybrid,B,a9039204583bc378f660cb2649b1fe27d6a73162897d13eb285839962f69d37e,6ac351ef1928260e331d359e3558c630e70a36bc87aa8a953fa473a22d34601e
xor3,911,71,0.001,0.02,2.0,soft,0.58905625,0.9453064264076341,0.07142857142857142,analytic,ab4af42aeb76aa2a,results/raw/interaction_transfer/target/ab4af42aeb76aa2a.json,8,512,hybrid,B,d665342f2fa55d25850f363294b9c4ec49e3a0e5f2e2b031908be763a75c68e0,599068eb6cadb7429fb38ebaf28441e28e1b7130d8e34cfc28f96d1f19c447ec
xor3,911,71,0.001,0.04,4.0,soft,0.671875,0.9453064264076341,0.14285714285714285,analytic,dc6c44d9dafede06,results/raw/interaction_transfer/target/dc6c44d9dafede06.json,8,512,hybrid,B,df8a2f56b09234621c9f20c046b2ce77d1b7d1e39c8da226d11ec7791e4d770f,2729183f7822f430acc3cb47bb6ba54008f349e86e94fa9991a90ae522fb28c9
xor3,912,72,0.001,0.0,1.0,hard,0.609375,1.0,0.03571428571428571,global,c8b6ad678f746137,results/raw/interaction_transfer/target/c8b6ad678f746137.json,8,512,hybrid,B,18403cff9e468e4d1ac839dc4486598a59b9b5d26bc0333523f677b3082a5d50,fda49b03e69d626e1e1cb819130954d2fd0e7d24431464ed17073b376838ec53
xor3,912,72,0.001,0.01,1.0,soft,0.55078125,0.9453064264076341,0.03571428571428571,analytic,be7f90bc2619e862,results/raw/interaction_transfer/target/be7f90bc2619e862.json,8,512,hybrid,B,3a606c0f631a592384c744ab712e6600239e3d789635f42d7e8f397abe01586e,49e8a23ca045a76c6ae3cccfcfe536647d769e2488bf80dc7b23e6102f9fb354
xor3,912,72,0.001,0.02,2.0,soft,0.69921875,0.9453064264076341,0.07142857142857142,analytic,29f3c60561498500,results/raw/interaction_transfer/target/29f3c60561498500.json,8,512,hybrid,B,51a631dba451af6d8f66c81d905b44b00196e41de64b35bda495b8dcfdad0942,67bab58d6969b422b9344b242a65982518328c16a1631d921c10147e8baec0ef
xor3,912,72,0.001,0.04,4.0,soft,0.800475,0.9453064264076341,0.14285714285714285,analytic,9b401636a6d3018a,results/raw/interaction_transfer/target/9b401636a6d3018a.json,8,512,hybrid,B,a962448e2dc7c5e79920cd1bb5ce64ba4c5ff9cc471108186965df4c328b489e,0fb04eb7264076dc81d21f6a25c31549bc0073c66957a93fc0304b744a9f357d
xor3,913,70,0.001,0.0,1.0,hard,0.53125,1.0,0.03571428571428571,global,281d330b5ed97325,results/raw/interaction_transfer/target/281d330b5ed97325.json,8,512,hybrid,B,724f3343db983f0bf0c33bb3b1d7921c44717277966aeed71a2512401c42be68,0785533f241fb6adaf812efe4f90d20125f03ba9c50c732ad03afa0b9b160672
xor3,913,70,0.001,0.01,1.0,soft,0.6484375,0.9453064264076341,0.03571428571428571,analytic,7640b9201f618687,results/raw/interaction_transfer/target/7640b9201f618687.json,8,512,hybrid,B,87f286bdfe6c7115a39215599a75b0c42aaa6dedad3fda3884ac17f2f5690b09,e4a0f15d3b5f330edcabfdc311a43edcab1043df549a79352d124b07d7700b78
xor3,913,70,0.001,0.02,2.0,soft,0.65234375,0.9453064264076341,0.07142857142857142,analytic,895db737dce19b0c,results/raw/interaction_transfer/target/895db737dce19b0c.json,8,512,hybrid,B,e37c51cf032c7a0fb46a0410b42e00670a0784ee233935b6f08309c71f2083d1,0179330c9d2f5177e16cab79340da8dd32527910045210da51f7a838c8ce4e7d
xor3,913,70,0.001,0.04,4.0,soft,0.7421875,0.9453064264076341,0.14285714285714285,analytic,de0bf1b03208f82a,results/raw/interaction_transfer/target/de0bf1b03208f82a.json,8,512,hybrid,B,073ac4070a49e9a186adfd2b6fd3da1a17759c727582b56b894f5a629dc3645e,d93501acceb7e847b888f1149f43f24cad0425421f40a07480ee59ab53e94e8d
xor3,914,71,0.001,0.0,1.0,hard,0.60546875,1.0,0.03571428571428571,global,dbdc9e68c4e34235,results/raw/interaction_transfer/target/dbdc9e68c4e34235.json,8,512,hybrid,B,22077cfdfbe628d15c83d1fed725bdb5d4aab9e39f870fe2d5d5e8cbc6a257cd,4fd7b7aa1ba7f8e280c422f26fa1c988e9671d2bf06b2b5cac96a398f04404b8
xor3,914,71,0.001,0.01,1.0,soft,0.68359375,0.9453064264076341,0.03571428571428571,analytic,56fdfc5e17b678ce,results/raw/interaction_transfer/target/56fdfc5e17b678ce.json,8,512,hybrid,B,3c1247365eb8d2c37ab4c44aaf53e4dc0d2cd36637087f6e90194dacc3a29543,440fda01cc623ea7dc9f90f0c31df3cad8ecef3ee7585d2f6bb860ca59753340
xor3,914,71,0.001,0.02,2.0,soft,0.6171875,0.9453064264076341,0.07142857142857142,analytic,5ff1dd46e45d37c1,results/raw/interaction_transfer/target/5ff1dd46e45d37c1.json,8,512,hybrid,B,4b41668ed17acefde9674ccf9abf201d6920c4bc70ca644bc2d80f346748a639,fa5772f1410abc439337d99fc9665f455070528d1e146fdc595df3fe6adf306f
xor3,914,71,0.001,0.04,4.0,soft,0.70884375,0.9453064264076341,0.14285714285714285,analytic,6c00bf3f75a9fbbe,results/raw/interaction_transfer/target/6c00bf3f75a9fbbe.json,8,512,hybrid,B,50c97cbb8d9cb1f1042a2a915d7a017747525ae29741663594ebb6bbfaceb22f,0100693cb481dd5fe642841e3b804b281c9d0302e3c26551b05132af4985ba96
xor3,915,72,0.001,0.0,1.0,hard,0.552475,1.0,0.03571428571428571,global,f05db13f6cfc1b45,results/raw/interaction_transfer/target/f05db13f6cfc1b45.json,8,512,hybrid,B,1c32f15f7149573db22854e43f9639ee021d4bf356e7bc3c1018ca28166c9417,e36de8a9c31c270e0902970a1f1eb636f2eb40950fb36f694b71633c6460f254
xor3,915,72,0.001,0.01,1.0,soft,0.58984375,0.9453064264076341,0.03571428571428571,analytic,c8918ff53ae84f9f,results/raw/interaction_transfer/target/c8918ff53ae84f9f.json,8,512,hybrid,B,d3d5bd3a35e69daafc11afe45d9cc0642c2153386948de8f7c041d36f886b176,ed6b19fe519092b877c2ae3e06364e1c05fa234f174b39fc4c19f7ed6cbf29c8
xor3,915,72,0.001,0.02,2.0,soft,0.5875375,0.9453064264076341,0.07142857142857142,analytic,1a5e19f45cb76d23,results/raw/interaction_transfer/target/1a5e19f45cb76d23.json,8,512,hybrid,B,db394e5cdc68033af083be66b9e25521802d001a7ef071cfc3e5b1440c6b7ebc,f97bba6085bf6db4484caf0937692b836fe50ae9be82f18f8c5cbbbe42c3a46e
xor3,915,72,0.001,0.04,4.0,soft,0.5546875,0.9453064264076341,0.14285714285714285,analytic,358d3dd4ac2f5022,results/raw/interaction_transfer/target/358d3dd4ac2f5022.json,8,512,hybrid,B,af79bbed42a19aece10b5cb53e780225ae800354efe330ebc63e55fb333282a2,45b8813e6fcad5170a0256139368f858983df349034c5569edd37f6e1e8ca9ca
xor3,910,70,0.0014,0.0,1.0,hard,0.5234375,1.0,0.03571428571428571,global,95d55a8456efa0ca,results/raw/interaction_transfer/target/95d55a8456efa0ca.json,8,512,hybrid,B,c12e91b4f8397bbb2f509d69b9b56389aa3d6c6667e66932c7c2eb2a25e9de8d,5c746cffc618c43d29a217a7cfdea3cf4c25961d75e1c4f123c24932a5a5f499
xor3,910,70,0.0014,0.01,1.0,soft,0.5703125,0.9453064264076341,0.03571428571428571,analytic,dd745163ffbfe699,results/raw/equal_noise_xor3/target/dd745163ffbfe699.json,8,512,hybrid,B,e71725f79073608b29eb79c568d3bc35b950e3823af2e12628db74cc74820a2a,4a28c517581dc1f03961eb51a318dff28e2dbaf72c3bef5ac06034d74fe0caa5
xor3,910,70,0.0014,0.02,2.0,soft,0.54345,0.9453064264076341,0.07142857142857142,analytic,7de01df4d591a45a,results/raw/equal_noise_xor3/target/7de01df4d591a45a.json,8,512,hybrid,B,56bbe67b98d10fbc825062069e749b194b33e973afc0988ae9160da381297fe8,e6dd8e8871571271564e6cf58c713f6b33dd4ff9b38521d0e05ba65f6b84897c
xor3,910,70,0.0014,0.04,4.0,soft,0.66836875,0.9453064264076341,0.14285714285714285,analytic,3fedf474058edbb4,results/raw/equal_noise_xor3/target/3fedf474058edbb4.json,8,512,hybrid,B,4944dafc45f66b1bd2f51aab09d3ad8668fd29a07d0198d8144f2c53c97dab69,8d39bd64785109ebac962d000b4d8a7726850503e37e0c4b65c3a34473c0df09
xor3,911,71,0.0014,0.0,1.0,hard,0.53315625,1.0,0.03571428571428571,global,f8e9c848fe0a8df0,results/raw/interaction_transfer/target/f8e9c848fe0a8df0.json,8,512,hybrid,B,0b0401cdb4a9526a991b4b1ca075d30c40944f1712f64efb8c409e3d89ec0ee2,16a039c77653f99d12e943c275c1755f85b7d3136d64bb4968073f081a08594e
xor3,911,71,0.0014,0.01,1.0,soft,0.44140625,0.9453064264076341,0.03571428571428571,analytic,6e18c61e0031e66c,results/raw/equal_noise_xor3/target/6e18c61e0031e66c.json,8,512,hybrid,B,a06b5b829deb835c4766dab515f0bcad6f56c563dde74401160e89ea30dadde8,87dd384ba216b2abec1aadb72388b49024c656c4d6742872fb6f6356d524b18d
xor3,911,71,0.0014,0.02,2.0,soft,0.609375,0.9453064264076341,0.07142857142857142,analytic,c696d23acff44fd9,results/raw/equal_noise_xor3/target/c696d23acff44fd9.json,8,512,hybrid,B,21ddd0bd5b0529e2173994dc74328b4e9dcedaf5bddd001bf079f9d45ad94615,f66b3a07f4aebc866ebfa37ca3bd8c193963c38dba8aee8ef5540ad8530d7429
xor3,911,71,0.0014,0.04,4.0,soft,0.69921875,0.9453064264076341,0.14285714285714285,analytic,affdbe9b4249c589,results/raw/equal_noise_xor3/target/affdbe9b4249c589.json,8,512,hybrid,B,0b821f3b37964da3bf4575fb2f87b9616e76a57c730be68924ab7eb7a38bbbdc,af2072ff5fdb018600eee1c53064d81c5baacd6b2a7a6f26f011bccd1cbc7057
xor3,912,72,0.0014,0.0,1.0,hard,0.521225,1.0,0.03571428571428571,global,35efe761c2b3bfc3,results/raw/interaction_transfer/target/35efe761c2b3bfc3.json,8,512,hybrid,B,79e10a7d80c572e0153715a6c2f8fca63add717fe30f9214dc6f7be13bce6141,d6e7b70413f45ac0fd11272a5083bd5949decdee9c60a21c725dd09b7d8c7fae
xor3,912,72,0.0014,0.01,1.0,soft,0.51171875,0.9453064264076341,0.03571428571428571,analytic,715da26539318f2d,results/raw/equal_noise_xor3/target/715da26539318f2d.json,8,512,hybrid,B,c43d1285bc578148956a16c5cf4317f6e39a35a952462663e29eea806aea12b2,f0eb94fb5ca9ba9501e2c5bcc8566b7f3ac280a0b8a083f930cb0463b6d1378c
xor3,912,72,0.0014,0.02,2.0,soft,0.5949500000000001,0.9453064264076341,0.07142857142857142,analytic,1495e8fc0ad609df,results/raw/equal_noise_xor3/target/1495e8fc0ad609df.json,8,512,hybrid,B,434e375c7ee8a9c2d12093bdac71e38e6de9a2e04852ba8304cb737aae1a2992,77db91e5a62b7a36182f18d6cfb9438fab1fbc8e8949d02f5339cf9b8fbe9420
xor3,912,72,0.0014,0.04,4.0,soft,0.74609375,0.9453064264076341,0.14285714285714285,analytic,834884781d776188,results/raw/equal_noise_xor3/target/834884781d776188.json,8,512,hybrid,B,795e5dc16b274ecb2f5c6bf8791e6668b1138c0fb6b0b1a0051d0cc888808495,2275ccebc311c1b61f02e8dc6bb0256b2b60f73e24116a2d64ec5015e9dec427
xor3,913,70,0.0014,0.0,1.0,hard,0.54735625,1.0,0.03571428571428571,global,8153db9b303a0231,results/raw/interaction_transfer/target/8153db9b303a0231.json,8,512,hybrid,B,4d83f9745fdaf3ee33697a1e0ed296a4088f87193f6bd85f1b90869c05f51b36,ff405a4034e3c6e79af142ca3d5c520f7274afee15dddff8c207ede8772ae3e8
xor3,913,70,0.0014,0.01,1.0,soft,0.3671875,0.9453064264076341,0.03571428571428571,analytic,bdcda4b0b1504814,results/raw/equal_noise_xor3/target/bdcda4b0b1504814.json,8,512,hybrid,B,1c461e67c3ab3c9cfa28490c6b0fa3cb26fedb214a2ad5f134dcb8580d499595,9bf58ee2cadb366763e60e4ad65352b54ae5d2d6d9a699baa2fe683c554aa384
xor3,913,70,0.0014,0.02,2.0,soft,0.515625,0.9453064264076341,0.07142857142857142,analytic,1ee10f01d5dd5a50,results/raw/equal_noise_xor3/target/1ee10f01d5dd5a50.json,8,512,hybrid,B,f6128f1a6bdb381c3a4cb79bed2abdb09c69772b135435a7c6a289c4d2dbad54,7bed09d25e17720bfbde87b2d42947d78f4dca650fc8eef0aa19f8942179aa8b
xor3,913,70,0.0014,0.04,4.0,soft,0.7109375,0.9453064264076341,0.14285714285714285,analytic,793bbcf58e3d6f0b,results/raw/equal_noise_xor3/target/793bbcf58e3d6f0b.json,8,512,hybrid,B,a2797dd3199b1d67dedb47a02fa9c78a388a26b43230d92f2f743b48a8c47ad2,3bc4d347285edcb2dc1ea9e4350ff74ecfff9d8ea59626dc27942e8b7028ad9e
xor3,914,71,0.0014,0.0,1.0,hard,0.53515625,1.0,0.03571428571428571,global,82652eb83f6eb012,results/raw/interaction_transfer/target/82652eb83f6eb012.json,8,512,hybrid,B,724de3ed3ee965919e833075b0c2bee8e22de86659d591f269f8604f0cdb51e2,88ef3b974565c958e950368885cdca5db57a9d5931f175251f15041e513c1afc
xor3,914,71,0.0014,0.01,1.0,soft,0.5,0.9453064264076341,0.03571428571428571,analytic,b08dfc9470bf4d74,results/raw/equal_noise_xor3/target/b08dfc9470bf4d74.json,8,512,hybrid,B,d36e93b800b2b2d5bf0658c68ee3898ee2f475e040fb010c785f9d8531cf87f8,ac3a407e3e946c4a4bceba364ae4511ecec41a59b436ce774530fe80e14c01ad
xor3,914,71,0.0014,0.02,2.0,soft,0.5625,0.9453064264076341,0.07142857142857142,analytic,1e475e29eab3ed04,results/raw/equal_noise_xor3/target/1e475e29eab3ed04.json,8,512,hybrid,B,7ef7ae7fe4ad96f84be4fce3284292cfb24bfddca5e309545ebe9ffa398f18f4,9e9afeed9bc1481aec592a623b4937b2837f8ac0f1f5e7c826495ed92d8a93c6
xor3,914,71,0.0014,0.04,4.0,soft,0.74609375,0.9453064264076341,0.14285714285714285,analytic,a25b1ebf410d583f,results/raw/equal_noise_xor3/target/a25b1ebf410d583f.json,8,512,hybrid,B,8dec9a4b051f3a4dc3207b189bc77f4509871dbb2629d18cc134dd7a28605eb1,3d2857c8e8880809d7a1dc32b6a806189897bf4626d5a2fc3695cb47fd37c835
xor3,915,72,0.0014,0.0,1.0,hard,0.5,1.0,0.03571428571428571,global,2e5fdddd49422a73,results/raw/interaction_transfer/target/2e5fdddd49422a73.json,8,512,hybrid,B,0cd6a35a2449722921bf627a6ce24e8f4ddafa7b24f084d0d0ec8990e8f97c6e,ab2d728b0d090bc6f3bcb9f6e0af4533de985100c7275888760da6f80adb33ba
xor3,915,72,0.0014,0.01,1.0,soft,0.5270375,0.9453064264076341,0.03571428571428571,analytic,8f7b8dd633890a46,results/raw/equal_noise_xor3/target/8f7b8dd633890a46.json,8,512,hybrid,B,66939f3f43696db79b2e3c91294c547f6598d1daf6c90b57727faedca2c9a9fa,14661c5e88acfa3d42774136bc17df34d01a94c4e4b57f2c5ccd678f42eabc1b
xor3,915,72,0.0014,0.02,2.0,soft,0.51171875,0.9453064264076341,0.07142857142857142,analytic,8fbf3091702feb5a,results/raw/equal_noise_xor3/target/8fbf3091702feb5a.json,8,512,hybrid,B,854aadafa2995ef7726cd7009d43ce13fd2b6e950a2be88118d64bd3d2a7ccf0,53d34a2b742a3c4f7731a30e34eb178f5c4fcac0c887e524ab5bff07c74fbd9f
xor3,915,72,0.0014,0.04,4.0,soft,0.7109375,0.9453064264076341,0.14285714285714285,analytic,959614eb1da9f1be,results/raw/equal_noise_xor3/target/959614eb1da9f1be.json,8,512,hybrid,B,8edc186ae9b6601c5f1b50d318abf3144a0c4197832d5163761317eee91dbeea,2f6b35aac5e090cb1edfc16ca7248a02913bd2d913de9b96134dbe4b09cdfa28
xor3,910,70,0.0018,0.0,1.0,hard,0.38609375,1.0,0.03571428571428571,global,4d7ea8f376e42883,results/raw/interaction_transfer/target/4d7ea8f376e42883.json,8,512,hybrid,B,b895d2b5a68acc58a43a7c321be63365e1b42cb33332f5089feec8f6fe248e43,8288b9c046d12e38d8e1a4112dbb307c0c2e8e7dfa29efda9a3255deb669bc56
xor3,910,70,0.0018,0.01,1.0,soft,0.37109375,0.9453064264076342,0.03571428571428571,analytic,1329655d3f96e057,results/raw/equal_noise_xor3/target/1329655d3f96e057.json,8,512,hybrid,B,5af37829ba39d68757733d814e0c271b82d33a2213dfb50ce5ace0c50284052f,ffa129eeeafcf62177a1ad184945ca7bd61b2fe3e9c9921f3f095584ecf5133f
xor3,910,70,0.0018,0.02,2.0,soft,0.45333749999999995,0.9453064264076342,0.07142857142857142,analytic,a1c7392aa2dce0af,results/raw/equal_noise_xor3/target/a1c7392aa2dce0af.json,8,512,hybrid,B,586c35b17abdc4460441196ac66513ce5d20405e6c0c7fa9126284a160fe1307,4f536f8e96b992dd69bd6de842da852ea8bf60d84ad75d12dcf2d179acd71d89
xor3,910,70,0.0018,0.04,4.0,soft,0.76953125,0.9453064264076342,0.14285714285714285,analytic,118a1cc0201f2af0,results/raw/equal_noise_xor3/target/118a1cc0201f2af0.json,8,512,hybrid,B,7e08a8c37330e95c845485bda4aca5ea39d5c6c2f41104a01b952dd9a777f424,d2a255fa05f1e3a4cc37a065cdbd4e98c9db7f77d57209d30ce6163f46e3f1d9
xor3,911,71,0.0018,0.0,1.0,hard,0.546875,1.0,0.03571428571428571,global,ae7d2c00d62997ef,results/raw/interaction_transfer/target/ae7d2c00d62997ef.json,8,512,hybrid,B,d5816cc0191f694d1dc9531f68625487a56a7e7311eec23fdff2c0ef92d3789f,d44bc6285340ab900f70d2463ae7225a96be487175df0fc00e4f22054573a436
xor3,911,71,0.0018,0.01,1.0,soft,0.4569,0.9453064264076342,0.03571428571428571,analytic,5e4631eb76a4da35,results/raw/equal_noise_xor3/target/5e4631eb76a4da35.json,8,512,hybrid,B,961e28e0cc5f59455e8684f17fb823dcc4646a194c668a1549a5352fefec32f5,0e014a86ca334d3223afbb549e737fa65e2625593f7a9d504d1d4b79ca8fb3ab
xor3,911,71,0.0018,0.02,2.0,soft,0.390625,0.9453064264076342,0.07142857142857142,analytic,b161a73e6ccb3137,results/raw/equal_noise_xor3/target/b161a73e6ccb3137.json,8,512,hybrid,B,8d6b1ddbbb1f2ccda25b12fff9009871e83c87b9889e520952223c00780a9607,bec195c041ec8dbd874621e21bc880ca8927bd0c432f1fbe73c54f600222738f
xor3,911,71,0.0018,0.04,4.0,soft,0.6328125,0.9453064264076342,0.14285714285714285,analytic,cdf1f30f7f849ffe,results/raw/equal_noise_xor3/target/cdf1f30f7f849ffe.json,8,512,hybrid,B,be05325fdfd83aa961ef4173a6a7725672da879cbd3c9ceea955c33eb78c3d42,f141449b12bd6e862b113ed3633881837f2924de0400c7a58adc6b461b9952ac
xor3,912,72,0.0018,0.0,1.0,hard,0.51171875,1.0,0.03571428571428571,global,f34db25ad33e3a8d,results/raw/interaction_transfer/target/f34db25ad33e3a8d.json,8,512,hybrid,B,97e5ae3b9361aa6704f7debf299c86055c88c9c91b578f7879bcec8a71e37f13,de5678d25749a87bc1f4dd9ff43f2754231041aa50ca0997f18cedb9a8e9a8ae
xor3,912,72,0.0018,0.01,1.0,soft,0.42356875,0.9453064264076342,0.03571428571428571,analytic,05ff7fc6a36c36e3,results/raw/equal_noise_xor3/target/05ff7fc6a36c36e3.json,8,512,hybrid,B,9d2a3584efdbd62b95e15f5a70fe80f07590f21ec205681f16849907270e39e6,c5f8b0cd8c20b57f6c337ab7b50cc486c260b594f7f7d94a2179d8a466e4c052
xor3,912,72,0.0018,0.02,2.0,soft,0.4627375,0.9453064264076342,0.07142857142857142,analytic,1850d3dcb99b93ec,results/raw/equal_noise_xor3/target/1850d3dcb99b93ec.json,8,512,hybrid,B,11cc9e1b138adaa91bf611f67b8ac7c8d5e1d1af67e460c14a10d7ca30bd3073,8bb5df71f43ff92cba7400ac479454c974b884a31e8ee56582823021b2a08cbd
xor3,912,72,0.0018,0.04,4.0,soft,0.703125,0.9453064264076342,0.14285714285714285,analytic,164d73f22bbd1b36,results/raw/equal_noise_xor3/target/164d73f22bbd1b36.json,8,512,hybrid,B,369b007f9a4f4673f14f559d54b791a2b03d2dda3f1a1bb425cc7be0b7465e4b,614bb3b1a1cad74c7e875890311c7e1c1a9aa967ac37c4ce63c591277e2623cd
xor3,913,70,0.0018,0.0,1.0,hard,0.4385,1.0,0.03571428571428571,global,a8731a24e2135070,results/raw/interaction_transfer/target/a8731a24e2135070.json,8,512,hybrid,B,db072be68188814dcf66cfdcc2ee174694300b38c811d648646745e726db2f1e,56162967cd5cc8fc98030b9725d3a4845398c4b96cf73cb551a52959be5c235e
xor3,913,70,0.0018,0.01,1.0,soft,0.48046874999999994,0.9453064264076342,0.03571428571428571,analytic,77a38eb7fcee2dcf,results/raw/equal_noise_xor3/target/77a38eb7fcee2dcf.json,8,512,hybrid,B,0da78a03c631656d91ca9e47b80a62c53e5f10533ad747fc4f3135090cbd9175,5a01d78ba376548126142664882b2f9c2939786e50634d54585732f5099ceceb
xor3,913,70,0.0018,0.02,2.0,soft,0.516025,0.9453064264076342,0.07142857142857142,analytic,2eeb52e8e7d74f1d,results/raw/equal_noise_xor3/target/2eeb52e8e7d74f1d.json,8,512,hybrid,B,efb9301e2674f9e8d2f61cb6609ff217206ebc94b8ba91234e2b3304d1270692,47883a65b9b6e8dfe4c5a048f477d768ac8e2de292e1654ddc892ffc8af6c438
xor3,913,70,0.0018,0.04,4.0,soft,0.6640625,0.9453064264076342,0.14285714285714285,analytic,abb97d352804bd50,results/raw/equal_noise_xor3/target/abb97d352804bd50.json,8,512,hybrid,B,ce7322f596b01cf23d784ea75b3e00c71b362b7e51fcef15f1ad517be705a3ae,a117657604b980f7bc0a34541b759856864279bb925370f8477c4c34ce306e33
xor3,914,71,0.0018,0.0,1.0,hard,0.41133125,1.0,0.03571428571428571,global,90ac8a54fab83357,results/raw/interaction_transfer/target/90ac8a54fab83357.json,8,512,hybrid,B,93ea6d95e01e405a8e20478ba6223d08f4d18565de0d92f555f9ff203edfae73,c7358256294dacd6ba30cb21e3c1f4a1644d89b14eec7382205853ac0b5991c6
xor3,914,71,0.0018,0.01,1.0,soft,0.4765625,0.9453064264076342,0.03571428571428571,analytic,44f9c4e7ce79acb7,results/raw/equal_noise_xor3/target/44f9c4e7ce79acb7.json,8,512,hybrid,B,eb10a75a585bb27e8039736fdf4723df82c9f27eda6375e3853b53b8954fe304,7d21cd3bead983fa722b7806fa35c96e4ec3c464271342825f93888fc79ee82d
xor3,914,71,0.0018,0.02,2.0,soft,0.62890625,0.9453064264076342,0.07142857142857142,analytic,e57eb8926f0c4dbd,results/raw/equal_noise_xor3/target/e57eb8926f0c4dbd.json,8,512,hybrid,B,bf0fc8d8a1ae7ece726b7d18f355c333a798a6654a46c8ef8cd9ec266cc73b0d,2e4b793272c87bd99309f42c5b27864cdcc688e18008e2b05b126faaf60cf3d5
xor3,914,71,0.0018,0.04,4.0,soft,0.70703125,0.9453064264076342,0.14285714285714285,analytic,31c320414884cfe0,results/raw/equal_noise_xor3/target/31c320414884cfe0.json,8,512,hybrid,B,f41767b2bf6b999250a407b56bb2253c6d893af91cfafadb80f79bf82f371941,e9a7de972ffe1068db769e422b1de64b018066c406ec7095f98b1061628d622a
xor3,915,72,0.0018,0.0,1.0,hard,0.45872500000000005,1.0,0.03571428571428571,global,0891b3e64409b326,results/raw/interaction_transfer/target/0891b3e64409b326.json,8,512,hybrid,B,d4ac9daa21ed245486c82bf8c7530dcb92487506060645786b6002c677216923,19ba636cdf34f99e0f2f3d13a9082d491f08b3ca41db067fb994fb703957efb9
xor3,915,72,0.0018,0.01,1.0,soft,0.48828125000000006,0.9453064264076342,0.03571428571428571,analytic,b55ed75433f8cf57,results/raw/equal_noise_xor3/target/b55ed75433f8cf57.json,8,512,hybrid,B,35f98349eb97537fa6be7b787c196aae26377faeb3d3b288d8f7b76e6e6dad6f,c982030db68e155b014cd4dc7dd3991d52ab77a8b8008e5ae22f5e056d377352
xor3,915,72,0.0018,0.02,2.0,soft,0.45672500000000005,0.9453064264076342,0.07142857142857142,analytic,8ec5914c254c25dc,results/raw/equal_noise_xor3/target/8ec5914c254c25dc.json,8,512,hybrid,B,eee0960e9f0aa2bd2f7bd14774e13cd17b7547fb03763990b4da0c299923d102,515b60507dacd2c4ce815cdbb475b3d383655fd272448771f7f7f7516885c854
xor3,915,72,0.0018,0.04,4.0,soft,0.73828125,0.9453064264076342,0.14285714285714285,analytic,b9ec050c47c1ba59,results/raw/equal_noise_xor3/target/b9ec050c47c1ba59.json,8,512,hybrid,B,d0057c230c958627e6176953a7bfa633c66e227ead6c50252b48da5d917e5202,12f33c95ef6717178b4c3fff7ade7fef84df295125cd70673b8ae113666ce817
xor3,910,70,0.0024,0.0,1.0,hard,0.41446249999999996,1.0,0.03571428571428571,global,0e9c3cbe02003fd2,results/raw/interaction_transfer/target/0e9c3cbe02003fd2.json,8,512,hybrid,B,6d20c07ba369bd1172a4b1d75a8ebda17f820ac7244da41473414018456b9a0f,e4e07230dce7d115236611337408b3ffefcaa69162aa1065c994b266d672de95
xor3,910,70,0.0024,0.01,1.0,soft,0.4497,0.9453064264076341,0.03571428571428571,analytic,1b89990184369432,results/raw/equal_noise_xor3/target/1b89990184369432.json,8,512,hybrid,B,fc741a1f00a92fa40c95049ed8838f3bc2ab7d124ec6ab50df1f626b1835f9f2,6b8c85e54f1c0d88320305c6ea6190bf39eb51bfe71948e9358254946079cefe
xor3,910,70,0.0024,0.02,2.0,soft,0.4609375,0.9453064264076341,0.07142857142857142,analytic,16191a3368aa0a6d,results/raw/equal_noise_xor3/target/16191a3368aa0a6d.json,8,512,hybrid,B,4216039a2cff5aba6a7054c932af5726dd50d4aa22c3428f76001b6b650427cb,65f6fd304c032f6327de058d68a3ef550f35986a828c31935e50ebc808674483
xor3,910,70,0.0024,0.04,4.0,soft,0.60546875,0.9453064264076341,0.14285714285714285,analytic,81852ab968a1a58b,results/raw/equal_noise_xor3/target/81852ab968a1a58b.json,8,512,hybrid,B,4171778ce1e1da33eceff8611deb88da03e113f85171a4061ccb02127fe9cdb2,696943d3134905edce0db1cd67dae197770e11e022b7a26f6caaa6a9466ebd0d
xor3,911,71,0.0024,0.0,1.0,hard,0.3742125,1.0,0.03571428571428571,global,54ce452065afa6fe,results/raw/interaction_transfer/target/54ce452065afa6fe.json,8,512,hybrid,B,79d7e8f12a9302d14e443677b32da9ed1e2565cfc8e4a8f3bbe7e67aa5160c9c,2d2ca01e0cd3e5b3f51ad0642ba02854c23eaa3cd8af01a6a17322f465ad5be8
xor3,911,71,0.0024,0.01,1.0,soft,0.3828125,0.9453064264076341,0.03571428571428571,analytic,cb4bd448467bdf78,results/raw/equal_noise_xor3/target/cb4bd448467bdf78.json,8,512,hybrid,B,03ece8b96979304b9fe05f08950d34864d59873674f7bf342753351dc60c94a7,5da1e40386c5d5a0ee1076d9f46c20350597f487430cc921c8b05379b03bddd5
xor3,911,71,0.0024,0.02,2.0,soft,0.35575,0.9453064264076341,0.07142857142857142,analytic,64461256ecb9e299,results/raw/equal_noise_xor3/target/64461256ecb9e299.json,8,512,hybrid,B,11b32c7fc0f1378e3cbade13b4251f378d9331ae5dcc0679b27b604bdbf4225c,557f76fe1e9a3dfa39136df429225aab43e22c334a7d4521ce8f650f8d768995
xor3,911,71,0.0024,0.04,4.0,soft,0.6490374999999999,0.9453064264076341,0.14285714285714285,analytic,a054a8072752ad32,results/raw/equal_noise_xor3/target/a054a8072752ad32.json,8,512,hybrid,B,8b7d63992fa59e2abcc0c9033e297b12c1affd608391f8fe4b6f54e7cea8c4ec,44360169b505bd387c53ac0315349da1416359aae06b6d7cc3868f7646e7c25d
xor3,912,72,0.0024,0.0,1.0,hard,0.51953125,1.0,0.03571428571428571,global,1b405d78b037457d,results/raw/interaction_transfer/target/1b405d78b037457d.json,8,512,hybrid,B,1aa37803fa5cfb8c9156f2494c1a1b39fd826eb15ba1377bf23a7c8c365e63be,a141de81687f5e9a16f3186eeb1a1c30087e380f0042ec2bf8ccca654f02077b
xor3,912,72,0.0024,0.01,1.0,soft,0.4140625,0.9453064264076341,0.03571428571428571,analytic,734dbbc964f98bfb,results/raw/equal_noise_xor3/target/734dbbc964f98bfb.json,8,512,hybrid,B,60e450877fbf0f9c12450988258305f078e92759a77fa539d8d60af82c8d5406,bb88385cbeb05e0ce1d1a43f8be69a14ee90326c94854f303fc853f4b7a194c6
xor3,912,72,0.0024,0.02,2.0,soft,0.45481875,0.9453064264076341,0.07142857142857142,analytic,3cdadaa22c7505a8,results/raw/equal_noise_xor3/target/3cdadaa22c7505a8.json,8,512,hybrid,B,6a375f9a9e358090bd0ef99c6470c19ecc82847995c380abc59da39a9dcedb7f,47a010301a40f5e50d395ca2ba5f505f4d2cf998ee4d92da6994ded7142e696d
xor3,912,72,0.0024,0.04,4.0,soft,0.58203125,0.9453064264076341,0.14285714285714285,analytic,c7ebf133c60a83b7,results/raw/equal_noise_xor3/target/c7ebf133c60a83b7.json,8,512,hybrid,B,3c3e57e54d729aefc9b9855f5b00466bf029dd1888952be5259dd82050935100,3e65f9c20ad990929511114a6fa952589af9e22c60467ea9798dc063ae42221c
xor3,913,70,0.0024,0.0,1.0,hard,0.45312499999999994,1.0,0.03571428571428571,global,a0e0285341d6ff27,results/raw/interaction_transfer/target/a0e0285341d6ff27.json,8,512,hybrid,B,19bc6baa3b2f6b27bd0021999f725c4c7b2738641eaadfae953711ff215d8299,7e20182c5eb61772c87ce2be7da7e8972bed3992d4eae56418c19feadd4cf5ff
xor3,913,70,0.0024,0.01,1.0,soft,0.38793124999999995,0.9453064264076341,0.03571428571428571,analytic,82ad40a622b27484,results/raw/equal_noise_xor3/target/82ad40a622b27484.json,8,512,hybrid,B,861594a99ccb1c79bd79323b44591299f550ea9c81a1e8c5915bf8bc49a15e63,0e60e759273b9d217b9de42546598f87e6b824dad18e07feee5ded7b011c89e6
xor3,913,70,0.0024,0.02,2.0,soft,0.5635,0.9453064264076341,0.07142857142857142,analytic,e24c9e417ac0bbaa,results/raw/equal_noise_xor3/target/e24c9e417ac0bbaa.json,8,512,hybrid,B,8bbcb65aaddb421c6af21235868bb2b35691a5ab33c1c8e7d6fa0b65e2a3968f,0e7e44dbd87b30f1977e278c7e0d28fb2179e4499a87b0b0e97acb57b454025c
xor3,913,70,0.0024,0.04,4.0,soft,0.42578125,0.9453064264076341,0.14285714285714285,analytic,0a0fd08677c03e35,results/raw/equal_noise_xor3/target/0a0fd08677c03e35.json,8,512,hybrid,B,38b2a135f19eff615745cbbacb2c9e34afe548d2947dcaa2612736d5fe7e0d5d,70863bc19d2c9f41dabffdc1a533a7d0cfbff610245e7736930b563252c45d6e
xor3,914,71,0.0024,0.0,1.0,hard,0.40234375,1.0,0.03571428571428571,global,f78d394700e9027b,results/raw/interaction_transfer/target/f78d394700e9027b.json,8,512,hybrid,B,6c61fa75a18f73c9e717635a8134d46f868a9dd206351827aad1d0a1016b81f2,5b075cb247b8a155baa45f007026fb9636fdd941eb3b3323707a100494b7c435
xor3,914,71,0.0024,0.01,1.0,soft,0.4921875,0.9453064264076341,0.03571428571428571,analytic,c8aa2d3fd979bb47,results/raw/equal_noise_xor3/target/c8aa2d3fd979bb47.json,8,512,hybrid,B,b61d482a331c6a77de5d38b71f9fd2ab978704e75be746125987c88412c53e9a,a2bcb6f8d24f5354d600336775595a2995245af5cf4bf6e264b88a393f025478
xor3,914,71,0.0024,0.02,2.0,soft,0.40685,0.9453064264076341,0.07142857142857142,analytic,6db786d01ed2de55,results/raw/equal_noise_xor3/target/6db786d01ed2de55.json,8,512,hybrid,B,2f096d9a88784305bd493d39234247a7ec24088d37e15e004854e7d04ca5bc50,f6f368fa4d4f9a84498d1d853e3e0f1e75d19948e465613add7e55c2e807cb55
xor3,914,71,0.0024,0.04,4.0,soft,0.671875,0.9453064264076341,0.14285714285714285,analytic,d1f8b0df83740989,results/raw/equal_noise_xor3/target/d1f8b0df83740989.json,8,512,hybrid,B,88f8a4f1caa8801fd4dbdaa4a37570d341c910a2f077e13b9fca5b8b2e19f3dc,c1c4db341ed5e95829e51127d514a16c89410112a5c056714246b28b29a22b48
xor3,915,72,0.0024,0.0,1.0,hard,0.40354375000000003,1.0,0.03571428571428571,global,2e974459d4e1b7b2,results/raw/interaction_transfer/target/2e974459d4e1b7b2.json,8,512,hybrid,B,750e89a47efbaf9b22fa7d0de8b29a65e47ca33ec53f522227a5c92d660d08a4,603b029d46e93eba0885303e0946b7166ef9b9c60314340ad84fbeebedb79b5c
xor3,915,72,0.0024,0.01,1.0,soft,0.40234375,0.9453064264076341,0.03571428571428571,analytic,eb37c98942b73414,results/raw/equal_noise_xor3/target/eb37c98942b73414.json,8,512,hybrid,B,4e5a44f2f2895491b36130d7b7aad171c152e987c5331620579ca711bf9e03a0,c79ab95306ac40ebd0772028ee51bab6a47d047112240fc58efe04220ad38475
xor3,915,72,0.0024,0.02,2.0,soft,0.4140625,0.9453064264076341,0.07142857142857142,analytic,a43ac232565dc26b,results/raw/equal_noise_xor3/target/a43ac232565dc26b.json,8,512,hybrid,B,d8f0526c6b558123a13a1b350003a8c7fd8b76d0a1b56d868a29f28588d93dd1,8ea58fd31a7f675de25020402b70239239b71c79dba8002520ab008a1433ba18
xor3,915,72,0.0024,0.04,4.0,soft,0.60546875,0.9453064264076341,0.14285714285714285,analytic,33187d31ca027bec,results/raw/equal_noise_xor3/target/33187d31ca027bec.json,8,512,hybrid,B,185d3c19605445ecd2be7fdc3df5568dd4eabf6be236a03494cc60408cc07f54,202918b1913ed679f37322b54aa3793cd61eef3c696de2e9ec6e5a16b8ae8826
xor3,910,70,0.003,0.0,1.0,hard,0.47144374999999994,1.0,0.03571428571428571,global,a54d2b4bfab1e495,results/raw/interaction_transfer/target/a54d2b4bfab1e495.json,8,512,hybrid,B,95e439c8a08183f735ff3bc3b386661d17a09ffc3d43c67d7dbbc4ebed4cf35f,718fbbff73cff849c14578bebdcb8294080e58833a60f9c3d0685975a0cb4ff9
xor3,910,70,0.003,0.01,1.0,soft,0.34375,0.9453064264076341,0.03571428571428571,analytic,f3bd431a969404ed,results/raw/interaction_transfer/target/f3bd431a969404ed.json,8,512,hybrid,B,c7b2ee3b3591340b8b1928fd16b8fa89dcdddb4fa9be260ee2f3762fe9369d4c,17db069c30a403ee9efaf6c3e1ea4201217ff1a5a06a972734345f9ffc19e152
xor3,910,70,0.003,0.02,2.0,soft,0.39453125,0.9453064264076341,0.07142857142857142,analytic,3ad4793efa091966,results/raw/interaction_transfer/target/3ad4793efa091966.json,8,512,hybrid,B,e74cf3649e7b77db7b0f47acba91ab343c12fc835432e2c69fd88221b05bdc04,2f40808b207aba2e6300628b04a3bc72c5158b3f2bf16d3c78900bcd9745ca5c
xor3,910,70,0.003,0.04,4.0,soft,0.5078125,0.9453064264076341,0.14285714285714285,analytic,065260d265dc71a6,results/raw/interaction_transfer/target/065260d265dc71a6.json,8,512,hybrid,B,c925cb9df1924108d145503f81d73e673b1cb0adfb46a8759a47ff5e8d2a6e6f,493f2a72b9992b8582d83dd93a477770c43d876bf0e6d91c2e9701a86b91452f
xor3,911,71,0.003,0.0,1.0,hard,0.35728125,1.0,0.03571428571428571,global,2c874fe1dc9d585c,results/raw/interaction_transfer/target/2c874fe1dc9d585c.json,8,512,hybrid,B,963f14e87e872594aa3f5bc9c8760e326d1f76f4ce6c1e4fc8d6c7276c20ac60,3446f483e97fbc024af81e965e9962a4dca29468f3c982a8f7dab3cf071f0d4f
xor3,911,71,0.003,0.01,1.0,soft,0.41015625,0.9453064264076341,0.03571428571428571,analytic,47c208911bfc08d8,results/raw/interaction_transfer/target/47c208911bfc08d8.json,8,512,hybrid,B,e09ad638dcee2ec8cb91234cad2a5da894a2dfdfa1511a1f6c0a759aa14960f6,ba8b91b6b39ebcbf9e5ec227069aef2a68c3a1e0932a197dac309598fc8cab47
xor3,911,71,0.003,0.02,2.0,soft,0.50028125,0.9453064264076341,0.07142857142857142,analytic,0694fe29e59684b6,results/raw/interaction_transfer/target/0694fe29e59684b6.json,8,512,hybrid,B,b56de8ef99640e7f0c8984899c6434dece2821e8b3587774f495919843acb792,56dd1ba5a6ec220bf9dc6bb815f156cd2cde7769920a1444c3f295a3b17f37bf
xor3,911,71,0.003,0.04,4.0,soft,0.640625,0.9453064264076341,0.14285714285714285,analytic,5ef713cf68771d0e,results/raw/interaction_transfer/target/5ef713cf68771d0e.json,8,512,hybrid,B,93ca0ed4d84f969a6fe71f003f596519add25ae3d2354a9345191b45d6ad34bc,098b26b2d9dd929dbe8253be32a763486094c1563751e22770e03fd47d47838d
xor3,912,72,0.003,0.0,1.0,hard,0.48046875,1.0,0.03571428571428571,global,d985b64885cef2cb,results/raw/interaction_transfer/target/d985b64885cef2cb.json,8,512,hybrid,B,da44088f10a8bf8dbcfa70b6749a58dd04a9175bcee4c4ffcd1b2bf5e72d98e2,51dde11bacc17a2fdb1d6f44b1e0eccf7212a9558795f4b193812dc3855ddf44
xor3,912,72,0.003,0.01,1.0,soft,0.38450625,0.9453064264076341,0.03571428571428571,analytic,903c6d84773eec5d,results/raw/interaction_transfer/target/903c6d84773eec5d.json,8,512,hybrid,B,a7abbecee3838fe9760aa23a892eb47bcbef17053af222dbcce5f41ca469a66e,cd2f604ff9b2923bcd4a76b48393943d80fe0ff4ba93ccf1d50190c0ea44ccac
xor3,912,72,0.003,0.02,2.0,soft,0.44921875,0.9453064264076341,0.07142857142857142,analytic,7cd0f98f6b375c42,results/raw/interaction_transfer/target/7cd0f98f6b375c42.json,8,512,hybrid,B,e84d269db4d424115611c4f65ca68a297e1ee9a24366a9d9ac71c302182b6bd8,17826cce51fa1d41fc2a7f041db352f20260fa04a4bcf66ddea3f0dbbdbcce19
xor3,912,72,0.003,0.04,4.0,soft,0.640625,0.9453064264076341,0.14285714285714285,analytic,062767279c627c3e,results/raw/interaction_transfer/target/062767279c627c3e.json,8,512,hybrid,B,9b5d30d0d01f4ffcab2a79523a395ada5a7e59612712a940d1a7f4e109d8682a,0cdbbcd242df01512846b27d9421850154226926c836511a55598e4cd027c7e1
xor3,913,70,0.003,0.0,1.0,hard,0.453125,1.0,0.03571428571428571,global,607b02a830c417c3,results/raw/interaction_transfer/target/607b02a830c417c3.json,8,512,hybrid,B,81ec68bed4740fbe593b2202ef10ba999e83c28aee44fd096ac0f57255fac1ec,5fa4f7388d29cc3f66a9c7d9abbd0dea7e202fe1a2c4a5764f1c97bd1624ee52
xor3,913,70,0.003,0.01,1.0,soft,0.35177499999999995,0.9453064264076341,0.03571428571428571,analytic,10f8f96f90da7cae,results/raw/interaction_transfer/target/10f8f96f90da7cae.json,8,512,hybrid,B,55d7b38bf448aece3a4206cb50b9892746b43309e6b3b140804768e01f578ec3,31a91bc7be895e832534324d504dd274358a17822d7050c2f67ff1d06ec097dc
xor3,913,70,0.003,0.02,2.0,soft,0.44571249999999996,0.9453064264076341,0.07142857142857142,analytic,41dec3e71bb33bb9,results/raw/interaction_transfer/target/41dec3e71bb33bb9.json,8,512,hybrid,B,b8f23da716388bad790c2e14fb62407e5756f2a5f7901a4e74784e62e5773765,45f357f76a2bc58f0b132fd287a5f5c0eef68f88248627c1f24987117d184542
xor3,913,70,0.003,0.04,4.0,soft,0.6274249999999999,0.9453064264076341,0.14285714285714285,analytic,15bf3fee70aa791f,results/raw/interaction_transfer/target/15bf3fee70aa791f.json,8,512,hybrid,B,e1124fd938a2a7e1767a33f6a9fde66316c5f3f0f9bec72811707fd332eef275,be8906443e4a726b867e2f69857a45c15ce5c584ca24bd1f47613ba00b09bf11
xor3,914,71,0.003,0.0,1.0,hard,0.395625,1.0,0.03571428571428571,global,8adbb189389a23be,results/raw/interaction_transfer/target/8adbb189389a23be.json,8,512,hybrid,B,9be06ff1129293d8d2218533d67f8b78d46d580be5fe3a69eab37e8e7b21c9cb,3c5e65a8136364fae2f7c2f025a83e0d647e71e7f05f6b8b12b62a67fd89099b
xor3,914,71,0.003,0.01,1.0,soft,0.38671875,0.9453064264076341,0.03571428571428571,analytic,49c39f43e49bce34,results/raw/interaction_transfer/target/49c39f43e49bce34.json,8,512,hybrid,B,aea1357e6ebf871f20e8e40076fe36120aec77ca56f3131026c751af7d55044e,ea6e9d0a41406dc6b8778d351eddc641c0a7286fb8f87064887cd6fed2bd46c2
xor3,914,71,0.003,0.02,2.0,soft,0.4609375,0.9453064264076341,0.07142857142857142,analytic,33e86426e4934a9f,results/raw/interaction_transfer/target/33e86426e4934a9f.json,8,512,hybrid,B,3ae5da77bf1709cd3790825252b13c0409b9bcfd7ae057410b5744db555c79d2,c5e569cdbef9441760b958142f5d8c24a63e282cea58486b7cc5d2a86f3084be
xor3,914,71,0.003,0.04,4.0,soft,0.68359375,0.9453064264076341,0.14285714285714285,analytic,e4acfdedbe4f5405,results/raw/interaction_transfer/target/e4acfdedbe4f5405.json,8,512,hybrid,B,c22a369d037806ca2359d003acfd96e235dad07396f2d18b754ea7cbf5b14ace,7319660c892296a1db2dd99a059662ea1faa387ca513b3bf6541246ef3259978
xor3,915,72,0.003,0.0,1.0,hard,0.40635625,1.0,0.03571428571428571,global,cb1a1b483b726cb0,results/raw/interaction_transfer/target/cb1a1b483b726cb0.json,8,512,hybrid,B,df283e98083256f7a4a5d6359cf78b513ccd089271c64953938801b9794d75e2,94ac705a7c638abbd9a6cdb2f523aff82e58abea8de9c0fdf68150d43b000634
xor3,915,72,0.003,0.01,1.0,soft,0.2734375,0.9453064264076341,0.03571428571428571,analytic,4e599ac91a59f430,results/raw/interaction_transfer/target/4e599ac91a59f430.json,8,512,hybrid,B,dea6b75f63f73d9f00d89ff9e823b54f766dcf2e82454a3bd2974d0bef59f654,724dc126de6c0857c354d3ce7af579ad24669e6fb4dcbecc444a686850a8428d
xor3,915,72,0.003,0.02,2.0,soft,0.4352875,0.9453064264076341,0.07142857142857142,analytic,5aaa1316c61231a5,results/raw/interaction_transfer/target/5aaa1316c61231a5.json,8,512,hybrid,B,6fa82d48c975c65ac509319b30afc48b590600b792b019155806f7b91bf7c11d,a860707b66d8fcde3644f402ae3e43dff75a57eca029954b1b08d490ebcec174
xor3,915,72,0.003,0.04,4.0,soft,0.6200937500000001,0.9453064264076341,0.14285714285714285,analytic,022d7fa48495e39c,results/raw/interaction_transfer/target/022d7fa48495e39c.json,8,512,hybrid,B,21ff0f9a9d97a0388f25a272fb3ae1a6f43c5db48d63b4feba36f19510006abf,67716a6f23fdf97edf68d12a665f7c1b1e50c2df6b6b219fecb91264215fd777
xor3,910,70,0.006,0.0,1.0,hard,0.3257,1.0,0.03571428571428571,global,f5f6c9e9a527202c,results/raw/interaction_transfer/target/f5f6c9e9a527202c.json,8,512,hybrid,B,bce210b02cbac65fbe5f7129bef9bbbc4f9f3d0e9463d5109e59616aabc878f0,ee13b94e9018f5cc898084e7c8c6590acbbb0bb6b4ea1c37f61b91280aabe03e
xor3,910,70,0.006,0.01,1.0,soft,0.30178125,0.9453064264076342,0.03571428571428571,analytic,155306bbb8a8bdca,results/raw/equal_noise_xor3/target/155306bbb8a8bdca.json,8,512,hybrid,B,bb480d0481e694f15d30ffd6a81ae8e49379b863b51e0da876b4a1a76f342065,55b89eeabc1d0e7e0c2860cdfbf6d115fa6540fee8c76c466ea6cc40a1379c92
xor3,910,70,0.006,0.02,2.0,soft,0.24049374999999998,0.9453064264076342,0.07142857142857142,analytic,3180c1d951f676e4,results/raw/equal_noise_xor3/target/3180c1d951f676e4.json,8,512,hybrid,B,8553cca114464c633ff684a072eae78a3ae488fc647b9aa73c66cbee5b30925a,cd7a0d40ccc896fb82112a40a652bc4890ae8f587a22c362b3a3ad221df38e52
xor3,910,70,0.006,0.04,4.0,soft,0.42578125,0.9453064264076342,0.14285714285714285,analytic,26c79fc1efd1ca31,results/raw/equal_noise_xor3/target/26c79fc1efd1ca31.json,8,512,hybrid,B,26aa29b4e8d9f98c3368ed58160c9fff1b72c140a51dd6ce5402126b9b15c95f,2a79ca23552cd3a6ee7727178759218af27306c4773b1fda20294e5417cd73df
xor3,911,71,0.006,0.0,1.0,hard,0.32921875,1.0,0.03571428571428571,global,3c96c9096063ba64,results/raw/interaction_transfer/target/3c96c9096063ba64.json,8,512,hybrid,B,3ce366b14bf67745e89cc8c638c91a8f0a83d435383179fe1500860c899fe651,b05bdfe634d94f063e2d207d334b4e5aa593de4e08d80dc07c180cd536ceab4b
xor3,911,71,0.006,0.01,1.0,soft,0.21824375000000001,0.9453064264076342,0.03571428571428571,analytic,ee87e3d8ea7cf9db,results/raw/equal_noise_xor3/target/ee87e3d8ea7cf9db.json,8,512,hybrid,B,9d2be1a974ff1060fff022fcce5b6fa5df0eace0efbb22ca8f7f71969b49d92f,583872b350a3af8eb3b432134b74f32af7425ec655b007e0843e36a8925bf438
xor3,911,71,0.006,0.02,2.0,soft,0.28625,0.9453064264076342,0.07142857142857142,analytic,74fdc83d223f9bad,results/raw/equal_noise_xor3/target/74fdc83d223f9bad.json,8,512,hybrid,B,a5401d3d3520ecbc752e55c1e4a1b1ac014824ec65c9f0d7d305c9f1a216d851,db0700bf407b558015340ec2f9f61c50ed935b782365d4eb97e12659de3b9d53
xor3,911,71,0.006,0.04,4.0,soft,0.51171875,0.9453064264076342,0.14285714285714285,analytic,ea0bc3c8ef686d59,results/raw/equal_noise_xor3/target/ea0bc3c8ef686d59.json,8,512,hybrid,B,c69d8b57fad926b7f0bdb79850345ce96c00d4bba930a4947dcfe6788eaa3487,df05f50ff53ef3772616c4791440f23ed9b67fbee0b0be641b4b6ab0c6338a98
xor3,912,72,0.006,0.0,1.0,hard,0.2734375,1.0,0.03571428571428571,global,2f39110797e95943,results/raw/interaction_transfer/target/2f39110797e95943.json,8,512,hybrid,B,fe3b08a8aaa9dd4f23d33d959f5a9b3cae6d921db5d863a37a3c52f60dd39cba,2881199026018c5577ee60e1687a76353ab9f3ad204b0a649ed9850583dd8a18
xor3,912,72,0.006,0.01,1.0,soft,0.28125,0.9453064264076342,0.03571428571428571,analytic,d620b7088df0f879,results/raw/equal_noise_xor3/target/d620b7088df0f879.json,8,512,hybrid,B,8b6dd342ce3eaa0a1baba311cbe57084730722b793886eadf5b34cb51a673111,03cd1e1b1a25dfc200aae3c0e60765d098df7aa7f560217793fb3ede4631d15a
xor3,912,72,0.006,0.02,2.0,soft,0.2614125,0.9453064264076342,0.07142857142857142,analytic,480d3a9603e08f78,results/raw/equal_noise_xor3/target/480d3a9603e08f78.json,8,512,hybrid,B,d56c4ccf352df891ac976991a5a028f02bbfa4fa8e96f46605f16c9782f787e7,267fa8f38fc82e848e6bb7432067b619b9815e1520ed645bf1b7af6580a4ed8b
xor3,912,72,0.006,0.04,4.0,soft,0.4783625,0.9453064264076342,0.14285714285714285,analytic,133a06fdef675e96,results/raw/equal_noise_xor3/target/133a06fdef675e96.json,8,512,hybrid,B,a533d93601b0b36a7f2823a81780d2af631867401de18cece1faa405303e2cc4,7d98cb46053318016a84d929c4f6e443926f1846f34021eff70fee8553b6e2df
xor3,913,70,0.006,0.0,1.0,hard,0.30015625,1.0,0.03571428571428571,global,3d42eafe5a6e377d,results/raw/interaction_transfer/target/3d42eafe5a6e377d.json,8,512,hybrid,B,cf374f90dc3dbc16d438df447b30a28846b13289e6ba882e7a882625ca17f917,8adad0aea9d0e083bc5935262894d455791f52e37bb11f008bbee98f5cce2001
xor3,913,70,0.006,0.01,1.0,soft,0.2556125,0.9453064264076342,0.03571428571428571,analytic,6009dc61c7c7de3d,results/raw/equal_noise_xor3/target/6009dc61c7c7de3d.json,8,512,hybrid,B,287a9eab88bd7941db24e1d81b789d9158c1b1d9d661286b47629808e1b169d1,98ace01d356af45b755cbbf752edc3d50c6067a382cd1c3abc149707f792d798
xor3,913,70,0.006,0.02,2.0,soft,0.277825,0.9453064264076342,0.07142857142857142,analytic,ba49678bb116249a,results/raw/equal_noise_xor3/target/ba49678bb116249a.json,8,512,hybrid,B,4ffa0229ab25655f59c8c6aeb3a7203e61d1c831835f8e3c67270ccc88276bf7,582a942ab310913283887b554e0da5d3534dcc3b25bc774cb87a7e71e186e036
xor3,913,70,0.006,0.04,4.0,soft,0.3637625,0.9453064264076342,0.14285714285714285,analytic,4d807304387214cf,results/raw/equal_noise_xor3/target/4d807304387214cf.json,8,512,hybrid,B,769a554a3f9b2981eea491770bc1cf7bdb9ef3dbc86b39db041eb54d0520c074,498543449f1efdfe48d6c7a339184b64aab3b1590a240879364ed3e41cd6420f
xor3,914,71,0.006,0.0,1.0,hard,0.30441875,1.0,0.03571428571428571,global,a18327ec4fe4b1b2,results/raw/interaction_transfer/target/a18327ec4fe4b1b2.json,8,512,hybrid,B,6f52848d82ac6baea607b1536a949d8c81669a21156262e1e8f1a82906605e7a,938325e0c429ff84a80eafeddf924c40330bc033b57eaab7120a7f2a508b14df
xor3,914,71,0.006,0.01,1.0,soft,0.19848749999999998,0.9453064264076342,0.03571428571428571,analytic,fb05ce9db5c08e10,results/raw/equal_noise_xor3/target/fb05ce9db5c08e10.json,8,512,hybrid,B,da8fc028c8d6555241e74c60ba55faba17aedca72ffc38a9d4712f388618436d,f467ec2f48793a99c84f60b258e86a897c13eaaab0ee8337310d768f152f93cb
xor3,914,71,0.006,0.02,2.0,soft,0.28833125,0.9453064264076342,0.07142857142857142,analytic,7e9d0a871f8ab95d,results/raw/equal_noise_xor3/target/7e9d0a871f8ab95d.json,8,512,hybrid,B,c4af2d46b137a7e81e70242d742c004a93e90e42e15f729fd63a1fbab163677b,b1509c9fae47de2cfba22819a8e0508590d32fef55cbda2cddcfed0338b9927e
xor3,914,71,0.006,0.04,4.0,soft,0.5859375,0.9453064264076342,0.14285714285714285,analytic,a6b5943a7706c645,results/raw/equal_noise_xor3/target/a6b5943a7706c645.json,8,512,hybrid,B,665e8db7c3027504bd7f3cdfeec4575e4a915302d93e1cb453dd2af0861622ae,efa5bbaf77c6d7a6a9bcfd9c064e6343ea85cba269022a80df16ab06c5b46efd
xor3,915,72,0.006,0.0,1.0,hard,0.2724375,1.0,0.03571428571428571,global,141a6d3ad5d645a4,results/raw/interaction_transfer/target/141a6d3ad5d645a4.json,8,512,hybrid,B,011ec35d5133523b8ffef1c55e735b00246334b70520d212e1761a6b13f0b5b3,8333d6b4c9d480751ebf064f7d73f10a9d4259cd17121180e298b7f7062ddc07
xor3,915,72,0.006,0.01,1.0,soft,0.30919375,0.9453064264076342,0.03571428571428571,analytic,69d8d917986c8487,results/raw/equal_noise_xor3/target/69d8d917986c8487.json,8,512,hybrid,B,3464981c8ff42787bca5743bb59833c44d892c8214573d5f2ffc98125d31b1fd,f69f83e4d3f2abd3f6507ba24d9cf6e0b517630f3a2e32d60e46caab67bbf551
xor3,915,72,0.006,0.02,2.0,soft,0.300475,0.9453064264076342,0.07142857142857142,analytic,0fe8d23962fb4268,results/raw/equal_noise_xor3/target/0fe8d23962fb4268.json,8,512,hybrid,B,e13a2d1e75797cb9361900d44a738c0a1686233698f4168c4d1636bb825505d8,ab83420b2c23bd829fc3f14147bd71fcdde4eb010dd9d31ec1691fca80489b0f
xor3,915,72,0.006,0.04,4.0,soft,0.4453125,0.9453064264076342,0.14285714285714285,analytic,8b8c08de7ece7b6f,results/raw/equal_noise_xor3/target/8b8c08de7ece7b6f.json,8,512,hybrid,B,3fd16f3668727e4c663d7c271ebb41048278af1619b2ff6c73fb8e90293c4aba,34d0f80db79c5aa2b227475408d6bb37101e46dcbd5ae7f769e34cf343b25ed5
xor3,910,70,0.01,0.0,1.0,hard,0.24318749999999997,1.0,0.03571428571428571,global,c66f3212dddb173c,results/raw/interaction_transfer/target/c66f3212dddb173c.json,8,512,hybrid,B,2b71f4e48b02d57459da77efffbb9caae140da5117020667978150f803f74e13,be37fc8b7f39c8cf509a88bd9ebb58e61ff0170901135e6caf37c327c327312b
xor3,910,70,0.01,0.01,1.0,soft,0.19078124999999999,0.9453064264076342,0.03571428571428571,analytic,79c423923a997f00,results/raw/interaction_transfer/target/79c423923a997f00.json,8,512,hybrid,B,2d2d6e2a90e09a5dbeace743179d4cf663d11097aed3d7efe5793fd17e8add8c,7ade8c486110b2a89415e7f90a63a55a7156dcd11b379fbff2c66d1fb0ee8bd5
xor3,910,70,0.01,0.02,2.0,soft,0.22014999999999998,0.9453064264076342,0.07142857142857142,analytic,d5d86823b2758908,results/raw/interaction_transfer/target/d5d86823b2758908.json,8,512,hybrid,B,88c8f4696d467d85f12451cdf9a20c9bb03a6d7948b458e26d61a08a6c35d4b8,14e8faa9dc421af9420f8bae73d5e775261d196a66736ab3a7bc7a44ccf7673e
xor3,910,70,0.01,0.04,4.0,soft,0.34360625,0.9453064264076342,0.14285714285714285,analytic,8db2776532fe7dc7,results/raw/interaction_transfer/target/8db2776532fe7dc7.json,8,512,hybrid,B,0c6bfa7b3e05c79aafd201c4d27f7b780ea8cdd444707b70b32b56a19cf57280,c3774648b6173d7742e942b68dc314f01ba54ad54a7ee8197233bf2ee6ebf553
xor3,911,71,0.01,0.0,1.0,hard,0.25168124999999997,1.0,0.03571428571428571,global,ba9c6e8335720ba5,results/raw/interaction_transfer/target/ba9c6e8335720ba5.json,8,512,hybrid,B,d63e81efca6d7149fd2e1bef22b09a35ee0bbcab795a78ca68cb76d3775c64ea,e565a1c66d21b6401db5ffc1a7a27f93c0bfe29082267bda548e117f5f135218
xor3,911,71,0.01,0.01,1.0,soft,0.2129125,0.9453064264076342,0.03571428571428571,analytic,c8ad7e00a3dbc1f2,results/raw/interaction_transfer/target/c8ad7e00a3dbc1f2.json,8,512,hybrid,B,5d0fa38ea5666fd354343e18f2da4240d30bee0adb9418ca26285a00a5e8d7e0,d897fc1d0df616fd163272eaf3a01a103c9379c05a1173096a818fd17d43b29b
xor3,911,71,0.01,0.02,2.0,soft,0.24848125,0.9453064264076342,0.07142857142857142,analytic,67c643821312ffb3,results/raw/interaction_transfer/target/67c643821312ffb3.json,8,512,hybrid,B,d7c85c3cda904ac0af900b9d8b7c7fc3b8cab4b85b3fe4cdc401e217e91dc87e,9ae73954e93fe76a435af0d56bf8c16ff8e582f91fe1acc41ecfdd6e2f51fedd
xor3,911,71,0.01,0.04,4.0,soft,0.41015625,0.9453064264076342,0.14285714285714285,analytic,b148111155ca2300,results/raw/interaction_transfer/target/b148111155ca2300.json,8,512,hybrid,B,8285018866e43c3b6d097f6680f0cd04b1eed66d1790213a782e4a495db09472,742b3eee485c30d8a799f40c677a616cad045080d75a4e88662220d088d3e49a
xor3,912,72,0.01,0.0,1.0,hard,0.2906625,1.0,0.03571428571428571,global,21f9c55fa1ba7364,results/raw/interaction_transfer/target/21f9c55fa1ba7364.json,8,512,hybrid,B,f897ce6f6dc7aef71b9c47b79db4f835920ede26c7cc5afd78b9ad8c394643f8,814ba68c4d9d64b169764d1d99bb3e8724b14e89088be86eafee2888674f4df9
xor3,912,72,0.01,0.01,1.0,soft,0.24659999999999999,0.9453064264076342,0.03571428571428571,analytic,1780a303e9417669,results/raw/interaction_transfer/target/1780a303e9417669.json,8,512,hybrid,B,1bab9f648f1b4d8696673b1402942eb76c62179795b9cce06871517c4a7e520a,7cd4e24ce3badbfd14dddad27cc033b82a62dfb9f70d6ad5dc5b72903ce0d213
xor3,912,72,0.01,0.02,2.0,soft,0.28515625,0.9453064264076342,0.07142857142857142,analytic,94b9699aa9407dc8,results/raw/interaction_transfer/target/94b9699aa9407dc8.json,8,512,hybrid,B,09c5d86c9cc081e00e1f58ed5de9d9406e7f6b5da18cd30e34139cd457279912,5c08dbcad5706d0055fe738f25b62a63fed8d2313e284a51dcefc9d5d862bdd5
xor3,912,72,0.01,0.04,4.0,soft,0.41796875,0.9453064264076342,0.14285714285714285,analytic,41de85283eee62f9,results/raw/interaction_transfer/target/41de85283eee62f9.json,8,512,hybrid,B,845f1d41eb7f422eb3634c092c585edd7ce234b9a7941a78740d1c51cd6ce2c9,60ad20585ab71c728a03b5c9c2f16ee34fdb08557454555fea23423465333f83
xor3,913,70,0.01,0.0,1.0,hard,0.23828124999999997,1.0,0.03571428571428571,global,8913a07ee1043d3a,results/raw/interaction_transfer/target/8913a07ee1043d3a.json,8,512,hybrid,B,e3f0b5002d873aa25054c138b7f819cdbbbde02b5bf6bfda77e44f9c872507fb,1916ad25b2f4e28826bb4eecc27cbb64db0778014ca4a22f3bc110a6cdea9779
xor3,913,70,0.01,0.01,1.0,soft,0.22608124999999998,0.9453064264076342,0.03571428571428571,analytic,9399aeb5c0c53633,results/raw/interaction_transfer/target/9399aeb5c0c53633.json,8,512,hybrid,B,1bde5e36ccbb9c10e8b4aa2a7c0bccdf34ef07f333ea4340c03d0356566960aa,0780df80a9e272c64f669e1be30791dbc9e8370d98730853a2cfda4a0cc06a33
xor3,913,70,0.01,0.02,2.0,soft,0.23289374999999998,0.9453064264076342,0.07142857142857142,analytic,8aa5952dc4e65acd,results/raw/interaction_transfer/target/8aa5952dc4e65acd.json,8,512,hybrid,B,81950a5f71853ff8f1aebf3ac363fb80daaf7dec0faa80117cb955276233cb19,ab0c6882c0126823543f1e6aad6442308129690799c9d59209481601410bd35b
xor3,913,70,0.01,0.04,4.0,soft,0.3618,0.9453064264076342,0.14285714285714285,analytic,3756accd00b69915,results/raw/interaction_transfer/target/3756accd00b69915.json,8,512,hybrid,B,a4fdc1e959b26e162cfb8d78781811ec16df362ba1644ce4a29900c076d6b576,bee69260ab4ad0bc4a5d2f85093fb8828cf8c0533c8d0b8c178e9acf463bbb29
xor3,914,71,0.01,0.0,1.0,hard,0.25,1.0,0.03571428571428571,global,f7d421c227e699fd,results/raw/interaction_transfer/target/f7d421c227e699fd.json,8,512,hybrid,B,ef2584da6bc4b8030ede00c0c731984a09710f7230d9417beb8aa9dcbb053b58,7cc9d694f1bf5eb47abef51323f7afef260cdee27325c5c1a1480e2cc7855f0f
xor3,914,71,0.01,0.01,1.0,soft,0.169275,0.9453064264076342,0.03571428571428571,analytic,bbba985a2db6a0a5,results/raw/interaction_transfer/target/bbba985a2db6a0a5.json,8,512,hybrid,B,5fe920b5478e9b38452dd92c6e1fa5e55009956b225f436bacdd7f86cff0628f,8ef9695cd876c35b8b7035ca76982421629837230359b6e8b5ef55afa753ee35
xor3,914,71,0.01,0.02,2.0,soft,0.289425,0.9453064264076342,0.07142857142857142,analytic,541a31d2e915b383,results/raw/interaction_transfer/target/541a31d2e915b383.json,8,512,hybrid,B,7bef868b2e73a6c2a264804cafa7466f37e100d2e912c2a1b04de024b89144f1,8b16c63ff4bc17ae4f2786183a50fda5ed037ca5916cb125bf8fa5027f97cdc0
xor3,914,71,0.01,0.04,4.0,soft,0.42396875,0.9453064264076342,0.14285714285714285,analytic,798b65f33a5fdc01,results/raw/interaction_transfer/target/798b65f33a5fdc01.json,8,512,hybrid,B,40c7577edd6d1f6aa3da806de0c173983804839731e3ca40846924f6b0c6ff74,72a8f5dc2105ffc088310a79ffd0fa5a7b11c41dd2c996307b5a70c3a1497aad
xor3,915,72,0.01,0.0,1.0,hard,0.22385625000000003,1.0,0.03571428571428571,global,aa32de19d26b8c9e,results/raw/interaction_transfer/target/aa32de19d26b8c9e.json,8,512,hybrid,B,0e7ae118ecf2b786b6221542a0deb2d820a8722efd6a8b2a843d75adc4f78e2a,01f049fddd6781c829e1f09bfe09d5f99c55e5142e78b86961b05907c622dccd
xor3,915,72,0.01,0.01,1.0,soft,0.18459375,0.9453064264076342,0.03571428571428571,analytic,78356a76020f88b1,results/raw/interaction_transfer/target/78356a76020f88b1.json,8,512,hybrid,B,922d6006ee665cb7e5ca96febbd575641a4f4f91cae69364aea96d841b37cc39,c426b2607e7cb4f6f6d26aa5b2fda311a0d463e8069d962a655cdcc9c9118bff
xor3,915,72,0.01,0.02,2.0,soft,0.22697499999999998,0.9453064264076342,0.07142857142857142,analytic,313cbb66ae26c31a,results/raw/interaction_transfer/target/313cbb66ae26c31a.json,8,512,hybrid,B,af5bf76bb8069d39be3ffddb741f39dea9a35789da79965d0bf8e5fc6011bb13,0c1c2ab68054ca812a41fbbca09493dba3e59f8aab89da4649c1895e14a9f62f
xor3,915,72,0.01,0.04,4.0,soft,0.30438125,0.9453064264076342,0.14285714285714285,analytic,63f13882f4243cc7,results/raw/interaction_transfer/target/63f13882f4243cc7.json,8,512,hybrid,B,2d3cbf6abd16e27406a3a0ddfb5dfc8a527e473687fed001e8a77e8679681695,cbb02eabdccb90d5f6851baa40b92c261b82bede00f20f67b873faebe24de162
xor3,910,70,0.03,0.0,1.0,hard,0.27613124999999994,1.0,0.03571428571428571,global,5dc7e5e1d45621f0,results/raw/interaction_transfer/target/5dc7e5e1d45621f0.json,8,512,hybrid,B,ca706bdb312b1ffc90f4d0d86ba11854352dca8a25dbe57ca7dde01908a4ace7,f675c1884d43fa92f4a684aa8109bda8f3292c46209ed2bb8b04bc82ef8ff748
xor3,910,70,0.03,0.01,1.0,soft,0.15162499999999998,0.9453064264076343,0.03571428571428571,analytic,7b6340ab73cb50d2,results/raw/interaction_transfer/target/7b6340ab73cb50d2.json,8,512,hybrid,B,e1835e70ecf885637c9347d0d42b1757108e24c07fa44e9a6019e34e1d78fe90,513b8ab9600b4321de60e2f2880e0bbe916384afb886704eefbdb730e74d3209
xor3,910,70,0.03,0.02,2.0,soft,0.10093749999999999,0.9453064264076343,0.07142857142857142,analytic,a2d9db208aaf8255,results/raw/interaction_transfer/target/a2d9db208aaf8255.json,8,512,hybrid,B,7b20ee56c7a97421d4f01c5cb21b7ed26bff2f47a28c0267e35386f13b24e966,537f4338f29c3f3c11fcfe14a7745fdec753ef84be354e8a01f7d80a58c5f2ce
xor3,910,70,0.03,0.04,4.0,soft,0.3481375,0.9453064264076343,0.14285714285714285,analytic,1dabd0aca5b1d958,results/raw/interaction_transfer/target/1dabd0aca5b1d958.json,8,512,hybrid,B,3f951760146df97b458d699bc04b4bc326c71852238651cba3c28aad9007be33,e89ffbc3cbffdbdc96ba5432323186e6b56e8e65b9aadd57f98e16e45ec4acc4
xor3,911,71,0.03,0.0,1.0,hard,0.14873124999999998,1.0,0.03571428571428571,global,da554217a606d466,results/raw/interaction_transfer/target/da554217a606d466.json,8,512,hybrid,B,34fa4a4648ece2ba7d24648db7d4cfbe851e95c5bebe6caa47423520c3638ea3,e6eee8eb3f5a2d914112e6ae16a39238da94063e7ad5a039a9b824e1d28a0a72
xor3,911,71,0.03,0.01,1.0,soft,0.08660625000000001,0.9453064264076343,0.03571428571428571,analytic,b3cb5380f795afba,results/raw/interaction_transfer/target/b3cb5380f795afba.json,8,512,hybrid,B,18da78ebbfc27363168a6cc655b1925f7eb75712604babec97b6adcba88f4e36,c7fa667d07cde0e33d7df0209a34c7c33da34513b5652e4240ed72252d87f8c6
xor3,911,71,0.03,0.02,2.0,soft,0.19668750000000002,0.9453064264076343,0.07142857142857142,analytic,bfc9116a8604f46d,results/raw/interaction_transfer/target/bfc9116a8604f46d.json,8,512,hybrid,B,c552ac4535dc6a1ee1f0f5ef5405f195d6cfa9d9c4a2a99036aed6da94464538,3ca181f4fbf03d4ec72d0cadcb754442bf7ad7b848168f321881d140473c5a99
xor3,911,71,0.03,0.04,4.0,soft,0.24328125,0.9453064264076343,0.14285714285714285,analytic,0667d0067ca149e8,results/raw/interaction_transfer/target/0667d0067ca149e8.json,8,512,hybrid,B,7d9e534b0415ca9a62076ddf7d090fb6d849ce25d5629b72f97d2b6bef340e8e,5e4b44740e0e169a18445598bdf5b57e88011a431b7308a9225b52c703db2a0a
xor3,912,72,0.03,0.0,1.0,hard,0.1893,1.0,0.03571428571428571,global,63eaf1f18277cd8c,results/raw/interaction_transfer/target/63eaf1f18277cd8c.json,8,512,hybrid,B,ea19d6b0030974b10aefe5dffd6f4058876c5e0a22a87a07015dbee01331e90c,110ef46bd4b14b3f5e0fab09b5415a31684a7451927f2dca3603a592bd7bad15
xor3,912,72,0.03,0.01,1.0,soft,0.11746875000000001,0.9453064264076343,0.03571428571428571,analytic,220a432bc66726e1,results/raw/interaction_transfer/target/220a432bc66726e1.json,8,512,hybrid,B,3b1c469210d0f0db1f9a48c99ebdeebbda6c00b03395f8097a97c17601f86b80,277a7f8f789474be9633e0c1df771f3c234caf6a663a626efb04cc9d6c3cb14b
xor3,912,72,0.03,0.02,2.0,soft,0.07581874999999999,0.9453064264076343,0.07142857142857142,analytic,fd6f0856557e0941,results/raw/interaction_transfer/target/fd6f0856557e0941.json,8,512,hybrid,B,aeed3dfe7c261523050b8c8374a0580121a54d93569cde432358441bf929563a,160106f41d8030328d8b0da5c2022a4405b227f58c0914f810e3c8be00f7cfde
xor3,912,72,0.03,0.04,4.0,soft,0.27734375,0.9453064264076343,0.14285714285714285,analytic,4017ae7583b20639,results/raw/interaction_transfer/target/4017ae7583b20639.json,8,512,hybrid,B,046b35f29178a69cf3b3ed681ffdde776aabc05fa5c426185cbc32dc47238e9d,5eb273ebe6b5c37269058a29b1c93d5bd5db5942090281ac6bf300f6b6977e06
xor3,913,70,0.03,0.0,1.0,hard,0.1013375,1.0,0.03571428571428571,global,09ecd44f25dc8f74,results/raw/interaction_transfer/target/09ecd44f25dc8f74.json,8,512,hybrid,B,7118a78595771dbe73a64ffb824437993a6177d7599ffdea6555f39b8d693cff,3a774807b40350d2a7c3ed48ce7c2f6531072cfa6601beec98ec5eb5e62e0fbf
xor3,913,70,0.03,0.01,1.0,soft,0.09914999999999999,0.9453064264076343,0.03571428571428571,analytic,4079b1d176dcacd1,results/raw/interaction_transfer/target/4079b1d176dcacd1.json,8,512,hybrid,B,8b5a0b84fda27211f9d700c9aeee060d4ee3518dfdde63f9a88df135291313b6,9550a88fbaa966b2b1eb5abee674bd6f766f2c5dd54a3bf80fbf20b340d96f14
xor3,913,70,0.03,0.02,2.0,soft,0.13771874999999997,0.9453064264076343,0.07142857142857142,analytic,028937094161fc9c,results/raw/interaction_transfer/target/028937094161fc9c.json,8,512,hybrid,B,44d4eef15b9b34d8f23e88de7df303fc3ac6699f5b3ca90788ac6004000ba113,3ecc68a92b0876f76be788ec165a99a568a65e2049cf6dbfe7e7b98084cb4e53
xor3,913,70,0.03,0.04,4.0,soft,0.20703124999999997,0.9453064264076343,0.14285714285714285,analytic,c42f1948aa00e81e,results/raw/interaction_transfer/target/c42f1948aa00e81e.json,8,512,hybrid,B,b94cd2c7a822fcc5e6c9d107d481374756c8d2216faaa083aad26b2926ada722,e6b05a70782af3057748b94e467524d4d07bf330aadbda45e207bccbd4a5bee0
xor3,914,71,0.03,0.0,1.0,hard,0.143625,1.0,0.03571428571428571,global,311d943c4ed74435,results/raw/interaction_transfer/target/311d943c4ed74435.json,8,512,hybrid,B,da22b95d0645a9a9f29fc7b92f1e453ff00df46ebd0b40d066bf41c12df07c66,dfea87f1dda98de1a0e56289639d0e94e54a50b067ac6fe5a184a96d0a89d4b8
xor3,914,71,0.03,0.01,1.0,soft,0.08292499999999998,0.9453064264076343,0.03571428571428571,analytic,304a49cee2171f13,results/raw/interaction_transfer/target/304a49cee2171f13.json,8,512,hybrid,B,ff7b18ce0d787a0e6d784305bcad7c83799c388956ac3ff0d318431cd7e670ee,d72ed38aaed3ea9e696caf9d77e6168f0d4c60d0d8a06ac66ebcab6368745015
xor3,914,71,0.03,0.02,2.0,soft,0.09148125,0.9453064264076343,0.07142857142857142,analytic,16ec4f13be2e0593,results/raw/interaction_transfer/target/16ec4f13be2e0593.json,8,512,hybrid,B,eea43426d374fc983dc7b3ffe587314055924c3e3bc8ea217c2ab8eb67c8ead1,0957ab31112617a8f47f3bf7422e9625f4612ed58b284a65cebf4314bc62b6fd
xor3,914,71,0.03,0.04,4.0,soft,0.239375,0.9453064264076343,0.14285714285714285,analytic,4cd2fc32502ff04b,results/raw/interaction_transfer/target/4cd2fc32502ff04b.json,8,512,hybrid,B,e8fa4cef51137d9bb36df0c77750857014a33d3e25967b7dce10ca12eebf83b9,76683c3d20766ab34743ab54a364b90bb025b7ae7c8937a4600aa3a6a244f0bf
xor3,915,72,0.03,0.0,1.0,hard,0.22395,1.0,0.03571428571428571,global,6f4cacf4604859bc,results/raw/interaction_transfer/target/6f4cacf4604859bc.json,8,512,hybrid,B,8d36c1984b8222b111d82290aaacdf2ca7a803b54b55b4189dceaeb173b86328,6ab08072c83c8e8fff581e92e9f512f3ac46d71a1f801aae09486f6d7dce8927
xor3,915,72,0.03,0.01,1.0,soft,0.18658125,0.9453064264076343,0.03571428571428571,analytic,92207d573b555e6d,results/raw/interaction_transfer/target/92207d573b555e6d.json,8,512,hybrid,B,1af1a863e740a027f34f6df2334ef46776d8ec4948138428f9dd667cc4b9b991,f765560fd8999341857d8668b4508d4e3f5e012b7bcac2add259ad0c7ea5acec
xor3,915,72,0.03,0.02,2.0,soft,0.1312,0.9453064264076343,0.07142857142857142,analytic,c4243f3e0b151a82,results/raw/interaction_transfer/target/c4243f3e0b151a82.json,8,512,hybrid,B,58a78de5d9c8efab3d176835eb142256cfd00f0d41086c4f6332fd1a13703fd5,79f272c2916a0c16bceb1d619402835804b8b17b9bcd9e277fb6a7bd180af0ca
xor3,915,72,0.03,0.04,4.0,soft,0.24789375000000002,0.9453064264076343,0.14285714285714285,analytic,19ab8bed7628bddc,results/raw/interaction_transfer/target/19ab8bed7628bddc.json,8,512,hybrid,B,8cdc369a799ca424890d39078358a732b820cb8453793cfeaf54982da6c6fbe7,dcb90d8121a8b3cc3e936ebb68f157cc45b82553053ceded370ff3abed28373b
xor3,910,70,0.06,0.0,1.0,hard,0.12428124999999998,1.0,0.03571428571428571,global,d54a5ac87c0fea6a,results/raw/interaction_transfer/target/d54a5ac87c0fea6a.json,8,512,hybrid,B,157e7edc2a39fef58d9abccd51545df3e51896e989cf52893afc207c788b3a5f,39373fb920517e04e7f26eb7d941fd60dcf8bd2cebebca8807b17c8e850d0c4d
xor3,910,70,0.06,0.01,1.0,soft,0.08531249999999999,0.9453064264076342,0.03571428571428571,analytic,31b815646d92e739,results/raw/interaction_transfer/target/31b815646d92e739.json,8,512,hybrid,B,895821867e5cd1c597b711b08719b98d385a6d8c50881207e10577715dd8342c,b6a5f4c2c6db5215f4c286c8088b1b01092db767ba1e8013d0b37ecacf6c8551
xor3,910,70,0.06,0.02,2.0,soft,0.12234999999999999,0.9453064264076342,0.07142857142857142,analytic,74dbf38880ccbea9,results/raw/interaction_transfer/target/74dbf38880ccbea9.json,8,512,hybrid,B,f32633bf0f49875e0f68139e2e8e32660d38bc21367afa9ae3156d5cb75a123e,4a5a5ac6dd37346a8ef87bc38b4bd3044ddb2daff1d5aa3beadbe2da5004be60
xor3,910,70,0.06,0.04,4.0,soft,0.15334374999999997,0.9453064264076342,0.14285714285714285,analytic,7710da1798274c10,results/raw/interaction_transfer/target/7710da1798274c10.json,8,512,hybrid,B,25d9de823e5ec7eb2c776a232caa3b602005db281dc904e77d96c8764bce8e90,33e3449913181c3199de58246698e0235f8c1242832e285992f6241b959a8449
xor3,911,71,0.06,0.0,1.0,hard,0.19379375,1.0,0.03571428571428571,global,04778be61437bc50,results/raw/interaction_transfer/target/04778be61437bc50.json,8,512,hybrid,B,eea2cc68abbcff3f572333fe27deccb8b6aa3f9e9f2510c8af859438a147f526,657777540e82779445a76eebc0ab4f1d6ad263976fa085a027aecf5021012834
xor3,911,71,0.06,0.01,1.0,soft,0.100925,0.9453064264076342,0.03571428571428571,analytic,339c333505ddfd0c,results/raw/interaction_transfer/target/339c333505ddfd0c.json,8,512,hybrid,B,d73b0e022a97c82672509f0080c626c370b1d19e33904422134000235def8fe8,904523a02629e98a8d5460066eab77a102105ab3b4f435e83416d7a083bd2911
xor3,911,71,0.06,0.02,2.0,soft,0.09153749999999998,0.9453064264076342,0.07142857142857142,analytic,3ee55e61f29b927f,results/raw/interaction_transfer/target/3ee55e61f29b927f.json,8,512,hybrid,B,93b319a08f99be0eadf1cb6f94cf1a50006f3979236369e25233420560746380,2f9e4f8ba5056681d2259a2814f8484748b8db07fbea72d913e77d6af4beeaec
xor3,911,71,0.06,0.04,4.0,soft,0.1893125,0.9453064264076342,0.14285714285714285,analytic,9521d9e443adb1c7,results/raw/interaction_transfer/target/9521d9e443adb1c7.json,8,512,hybrid,B,e3cfed04ae3e8fccc116058f86541168568fdac421b5cedc05a8829c66bfdb8a,6df24f48410658d8067a80639f973cdf3b9d5d993c86bae50491aad8d14ce475
xor3,912,72,0.06,0.0,1.0,hard,0.12278750000000002,1.0,0.03571428571428571,global,11c86a892a37968f,results/raw/interaction_transfer/target/11c86a892a37968f.json,8,512,hybrid,B,8a9d208bc68bbb6d2903716316402b377228e2840fc203a8bb8706a89f02065b,79b7ce7c5bbbc9f1e296e1d2eba5e8ba2db877f5ad8604cc34b8bf7506f500a0
xor3,912,72,0.06,0.01,1.0,soft,0.08003125,0.9453064264076342,0.03571428571428571,analytic,7491dfa0e8489b03,results/raw/interaction_transfer/target/7491dfa0e8489b03.json,8,512,hybrid,B,ee2ea08a189fb58078bb7bc0278f5b5b64eb6988f51b27db973480e112c564ef,17c5dcc6448cbf9e8ada603edaa988b0f56c7b8a73defef337fd45e335bf113e
xor3,912,72,0.06,0.02,2.0,soft,0.06479375000000001,0.9453064264076342,0.07142857142857142,analytic,1bd8555c43c202b1,results/raw/interaction_transfer/target/1bd8555c43c202b1.json,8,512,hybrid,B,f7377199df5c6b7699214685ef5d711c527d0b55929b74a3d3ce7eff51acc1cb,408d8ae08209a6361ae40fe1af3f3a34867c0e38260a5bb575fe471e4eb67e01
xor3,912,72,0.06,0.04,4.0,soft,0.17478125000000003,0.9453064264076342,0.14285714285714285,analytic,f50af99121e9f6d3,results/raw/interaction_transfer/target/f50af99121e9f6d3.json,8,512,hybrid,B,4e7c356a76804f745e694554626b90442886377eda97e517a859dee061c4ba80,ecf840ccf9f865307c048a9fe06b2ab668518b39012ad60394af3b2130352c60
xor3,913,70,0.06,0.0,1.0,hard,0.18835624999999998,1.0,0.03571428571428571,global,05c3b23d59e720f2,results/raw/interaction_transfer/target/05c3b23d59e720f2.json,8,512,hybrid,B,b180b7b2a0ecaf7a1e2df4fde867abb153e8e92a872d7daf58ad3c3b623c6207,2a3692221fe7756fa77b1ff9d9dc50410847b46631807628f31e4104078da2d4
xor3,913,70,0.06,0.01,1.0,soft,0.10072499999999998,0.9453064264076342,0.03571428571428571,analytic,888fbdfd59cd07e6,results/raw/interaction_transfer/target/888fbdfd59cd07e6.json,8,512,hybrid,B,27f04e78d3e0545013664bd95c2e4fd75210fe176b3e4795791dbeff76629cc4,2b977ecc7581d2e93e3af3c5511f5c4bf35783186a18724a938bbfe52cdf0e14
xor3,913,70,0.06,0.02,2.0,soft,0.10241874999999998,0.9453064264076342,0.07142857142857142,analytic,9cf4045aa6e54b10,results/raw/interaction_transfer/target/9cf4045aa6e54b10.json,8,512,hybrid,B,f9e761787f843e0d83eea81727ef1d1f3e3e65d5e7942aa3c60063d35d4713cf,94f688d107ac3e60a7a5fa3223500e4547c9ce6be57c29b4013e600219e2a275
xor3,913,70,0.06,0.04,4.0,soft,0.14891874999999996,0.9453064264076342,0.14285714285714285,analytic,75bbeb34e8dfbb3a,results/raw/interaction_transfer/target/75bbeb34e8dfbb3a.json,8,512,hybrid,B,f28230bef5107ad3f8def9799851b49a14c72f736430d7cddd7d106f84e2ddab,2f668d550b523c4113c45303ad009264d8b9c6c9351e98874b191517cb8e5ba8
xor3,914,71,0.06,0.0,1.0,hard,0.1792625,1.0,0.03571428571428571,global,8c2813edea7656ee,results/raw/interaction_transfer/target/8c2813edea7656ee.json,8,512,hybrid,B,b1282b7d0b0b57dc756b614ea58b5374e95200d0d7c01bba9d338b5586edfcfc,35cde9f96054dd4810b1427d7d5d98692e7be6d23479a4b8e0e82bbe035eec23
xor3,914,71,0.06,0.01,1.0,soft,0.08871249999999999,0.9453064264076342,0.03571428571428571,analytic,8a3cc343ed25999a,results/raw/interaction_transfer/target/8a3cc343ed25999a.json,8,512,hybrid,B,11586d2d0c554a2532f024f7bd505fd5116c69f76b58741844a13b7672ee6917,abc16bd418394757e928c9567bf7249fc2725b7b1e9ba2deb71e261a1f9d944a
xor3,914,71,0.06,0.02,2.0,soft,0.10611250000000001,0.9453064264076342,0.07142857142857142,analytic,c41b0ae37b721b28,results/raw/interaction_transfer/target/c41b0ae37b721b28.json,8,512,hybrid,B,02e84070af2cd80ddc9fee15b31dafe757cccf3d7396f4f4868e658cb71c6c3e,aaf9d85320795f50bb84f03c35f0253d9956c27f19807999f9756f592ce6b31c
xor3,914,71,0.06,0.04,4.0,soft,0.18105,0.9453064264076342,0.14285714285714285,analytic,bd2cf6f64de5b57b,results/raw/interaction_transfer/target/bd2cf6f64de5b57b.json,8,512,hybrid,B,12290ab66b86cd12e4150b7a6c125cfa63162cb6df8f2874977d1147442d8fb8,1e1f8578abd5c01566f8b9aa3d25daa3c07839bc588abd7bc2c976335ce97612
xor3,915,72,0.06,0.0,1.0,hard,0.15516875,1.0,0.03571428571428571,global,56467939e4c4c6b4,results/raw/interaction_transfer/target/56467939e4c4c6b4.json,8,512,hybrid,B,988673cc44668b35a2370d42ef2ba6fbc9da4aaaf675b904bad1c47d82904e7c,0293983b32bf5ab704ee424ad79a07050998d5bbec9d713782119c3a0a5d37bb
xor3,915,72,0.06,0.01,1.0,soft,0.06679374999999999,0.9453064264076342,0.03571428571428571,analytic,f6f961fc3e4e5a63,results/raw/interaction_transfer/target/f6f961fc3e4e5a63.json,8,512,hybrid,B,67d1e2e98edb5b1bce9889f9448e532630e1d0bcde8a7f66eb324138f04a4aa9,fe335562b169c8ae6b967c0e575e850b376a87f1c299fc627726685c91b3a3ef
xor3,915,72,0.06,0.02,2.0,soft,0.08632500000000001,0.9453064264076342,0.07142857142857142,analytic,539253a0cfff2545,results/raw/interaction_transfer/target/539253a0cfff2545.json,8,512,hybrid,B,0a935699f9675bfc567671bc95fd4a69f68b9860cec67c503ab75e9fbef3523d,218d75866ce72931f1b485b75d2321343ef8ff4a5cf22c5c30de2893596670d0
xor3,915,72,0.06,0.04,4.0,soft,0.20841875,0.9453064264076342,0.14285714285714285,analytic,d1dc010bd7b4519e,results/raw/interaction_transfer/target/d1dc010bd7b4519e.json,8,512,hybrid,B,73d0d183978d09c6cbc7159c79291a7b597f7253f57d60dc8261397b03e48641,109c491c0b481174464f29697751359b71d2f5874709fac4f4a88c48a4c27eda
xor3,910,70,0.1,0.0,1.0,hard,0.15219999999999997,1.0,0.03571428571428571,global,1bd642abfec63ae3,results/raw/interaction_transfer/target/1bd642abfec63ae3.json,8,512,hybrid,B,631066d761905539685a2116e1eddd7afed0320f0027b8d354d60f5c42f2d1dc,7bb9d8d2361c0346c4c30162f2d00f79cf9f3f7c5c5ba3d648f098dd078e1ebf
xor3,910,70,0.1,0.01,1.0,soft,0.06419374999999997,0.9453064264076342,0.03571428571428571,analytic,0f896164b7093bfd,results/raw/interaction_transfer/target/0f896164b7093bfd.json,8,512,hybrid,B,74491c3bc0e0cc30e43f02f0b3215d291ceabf23b611868148d1a16d9e251313,29ee3226cefc6f73f6c499af228c0aec66dec6841fafb14243756bce59cd8b1a
xor3,910,70,0.1,0.02,2.0,soft,0.09264375,0.9453064264076342,0.07142857142857142,analytic,7352e6fec43018fb,results/raw/interaction_transfer/target/7352e6fec43018fb.json,8,512,hybrid,B,e0f78d7b550ebc90950fa6f911d4ab707450a3846d99fddca087b586873bd713,2871e887057ecf8cab9d38e10badff6f1626c82e4594a8ed9d81400872a3dc18
xor3,910,70,0.1,0.04,4.0,soft,0.13710625,0.9453064264076342,0.14285714285714285,analytic,3037248cf4a31136,results/raw/interaction_transfer/target/3037248cf4a31136.json,8,512,hybrid,B,a1bde29da81bb10f4e47b2f60a755bcacbd7a589453f7917d2d881d7dd0e95d4,243082048036763b0413214cbf336a7a36a985eb2d44ab071d836375997cf2cb
xor3,911,71,0.1,0.0,1.0,hard,0.08453749999999997,1.0,0.03571428571428571,global,cbde0fa9587610e1,results/raw/interaction_transfer/target/cbde0fa9587610e1.json,8,512,hybrid,B,3a53674200ac808828f831d32dfd8372ebb59223874942ba32ae54df6048677c,d8cd813ebc17af0a9095fc7a9c05ec093cd6429b3471134b9027ac4f48d8b8fc
xor3,911,71,0.1,0.01,1.0,soft,0.12045625,0.9453064264076342,0.03571428571428571,analytic,4a1989c03739c804,results/raw/interaction_transfer/target/4a1989c03739c804.json,8,512,hybrid,B,b01e3a77a7beb4d591ba6606f28353f72df9516f47519c2a38dd4a0aadcc23bf,0180484bbd73c48a0a9f49c6b5e3c772c40a4c0006bf34a642ebc273561e05de
xor3,911,71,0.1,0.02,2.0,soft,0.08579375000000002,0.9453064264076342,0.07142857142857142,analytic,262ffe84805ba015,results/raw/interaction_transfer/target/262ffe84805ba015.json,8,512,hybrid,B,6f67776da43c19a61c10a9183a030105208357af4a61f740d93d7022fe205d2a,72c005d2497de545a23aeac48f8f1af2615a7a729f7a92c4c079d896bfbc7f14
xor3,911,71,0.1,0.04,4.0,soft,0.1479875,0.9453064264076342,0.14285714285714285,analytic,4b1c2b891d91da19,results/raw/interaction_transfer/target/4b1c2b891d91da19.json,8,512,hybrid,B,5f3b5cdeca1ebe78aa2bd38792d5e2771c9a8d1ff4988377da3d2d647b6628f1,2b970182760253b742df9b83cac9daf3e5255c9eff0d7e047bb27c787f10d3d2
xor3,912,72,0.1,0.0,1.0,hard,0.16798125000000003,1.0,0.03571428571428571,global,5450fb82a02528aa,results/raw/interaction_transfer/target/5450fb82a02528aa.json,8,512,hybrid,B,8ba6615e4a84093015cb12dcc22544c1a20506971ef2d92d4a9e403088c75fb0,9c0486cdffdf16adcdbf6aa920b885869cceec84c8c2093277bbbd806c18daff
xor3,912,72,0.1,0.01,1.0,soft,0.10375000000000001,0.9453064264076342,0.03571428571428571,analytic,79c7a00358ed4776,results/raw/interaction_transfer/target/79c7a00358ed4776.json,8,512,hybrid,B,7f55e75de9425bb03e20083f5aecedc4d2919b76824de5096a4c016117679ad8,6fe0bc5e8a5f3f0de5d91c21b3ae099f8fdf5039297ab135c3436ad90e7e1e73
xor3,912,72,0.1,0.02,2.0,soft,0.09813750000000002,0.9453064264076342,0.07142857142857142,analytic,29a3d48ab46890e1,results/raw/interaction_transfer/target/29a3d48ab46890e1.json,8,512,hybrid,B,b92b57c0362e57a8f70f17e51cc7e4d38774cf247f9b64505ece15ace58c3991,ed6ad2cf2bf8a5d66a46535886d4486f51da4aced741f92b1839ed55f2f1dcd3
xor3,912,72,0.1,0.04,4.0,soft,0.13070625000000002,0.9453064264076342,0.14285714285714285,analytic,000c945d83a26d96,results/raw/interaction_transfer/target/000c945d83a26d96.json,8,512,hybrid,B,9f634acf06adedeb62426536612706c7c26e9415cdd5f2a0aaaadf844e379f43,27300137949ef6f692a7e840ffb3c6d61472d1953ad25fb6f34cee37dd34e340
xor3,913,70,0.1,0.0,1.0,hard,0.14390624999999999,1.0,0.03571428571428571,global,82b50132bec84515,results/raw/interaction_transfer/target/82b50132bec84515.json,8,512,hybrid,B,10a4f8c6b30cb3abb0c0dbc45eeb1de626dd90ba46669e6f3f0cfb843d7d7a36,8b3468e42d5289cad8a91b92ec62e8fa4f0f3661417f2f0a4c50e0b5dbd1e19e
xor3,913,70,0.1,0.01,1.0,soft,0.09109999999999999,0.9453064264076342,0.03571428571428571,analytic,297dae1c1894e208,results/raw/interaction_transfer/target/297dae1c1894e208.json,8,512,hybrid,B,dd031546f3754bef177cbd93bab34ecadb58a7f6fd01ee1a78195af582aac2e8,c1473548c1b95a1bd07bffea678b326d91f103fb7c063e63886e7ca49e738ecf
xor3,913,70,0.1,0.02,2.0,soft,0.12265625,0.9453064264076342,0.07142857142857142,analytic,471002c09a3e0273,results/raw/interaction_transfer/target/471002c09a3e0273.json,8,512,hybrid,B,e251387b0c891613338e5ee7c80aa1321266400ee23c11c9175644b0870ff378,481861f7f3d9a7e7a0e0c83f1cb2a012bc61dc646505fb1cccc53a7cec59a03b
xor3,913,70,0.1,0.04,4.0,soft,0.13211874999999998,0.9453064264076342,0.14285714285714285,analytic,40433053d4ec80dc,results/raw/interaction_transfer/target/40433053d4ec80dc.json,8,512,hybrid,B,3dd67f41d3e905757bef322f3dd79a6a634655a6675e8af34e423e5ca87370bc,690b7e90354f112ee274615fc0e79d98aed3206d095563ea01859840a9e819b2
xor3,914,71,0.1,0.0,1.0,hard,0.16396875,1.0,0.03571428571428571,global,175502aa5b9650ed,results/raw/interaction_transfer/target/175502aa5b9650ed.json,8,512,hybrid,B,70e407cfc2ed3cdc5c698bbf6bbfeab277726e0bb593beac873ee39efe3de588,3cc884ed1d396bc40d2ebef7d4f4b02db6a3904181aab32125ee02c22c6d3cdb
xor3,914,71,0.1,0.01,1.0,soft,0.10411250000000001,0.9453064264076342,0.03571428571428571,analytic,ae02fd970790e8ef,results/raw/interaction_transfer/target/ae02fd970790e8ef.json,8,512,hybrid,B,ff49f1857cc1126d619f936a872274fa20eaebb9820a7d7437984d2b392bdb1d,ca71926841b0f30e7bd061da506ac4fba25f306ecbec7da1f96a81a777498131
xor3,914,71,0.1,0.02,2.0,soft,0.10095,0.9453064264076342,0.07142857142857142,analytic,22f42e4d72747f2e,results/raw/interaction_transfer/target/22f42e4d72747f2e.json,8,512,hybrid,B,d4c27ec20760cfa57bdec4c04cfa9fe707e94012a569628175823b2bd7bf5947,b0b8672655cf96a442215fb287cb1d019f812a22e61f5626133448a7cfb3389e
xor3,914,71,0.1,0.04,4.0,soft,0.11001875000000001,0.9453064264076342,0.14285714285714285,analytic,ee4fe66de83c73b5,results/raw/interaction_transfer/target/ee4fe66de83c73b5.json,8,512,hybrid,B,3683ab487965cc05377d8db7b6c94ea9a73d31d1e995d0f3c8e54f5da9acf273,e689001af6c9325835789e799c1a104855cca8ac8846922f3cddc7e696daf1e8
xor3,915,72,0.1,0.0,1.0,hard,0.11849375000000001,1.0,0.03571428571428571,global,fa9d53d71c70a985,results/raw/interaction_transfer/target/fa9d53d71c70a985.json,8,512,hybrid,B,d3097ad8ac28a33be0b24e6f0cbbe564d0d31f26964d724c48fc47a587c42450,e9d17d407faf2551ea2a671e621f9686ac8a52e2266a58c759e04579a95ce3c6
xor3,915,72,0.1,0.01,1.0,soft,0.05538124999999999,0.9453064264076342,0.03571428571428571,analytic,d7a06c9c80ee0c28,results/raw/interaction_transfer/target/d7a06c9c80ee0c28.json,8,512,hybrid,B,810b881a49a7cd7f8a3e8a739f86fdafdad91ed41b89d1426bd75764c1ed52d0,3723ed198fca060d968a42e44da78fa945297a85b66624ee909480f2093cdcf7
xor3,915,72,0.1,0.02,2.0,soft,0.08072499999999999,0.9453064264076342,0.07142857142857142,analytic,e0cc45d2f7c7824b,results/raw/interaction_transfer/target/e0cc45d2f7c7824b.json,8,512,hybrid,B,3b8013aa253134e8a7aec0fda93f834e9100f2b67daa469505005fa4386adb2b,817ba5ee776c0f50baea61c366ecf42cfb6b8992155ccc670a8a065864b43bc5
xor3,915,72,0.1,0.04,4.0,soft,0.09153750000000002,0.9453064264076342,0.14285714285714285,analytic,22cf6a1a8d48ae33,results/raw/interaction_transfer/target/22cf6a1a8d48ae33.json,8,512,hybrid,B,f916ba275e236397623427dd8b0c8360ceed0fc5bc10948575453ed0f7ce77cf,1b042f9973f57d80d2f77c52596dca5dbb937d16d30d925e71db17b6ddff25a0
xor3,910,70,0.1778279410038923,0.0,1.0,hard,0.11516249999999997,1.0,0.03571428571428571,global,5ba0ae1778eee5a0,results/raw/interaction_transfer/target/5ba0ae1778eee5a0.json,8,512,hybrid,B,84cad3f5a97b972f971ec30580eaf1b094fe0302653f66544c7099cb8fd30439,a066726d43ed684f2b914cb66561b8a331d47c707ae41794ed19ede83617e087
xor3,910,70,0.1778279410038923,0.01,1.0,soft,0.05324999999999999,0.9453064264076342,0.03571428571428571,analytic,ce57bbe39b51c142,results/raw/equal_noise_xor3/target/ce57bbe39b51c142.json,8,512,hybrid,B,c077c65021f3087af5424b77a5be44e60cce02ab8ced1f46d4b668c12f9811eb,1c4ec40d89afb0789fcb5b47966ec8f86b90513ccd43c47e5e2eec909b8ce325
xor3,910,70,0.1778279410038923,0.02,2.0,soft,0.08144375000000001,0.9453064264076342,0.07142857142857142,analytic,e74f8df1910720ad,results/raw/equal_noise_xor3/target/e74f8df1910720ad.json,8,512,hybrid,B,56392a3a739a015da6509bdb78ab956a7b891cdf1d575a8bec4f5796bcebc948,1bc01b6ca1d277625b4ec087f95e5f84ee0c7b1e50d11f02df3628a8e0ed99c1
xor3,910,70,0.1778279410038923,0.04,4.0,soft,0.10344374999999997,0.9453064264076342,0.14285714285714285,analytic,8d9410a94ec5634a,results/raw/equal_noise_xor3/target/8d9410a94ec5634a.json,8,512,hybrid,B,2caa3a2950453212197c82dd118042b6d65265173a6e657294ed897b85475302,454696176e3d7ce0a56b2a29a06cb0bae5b7951fb2c19ef0c3580631987673c3
xor3,911,71,0.1778279410038923,0.0,1.0,hard,0.07258125,1.0,0.03571428571428571,global,46b5684bca50de84,results/raw/interaction_transfer/target/46b5684bca50de84.json,8,512,hybrid,B,7574a19a86f89e2066961d7841d866a53ed663a3b25af8766d1b02a6ba9107ad,147c084686e7f49dae97a26b39c8217d7fca2e1a71159e12176f89565e42243b
xor3,911,71,0.1778279410038923,0.01,1.0,soft,0.09965624999999999,0.9453064264076342,0.03571428571428571,analytic,07cd6fb3b08418d0,results/raw/equal_noise_xor3/target/07cd6fb3b08418d0.json,8,512,hybrid,B,85f23e5b4a48922e06469289b9e6b518079887a22b181b845e8ee898140d19fe,3f2e285eaabcbbe9961b4ea46bdb8dec63f846b3bf4e660ce3f929044171019c
xor3,911,71,0.1778279410038923,0.02,2.0,soft,0.09360625000000002,0.9453064264076342,0.07142857142857142,analytic,90dd9303d7a71b9b,results/raw/equal_noise_xor3/target/90dd9303d7a71b9b.json,8,512,hybrid,B,6c500285271c5a949137e3ca6a276aab1dfdbe66cbfe0c12be2e9171f949843e,1b5038c8c5fce22894191056a4ebc6eab94ccf4ebacb6520d29ad36e32d4b760
xor3,911,71,0.1778279410038923,0.04,4.0,soft,0.0618625,0.9453064264076342,0.14285714285714285,analytic,d7b2cd234b028c15,results/raw/equal_noise_xor3/target/d7b2cd234b028c15.json,8,512,hybrid,B,2201ef83c0095ffeb58160b96c894d71b76af5729716be8ecabd9d92b0075e16,b95f20b1a775f528b7a27c505a10c48bf23b40164dc4ca317eb899b786a3e9dc
xor3,912,72,0.1778279410038923,0.0,1.0,hard,0.08653749999999999,1.0,0.03571428571428571,global,8b5c6afe37a4ce76,results/raw/interaction_transfer/target/8b5c6afe37a4ce76.json,8,512,hybrid,B,5c06de568c7076630c8d5a3a8058ea7b69d816f30ea5bbbabc5f9a8ab82244cc,343eeb066effe9ce9f23784697222f39f19e7edd8a8ddbd72d8889a224561a52
xor3,912,72,0.1778279410038923,0.01,1.0,soft,0.045381249999999984,0.9453064264076342,0.03571428571428571,analytic,cc52aa405f7916b1,results/raw/equal_noise_xor3/target/cc52aa405f7916b1.json,8,512,hybrid,B,3f9fec0d1f026f8c0779582de2f74330061572a0b6ab7fec3489bb6599bb6cc4,9f08c62e668d50a9ee38e4c3bc94e0add9ad834be19fb3e8eceaff52d1fd0321
xor3,912,72,0.1778279410038923,0.02,2.0,soft,0.08383125,0.9453064264076342,0.07142857142857142,analytic,241bf683a0968bb4,results/raw/equal_noise_xor3/target/241bf683a0968bb4.json,8,512,hybrid,B,8d92359c6460aef65178b69266e920426992dcef8e5b9d0f49f066119783d3f6,98a30485b5b6d34d032803a2c8dbb3f42283555565177c075c92d691040c9206
xor3,912,72,0.1778279410038923,0.04,4.0,soft,0.06389999999999998,0.9453064264076342,0.14285714285714285,analytic,caa09e9517ac98f7,results/raw/equal_noise_xor3/target/caa09e9517ac98f7.json,8,512,hybrid,B,6ecdec1e405f15403907ed8dc7c3cb19c8e950b94da63313edb1f8ec7633ac9e,00778f7706133346a286e975441ee3809aee50fe81acc1f4d174a0d409ec3175
xor3,913,70,0.1778279410038923,0.0,1.0,hard,0.1588375,1.0,0.03571428571428571,global,1bc991d94b667852,results/raw/interaction_transfer/target/1bc991d94b667852.json,8,512,hybrid,B,167ebe223b1e211dc1249694a8a563cca2538b10fb9f7b63c98143b0050c67a4,4dbd750d8374ddda685400cfcd351000ba449184d544591dd625b79bb0e7ff4a
xor3,913,70,0.1778279410038923,0.01,1.0,soft,0.08509999999999998,0.9453064264076342,0.03571428571428571,analytic,6cc1884d85dcaa53,results/raw/equal_noise_xor3/target/6cc1884d85dcaa53.json,8,512,hybrid,B,2fa63b823a9c87b94bc28be1b13b70f93d86cb0da1d19cfb14258b63b42baf6c,bcf794c38daeb101591ba567d0fbbdef408f99413b249a53754d44181adb85a2
xor3,913,70,0.1778279410038923,0.02,2.0,soft,0.0811375,0.9453064264076342,0.07142857142857142,analytic,9af851c66844f1ca,results/raw/equal_noise_xor3/target/9af851c66844f1ca.json,8,512,hybrid,B,cbd3200224c296fdbb9cc2a47d3230b7ef24b2db53a19a8bc32f21563b0a89b7,dffc82f0daf45677f250728ba0e88e699ddda46243b45e71eb196763c1707c28
xor3,913,70,0.1778279410038923,0.04,4.0,soft,0.16334374999999998,0.9453064264076342,0.14285714285714285,analytic,fffcde90d15e2b47,results/raw/equal_noise_xor3/target/fffcde90d15e2b47.json,8,512,hybrid,B,e9bb67b80047dd9ec5a2f9d50c5ad2d31571a50ec414d4b6790104208813c02c,b03bcba219f98801fb796b2ab766b066abf55f2ce7396a1d256aa435a768d73e
xor3,914,71,0.1778279410038923,0.0,1.0,hard,0.1019625,1.0,0.03571428571428571,global,2fb8e93e8cd33ac1,results/raw/interaction_transfer/target/2fb8e93e8cd33ac1.json,8,512,hybrid,B,c6410a2a1c03352194d02c96fd89d188e3cdba2c023cf7b08a4f4224fe43b4d6,6fd4011af9799de5602d47e92fff07d9bbefd7e5e92a54a6d781efafbf40b03b
xor3,914,71,0.1778279410038923,0.01,1.0,soft,0.0989,0.9453064264076342,0.03571428571428571,analytic,18c3065fa0069d61,results/raw/equal_noise_xor3/target/18c3065fa0069d61.json,8,512,hybrid,B,3bbcddede2091b9b26f04c7a35521dbf7872530999c0859ad2e0903d916e285e,5321574f42398dd5e55e133ec91972da1fbf5df8f542babb7d3340d4870d8d3c
xor3,914,71,0.1778279410038923,0.02,2.0,soft,0.07016875000000002,0.9453064264076342,0.07142857142857142,analytic,080453a665295aeb,results/raw/equal_noise_xor3/target/080453a665295aeb.json,8,512,hybrid,B,be8a5135a402130cd325a3d4c884ee0e02f61dfc850a8860b46aa09931c498d9,833f79bf61d5db48efd238011934c3a3bb942edbe228ca268b1de0a7eb58869a
xor3,914,71,0.1778279410038923,0.04,4.0,soft,0.11339999999999999,0.9453064264076342,0.14285714285714285,analytic,9ddac69506f5eb63,results/raw/equal_noise_xor3/target/9ddac69506f5eb63.json,8,512,hybrid,B,4f413a52a533f3c911b22ab7c69426e1beae2a87f79fbb13db0913aa4b7b89a0,483f8350100c15e1b5b8c6fc0d38e1498765e52289a0ee9f4768cf9b06f5a257
xor3,915,72,0.1778279410038923,0.0,1.0,hard,0.1566375,1.0,0.03571428571428571,global,8b484cd6817d397d,results/raw/interaction_transfer/target/8b484cd6817d397d.json,8,512,hybrid,B,57d2f739db4482feba3805d2ac6475cd3d80ae23e3acf2140b7f3f09734f5d48,3cc1a014880e8a56006cc96773356434271cee666a5b91f7e2815ee4a7dae9d0
xor3,915,72,0.1778279410038923,0.01,1.0,soft,0.08863125,0.9453064264076342,0.03571428571428571,analytic,910e1c56772ddc9b,results/raw/equal_noise_xor3/target/910e1c56772ddc9b.json,8,512,hybrid,B,2cae959975f0a89c12822cb074b37e10fb3b28e0814455627030922ddc370235,88d6f56ebfdd2b638fbe765e56c5425a2d5c1b7413e68aee164545876a3a9f2c
xor3,915,72,0.1778279410038923,0.02,2.0,soft,0.06949999999999998,0.9453064264076342,0.07142857142857142,analytic,96c715d9d845d594,results/raw/equal_noise_xor3/target/96c715d9d845d594.json,8,512,hybrid,B,5ad044fbaf071030fe8d94a9ae1d92c2b76d1c41c9d1ff8446b37dbff9b739b0,99daf864d29fe20f41439592f92bb1d0f32fdbb777b13ad24bbf02b3c9e04f14
xor3,915,72,0.1778279410038923,0.04,4.0,soft,0.13742500000000002,0.9453064264076342,0.14285714285714285,analytic,7ef10618f7abf8e6,results/raw/equal_noise_xor3/target/7ef10618f7abf8e6.json,8,512,hybrid,B,3a5aaae019dca902d812ac27fe6641f22776720b946692d1f89d22de48cba533,548635c23a3bf5b2f1d75bb7f10826fe26e39166b53e38ce446615b2b0ee150b
xor3,910,70,0.18,0.0,1.0,hard,0.11476249999999996,1.0,0.03571428571428571,global,a0ccaa51ce3fd04c,results/raw/interaction_transfer/target/a0ccaa51ce3fd04c.json,8,512,hybrid,B,61d79460ad0ea3cde8df45da8302e3d5d098191243f32f9777acf24e6648c864,6302921e7bf0cd8b0f45dc5daef5620965c99dffe427c7afe2fd16905b36500e
xor3,910,70,0.18,0.01,1.0,soft,0.07299375,0.9453064264076342,0.03571428571428571,analytic,01d4cdb780034dd3,results/raw/interaction_transfer/target/01d4cdb780034dd3.json,8,512,hybrid,B,2031d08af278f592af57343cfcbcab6beba1c1780606acf2cdea3f1243759a75,c24c7735a5d1706d5b5bd3343ec455cbc3b1b189da3b2da5b027c1700adb7e39
xor3,910,70,0.18,0.02,2.0,soft,0.06972500000000001,0.9453064264076342,0.07142857142857142,analytic,4bb91e606760545c,results/raw/interaction_transfer/target/4bb91e606760545c.json,8,512,hybrid,B,b6e046eefd8ef8522a4f8edd17a7869eb17cc619c09f7b7c7d11b02c324b0706,bbb8fbe6e904b250edb091c0aec62921e9ee5cf929746b4b7560a5b5204ca27b
xor3,910,70,0.18,0.04,4.0,soft,0.06441875,0.9453064264076342,0.14285714285714285,analytic,b81098fb6a98abf3,results/raw/interaction_transfer/target/b81098fb6a98abf3.json,8,512,hybrid,B,b91aef31a983c232db4eb740411e7c3b556e10ab5665336f1e2cfaf228896728,1e57e258ed6c3be42fc8d90f5fe28758e3d492620100a8f8f74452b4abba40bb
xor3,911,71,0.18,0.0,1.0,hard,0.04668749999999998,1.0,0.03571428571428571,global,800a47d939b4eb7d,results/raw/interaction_transfer/target/800a47d939b4eb7d.json,8,512,hybrid,B,a14437d3b85f5d6de56800ef78b3760b0b44b41c15dc9309339e3d6a7ee0cb0b,d3e81419626fbbdf70a609a9a5cc98a226b3c6ed65649b930a0025fde5b268de
xor3,911,71,0.18,0.01,1.0,soft,0.046450000000000005,0.9453064264076342,0.03571428571428571,analytic,689861907b2b5833,results/raw/interaction_transfer/target/689861907b2b5833.json,8,512,hybrid,B,a3ce9e316a1396912810f5b3de12ea28adf87dd1363cf18e33dcd0dc2b039bff,958964f8cc2f23f598c53c43d767675af3198559e2636f3a3f628c1f12b694aa
xor3,911,71,0.18,0.02,2.0,soft,0.06631249999999998,0.9453064264076342,0.07142857142857142,analytic,5c31dd1e7f7fecdb,results/raw/interaction_transfer/target/5c31dd1e7f7fecdb.json,8,512,hybrid,B,c3eccbe466c030dcb68e4d9484285e2855b9ef66045acb81c493a1a8f727fd0e,07566f26d85232c5ac767f209e3a0b85f144903b061c28c4de1839604b81e7a1
xor3,911,71,0.18,0.04,4.0,soft,0.12777499999999997,0.9453064264076342,0.14285714285714285,analytic,390f2c9e42d08a39,results/raw/interaction_transfer/target/390f2c9e42d08a39.json,8,512,hybrid,B,a8045c00e12c5deb6316de768e9dd768f3a6ae2e1bb924b50364c166ba506ca0,5cfe287ffd4f76c6b904f3d832b0dc36d16372c06ac442b56af85adc27dba2d5
xor3,912,72,0.18,0.0,1.0,hard,0.12278750000000002,1.0,0.03571428571428571,global,eca720a4f39a8aa0,results/raw/interaction_transfer/target/eca720a4f39a8aa0.json,8,512,hybrid,B,182038ec4bbcb1268f8d67c0b81729224d6d19f6136ff147a4ec24897c78821b,a0c1b6fdd85929cf351cd0eec1cb1e538736b7b1fde27aee32510b2c2571552a
xor3,912,72,0.18,0.01,1.0,soft,0.049862500000000004,0.9453064264076342,0.03571428571428571,analytic,f75bc2f96be96632,results/raw/interaction_transfer/target/f75bc2f96be96632.json,8,512,hybrid,B,4563460bce265d6ef9b0cad77407e4e1f52fdda5f68aaa9237cb424b4b811d93,06fe6a9d334b7f34b815d6bf6343f33bdc741bff37c5e0c1e24801ead7f2b92a
xor3,912,72,0.18,0.02,2.0,soft,0.08701875,0.9453064264076342,0.07142857142857142,analytic,d8bab2733f219da6,results/raw/interaction_transfer/target/d8bab2733f219da6.json,8,512,hybrid,B,05d5163698bbc0708faf87c6930577ed94d2237036191dfa215c652ef7dfc682,3c470fdbf2c9432ab6b0546119250fed818f67b373c2c2b9672ed310e512b184
xor3,912,72,0.18,0.04,4.0,soft,0.12738750000000001,0.9453064264076342,0.14285714285714285,analytic,2c3ab559ffdd734a,results/raw/interaction_transfer/target/2c3ab559ffdd734a.json,8,512,hybrid,B,fa6d94b2eacf6b54f7567c67a154e10cee4e3a42992295d1a7c4ed46f268c6cf,6a453d98384134e36874174c6b1757bca498fd2ec4e8459503cc18aa782d4004
xor3,913,70,0.18,0.0,1.0,hard,0.10545625,1.0,0.03571428571428571,global,09dd5d6e03d0647e,results/raw/interaction_transfer/target/09dd5d6e03d0647e.json,8,512,hybrid,B,a3ee9c4b2057cb3fbe9a1ab3554673b2ebab78dd8c5dc5202425b2362ce28983,569f8b237e1512b6b1ef980a9c7a53e64af78eecf6b92ca875cf6bb93004de74
xor3,913,70,0.18,0.01,1.0,soft,0.11757500000000001,0.9453064264076342,0.03571428571428571,analytic,0bc0b11728758f91,results/raw/interaction_transfer/target/0bc0b11728758f91.json,8,512,hybrid,B,cf08676405a87fed15bc081a8e0456c353e51763e6ef7279eb9ec4e45e84a107,81b06ea267c08039b947544d532dd42ae9447c7045ffcc7c8012104cd65031c7
xor3,913,70,0.18,0.02,2.0,soft,0.09481874999999998,0.9453064264076342,0.07142857142857142,analytic,29b57aee10c9f740,results/raw/interaction_transfer/target/29b57aee10c9f740.json,8,512,hybrid,B,b7c46ff86cb677df9358e0ffc4508b3436514aac64aeeb0ce30fbf8a88db6774,9f7f89bf32b5bfd5aa12344cbf14fae23c9cacae7795ba64797cea3f781a50f5
xor3,913,70,0.18,0.04,4.0,soft,0.1253875,0.9453064264076342,0.14285714285714285,analytic,54698c7d3410f009,results/raw/interaction_transfer/target/54698c7d3410f009.json,8,512,hybrid,B,da584a60c7139eea317a48209a53a725c5329327e6bc49085e028768a8dfe823,2de9f9d3363e02bc01e381eb7f5aab45e1def3840976266e50cb566116e1fe76
xor3,914,71,0.18,0.0,1.0,hard,0.09444374999999998,1.0,0.03571428571428571,global,6d4c4bdf739ad634,results/raw/interaction_transfer/target/6d4c4bdf739ad634.json,8,512,hybrid,B,6d441fe6ca0ffdfe2aec1949b59d6421bc61cc66eb4179ff5db6cb04999af236,912fd37f076112b62699045e52631d30f67de1aae27c7935a0cb378fc95bcb51
xor3,914,71,0.18,0.01,1.0,soft,0.0668625,0.9453064264076342,0.03571428571428571,analytic,40369a89108feb97,results/raw/interaction_transfer/target/40369a89108feb97.json,8,512,hybrid,B,b59d4ba7aad295ef9ef698df7ecbb6aee04ea61df8adf59052a77ef2b23d48fc,12510b8d2c0c70dea66272b1ef089e92fab1bd06977c0b9621fe601fc0dcfd1a
xor3,914,71,0.18,0.02,2.0,soft,0.06623125,0.9453064264076342,0.07142857142857142,analytic,0e9062e0f06b63ed,results/raw/interaction_transfer/target/0e9062e0f06b63ed.json,8,512,hybrid,B,00fae3cd3b87e28e1e7a01ec410da59f905a3b6b176f92191ec9e76360393b01,d5c190c507b4aeaac05a6066ef0102cb3a7e75b1c26fd366241671d974071449
xor3,914,71,0.18,0.04,4.0,soft,0.12095000000000002,0.9453064264076342,0.14285714285714285,analytic,d7f112bf4b7c27da,results/raw/interaction_transfer/target/d7f112bf4b7c27da.json,8,512,hybrid,B,d0e7b1f95175aa36ebdc3299bc8a221f445e756cde3c16851c6921da6cb51144,a09ce302c3bda896d8f641242a94fa6482412dcf8a38d2661465a8f3b591dd29
xor3,915,72,0.18,0.0,1.0,hard,0.13470625000000003,1.0,0.03571428571428571,global,072c4163f71fdad1,results/raw/interaction_transfer/target/072c4163f71fdad1.json,8,512,hybrid,B,20f05275eee81edd3e5a0c6117862f3690f2cc29dfe6764ae174b320699da464,6af4f79b79435079d2d7fe7cbfd192372f5ff09a40823c5c052efdb513301a28
xor3,915,72,0.18,0.01,1.0,soft,0.06881875000000001,0.9453064264076342,0.03571428571428571,analytic,654707c57e8c4755,results/raw/interaction_transfer/target/654707c57e8c4755.json,8,512,hybrid,B,477f6179d972c6e4a6d0653839613e0256c4e7549680a6f7fa336b04bbea4adb,823047a403441442f9e4e71f92af3fe02c974cfb6c639a24d285ce965732e9e5
xor3,915,72,0.18,0.02,2.0,soft,0.079125,0.9453064264076342,0.07142857142857142,analytic,bdca82e4a650f186,results/raw/interaction_transfer/target/bdca82e4a650f186.json,8,512,hybrid,B,ae4096dfb90a4a128746ceab53b903580b30855542da2a0b8e618cd234292e61,6d9c2eb619a1fc958ea1f312eb36fdb74dffa83b3b733b789aaef7d80f4249d0
xor3,915,72,0.18,0.04,4.0,soft,0.14442500000000003,0.9453064264076342,0.14285714285714285,analytic,c223d70c0c4b9f04,results/raw/interaction_transfer/target/c223d70c0c4b9f04.json,8,512,hybrid,B,26effc28e175f595db74fcc7b4d53a26e995295471deed2cbe40d4b41812f0fe,8cbfe361961433350644374cb4d175dcd65c6caeaab2291813a281972838226b
xor3,910,70,0.3,0.0,1.0,hard,0.16171875,1.0,0.03571428571428571,global,82d222acb01ae977,results/raw/interaction_transfer/target/82d222acb01ae977.json,8,512,hybrid,B,80760bd17378dc3858699725b791f4c1d283e785eb826cabf86f55c977080633,979b4491b4a97d1e6eb5f81f063262645de7f8be7f8572dcf64ca4411ca81635
xor3,910,70,0.3,0.01,1.0,soft,0.10414999999999999,0.9453064264076341,0.03571428571428571,analytic,e68d160d8dc22964,results/raw/interaction_transfer/target/e68d160d8dc22964.json,8,512,hybrid,B,bc08357e57c0726fc7ee27416aa858b3baab4a6b2344c1538db914063c5b3463,9abfcd7c37c947722e75a60c48528ca380af581e454b200a71ef84f4130dba8b
xor3,910,70,0.3,0.02,2.0,soft,0.10021875,0.9453064264076341,0.07142857142857142,analytic,e7d25a705f1024f1,results/raw/interaction_transfer/target/e7d25a705f1024f1.json,8,512,hybrid,B,94b43b7efe04dd907b884649dbbcb1a04dd177dec60455cf5d69308a7ed171d8,2e168528acaf489a7e7a399a0ca03b370a39a27df192b87522fc0e80b44aa615
xor3,910,70,0.3,0.04,4.0,soft,0.09500624999999999,0.9453064264076341,0.14285714285714285,analytic,94bab68443868e74,results/raw/interaction_transfer/target/94bab68443868e74.json,8,512,hybrid,B,f8926fc8b3670a970a7bcef254467a3464bf7fe9e6e29175723f143e181842e2,a32774a76d0191f5374f34f882d7ea98e6c46d977a2868fda4ff1ba5ba0d5fea
xor3,911,71,0.3,0.0,1.0,hard,0.10861875,1.0,0.03571428571428571,global,15a0ad3eb405dd73,results/raw/interaction_transfer/target/15a0ad3eb405dd73.json,8,512,hybrid,B,22771bf7ec78cf2f3dd823fec865cc7bcbeda3f3cabf29809a865cd0dd94461a,fc2a92f1f08ad97052d9dca3eac5514948336b6cbd6ffd526967630e0424bbba
xor3,911,71,0.3,0.01,1.0,soft,0.06527499999999999,0.9453064264076341,0.03571428571428571,analytic,820d6f2ce955d2c8,results/raw/interaction_transfer/target/820d6f2ce955d2c8.json,8,512,hybrid,B,15a0b71d5d7967d72d7dd11abadb9121bb49e59984d2fdefdc6d7ec43e483645,2baacec9dfa499d510c0acf21df69aaf0d49800c7beaec64c60da272565322b3
xor3,911,71,0.3,0.02,2.0,soft,0.11061875,0.9453064264076341,0.07142857142857142,analytic,a8c9be995cc8ff85,results/raw/interaction_transfer/target/a8c9be995cc8ff85.json,8,512,hybrid,B,8cf223838bb933bffe67d705b135be313e62d68e9ee2aa6adfd8d8567df5b140,e31f3f6d9c51fa8caeedb54a4a84d696bd97f3c0a9c39519dfefaeada864c3c8
xor3,911,71,0.3,0.04,4.0,soft,0.11545625,0.9453064264076341,0.14285714285714285,analytic,e32e94bbb622faf4,results/raw/interaction_transfer/target/e32e94bbb622faf4.json,8,512,hybrid,B,3dd5073d205c9c8b83d3129c4693f216da8d5effd2439f16707a8198e4dbbb25,a7b7f0652114d1cc8b5baa993e9d95cc94d24477e02ec946c2138aabccc113df
xor3,912,72,0.3,0.0,1.0,hard,0.12037500000000001,1.0,0.03571428571428571,global,85ae4938c896ac53,results/raw/interaction_transfer/target/85ae4938c896ac53.json,8,512,hybrid,B,9919279f8ddf08323238e72a910e51d956ff64488f6708a01b548624b09938fe,9cef1047e5a5df8899c6409abd34b585f506b3cae15fc1274cc5bcbd81d797c0
xor3,912,72,0.3,0.01,1.0,soft,0.08664375000000002,0.9453064264076341,0.03571428571428571,analytic,38502ed1390535a3,results/raw/interaction_transfer/target/38502ed1390535a3.json,8,512,hybrid,B,62d772b130b0d08c6e24d7489fba3264c397a7b87181c05783dd7515db562b18,ddd7b050ee13e4452c51d56e250485d362046ec525f1ec229687564a471a1955
xor3,912,72,0.3,0.02,2.0,soft,0.10004375000000001,0.9453064264076341,0.07142857142857142,analytic,3237d00781828dc8,results/raw/interaction_transfer/target/3237d00781828dc8.json,8,512,hybrid,B,78c231627d4a2497909939b6b3766b9ea5b50100e5e99c053a03ea4c241bd622,ac7f04f07f58fa9ddac710fa295c3d3f1bf89600f4aaf4208dc87d7e922d13ac
xor3,912,72,0.3,0.04,4.0,soft,0.12058749999999999,0.9453064264076341,0.14285714285714285,analytic,004a4b0bbb140fc9,results/raw/interaction_transfer/target/004a4b0bbb140fc9.json,8,512,hybrid,B,971b3135775c0efab3bf6a8b97f637943a601bd4a258dc7dc1b41cc2bd9b2f37,68d37fe8f72f74a15acf37566da5f5d721895adec5a5174edba944e7f50ba23d
xor3,913,70,0.3,0.0,1.0,hard,0.103525,1.0,0.03571428571428571,global,83d1fd150a5d78fa,results/raw/interaction_transfer/target/83d1fd150a5d78fa.json,8,512,hybrid,B,e0b93fca4f41385fb5039f2ee56ffbd34fb1c19e62bd8de808e9af0590722bef,0866de4a0429a3559abccf671ce9577998e679f3ea9bcfee717d652113437951
xor3,913,70,0.3,0.01,1.0,soft,0.0817125,0.9453064264076341,0.03571428571428571,analytic,53423e79b1c50052,results/raw/interaction_transfer/target/53423e79b1c50052.json,8,512,hybrid,B,7e29de8fe2c02485af7c0f5f56fced1cdfe96e617ed785682d7dbab37f08cead,680d776cad2cd784f2db91038ceacb0bea987e3d0a149361efdc3440918417f3
xor3,913,70,0.3,0.02,2.0,soft,0.12438750000000001,0.9453064264076341,0.07142857142857142,analytic,09626200979dd3cc,results/raw/interaction_transfer/target/09626200979dd3cc.json,8,512,hybrid,B,6dd3b3a9def160e76e9b06742d5516609a3b3167dd2b37892bd2145a4afa6e7c,b86f936d895cc138ece2fe2ff75bc10ecffdbd2dff29b7bfdfa77b50884e85f9
xor3,913,70,0.3,0.04,4.0,soft,0.10978750000000001,0.9453064264076341,0.14285714285714285,analytic,f160b45152adcb7a,results/raw/interaction_transfer/target/f160b45152adcb7a.json,8,512,hybrid,B,9a4236fb70994cc7bf9fb60266cadde20f19009fea866fab7dbd3aa1e3c1d1ad,294201b9ad2b5850e15f8f8186291baedc0ea4d34dfd5c43045abe6c7132753f
xor3,914,71,0.3,0.0,1.0,hard,0.11673750000000001,1.0,0.03571428571428571,global,66781dde766bcabe,results/raw/interaction_transfer/target/66781dde766bcabe.json,8,512,hybrid,B,5c72ba840e6f7b1bea5e5ef3e3747b8fc060911bab7fbd7df820a0b8b99dec9c,4f311b0b1b36a2fca6d8fa9d07a05d366b17ebc2a967d2a35c352fa1bdc9d73b
xor3,914,71,0.3,0.01,1.0,soft,0.0910875,0.9453064264076341,0.03571428571428571,analytic,c2ab11220bfda284,results/raw/interaction_transfer/target/c2ab11220bfda284.json,8,512,hybrid,B,f3dd18225395ea126417a8a18c6c8f7d3d2b671d2ad22e8507567149251d9c6b,461eb3dbdad490506cabfebebc8f690394908ef3e2627d25b66497e0365e74f5
xor3,914,71,0.3,0.02,2.0,soft,0.11685625000000001,0.9453064264076341,0.07142857142857142,analytic,c44ab3142ab1f869,results/raw/interaction_transfer/target/c44ab3142ab1f869.json,8,512,hybrid,B,c73e41f153bda6e43ec5ad98230408aab6d8619027e504acb30612893c12e303,5f63760015d23f6f86cee87078f665b9fb74a8293538926a4e01dff7a6f97675
xor3,914,71,0.3,0.04,4.0,soft,0.11204375000000001,0.9453064264076341,0.14285714285714285,analytic,d89cc6b5eb498f25,results/raw/interaction_transfer/target/d89cc6b5eb498f25.json,8,512,hybrid,B,20b1139a280b633405858534c5f2eda1b24ceeb263cc9f9176a0de3c2da4d85c,031a944816905b35e46889a3126465d1834ab9d1bff8c6e59224a1c947b26823
xor3,915,72,0.3,0.0,1.0,hard,0.16616875,1.0,0.03571428571428571,global,58e27353a597a8b5,results/raw/interaction_transfer/target/58e27353a597a8b5.json,8,512,hybrid,B,ff919b304efa1930ea419b3f5920b38ec6434b21e915759920d7c1da6200ccfa,832900857b141410d0e85a1729b6dcea82e8f261673255198842e3d5964b474a
xor3,915,72,0.3,0.01,1.0,soft,0.04546249999999999,0.9453064264076341,0.03571428571428571,analytic,dd29447dc7eede38,results/raw/interaction_transfer/target/dd29447dc7eede38.json,8,512,hybrid,B,cada5a28a21190ee66fe26fae257714c48078b13420eb0e97326d11133613991,55af847f3cfb9a82892e9dc8925fcd5ce5b1774ab6ee937afec3a7d472442522
xor3,915,72,0.3,0.02,2.0,soft,0.06289999999999998,0.9453064264076341,0.07142857142857142,analytic,0963359025415d1c,results/raw/interaction_transfer/target/0963359025415d1c.json,8,512,hybrid,B,b2d24f33abbbe064cde8a87675d20484ede582b3da5799858941110c5a9e878d,23fcab52553c58981f4e4134f61bdd66162a3d05f033b6f0ac7dc24b42e4bc5e
xor3,915,72,0.3,0.04,4.0,soft,0.11649375000000001,0.9453064264076341,0.14285714285714285,analytic,e370de282b976ad0,results/raw/interaction_transfer/target/e370de282b976ad0.json,8,512,hybrid,B,b8704d97853fe070e3566b93394cc8b8e29d5f1d11a58a83c8496b819a7a5fd5,36e15ece6d1ef54cac1f6d0e437ca52eb046567187c1aa9061b30bab19de2b63
xor3,910,70,0.31622776601683794,0.0,1.0,hard,0.09264375,1.0,0.03571428571428571,global,37dbb424ba3abf51,results/raw/interaction_transfer/target/37dbb424ba3abf51.json,8,512,hybrid,B,0bfec238a0136edb3d95d1d705ee5cdfc02f5bf759a93f754aa6e314f30c2bb9,c05df56c9d80ccd7f3c8264c92eee1f6996f31b13f47212290cfb08e530afab7
xor3,910,70,0.31622776601683794,0.01,1.0,soft,0.07749999999999999,0.9453064264076342,0.03571428571428571,analytic,7aa4c2f911d34528,results/raw/equal_noise_xor3/target/7aa4c2f911d34528.json,8,512,hybrid,B,43acffafc1c9554808ad2285b6830c2ef8385738ca50ae7e450e4714d3fc9224,2a66e2c4b7d8ffdf1d4c253aa8f9276cffbc6e0c323b19449567deeccf548f33
xor3,910,70,0.31622776601683794,0.02,2.0,soft,0.06789999999999999,0.9453064264076342,0.07142857142857142,analytic,6fdcc39152a87e76,results/raw/equal_noise_xor3/target/6fdcc39152a87e76.json,8,512,hybrid,B,16abf4892105cfd951d700797c8be66a8ea1c2baedca6394cf3fe8952d25230b,0cbaf42b00f18c2ec83952019183bff8e9ce4b91bc5b3c40cff3e0031a7e020c
xor3,910,70,0.31622776601683794,0.04,4.0,soft,0.10205624999999999,0.9453064264076342,0.14285714285714285,analytic,a464a74c62522f3f,results/raw/equal_noise_xor3/target/a464a74c62522f3f.json,8,512,hybrid,B,4680c05e5a04892e94e050b6880cca039ab762553608d4b39ef78ac5d623d008,52a76ffddb117146827a6ddbdb7d6045679acd6460bd5f6ac81c307410cf8147
xor3,911,71,0.31622776601683794,0.0,1.0,hard,0.11646875,1.0,0.03571428571428571,global,80e7baf23d8addb4,results/raw/interaction_transfer/target/80e7baf23d8addb4.json,8,512,hybrid,B,0e9687c0b0a85cedd28df720d202250691c6558998490c660493dc9bec65dd13,fbabe23169e0191469f2dbf7e738caee11aea2088554f6a7c5b8a9528cc8cb04
xor3,911,71,0.31622776601683794,0.01,1.0,soft,0.06398125,0.9453064264076342,0.03571428571428571,analytic,d868a8e9f22ab7f0,results/raw/equal_noise_xor3/target/d868a8e9f22ab7f0.json,8,512,hybrid,B,76dd637a4bccc8a1f8ee6f2ba2ffd7f56fcac1d103d7069c381139442f2cba62,6c64a22c69858133e9fe3642b015c42eed2098eb9a5b3a74537f3c643a686e22
xor3,911,71,0.31622776601683794,0.02,2.0,soft,0.11083125,0.9453064264076342,0.07142857142857142,analytic,394048e81086a44a,results/raw/equal_noise_xor3/target/394048e81086a44a.json,8,512,hybrid,B,4fe2becd92db7097b62801f511276dee3893fcf1b287e00c807ce8d436ca7ee0,375a09a7bcece198a767d67a25dcb64acb8ed2395ba2a1d1f18d529ac75258bc
xor3,911,71,0.31622776601683794,0.04,4.0,soft,0.14210625,0.9453064264076342,0.14285714285714285,analytic,33196ceeb3d80b5e,results/raw/equal_noise_xor3/target/33196ceeb3d80b5e.json,8,512,hybrid,B,b5668a2f0183e1e9df1d25cca1e4306f28da1c9736246b26bb41541dc7e1cf63,3357d80ee79ccc05032d0bc466972d9aab896c62df815c7b9828fa39c1c029fb
xor3,912,72,0.31622776601683794,0.0,1.0,hard,0.10605625000000002,1.0,0.03571428571428571,global,e06cd2534d93ca07,results/raw/interaction_transfer/target/e06cd2534d93ca07.json,8,512,hybrid,B,ca2b74d73cef7bfa1ebbea378628d91ca282a6a019f39a201b52f2920418b86d,23d922aca95e02c2d54ace93e4200b60ec287cf4a2b5478961d12f041a74f7b9
xor3,912,72,0.31622776601683794,0.01,1.0,soft,0.087925,0.9453064264076342,0.03571428571428571,analytic,48cf6b1e68cef972,results/raw/equal_noise_xor3/target/48cf6b1e68cef972.json,8,512,hybrid,B,52c4ccfb596d9953b8d53e035039ea94d8f9fad20b3292561cfc460b712b0788,b997c7bf4d4fe00b3007dbd9096a757d8d08581e047339da59418ea066e2bd83
xor3,912,72,0.31622776601683794,0.02,2.0,soft,0.0763,0.9453064264076342,0.07142857142857142,analytic,c1f5afad9918a700,results/raw/equal_noise_xor3/target/c1f5afad9918a700.json,8,512,hybrid,B,22e27dd99d2875dea3100e2810e1c0efe44c1882cb4ba810b8c5a084c9f4ce75,4622d268d474a40b0947b38440f7c4aa29c5570aa8e1870e278d26efe97c2de7
xor3,912,72,0.31622776601683794,0.04,4.0,soft,0.09725625000000002,0.9453064264076342,0.14285714285714285,analytic,507ee37e60925603,results/raw/equal_noise_xor3/target/507ee37e60925603.json,8,512,hybrid,B,05a7bac1f8cb7eed9c5a614e5678fd5fa9c6e81909d9db885205325e6a1dd6c1,cb2870d019fc06e4c95939515f606223c27170263f8bf482ce45dd277a03db63
xor3,913,70,0.31622776601683794,0.0,1.0,hard,0.09436249999999999,1.0,0.03571428571428571,global,1c677011f5c912e9,results/raw/interaction_transfer/target/1c677011f5c912e9.json,8,512,hybrid,B,90bb0c54f2ed38bb6e6a9f954775583c49668afe4e3a6ca9fbb16aed1e58b358,ddc65b9a01489eddb8d8b58732a617eb83a677d1f7b4923308ef47ce0b56dfd7
xor3,913,70,0.31622776601683794,0.01,1.0,soft,0.07872500000000002,0.9453064264076342,0.03571428571428571,analytic,2ad1a4465564cb1f,results/raw/equal_noise_xor3/target/2ad1a4465564cb1f.json,8,512,hybrid,B,d4f5f1e78f3eeb56e0b75c4b67e584e714260813d91647bdb2dfee1734c770ed,9aeb66af3bab28bb9a0a5b6ce23a8247f199f2221455cf2ab25784bdbc99a4a6
xor3,913,70,0.31622776601683794,0.02,2.0,soft,0.08900624999999998,0.9453064264076342,0.07142857142857142,analytic,bcd862c0b4d32fd7,results/raw/equal_noise_xor3/target/bcd862c0b4d32fd7.json,8,512,hybrid,B,576bd99191eb74bc06919297540163db97d4243cd0e6ec1ec98559cc60980bc8,9e08b891c3a22f2fb4eefcf04b548bb3ead6f83607ada19c0a68c783ec3bb949
xor3,913,70,0.31622776601683794,0.04,4.0,soft,0.07680624999999999,0.9453064264076342,0.14285714285714285,analytic,75487ecc6aee40a7,results/raw/equal_noise_xor3/target/75487ecc6aee40a7.json,8,512,hybrid,B,7a9f38c743fcf4e0eb00cce5da762dac238163757a99224b49ef6dd3381773a0,a07295374352583cbd9ee2fb11375304bd0a093c3259a5cf62aa8359f6ab2bea
xor3,914,71,0.31622776601683794,0.0,1.0,hard,0.1193625,1.0,0.03571428571428571,global,17d10580534701d4,results/raw/interaction_transfer/target/17d10580534701d4.json,8,512,hybrid,B,5a4f934b26980778b4d4b5b66bb5a7e7f79a6121f4976308a7a395c7cb86fe71,ab6f25e027ef1345c3aa61e5c5208b8ea56336fff0c68f6edaae7c2e089ccc35
xor3,914,71,0.31622776601683794,0.01,1.0,soft,0.0717,0.9453064264076342,0.03571428571428571,analytic,ce14006055240461,results/raw/equal_noise_xor3/target/ce14006055240461.json,8,512,hybrid,B,e89016c001ac66d8555ab2d14e0915d2030be480cc66fb3af416423f2bd6ba82,e7cca435a59825c429a6b74677e52bf44b55349e92091f78ff9f223e04491710
xor3,914,71,0.31622776601683794,0.02,2.0,soft,0.05928749999999998,0.9453064264076342,0.07142857142857142,analytic,db00bfde01073d2e,results/raw/equal_noise_xor3/target/db00bfde01073d2e.json,8,512,hybrid,B,bcf7ccd905cdcf0701ee4cca28fecf618930e61b37849ce8b44fc3948c9e30f5,59c63f9f41a1306aebbf4c9bb1f180a6b2bf61a8b60b2ec34725d19deafef759
xor3,914,71,0.31622776601683794,0.04,4.0,soft,0.12096249999999999,0.9453064264076342,0.14285714285714285,analytic,2e908f0e9aff5567,results/raw/equal_noise_xor3/target/2e908f0e9aff5567.json,8,512,hybrid,B,1ea85284dfbc380d08c8ed14490c8f26e57bbdc1dee3fd38096bea46aebf7779,56e4b6e0d07588a508e5638f4b9306c0300267d3180a1ad47fd42cb44cbcef2d
xor3,915,72,0.31622776601683794,0.0,1.0,hard,0.09234999999999999,1.0,0.03571428571428571,global,ee164774740dd659,results/raw/interaction_transfer/target/ee164774740dd659.json,8,512,hybrid,B,58f2bae873404a35a37e692f458bf17da887a7718b45e168c09efd49da95fb49,d3d5cd55bb57d507a6a0d11fb1ba85c9f13f2f7b85598c73035eaf3e6a2a40c2
xor3,915,72,0.31622776601683794,0.01,1.0,soft,0.08052499999999999,0.9453064264076342,0.03571428571428571,analytic,d49b8e9c6decdc77,results/raw/equal_noise_xor3/target/d49b8e9c6decdc77.json,8,512,hybrid,B,9089f6b9cacd5201939630f48fab219f88b588e11741dbfe5783d4a5e39066cc,51819382e1488bccf82ec5009ca374387cdd5ed38e57b2d265a3f230d730b364
xor3,915,72,0.31622776601683794,0.02,2.0,soft,0.08984375,0.9453064264076342,0.07142857142857142,analytic,e3b8aeaaf0dee486,results/raw/equal_noise_xor3/target/e3b8aeaaf0dee486.json,8,512,hybrid,B,38e15f0d19a78af1d330988427586c65af61a3e53b059b728befc973902a8759,f24b920496744454deb35711ca2d92eadb6f1e14ccc60fe80b5bcf13ad7aad14
xor3,915,72,0.31622776601683794,0.04,4.0,soft,0.08623124999999998,0.9453064264076342,0.14285714285714285,analytic,b137b9dee734b78c,results/raw/equal_noise_xor3/target/b137b9dee734b78c.json,8,512,hybrid,B,617f8ab2c3c8e2acfaf2502e87b2b42deaebcb95c5642e7d95d75876dcc55f50,5eeb77a57d23e77da02d64b5056ab93c83305cc309ab150c80125eda2d0c1504
xor3,910,70,0.5623413251903491,0.0,1.0,hard,0.11048125,1.0,0.03571428571428571,global,1b44add20890883a,results/raw/interaction_transfer/target/1b44add20890883a.json,8,512,hybrid,B,f46d658b9b254978f3d4ca482650241fc6d3f184455ec2ca4bf0d098cc9a6207,f3e2cfd13d05ea14200f76a76c243ca045888c538b39b3a17231ae17188a8f85
xor3,910,70,0.5623413251903491,0.01,1.0,soft,0.09705624999999998,0.9453064264076342,0.03571428571428571,analytic,7b2e38ff777dbd02,results/raw/equal_noise_xor3/target/7b2e38ff777dbd02.json,8,512,hybrid,B,cccf972eca01986f5920d32f98b2754efb1fd548c743d189767c98331f603075,4e39b490a368e8eaac07cc409b9e801207721a8e489ec043e9213e07d6988dfa
xor3,910,70,0.5623413251903491,0.02,2.0,soft,0.08800624999999998,0.9453064264076342,0.07142857142857142,analytic,c1ed35418f36f35c,results/raw/equal_noise_xor3/target/c1ed35418f36f35c.json,8,512,hybrid,B,528d331c032789fbeb4d1ce4a12dd40a902ffb2ad0af2be0fa634be5bc2d9e91,0802fe0b9b69fe9cf737682016b7f94782ee36e08c0c0a0e16df7e7b43ea8de4
xor3,910,70,0.5623413251903491,0.04,4.0,soft,0.16455625,0.9453064264076342,0.14285714285714285,analytic,afdc837d27b2aec0,results/raw/equal_noise_xor3/target/afdc837d27b2aec0.json,8,512,hybrid,B,1afc0b03ec58fc409dffe725631fd6db3d3c2025bbdd30fb98302fda8fe14357,9014cbdef908d5f3bd7a8d5457bf42855263448d1136bf222a2c2fd8d21975fb
xor3,911,71,0.5623413251903491,0.0,1.0,hard,0.130625,1.0,0.03571428571428571,global,d8384acee4cb4d75,results/raw/interaction_transfer/target/d8384acee4cb4d75.json,8,512,hybrid,B,709df1c3fba55b52039b4346ab4e3cbe7033255866fb8712076c098770b7d3af,ee42a82d7b7a2b4007c0288b051b81357574d4bdfcdf0f91e519c5b8ed82f2a4
xor3,911,71,0.5623413251903491,0.01,1.0,soft,0.13448125,0.9453064264076342,0.03571428571428571,analytic,f3d0eba234e83c08,results/raw/equal_noise_xor3/target/f3d0eba234e83c08.json,8,512,hybrid,B,95e97da99f4ad9ddad3dfe8ef789b3c232f8089a411836653a84782f146c51c6,f0c7b40392355c2658ba17eee5dc88389badedfab9e182dc3c10b518b2204983
xor3,911,71,0.5623413251903491,0.02,2.0,soft,0.06912499999999998,0.9453064264076342,0.07142857142857142,analytic,a5657f9eaa748d31,results/raw/equal_noise_xor3/target/a5657f9eaa748d31.json,8,512,hybrid,B,ced6e44c25b723504215a3bfcbd4ab0910f4811d952ca643e87279e12477204a,88309d5a5865191fdd17f45ff2d826d5ee69783404f225a5144e83770787068a
xor3,911,71,0.5623413251903491,0.04,4.0,soft,0.10410625,0.9453064264076342,0.14285714285714285,analytic,52cccef3ccde358a,results/raw/equal_noise_xor3/target/52cccef3ccde358a.json,8,512,hybrid,B,a6eca0a27514388cd8ba2f23229df3cd9ff03190a2c107ff88ae9f850186f222,3888da36f587384ea1ec835822ff1a11ed5ddaff53ae6a6488d57e76e1160665
xor3,912,72,0.5623413251903491,0.0,1.0,hard,0.07591250000000002,1.0,0.03571428571428571,global,95dfcd032354216b,results/raw/interaction_transfer/target/95dfcd032354216b.json,8,512,hybrid,B,a170168ebcb6550ef9622677dd3559659f59dcd401734a92ce3851ccf3955a60,c19fa87336dd3393586f26e6bca870aeec350164b54dbee084551cf7192f14ac
xor3,912,72,0.5623413251903491,0.01,1.0,soft,0.09734999999999999,0.9453064264076342,0.03571428571428571,analytic,2b6eaa25d2bcdebb,results/raw/equal_noise_xor3/target/2b6eaa25d2bcdebb.json,8,512,hybrid,B,9affe92f50e815960e7eb8e8466afb3dad01c4553d056ea5309abbce56807caa,d7e27bc9085e89af5b2f20af10241bd0811b67b2d3b945dce674637ef9a506d5
xor3,912,72,0.5623413251903491,0.02,2.0,soft,0.1420125,0.9453064264076342,0.07142857142857142,analytic,7cb333db250bdaf3,results/raw/equal_noise_xor3/target/7cb333db250bdaf3.json,8,512,hybrid,B,49ec1883fc3dbf99d2ad94a56e89eded7d4f86daabfd396480104aabcc6ddf4c,7aeb655abba80819f073b0511e6d16c72bfa893b4fbc545f98c375ce1eb64c32
xor3,912,72,0.5623413251903491,0.04,4.0,soft,0.12048125000000001,0.9453064264076342,0.14285714285714285,analytic,560c98b969b23850,results/raw/equal_noise_xor3/target/560c98b969b23850.json,8,512,hybrid,B,7894eb7b914930e20b4a25417ea9a418646e36929dc7f17e66aadaad1030889e,be2fe8177dcd653cea34559c715a40f85d783137a3c7b7af29625fc0653b8608
xor3,913,70,0.5623413251903491,0.0,1.0,hard,0.06420624999999999,1.0,0.03571428571428571,global,bcd1fd005e58c2ba,results/raw/interaction_transfer/target/bcd1fd005e58c2ba.json,8,512,hybrid,B,a1a2f8f0b9ab6541219b9ce439509b8ca54b2580fc31368e2f32c3cefa3751ff,f7ebfa229709696f73c1e6d37d87b01585813be82a797c7beac5993532283393
xor3,913,70,0.5623413251903491,0.01,1.0,soft,0.07791250000000002,0.9453064264076342,0.03571428571428571,analytic,cd294fa4000b397f,results/raw/equal_noise_xor3/target/cd294fa4000b397f.json,8,512,hybrid,B,a0a8da847be865e13c56ff675b158a38a0cb7ad8fc27e1f9a0154781e75df370,5887a7f7948535027b7eff96b5ecb12dfc013cd111a1456525dd7e21c443d175
xor3,913,70,0.5623413251903491,0.02,2.0,soft,0.15671875,0.9453064264076342,0.07142857142857142,analytic,fd080c162a6fb4a7,results/raw/equal_noise_xor3/target/fd080c162a6fb4a7.json,8,512,hybrid,B,33f7de932a37d32f352c15792bf92626598a2f33be55f78c104d9c09aea2ed9b,a3cc74aeb8243d1ffdb288e57dc5eaf54e6a6cfe67806a16504bc1d2139eb466
xor3,913,70,0.5623413251903491,0.04,4.0,soft,0.18438125000000002,0.9453064264076342,0.14285714285714285,analytic,5fb44113633fa076,results/raw/equal_noise_xor3/target/5fb44113633fa076.json,8,512,hybrid,B,653d9c7a8cbf6a42bed7d51c6e09f5aedf5ef819129086c66e2207f9909d392e,b2ceb8d16639b9e6f7d81887edbc71c697ea78327e78aca58bdcca6fe7ae1e5d
xor3,914,71,0.5623413251903491,0.0,1.0,hard,0.08785625000000001,1.0,0.03571428571428571,global,aa9cf65f01c49d70,results/raw/interaction_transfer/target/aa9cf65f01c49d70.json,8,512,hybrid,B,40325c988825e0b6f31629cff0b2f1d9eae09a1660d6c9e3a2fe3135f457aec2,be8c2fb44f488e6661f0da4bfc92ada3684e0ae0703b7c4606265011e3ba7113
xor3,914,71,0.5623413251903491,0.01,1.0,soft,0.06839374999999999,0.9453064264076342,0.03571428571428571,analytic,f74101d162336ef1,results/raw/equal_noise_xor3/target/f74101d162336ef1.json,8,512,hybrid,B,29e917d8ec125d70cebfb75fc278d74091d1b74679ec94dcb9c70cef31588b9c,6544fcfae40b6cd98c3a58ff3975048ae7cc34272d6b74516b3efd41373654ab
xor3,914,71,0.5623413251903491,0.02,2.0,soft,0.12286874999999998,0.9453064264076342,0.07142857142857142,analytic,e6185ab05db16fd4,results/raw/equal_noise_xor3/target/e6185ab05db16fd4.json,8,512,hybrid,B,abefc67cc2d9d6720560a5fe7457a9aef07610e0b48f714fe9f1cd51b6680e55,9863f39200079f26b26bc6167c328aaa096e88566e128d798aa05dd7e5b664dd
xor3,914,71,0.5623413251903491,0.04,4.0,soft,0.18608750000000002,0.9453064264076342,0.14285714285714285,analytic,a03824393c3d490a,results/raw/equal_noise_xor3/target/a03824393c3d490a.json,8,512,hybrid,B,412456417a1fd1240cf660c94506f281f2a1d1258c04255acf49ea3552e17210,445f9d4079e28252e0e7c0201d44637c8e2a25e8556f8f7b942b1e0c4cc6e2b9
xor3,915,72,0.5623413251903491,0.0,1.0,hard,0.08753749999999999,1.0,0.03571428571428571,global,1fef47d564d14abb,results/raw/interaction_transfer/target/1fef47d564d14abb.json,8,512,hybrid,B,22d109d2cfceed64eab7e5b4c06d637b011a492664b732acbcd985cdaafde19f,dabb189d519a6f3e61064ff34724ef14bd9146187c59c3a44e031856fc476bae
xor3,915,72,0.5623413251903491,0.01,1.0,soft,0.11757500000000001,0.9453064264076342,0.03571428571428571,analytic,943df2d92a7daf47,results/raw/equal_noise_xor3/target/943df2d92a7daf47.json,8,512,hybrid,B,1bf0384182cbb08a63408d3f23a818b80ebb293caf954ffb8df872f6ccc0ff6a,34e9bfa080864d09ba7ff75ace872409657c7d30da9b0919a3bf61956be06aaf
xor3,915,72,0.5623413251903491,0.02,2.0,soft,0.13331874999999999,0.9453064264076342,0.07142857142857142,analytic,a3c422907902c8e0,results/raw/equal_noise_xor3/target/a3c422907902c8e0.json,8,512,hybrid,B,13357a0d6b215d591397db0e3fcea1d3cf715fe559582962463f3d3ed97025d6,fb6a42a9ca3a34475e9dacfb6f25137c68e7cf8ed5fca1493fbd648eb02bca17
xor3,915,72,0.5623413251903491,0.04,4.0,soft,0.16475625,0.9453064264076342,0.14285714285714285,analytic,57100cc70b54f05f,results/raw/equal_noise_xor3/target/57100cc70b54f05f.json,8,512,hybrid,B,ac00b4c61db5c6419e95406cba3c4af6b462b99da42faea27429ecbae5fb9ea2,0db0608b4d2c29a38dc2e2afc213cc4e6fb2302db65cb396b2bf0cea749f2c70
xor3,910,70,0.6,0.0,1.0,hard,0.07670000000000002,1.0,0.03571428571428571,global,8072e1b23ebc997c,results/raw/interaction_transfer/target/8072e1b23ebc997c.json,8,512,hybrid,B,d1424e43efe51dbc1da954f5792dd9609a76857865afd6afc771f53567ad7044,e8d2b2d4aef7f26644aebbac3603e5ef52c31fe2df558ff1df1b40538dbc81ab
xor3,910,70,0.6,0.01,1.0,soft,0.08040624999999998,0.9453064264076342,0.03571428571428571,analytic,ff68469538e148fb,results/raw/equal_noise_xor3/target/ff68469538e148fb.json,8,512,hybrid,B,fd24e8e7ac4b576d1490b918480c0439a0008a9ed484da55becaabc7effb6e18,aae5be0cfc04be3540492d214370a8768a86ec34d12854e7c3cbf87ba0ae9f7a
xor3,910,70,0.6,0.02,2.0,soft,0.08601875,0.9453064264076342,0.07142857142857142,analytic,6ff4e9badb3dd6f6,results/raw/equal_noise_xor3/target/6ff4e9badb3dd6f6.json,8,512,hybrid,B,30d46f6052085da9ef6026eae360c7e7e3c10178cd21c890623bcdd2c1ff635d,95dd2abb8febe8026b8e206175f7cdbfd49f6d27c05f0136a8384df7d6cedbf7
xor3,910,70,0.6,0.04,4.0,soft,0.13899999999999998,0.9453064264076342,0.14285714285714285,analytic,5b49dbb0cf13f46a,results/raw/equal_noise_xor3/target/5b49dbb0cf13f46a.json,8,512,hybrid,B,8e0173b964827870467432fb501bbe62f11a11fadefa69319f008cbc9b9dbe3c,c13ba3097b439c073f35226c9dcb8be57d9eb4953626d39af5dc4efd9572c399
xor3,911,71,0.6,0.0,1.0,hard,0.11649375,1.0,0.03571428571428571,global,ee0b4a338ff7d38f,results/raw/interaction_transfer/target/ee0b4a338ff7d38f.json,8,512,hybrid,B,d413de1778dc30f8f32c9eaf7f5212ad2c2164fb632f8d63742546f0c5434c53,31ab295b5894a1482ccbc2c76de6db61b1bb5bbfb4a543b225d6e2518e0a443a
xor3,911,71,0.6,0.01,1.0,soft,0.09751250000000002,0.9453064264076342,0.03571428571428571,analytic,73821a786077dfe8,results/raw/equal_noise_xor3/target/73821a786077dfe8.json,8,512,hybrid,B,8ab84b6f7a19a640ef8abaca24e2d14e936fdcdb87225ab4bf78ea82f2d0bef8,dcf79bf343834aa63ea2c73019d89182dee83735a97ec933c6246282336a0d20
xor3,911,71,0.6,0.02,2.0,soft,0.16418125,0.9453064264076342,0.07142857142857142,analytic,c60e7d6acae68d2a,results/raw/equal_noise_xor3/target/c60e7d6acae68d2a.json,8,512,hybrid,B,810a0eb953d8816f72f69b130058de7b7202e6ad4a43be5db6db8b28f775d70a,4378267086c6e147655e8f877a65a9274e7d79dfc9686805c5ab5b450da5b2cc
xor3,911,71,0.6,0.04,4.0,soft,0.1822375,0.9453064264076342,0.14285714285714285,analytic,f185ccf2e0e2b358,results/raw/equal_noise_xor3/target/f185ccf2e0e2b358.json,8,512,hybrid,B,c78713e3dbb4b1fb2fa8336b2c991d0b9107e9b456edcee0b40f9f68693571b8,6cdaecb2129a98ab19950261624034f689fd2a8038839bd952aa73a9a2e66bc9
xor3,912,72,0.6,0.0,1.0,hard,0.08443125000000001,1.0,0.03571428571428571,global,75ea0b00b8b73538,results/raw/interaction_transfer/target/75ea0b00b8b73538.json,8,512,hybrid,B,6b84eb5ba3bba024a712a942a64999685fe3b4f31bb560884da6c3df3f91edaf,944357a582c23543b9e3f8954c174ab415fd8e5f7b161465587280a184b7546b
xor3,912,72,0.6,0.01,1.0,soft,0.09344374999999999,0.9453064264076342,0.03571428571428571,analytic,157fe4ea038d2e4f,results/raw/equal_noise_xor3/target/157fe4ea038d2e4f.json,8,512,hybrid,B,d6a7aeeadd0656926f8dda6c8a61027d53dc455ab0b19c4907786163d38f0963,648bf9724fda0f8a69671f2e6e980266d19c157a76501b4bf2dc75fddd52a602
xor3,912,72,0.6,0.02,2.0,soft,0.12158750000000002,0.9453064264076342,0.07142857142857142,analytic,c3a9a1087dac8a71,results/raw/equal_noise_xor3/target/c3a9a1087dac8a71.json,8,512,hybrid,B,69ff2b30c16f0f80950c21088a0bc39226e4bf9ab80cdf6cf4d60d0e57b7263b,77895f79dd43ab8df5717c85218bbd9f491de7f61df1ab3406a42c8b45343941
xor3,912,72,0.6,0.04,4.0,soft,0.1592375,0.9453064264076342,0.14285714285714285,analytic,add5128d1a4dfeda,results/raw/equal_noise_xor3/target/add5128d1a4dfeda.json,8,512,hybrid,B,62ed4790671c8be2d9c620c73dd46b787f7664b9b08ab9f32a93f8619cecf90e,34575dbbf26e406c1027091821d3f49efa23757d483e3f1fd51d0a14ccfacdd4
xor3,913,70,0.6,0.0,1.0,hard,0.06896875,1.0,0.03571428571428571,global,72c76a15863ecac5,results/raw/interaction_transfer/target/72c76a15863ecac5.json,8,512,hybrid,B,4e6400e282ad3fc1c3012dbd81c7b7400aa77c5066b0e3fd24f469eba6e696c7,166201eb85ef937e09b8b4bf713e94aac2378def4bc259e19c7310e6d4348c1f
xor3,913,70,0.6,0.01,1.0,soft,0.07440624999999998,0.9453064264076342,0.03571428571428571,analytic,3b056ad3680116fb,results/raw/equal_noise_xor3/target/3b056ad3680116fb.json,8,512,hybrid,B,86cb20875c2b2f522adaba7edc8db02da7a5c413345d9b7f045356240b389e03,ffaddddb9af6cbba1e52777acdc5cbbba50b6b0746dcce9cf989ddbe83af1784
xor3,913,70,0.6,0.02,2.0,soft,0.07804375,0.9453064264076342,0.07142857142857142,analytic,6680489290e7fbb9,results/raw/equal_noise_xor3/target/6680489290e7fbb9.json,8,512,hybrid,B,46de04837368f9f650c6123d89a547b1aaba2c88eac1fc8d1fbad2f05aa26c87,bd869dc0a8973d0e966f90e2ce522fed134b97331f11088d4dc08989994155ec
xor3,913,70,0.6,0.04,4.0,soft,0.14990625,0.9453064264076342,0.14285714285714285,analytic,ed9cf35214aa1afb,results/raw/equal_noise_xor3/target/ed9cf35214aa1afb.json,8,512,hybrid,B,04167e91d54bbe6eb5df7e4d7cd2ee9d72ea91ef163fcf0452d4375042b33318,181d78612eb53ec4e19a7020af615a3af2740c4ea0e94e1d16893f87d8fdff4d
xor3,914,71,0.6,0.0,1.0,hard,0.12726874999999999,1.0,0.03571428571428571,global,c383bddbfe8fd510,results/raw/interaction_transfer/target/c383bddbfe8fd510.json,8,512,hybrid,B,4bf0a7c81da77f33ab4a5ba48332f834c2a1d639b7dac004afd280f794dd6d7d,eafbd36103e917533501f16ef6651bb3452d85e76bf47dd507192d3a777eb9c1
xor3,914,71,0.6,0.01,1.0,soft,0.0694625,0.9453064264076342,0.03571428571428571,analytic,7516fc4e993b7a15,results/raw/equal_noise_xor3/target/7516fc4e993b7a15.json,8,512,hybrid,B,bafda2adec08a427e8c940fcf156ab46aa9e7ca206a79098b7743b046f1b506f,be59286651cbcef51a2672b274952ae4422a2a642b3120f348598838d72382b7
xor3,914,71,0.6,0.02,2.0,soft,0.11964375000000001,0.9453064264076342,0.07142857142857142,analytic,c0e6d4bb3c37f459,results/raw/equal_noise_xor3/target/c0e6d4bb3c37f459.json,8,512,hybrid,B,081f02d8d00fdc593f1cd370aa02c396a1f48676f54e2c81775b60139c74ad0b,424329defc2803dd78ef02e9afa13a5ed1d13067e4be14f47b2d1270463eabf6
xor3,914,71,0.6,0.04,4.0,soft,0.09824375,0.9453064264076342,0.14285714285714285,analytic,66c8138a2864fe41,results/raw/equal_noise_xor3/target/66c8138a2864fe41.json,8,512,hybrid,B,97c93e4965a62dc5138b078ec00df12cd8ce9fba7df9066715f3440bc8b1e095,4fbe28ec81403e2e696f3939ba21c2e02f30797fc52932b7b696acdab27706ca
xor3,915,72,0.6,0.0,1.0,hard,0.15854375,1.0,0.03571428571428571,global,5f6ecf8b553dc068,results/raw/interaction_transfer/target/5f6ecf8b553dc068.json,8,512,hybrid,B,ba02e24674176a380c51e64fbd1516b8c2da32f2e84e58f2c0cca08c74637932,eb738a20d2c9d9a1b2e264fee7c2c305be41659641dbbbeb00e1d34052bdef76
xor3,915,72,0.6,0.01,1.0,soft,0.05718125000000002,0.9453064264076342,0.03571428571428571,analytic,13bf7090cd6c8d36,results/raw/equal_noise_xor3/target/13bf7090cd6c8d36.json,8,512,hybrid,B,2c3bff53827c6253e8069dfe8ca05b80850ffbf5f9a32bcc4417a11024668ee4,3ff4eb6849ee9aa120096bfc7163dd6a8f11cb59884a1aa05429ab9c5496cdfb
xor3,915,72,0.6,0.02,2.0,soft,0.16786250000000003,0.9453064264076342,0.07142857142857142,analytic,6913bd3869f18980,results/raw/equal_noise_xor3/target/6913bd3869f18980.json,8,512,hybrid,B,750c4c32cf62e54fac299d7cbba1922eb49d461d9897a23916313060c7b60d97,70263b414430bd4ae7c99d9df3ee07d4bbfa0a4e6314ba51695e0857473ef5d2
xor3,915,72,0.6,0.04,4.0,soft,0.30156875000000005,0.9453064264076342,0.14285714285714285,analytic,a8d7f06e2d1a0945,results/raw/equal_noise_xor3/target/a8d7f06e2d1a0945.json,8,512,hybrid,B,71a3be8990811337c23c7d5b073dc4888ab2f5bf710dfa4a569dd5f23c257f2e,5b37daf1474540a6d5161e71f24e13f7e10ef42a0d0ca4fb58d0ff6c1f966232
xor3,910,70,1.0,0.0,1.0,hard,0.09633749999999999,1.0,0.03571428571428571,global,508c89100d98ea11,results/raw/interaction_transfer/target/508c89100d98ea11.json,8,512,hybrid,B,5a8094dea1ba9d19830edd33d0d80283de35a3d6bdcf3245c64298d89024644b,8d6cf2471c1d2d1bd1b19f6461e938310a9816911a2a56d2d3dfa45baa4c4054
xor3,910,70,1.0,0.01,1.0,soft,0.14151875,0.9453064264076342,0.03571428571428571,analytic,a51f9bd737f357cd,results/raw/interaction_transfer/target/a51f9bd737f357cd.json,8,512,hybrid,B,0f54dc94e43dfddbd664997a389e56ff393d21da50d7755779578afc45a1ac01,39084c2fc287d4809227d3f87e83fac2bc0ecb6d4ccb4b18c21cc53ff97dd7d3
xor3,910,70,1.0,0.02,2.0,soft,0.23584375,0.9453064264076342,0.07142857142857142,analytic,b169adc05fd0e728,results/raw/interaction_transfer/target/b169adc05fd0e728.json,8,512,hybrid,B,c4352886f4f49e1a3b5e29e245dd6175de59069b56b053e11b1ccc4f3d0ecc70,38268a5c04a43a3df519a174acba7ab814cb97d05896f8547398be4a31347a79
xor3,910,70,1.0,0.04,4.0,soft,0.33089999999999997,0.9453064264076342,0.14285714285714285,analytic,ec22f0f44f6d8d96,results/raw/interaction_transfer/target/ec22f0f44f6d8d96.json,8,512,hybrid,B,2eaef346478cad6b2e16888c91066e807e7f92c98e0a26acfbe9d384b50ebb17,7c991f230929a58f7ece7df7281835747b3edf45b00e5fef85befc14086a0aa9
xor3,911,71,1.0,0.0,1.0,hard,0.07360625,1.0,0.03571428571428571,global,4cd72afc8b511c5a,results/raw/interaction_transfer/target/4cd72afc8b511c5a.json,8,512,hybrid,B,e6c2a366dd0b8e8cf793274a1ff8a671cde557b26a88c9741d82311dadae3776,79014359edd60b1510e09d2fe6603058044317860a0b1a5b858d0594ed3d1730
xor3,911,71,1.0,0.01,1.0,soft,0.1077375,0.9453064264076342,0.03571428571428571,analytic,7e217242362972dd,results/raw/interaction_transfer/target/7e217242362972dd.json,8,512,hybrid,B,b05c02a761766116cd9047b60e8c29fa3b87641cd3df3b9147004ef4b2d2a468,5c4b7ec5935381050779ba5f988fde26c40a8b1d3d97f945fcde8c3406923597
xor3,911,71,1.0,0.02,2.0,soft,0.18767499999999998,0.9453064264076342,0.07142857142857142,analytic,2456593ff71578d3,results/raw/interaction_transfer/target/2456593ff71578d3.json,8,512,hybrid,B,c01ecc1f9049850563aeb2aacf029c547479f78a1e643e7f617fe5e3f5a92885,2b5f5c80e01b1b8c1a1068e42e51a3fab666e205d23ca9b4c5e50c9479b9b324
xor3,911,71,1.0,0.04,4.0,soft,0.25771875,0.9453064264076342,0.14285714285714285,analytic,01982d21a632457f,results/raw/interaction_transfer/target/01982d21a632457f.json,8,512,hybrid,B,dbb296c5fc49d8f8c0ca6d67d801504dd2cc5ee94ef3a783083e35d194ab5abe,8abbf4d7424689d3e61da689e4c5ad73725dd0164c75ee021eafc927da076d94
xor3,912,72,1.0,0.0,1.0,hard,0.10024375000000002,1.0,0.03571428571428571,global,ead84bdc6d1f8fba,results/raw/interaction_transfer/target/ead84bdc6d1f8fba.json,8,512,hybrid,B,3767bd60805e95abd433c8194964c74daf269c455a8b01488b8e70127fc965f9,9faec9dd2bb7dc636091112454167a4bc8fe158bdf2f3c8d64584c0987e0ee59
xor3,912,72,1.0,0.01,1.0,soft,0.16745000000000002,0.9453064264076342,0.03571428571428571,analytic,f94bbbf3112809d4,results/raw/interaction_transfer/target/f94bbbf3112809d4.json,8,512,hybrid,B,94e9597b73404b769e57c35e886a1114eec7f3a655130fe82be86dc3662f1798,04d4b4c60df25c1cd8115d89542819f591fb1d9ab22cc5af31c28acd485476d3
xor3,912,72,1.0,0.02,2.0,soft,0.10126874999999999,0.9453064264076342,0.07142857142857142,analytic,60003b788dbd9ef2,results/raw/interaction_transfer/target/60003b788dbd9ef2.json,8,512,hybrid,B,17926690a0b4ad62fbfb130ca062194eddda1d71947dd44da2550540639eadc1,2c96641995f693d42d3a7942fc9b433ad3ccd565025855d978ff0792579f8a54
xor3,912,72,1.0,0.04,4.0,soft,0.22475,0.9453064264076342,0.14285714285714285,analytic,14511040e0a27b66,results/raw/interaction_transfer/target/14511040e0a27b66.json,8,512,hybrid,B,d685665bce724e4951407113e19d1ee5a7eaf0883d8c7eb99226d1cd9fb2b976,40b7f0dc8233fef8023cf7fb4e87e149577b3ffa7edce3816dfb0ba1f1e3ef6d
xor3,913,70,1.0,0.0,1.0,hard,0.10183125000000001,1.0,0.03571428571428571,global,3bfa5d93423df553,results/raw/interaction_transfer/target/3bfa5d93423df553.json,8,512,hybrid,B,882a9f4070c2e472705e4323548429a1a82fe74f75a86fe183643e965727dfd5,844ec8a984b2f31f97acbbdb6cb00506551430cb696892f3f07b2a3eddf6821e
xor3,913,70,1.0,0.01,1.0,soft,0.08985625,0.9453064264076342,0.03571428571428571,analytic,fabcf0874b481c7a,results/raw/interaction_transfer/target/fabcf0874b481c7a.json,8,512,hybrid,B,0691151ea35a78027b1a0f9ca5210680b9712c67772f07cccfa87064fb1670ab,c69388e305651c12d3decc099fc468f3e6088847052b1f2b0bf6f58310d0fc04
xor3,913,70,1.0,0.02,2.0,soft,0.18431250000000002,0.9453064264076342,0.07142857142857142,analytic,6436bfbfb94a5239,results/raw/interaction_transfer/target/6436bfbfb94a5239.json,8,512,hybrid,B,5d0955187e149a7b659570df83555b5b73b6c8157938c6c7055d9709e42e0ae5,c70174e1e45c61182cca8814ca66f9771f81f6283f1bbb48d980a0b538a1e0b9
xor3,913,70,1.0,0.04,4.0,soft,0.28799375000000005,0.9453064264076342,0.14285714285714285,analytic,80414335fca85757,results/raw/interaction_transfer/target/80414335fca85757.json,8,512,hybrid,B,d022fcc1cbd20ff9f7c972a15ed87f7812d61ed3eead551e67142331b14475c9,29e8c78241e60efe748af656878ff9fc43f3e0d94893d4027d1a878f188f0337
xor3,914,71,1.0,0.0,1.0,hard,0.14829375,1.0,0.03571428571428571,global,2abd19334bcb2b99,results/raw/interaction_transfer/target/2abd19334bcb2b99.json,8,512,hybrid,B,b19a491628ee8d7c84f33e6103b8619fddf4e2b0ecbafe8f63673a879eb75614,74180bde6e9b0cfc204a9732c6117b766d98a8cdb4f0e2be67fc9700cec16353
xor3,914,71,1.0,0.01,1.0,soft,0.11704375000000002,0.9453064264076342,0.03571428571428571,analytic,9f63471ef22143b6,results/raw/interaction_transfer/target/9f63471ef22143b6.json,8,512,hybrid,B,278d8968ded08d8773780137c950847d4d23dbd65910843e3355ea36e7be8962,95892d2db8d04ed10d158eaae6ab323df48bdcb08e21438f8f526220291f621d
xor3,914,71,1.0,0.02,2.0,soft,0.22854999999999998,0.9453064264076342,0.07142857142857142,analytic,7858b7b7b4b17aea,results/raw/interaction_transfer/target/7858b7b7b4b17aea.json,8,512,hybrid,B,407530adec0e152a71d54bf1278aa607594cedf34e35e6f1d35d1eded7e8aeb5,d9c7229e314e439e8037cbe25a7ec576c8a1c274ee9f2c33618f106a0bb33023
xor3,914,71,1.0,0.04,4.0,soft,0.34224375,0.9453064264076342,0.14285714285714285,analytic,5c020360d17afd3d,results/raw/interaction_transfer/target/5c020360d17afd3d.json,8,512,hybrid,B,fd37857f394727c5ac67db7de2971ea64f270247bab89e97f9792d333de0e811,81ed5afd91d5cbbf2724fd1f28488306b57e9eaf6ec42f4c48ab2c2518c126c4
xor3,915,72,1.0,0.0,1.0,hard,0.15934374999999998,1.0,0.03571428571428571,global,2fd0902a9698d955,results/raw/interaction_transfer/target/2fd0902a9698d955.json,8,512,hybrid,B,05ff45f8065b77f9b68065a6d421265f0b07ef009f026559a46634ef7af72580,cd377bfe2f89d2a5d357e9771f3e7e9feef0f02b0714a282d6b6444f1718a77b
xor3,915,72,1.0,0.01,1.0,soft,0.11145625,0.9453064264076342,0.03571428571428571,analytic,1b76fc3cc7805903,results/raw/interaction_transfer/target/1b76fc3cc7805903.json,8,512,hybrid,B,ecce0e105607b8d96a45f21eeb7eecfa9778d042c9da94280b305c59d2764976,7af3ce8312d43cfda6315dc75978bec579f10f98ffa332d0b667a48eee5c98b1
xor3,915,72,1.0,0.02,2.0,soft,0.10585624999999999,0.9453064264076342,0.07142857142857142,analytic,50e0dc32daec9b87,results/raw/interaction_transfer/target/50e0dc32daec9b87.json,8,512,hybrid,B,ded5cbd523614880f5bd820701436d3a726a93a9fc5dd7b284471e304bf69324,c512ff6c7f4e911d4c89ce9d5dd86d345c6c69a7e7b2fd281dcb0f00433152d1
xor3,915,72,1.0,0.04,4.0,soft,0.20272500000000002,0.9453064264076342,0.14285714285714285,analytic,3ccf08d6faafc7e2,results/raw/interaction_transfer/target/3ccf08d6faafc7e2.json,8,512,hybrid,B,2fd3687b63c829affe890b105e7f892fccf51be5603a93a1390e636075bd23fc,0c211a53dd50c765b81987706cc5dad6896f1e43b7a6bde2e7ce1b640981edf9
