dataset,seed,data_seed,rho,tau,theta,arm,error,q_actual,reach,calibration,id,source_json,rounds,nout,selection,adjacency
adult,800,0,1e-05,0.0,7,hard,0.9961303628462626,1.0,0.01917808219178082,global,9a5c62fec9a80515,results/raw/crossover_study/transition/9a5c62fec9a80515.json,8,512,hybrid,B
adult,800,0,1e-05,0.015,7,soft,0.9434223318208342,0.5644018947634287,0.01917808219178082,analytic,1455f4f46178d52d,results/raw/crossover_study/revision_multi_tau/1455f4f46178d52d.json,8,512,hybrid,B
adult,800,0,1e-05,0.03,7,soft,0.7561578680670722,0.30917658051191493,0.01917808219178082,analytic,e302a095e90efe84,results/raw/crossover_study/revision_multi_tau/e302a095e90efe84.json,8,512,hybrid,B
adult,800,0,1e-05,0.06,7,soft,0.7695458855414287,0.158470447879302,0.01917808219178082,analytic,b46c1b5a7ec2fd65,results/raw/crossover_study/revision_multi_tau/b46c1b5a7ec2fd65.json,8,512,hybrid,B
adult,801,0,1e-05,0.0,7,hard,0.9819607354815428,1.0,0.01917808219178082,global,c21e81ae33e52320,results/raw/crossover_study/transition/c21e81ae33e52320.json,8,512,hybrid,B
adult,801,0,1e-05,0.015,7,soft,0.8424356803943246,0.5644018947634287,0.01917808219178082,analytic,b753666f5848749a,results/raw/crossover_study/revision_multi_tau/b753666f5848749a.json,8,512,hybrid,B
adult,801,0,1e-05,0.03,7,soft,0.7765740404843069,0.30917658051191493,0.01917808219178082,analytic,ec3908fde5d2ba01,results/raw/crossover_study/revision_multi_tau/ec3908fde5d2ba01.json,8,512,hybrid,B
adult,801,0,1e-05,0.06,7,soft,0.7260460333364045,0.158470447879302,0.01917808219178082,analytic,972f1c78dfdcdcc2,results/raw/crossover_study/revision_multi_tau/972f1c78dfdcdcc2.json,8,512,hybrid,B
adult,802,0,1e-05,0.0,7,hard,1.0408994523908237,1.0,0.01917808219178082,global,57552acd905209f1,results/raw/crossover_study/transition/57552acd905209f1.json,8,512,hybrid,B
adult,802,0,1e-05,0.015,7,soft,0.8978693050948958,0.5644018947634287,0.01917808219178082,analytic,43707314055849b0,results/raw/crossover_study/revision_multi_tau/43707314055849b0.json,8,512,hybrid,B
adult,802,0,1e-05,0.03,7,soft,0.8021770247911677,0.30917658051191493,0.01917808219178082,analytic,dc405c758f81e65d,results/raw/crossover_study/revision_multi_tau/dc405c758f81e65d.json,8,512,hybrid,B
adult,802,0,1e-05,0.06,7,soft,0.6392337598274063,0.158470447879302,0.01917808219178082,analytic,074a0f796ece2f74,results/raw/crossover_study/revision_multi_tau/074a0f796ece2f74.json,8,512,hybrid,B
adult,803,0,1e-05,0.0,7,hard,0.9546010063494256,1.0,0.01917808219178082,global,41fbbb012c72d60e,results/raw/crossover_study/transition/41fbbb012c72d60e.json,8,512,hybrid,B
adult,803,0,1e-05,0.015,7,soft,0.8778950300580431,0.5644018947634287,0.01917808219178082,analytic,91d75ce089ef53d2,results/raw/crossover_study/revision_multi_tau/91d75ce089ef53d2.json,8,512,hybrid,B
adult,803,0,1e-05,0.03,7,soft,0.7418279455346724,0.30917658051191493,0.01917808219178082,analytic,0e35fae231618bd8,results/raw/crossover_study/revision_multi_tau/0e35fae231618bd8.json,8,512,hybrid,B
adult,803,0,1e-05,0.06,7,soft,0.6423858475753945,0.158470447879302,0.01917808219178082,analytic,c65d51db83d55e9b,results/raw/crossover_study/revision_multi_tau/c65d51db83d55e9b.json,8,512,hybrid,B
adult,804,0,1e-05,0.0,7,hard,0.9870783284580187,1.0,0.01917808219178082,global,bcc14f18eb905fb1,results/raw/crossover_study/transition/bcc14f18eb905fb1.json,8,512,hybrid,B
adult,804,0,1e-05,0.015,7,soft,0.9025571649852591,0.5644018947634287,0.01917808219178082,analytic,a9a3ff297cf634b9,results/raw/crossover_study/revision_multi_tau/a9a3ff297cf634b9.json,8,512,hybrid,B
adult,804,0,1e-05,0.03,7,soft,0.6985261529927523,0.30917658051191493,0.01917808219178082,analytic,25e63dcb2bc43597,results/raw/crossover_study/revision_multi_tau/25e63dcb2bc43597.json,8,512,hybrid,B
adult,804,0,1e-05,0.06,7,soft,0.6476101600408452,0.158470447879302,0.01917808219178082,analytic,7cff2496469ebfa3,results/raw/crossover_study/revision_multi_tau/7cff2496469ebfa3.json,8,512,hybrid,B
adult,805,0,1e-05,0.0,7,hard,1.0479111003623856,1.0,0.01917808219178082,global,bd74e66f5f66f6b0,results/raw/crossover_study/transition/bd74e66f5f66f6b0.json,8,512,hybrid,B
adult,805,0,1e-05,0.015,7,soft,0.8708374840688533,0.5644018947634287,0.01917808219178082,analytic,09f9520cd4bb8112,results/raw/crossover_study/revision_multi_tau/09f9520cd4bb8112.json,8,512,hybrid,B
adult,805,0,1e-05,0.03,7,soft,0.7696351623441435,0.30917658051191493,0.01917808219178082,analytic,da287e032ba83d8b,results/raw/crossover_study/revision_multi_tau/da287e032ba83d8b.json,8,512,hybrid,B
adult,805,0,1e-05,0.06,7,soft,0.7367562505758245,0.158470447879302,0.01917808219178082,analytic,60f5a3cb06beeb17,results/raw/crossover_study/revision_multi_tau/60f5a3cb06beeb17.json,8,512,hybrid,B
adult,806,0,1e-05,0.0,7,hard,0.9644153365118852,1.0,0.01917808219178082,global,b838696abf1e68ba,results/raw/crossover_study/transition/b838696abf1e68ba.json,8,512,hybrid,B
adult,806,0,1e-05,0.015,7,soft,0.8540027246099748,0.5644018947634287,0.01917808219178082,analytic,75ee271eb8dbbe61,results/raw/crossover_study/revision_multi_tau/75ee271eb8dbbe61.json,8,512,hybrid,B
adult,806,0,1e-05,0.03,7,soft,0.7647671653307537,0.30917658051191493,0.01917808219178082,analytic,c15ca95586c08168,results/raw/crossover_study/revision_multi_tau/c15ca95586c08168.json,8,512,hybrid,B
adult,806,0,1e-05,0.06,7,soft,0.7115496015293901,0.158470447879302,0.01917808219178082,analytic,02c1d3164dc720f0,results/raw/crossover_study/revision_multi_tau/02c1d3164dc720f0.json,8,512,hybrid,B
adult,807,0,1e-05,0.0,7,hard,1.0069944692049015,1.0,0.01917808219178082,global,a93ca8fb14a5187a,results/raw/crossover_study/transition/a93ca8fb14a5187a.json,8,512,hybrid,B
adult,807,0,1e-05,0.015,7,soft,0.8088345886309195,0.5644018947634287,0.01917808219178082,analytic,2b19ca7285f904e0,results/raw/crossover_study/revision_multi_tau/2b19ca7285f904e0.json,8,512,hybrid,B
adult,807,0,1e-05,0.03,7,soft,0.7461223732802039,0.30917658051191493,0.01917808219178082,analytic,b93cf2605e0cb807,results/raw/crossover_study/revision_multi_tau/b93cf2605e0cb807.json,8,512,hybrid,B
adult,807,0,1e-05,0.06,7,soft,0.6848198484813587,0.158470447879302,0.01917808219178082,analytic,09c4c0d35a04fcb5,results/raw/crossover_study/revision_multi_tau/09c4c0d35a04fcb5.json,8,512,hybrid,B
adult,808,0,1e-05,0.0,7,hard,1.0450134551010382,1.0,0.01917808219178082,global,16c7efc998b930f1,results/raw/crossover_study/transition/16c7efc998b930f1.json,8,512,hybrid,B
adult,808,0,1e-05,0.015,7,soft,0.94875254802377,0.5644018947634287,0.01917808219178082,analytic,ddd084ae40ee8835,results/raw/crossover_study/revision_multi_tau/ddd084ae40ee8835.json,8,512,hybrid,B
adult,808,0,1e-05,0.03,7,soft,0.7100825204609668,0.30917658051191493,0.01917808219178082,analytic,2fed4196b8f789f8,results/raw/crossover_study/revision_multi_tau/2fed4196b8f789f8.json,8,512,hybrid,B
adult,808,0,1e-05,0.06,7,soft,0.6717338270069406,0.158470447879302,0.01917808219178082,analytic,de60a8ac45d0194d,results/raw/crossover_study/revision_multi_tau/de60a8ac45d0194d.json,8,512,hybrid,B
adult,809,0,1e-05,0.0,7,hard,0.9609937628600823,1.0,0.01917808219178082,global,b64144824e7e6716,results/raw/crossover_study/transition/b64144824e7e6716.json,8,512,hybrid,B
adult,809,0,1e-05,0.015,7,soft,0.9297164591778759,0.5644018947634287,0.01917808219178082,analytic,a62a4920480f2e0d,results/raw/crossover_study/revision_multi_tau/a62a4920480f2e0d.json,8,512,hybrid,B
adult,809,0,1e-05,0.03,7,soft,0.8200709895737364,0.30917658051191493,0.01917808219178082,analytic,4e08fe60925de537,results/raw/crossover_study/revision_multi_tau/4e08fe60925de537.json,8,512,hybrid,B
adult,809,0,1e-05,0.06,7,soft,0.677467360343345,0.158470447879302,0.01917808219178082,analytic,8f698ee2e4435940,results/raw/crossover_study/revision_multi_tau/8f698ee2e4435940.json,8,512,hybrid,B
adult,810,0,1e-05,0.0,7,hard,1.023948328381242,1.0,0.01917808219178082,global,ff6c61b58f5e8c92,results/raw/crossover_study/transition/ff6c61b58f5e8c92.json,8,512,hybrid,B
adult,810,0,1e-05,0.015,7,soft,0.8556212475431485,0.5644018947634287,0.01917808219178082,analytic,b5f7ee288b01218f,results/raw/crossover_study/revision_multi_tau/b5f7ee288b01218f.json,8,512,hybrid,B
adult,810,0,1e-05,0.03,7,soft,0.8213649633775566,0.30917658051191493,0.01917808219178082,analytic,5ee50e10506054de,results/raw/crossover_study/revision_multi_tau/5ee50e10506054de.json,8,512,hybrid,B
adult,810,0,1e-05,0.06,7,soft,0.6837136894616425,0.158470447879302,0.01917808219178082,analytic,758c0f11e1196327,results/raw/crossover_study/revision_multi_tau/758c0f11e1196327.json,8,512,hybrid,B
adult,811,0,1e-05,0.0,7,hard,0.9879989519992632,1.0,0.01917808219178082,global,5ea421e62d4f4a80,results/raw/crossover_study/transition/5ea421e62d4f4a80.json,8,512,hybrid,B
adult,811,0,1e-05,0.015,7,soft,0.8371169566903139,0.5644018947634287,0.01917808219178082,analytic,76e27651383ab95a,results/raw/crossover_study/revision_multi_tau/76e27651383ab95a.json,8,512,hybrid,B
adult,811,0,1e-05,0.03,7,soft,0.6566868109299183,0.30917658051191493,0.01917808219178082,analytic,4401b4d214aff247,results/raw/crossover_study/revision_multi_tau/4401b4d214aff247.json,8,512,hybrid,B
adult,811,0,1e-05,0.06,7,soft,0.7146300231097598,0.158470447879302,0.01917808219178082,analytic,ab9fb1b66b930560,results/raw/crossover_study/revision_multi_tau/ab9fb1b66b930560.json,8,512,hybrid,B
adult,800,0,0.0001,0.0,7,hard,0.7654350978517904,1.0,0.01917808219178082,global,b6cfee032a9eb60b,results/raw/crossover_study/transition/b6cfee032a9eb60b.json,8,512,hybrid,B
adult,800,0,0.0001,0.015,7,soft,0.5444199958924514,0.5644018947634287,0.01917808219178082,analytic,eb53446ba5aa9065,results/raw/crossover_study/revision_multi_tau/eb53446ba5aa9065.json,8,512,hybrid,B
adult,800,0,0.0001,0.03,7,soft,0.48613073713224003,0.3091765805119149,0.01917808219178082,analytic,e6181dc590cb0d91,results/raw/crossover_study/revision_multi_tau/e6181dc590cb0d91.json,8,512,hybrid,B
adult,800,0,0.0001,0.06,7,soft,0.45553722513973344,0.158470447879302,0.01917808219178082,analytic,ef5574fe0884661b,results/raw/crossover_study/revision_multi_tau/ef5574fe0884661b.json,8,512,hybrid,B
adult,801,0,0.0001,0.0,7,hard,0.7093424659111849,1.0,0.01917808219178082,global,437b43c88797fe9c,results/raw/crossover_study/transition/437b43c88797fe9c.json,8,512,hybrid,B
adult,801,0,0.0001,0.015,7,soft,0.48728488153368954,0.5644018947634287,0.01917808219178082,analytic,6b9a5f7b09e66d67,results/raw/crossover_study/revision_multi_tau/6b9a5f7b09e66d67.json,8,512,hybrid,B
adult,801,0,0.0001,0.03,7,soft,0.4716947908989006,0.3091765805119149,0.01917808219178082,analytic,d552ce0f446084cd,results/raw/crossover_study/revision_multi_tau/d552ce0f446084cd.json,8,512,hybrid,B
adult,801,0,0.0001,0.06,7,soft,0.5221733970963086,0.158470447879302,0.01917808219178082,analytic,97b3ea75faaed4ae,results/raw/crossover_study/revision_multi_tau/97b3ea75faaed4ae.json,8,512,hybrid,B
adult,802,0,0.0001,0.0,7,hard,0.7173061438563357,1.0,0.01917808219178082,global,795cdcb5ef8172fc,results/raw/crossover_study/transition/795cdcb5ef8172fc.json,8,512,hybrid,B
adult,802,0,0.0001,0.015,7,soft,0.5506718193369572,0.5644018947634287,0.01917808219178082,analytic,828c2f6a0632766e,results/raw/crossover_study/revision_multi_tau/828c2f6a0632766e.json,8,512,hybrid,B
adult,802,0,0.0001,0.03,7,soft,0.435444858078435,0.3091765805119149,0.01917808219178082,analytic,e7de9d6fa95e31b3,results/raw/crossover_study/revision_multi_tau/e7de9d6fa95e31b3.json,8,512,hybrid,B
adult,802,0,0.0001,0.06,7,soft,0.40862191741907744,0.158470447879302,0.01917808219178082,analytic,a10f84617b8e9a8a,results/raw/crossover_study/revision_multi_tau/a10f84617b8e9a8a.json,8,512,hybrid,B
adult,803,0,0.0001,0.0,7,hard,0.7421406422747375,1.0,0.01917808219178082,global,31817b272d18631c,results/raw/crossover_study/transition/31817b272d18631c.json,8,512,hybrid,B
adult,803,0,0.0001,0.015,7,soft,0.5381586713423623,0.5644018947634287,0.01917808219178082,analytic,d9b8eeefe75e9181,results/raw/crossover_study/revision_multi_tau/d9b8eeefe75e9181.json,8,512,hybrid,B
adult,803,0,0.0001,0.03,7,soft,0.4573995857901848,0.3091765805119149,0.01917808219178082,analytic,bc8311cd34bfdd95,results/raw/crossover_study/revision_multi_tau/bc8311cd34bfdd95.json,8,512,hybrid,B
adult,803,0,0.0001,0.06,7,soft,0.5180670000690989,0.158470447879302,0.01917808219178082,analytic,d0a875fef58642d1,results/raw/crossover_study/revision_multi_tau/d0a875fef58642d1.json,8,512,hybrid,B
adult,804,0,0.0001,0.0,7,hard,0.7320274111694614,1.0,0.01917808219178082,global,a5258934bf2762c6,results/raw/crossover_study/transition/a5258934bf2762c6.json,8,512,hybrid,B
adult,804,0,0.0001,0.015,7,soft,0.5429355681085315,0.5644018947634287,0.01917808219178082,analytic,373d94e7cfea67ed,results/raw/crossover_study/revision_multi_tau/373d94e7cfea67ed.json,8,512,hybrid,B
adult,804,0,0.0001,0.03,7,soft,0.3842194313924206,0.3091765805119149,0.01917808219178082,analytic,2a49f8b15d2b2f03,results/raw/crossover_study/revision_multi_tau/2a49f8b15d2b2f03.json,8,512,hybrid,B
adult,804,0,0.0001,0.06,7,soft,0.4275832690329217,0.158470447879302,0.01917808219178082,analytic,4ce8553939f1efa0,results/raw/crossover_study/revision_multi_tau/4ce8553939f1efa0.json,8,512,hybrid,B
adult,805,0,0.0001,0.0,7,hard,0.6761519850592717,1.0,0.01917808219178082,global,8820092b30777025,results/raw/crossover_study/transition/8820092b30777025.json,8,512,hybrid,B
adult,805,0,0.0001,0.015,7,soft,0.5614981612001719,0.5644018947634287,0.01917808219178082,analytic,da0fd54ac13ed45f,results/raw/crossover_study/revision_multi_tau/da0fd54ac13ed45f.json,8,512,hybrid,B
adult,805,0,0.0001,0.03,7,soft,0.42102906570542353,0.3091765805119149,0.01917808219178082,analytic,b977b8ed69ce559f,results/raw/crossover_study/revision_multi_tau/b977b8ed69ce559f.json,8,512,hybrid,B
adult,805,0,0.0001,0.06,7,soft,0.45192889238222456,0.158470447879302,0.01917808219178082,analytic,3eb0c1ae62746f8f,results/raw/crossover_study/revision_multi_tau/3eb0c1ae62746f8f.json,8,512,hybrid,B
adult,806,0,0.0001,0.0,7,hard,0.7069678613107303,1.0,0.01917808219178082,global,bb1a398ba7593a1a,results/raw/crossover_study/transition/bb1a398ba7593a1a.json,8,512,hybrid,B
adult,806,0,0.0001,0.015,7,soft,0.5454368301240711,0.5644018947634287,0.01917808219178082,analytic,0fb2532a2ada4296,results/raw/crossover_study/revision_multi_tau/0fb2532a2ada4296.json,8,512,hybrid,B
adult,806,0,0.0001,0.03,7,soft,0.5085809858884589,0.3091765805119149,0.01917808219178082,analytic,2c30a89dbe88b59e,results/raw/crossover_study/revision_multi_tau/2c30a89dbe88b59e.json,8,512,hybrid,B
adult,806,0,0.0001,0.06,7,soft,0.5299099362370248,0.158470447879302,0.01917808219178082,analytic,6684ae3d5090bbf9,results/raw/crossover_study/revision_multi_tau/6684ae3d5090bbf9.json,8,512,hybrid,B
adult,807,0,0.0001,0.0,7,hard,0.6512324565444383,1.0,0.01917808219178082,global,32a8cc4a5a81d1da,results/raw/crossover_study/transition/32a8cc4a5a81d1da.json,8,512,hybrid,B
adult,807,0,0.0001,0.015,7,soft,0.5348122907837356,0.5644018947634287,0.01917808219178082,analytic,ed89041083dfa23c,results/raw/crossover_study/revision_multi_tau/ed89041083dfa23c.json,8,512,hybrid,B
adult,807,0,0.0001,0.03,7,soft,0.4641003604661876,0.3091765805119149,0.01917808219178082,analytic,e34f97e3998b6dec,results/raw/crossover_study/revision_multi_tau/e34f97e3998b6dec.json,8,512,hybrid,B
adult,807,0,0.0001,0.06,7,soft,0.4576189269700879,0.158470447879302,0.01917808219178082,analytic,5824d8bf5150d56c,results/raw/crossover_study/revision_multi_tau/5824d8bf5150d56c.json,8,512,hybrid,B
adult,808,0,0.0001,0.0,7,hard,0.6856403025382347,1.0,0.01917808219178082,global,cb902560a7695f08,results/raw/crossover_study/transition/cb902560a7695f08.json,8,512,hybrid,B
adult,808,0,0.0001,0.015,7,soft,0.5299446776533997,0.5644018947634287,0.01917808219178082,analytic,57caee049b342376,results/raw/crossover_study/revision_multi_tau/57caee049b342376.json,8,512,hybrid,B
adult,808,0,0.0001,0.03,7,soft,0.4465839446670966,0.3091765805119149,0.01917808219178082,analytic,5fb24abfd12cd8f5,results/raw/crossover_study/revision_multi_tau/5fb24abfd12cd8f5.json,8,512,hybrid,B
adult,808,0,0.0001,0.06,7,soft,0.48859862531478415,0.158470447879302,0.01917808219178082,analytic,4d11df9ef24f94c9,results/raw/crossover_study/revision_multi_tau/4d11df9ef24f94c9.json,8,512,hybrid,B
adult,809,0,0.0001,0.0,7,hard,0.6804548342392974,1.0,0.01917808219178082,global,fda17e364790dbd5,results/raw/crossover_study/transition/fda17e364790dbd5.json,8,512,hybrid,B
adult,809,0,0.0001,0.015,7,soft,0.5516802321340827,0.5644018947634287,0.01917808219178082,analytic,2102042297a58a3c,results/raw/crossover_study/revision_multi_tau/2102042297a58a3c.json,8,512,hybrid,B
adult,809,0,0.0001,0.03,7,soft,0.4734837579079909,0.3091765805119149,0.01917808219178082,analytic,d2dcb6b39983705e,results/raw/crossover_study/revision_multi_tau/d2dcb6b39983705e.json,8,512,hybrid,B
adult,809,0,0.0001,0.06,7,soft,0.39248052273355444,0.158470447879302,0.01917808219178082,analytic,31c4ede2f34f6295,results/raw/crossover_study/revision_multi_tau/31c4ede2f34f6295.json,8,512,hybrid,B
adult,810,0,0.0001,0.0,7,hard,0.698361779067625,1.0,0.01917808219178082,global,362c09146c9e400a,results/raw/crossover_study/transition/362c09146c9e400a.json,8,512,hybrid,B
adult,810,0,0.0001,0.015,7,soft,0.5388770604922917,0.5644018947634287,0.01917808219178082,analytic,5bea957357eb8f84,results/raw/crossover_study/revision_multi_tau/5bea957357eb8f84.json,8,512,hybrid,B
adult,810,0,0.0001,0.03,7,soft,0.3978676016138444,0.3091765805119149,0.01917808219178082,analytic,28bfa14122ef525f,results/raw/crossover_study/revision_multi_tau/28bfa14122ef525f.json,8,512,hybrid,B
adult,810,0,0.0001,0.06,7,soft,0.44223325406148273,0.158470447879302,0.01917808219178082,analytic,f646e24d63717ff0,results/raw/crossover_study/revision_multi_tau/f646e24d63717ff0.json,8,512,hybrid,B
adult,811,0,0.0001,0.0,7,hard,0.6902319997236042,1.0,0.01917808219178082,global,5f3754cbef4d0518,results/raw/crossover_study/transition/5f3754cbef4d0518.json,8,512,hybrid,B
adult,811,0,0.0001,0.015,7,soft,0.5188511531846938,0.5644018947634287,0.01917808219178082,analytic,68486d27f79310e7,results/raw/crossover_study/revision_multi_tau/68486d27f79310e7.json,8,512,hybrid,B
adult,811,0,0.0001,0.03,7,soft,0.45123864665868185,0.3091765805119149,0.01917808219178082,analytic,840ef741d637c53c,results/raw/crossover_study/revision_multi_tau/840ef741d637c53c.json,8,512,hybrid,B
adult,811,0,0.0001,0.06,7,soft,0.4336087454317917,0.158470447879302,0.01917808219178082,analytic,fd5db6fa09b86f0a,results/raw/crossover_study/revision_multi_tau/fd5db6fa09b86f0a.json,8,512,hybrid,B
adult,800,0,0.0003,0.0,7,hard,0.5122606729086051,1.0,0.01917808219178082,global,af0f7f43ee302c41,results/raw/crossover_study/transition/af0f7f43ee302c41.json,8,512,hybrid,B
adult,800,0,0.0003,0.015,7,soft,0.3663573528960138,0.5644018947634286,0.01917808219178082,analytic,8540a2ad63c61c27,results/raw/crossover_study/revision_multi_tau/8540a2ad63c61c27.json,8,512,hybrid,B
adult,800,0,0.0003,0.03,7,soft,0.3897400056046926,0.3091765805119149,0.01917808219178082,analytic,3b33ef0fbb452168,results/raw/crossover_study/revision_multi_tau/3b33ef0fbb452168.json,8,512,hybrid,B
adult,800,0,0.0003,0.06,7,soft,0.4643112322262145,0.158470447879302,0.01917808219178082,analytic,9e93658f2b47cd9e,results/raw/crossover_study/revision_multi_tau/9e93658f2b47cd9e.json,8,512,hybrid,B
adult,801,0,0.0003,0.0,7,hard,0.5440987337617468,1.0,0.01917808219178082,global,8597bc5ae8fb5f9b,results/raw/crossover_study/transition/8597bc5ae8fb5f9b.json,8,512,hybrid,B
adult,801,0,0.0003,0.015,7,soft,0.38037740982587065,0.5644018947634286,0.01917808219178082,analytic,5f14921836ebf065,results/raw/crossover_study/revision_multi_tau/5f14921836ebf065.json,8,512,hybrid,B
adult,801,0,0.0003,0.03,7,soft,0.3648499161215527,0.3091765805119149,0.01917808219178082,analytic,7a58ec51d64fca60,results/raw/crossover_study/revision_multi_tau/7a58ec51d64fca60.json,8,512,hybrid,B
adult,801,0,0.0003,0.06,7,soft,0.45460976368159195,0.158470447879302,0.01917808219178082,analytic,6cd7e340cebd2a5c,results/raw/crossover_study/revision_multi_tau/6cd7e340cebd2a5c.json,8,512,hybrid,B
adult,802,0,0.0003,0.0,7,hard,0.4911008950233402,1.0,0.01917808219178082,global,5d7ff76287f9eee8,results/raw/crossover_study/transition/5d7ff76287f9eee8.json,8,512,hybrid,B
adult,802,0,0.0003,0.015,7,soft,0.4223579248817641,0.5644018947634286,0.01917808219178082,analytic,8637e58876e495b8,results/raw/crossover_study/revision_multi_tau/8637e58876e495b8.json,8,512,hybrid,B
adult,802,0,0.0003,0.03,7,soft,0.3670250454901419,0.3091765805119149,0.01917808219178082,analytic,890f5a4c215648cd,results/raw/crossover_study/revision_multi_tau/890f5a4c215648cd.json,8,512,hybrid,B
adult,802,0,0.0003,0.06,7,soft,0.439870381886862,0.158470447879302,0.01917808219178082,analytic,91feab10d8f7f77c,results/raw/crossover_study/revision_multi_tau/91feab10d8f7f77c.json,8,512,hybrid,B
adult,803,0,0.0003,0.0,7,hard,0.47019591951507894,1.0,0.01917808219178082,global,65d322cc6726b3da,results/raw/crossover_study/transition/65d322cc6726b3da.json,8,512,hybrid,B
adult,803,0,0.0003,0.015,7,soft,0.41975080711412077,0.5644018947634286,0.01917808219178082,analytic,b8c851160b1b7334,results/raw/crossover_study/revision_multi_tau/b8c851160b1b7334.json,8,512,hybrid,B
adult,803,0,0.0003,0.03,7,soft,0.3923616389503102,0.3091765805119149,0.01917808219178082,analytic,9ce96e79e187a39d,results/raw/crossover_study/revision_multi_tau/9ce96e79e187a39d.json,8,512,hybrid,B
adult,803,0,0.0003,0.06,7,soft,0.4756645975370063,0.158470447879302,0.01917808219178082,analytic,79f315d476a0e32b,results/raw/crossover_study/revision_multi_tau/79f315d476a0e32b.json,8,512,hybrid,B
adult,804,0,0.0003,0.0,7,hard,0.589741901027271,1.0,0.01917808219178082,global,4266522dbd0a9219,results/raw/crossover_study/transition/4266522dbd0a9219.json,8,512,hybrid,B
adult,804,0,0.0003,0.015,7,soft,0.4173699404213501,0.5644018947634286,0.01917808219178082,analytic,6e726732d84ee723,results/raw/crossover_study/revision_multi_tau/6e726732d84ee723.json,8,512,hybrid,B
adult,804,0,0.0003,0.03,7,soft,0.345198054864566,0.3091765805119149,0.01917808219178082,analytic,bf8016e575156278,results/raw/crossover_study/revision_multi_tau/bf8016e575156278.json,8,512,hybrid,B
adult,804,0,0.0003,0.06,7,soft,0.421020356358639,0.158470447879302,0.01917808219178082,analytic,28650b7575f53bc0,results/raw/crossover_study/revision_multi_tau/28650b7575f53bc0.json,8,512,hybrid,B
adult,805,0,0.0003,0.0,7,hard,0.5763603375867576,1.0,0.01917808219178082,global,d97c1eb835fc84e2,results/raw/crossover_study/transition/d97c1eb835fc84e2.json,8,512,hybrid,B
adult,805,0,0.0003,0.015,7,soft,0.4426746475953566,0.5644018947634286,0.01917808219178082,analytic,3515645a62210332,results/raw/crossover_study/revision_multi_tau/3515645a62210332.json,8,512,hybrid,B
adult,805,0,0.0003,0.03,7,soft,0.3722134408973651,0.3091765805119149,0.01917808219178082,analytic,13e2b80ec7186d48,results/raw/crossover_study/revision_multi_tau/13e2b80ec7186d48.json,8,512,hybrid,B
adult,805,0,0.0003,0.06,7,soft,0.4150029175112094,0.158470447879302,0.01917808219178082,analytic,2971d8bed44a589d,results/raw/crossover_study/revision_multi_tau/2971d8bed44a589d.json,8,512,hybrid,B
adult,806,0,0.0003,0.0,7,hard,0.568453114443216,1.0,0.01917808219178082,global,420458a67ff11c6d,results/raw/crossover_study/transition/420458a67ff11c6d.json,8,512,hybrid,B
adult,806,0,0.0003,0.015,7,soft,0.3962062997128555,0.5644018947634286,0.01917808219178082,analytic,7f49ef8906446892,results/raw/crossover_study/revision_multi_tau/7f49ef8906446892.json,8,512,hybrid,B
adult,806,0,0.0003,0.03,7,soft,0.4131773856412383,0.3091765805119149,0.01917808219178082,analytic,d211a1ba9eca21e0,results/raw/crossover_study/revision_multi_tau/d211a1ba9eca21e0.json,8,512,hybrid,B
adult,806,0,0.0003,0.06,7,soft,0.4638382403184694,0.158470447879302,0.01917808219178082,analytic,7ffd07e8b418f35b,results/raw/crossover_study/revision_multi_tau/7ffd07e8b418f35b.json,8,512,hybrid,B
adult,807,0,0.0003,0.0,7,hard,0.5425312192893557,1.0,0.01917808219178082,global,da9d1f6e1f5372ef,results/raw/crossover_study/transition/da9d1f6e1f5372ef.json,8,512,hybrid,B
adult,807,0,0.0003,0.015,7,soft,0.34996182762883116,0.5644018947634286,0.01917808219178082,analytic,395645cfd48ac853,results/raw/crossover_study/revision_multi_tau/395645cfd48ac853.json,8,512,hybrid,B
adult,807,0,0.0003,0.03,7,soft,0.40447698813033595,0.3091765805119149,0.01917808219178082,analytic,1f510f2b3a20e871,results/raw/crossover_study/revision_multi_tau/1f510f2b3a20e871.json,8,512,hybrid,B
adult,807,0,0.0003,0.06,7,soft,0.4318087417849027,0.158470447879302,0.01917808219178082,analytic,9a6ae249347f4fca,results/raw/crossover_study/revision_multi_tau/9a6ae249347f4fca.json,8,512,hybrid,B
adult,808,0,0.0003,0.0,7,hard,0.5558672925879861,1.0,0.01917808219178082,global,ce6312b28051613e,results/raw/crossover_study/transition/ce6312b28051613e.json,8,512,hybrid,B
adult,808,0,0.0003,0.015,7,soft,0.5004112347214544,0.5644018947634286,0.01917808219178082,analytic,ce6a462e20e6d4d7,results/raw/crossover_study/revision_multi_tau/ce6a462e20e6d4d7.json,8,512,hybrid,B
adult,808,0,0.0003,0.03,7,soft,0.37202217116577607,0.3091765805119149,0.01917808219178082,analytic,86c1a29bd52cf886,results/raw/crossover_study/revision_multi_tau/86c1a29bd52cf886.json,8,512,hybrid,B
adult,808,0,0.0003,0.06,7,soft,0.4427356850009213,0.158470447879302,0.01917808219178082,analytic,07595e4e3cfe3d9c,results/raw/crossover_study/revision_multi_tau/07595e4e3cfe3d9c.json,8,512,hybrid,B
adult,809,0,0.0003,0.0,7,hard,0.5007048332795897,1.0,0.01917808219178082,global,b4a467e447d00c91,results/raw/crossover_study/transition/b4a467e447d00c91.json,8,512,hybrid,B
adult,809,0,0.0003,0.015,7,soft,0.3742717738468153,0.5644018947634286,0.01917808219178082,analytic,af3bb0c34561b11c,results/raw/crossover_study/revision_multi_tau/af3bb0c34561b11c.json,8,512,hybrid,B
adult,809,0,0.0003,0.03,7,soft,0.3923092389134574,0.3091765805119149,0.01917808219178082,analytic,a2179e8b621f7f05,results/raw/crossover_study/revision_multi_tau/a2179e8b621f7f05.json,8,512,hybrid,B
adult,809,0,0.0003,0.06,7,soft,0.4650521025274861,0.158470447879302,0.01917808219178082,analytic,69d8cba5336de688,results/raw/crossover_study/revision_multi_tau/69d8cba5336de688.json,8,512,hybrid,B
adult,810,0,0.0003,0.0,7,hard,0.5370836308427,1.0,0.01917808219178082,global,6a9febf4f683cfcc,results/raw/crossover_study/transition/6a9febf4f683cfcc.json,8,512,hybrid,B
adult,810,0,0.0003,0.015,7,soft,0.35318978026534,0.5644018947634286,0.01917808219178082,analytic,84a28cdc6e767ac5,results/raw/crossover_study/revision_multi_tau/84a28cdc6e767ac5.json,8,512,hybrid,B
adult,810,0,0.0003,0.03,7,soft,0.33073310146796875,0.3091765805119149,0.01917808219178082,analytic,14d9043da10373f2,results/raw/crossover_study/revision_multi_tau/14d9043da10373f2.json,8,512,hybrid,B
adult,810,0,0.0003,0.06,7,soft,0.47202010779436154,0.158470447879302,0.01917808219178082,analytic,47e270c021a9c50b,results/raw/crossover_study/revision_multi_tau/47e270c021a9c50b.json,8,512,hybrid,B
adult,811,0,0.0003,0.0,7,hard,0.5022618149606904,1.0,0.01917808219178082,global,8280aa3747a560ae,results/raw/crossover_study/transition/8280aa3747a560ae.json,8,512,hybrid,B
adult,811,0,0.0003,0.015,7,soft,0.4232626892543455,0.5644018947634286,0.01917808219178082,analytic,f270e8f9096527a5,results/raw/crossover_study/revision_multi_tau/f270e8f9096527a5.json,8,512,hybrid,B
adult,811,0,0.0003,0.03,7,soft,0.3616276497527793,0.3091765805119149,0.01917808219178082,analytic,3d9a848f8f7ac64f,results/raw/crossover_study/revision_multi_tau/3d9a848f8f7ac64f.json,8,512,hybrid,B
adult,811,0,0.0003,0.06,7,soft,0.4326709911092685,0.158470447879302,0.01917808219178082,analytic,c1b9e92bedd1b57a,results/raw/crossover_study/revision_multi_tau/c1b9e92bedd1b57a.json,8,512,hybrid,B
adult,800,0,0.0006,0.0,7,hard,0.44433184674620724,1.0,0.01917808219178082,global,81ef459fafd47919,results/raw/crossover_study/transition/81ef459fafd47919.json,8,512,hybrid,B
adult,800,0,0.0006,0.015,7,soft,0.3270990485458509,0.5644018947634287,0.01917808219178082,analytic,392f7033f005bdcb,results/raw/crossover_study/revision_multi_tau/392f7033f005bdcb.json,8,512,hybrid,B
adult,800,0,0.0006,0.03,7,soft,0.4180976627280265,0.3091765805119149,0.01917808219178082,analytic,71a25d7a3ae813b8,results/raw/crossover_study/revision_multi_tau/71a25d7a3ae813b8.json,8,512,hybrid,B
adult,800,0,0.0006,0.06,7,soft,0.4547153075287144,0.158470447879302,0.01917808219178082,analytic,5017882abede14ea,results/raw/crossover_study/revision_multi_tau/5017882abede14ea.json,8,512,hybrid,B
adult,801,0,0.0006,0.0,7,hard,0.4334581673039125,1.0,0.01917808219178082,global,9578beea91ef4df7,results/raw/crossover_study/transition/9578beea91ef4df7.json,8,512,hybrid,B
adult,801,0,0.0006,0.015,7,soft,0.27657591191419445,0.5644018947634287,0.01917808219178082,analytic,53599b076cbf9101,results/raw/crossover_study/revision_multi_tau/53599b076cbf9101.json,8,512,hybrid,B
adult,801,0,0.0006,0.03,7,soft,0.3798343592607948,0.3091765805119149,0.01917808219178082,analytic,94ebdb6b7480e400,results/raw/crossover_study/revision_multi_tau/94ebdb6b7480e400.json,8,512,hybrid,B
adult,801,0,0.0006,0.06,7,soft,0.4638921518948468,0.158470447879302,0.01917808219178082,analytic,21987237f875ed57,results/raw/crossover_study/revision_multi_tau/21987237f875ed57.json,8,512,hybrid,B
adult,802,0,0.0006,0.0,7,hard,0.3993790211749893,1.0,0.01917808219178082,global,8fd1c9c27ce8251f,results/raw/crossover_study/transition/8fd1c9c27ce8251f.json,8,512,hybrid,B
adult,802,0,0.0006,0.015,7,soft,0.3664178384696887,0.5644018947634287,0.01917808219178082,analytic,895dafdb4cb6ffc6,results/raw/crossover_study/revision_multi_tau/895dafdb4cb6ffc6.json,8,512,hybrid,B
adult,802,0,0.0006,0.03,7,soft,0.4070328335175972,0.3091765805119149,0.01917808219178082,analytic,8943edb648ca429a,results/raw/crossover_study/revision_multi_tau/8943edb648ca429a.json,8,512,hybrid,B
adult,802,0,0.0006,0.06,7,soft,0.48902128055709104,0.158470447879302,0.01917808219178082,analytic,ddf3ebf92177d09c,results/raw/crossover_study/revision_multi_tau/ddf3ebf92177d09c.json,8,512,hybrid,B
adult,803,0,0.0006,0.0,7,hard,0.4257113113061237,1.0,0.01917808219178082,global,fc0550166ccdca29,results/raw/crossover_study/transition/fc0550166ccdca29.json,8,512,hybrid,B
adult,803,0,0.0006,0.015,7,soft,0.36739892359191695,0.5644018947634287,0.01917808219178082,analytic,6a2e68538080dc9a,results/raw/crossover_study/revision_multi_tau/6a2e68538080dc9a.json,8,512,hybrid,B
adult,803,0,0.0006,0.03,7,soft,0.4496589438993305,0.3091765805119149,0.01917808219178082,analytic,e88aea81948f6e28,results/raw/crossover_study/revision_multi_tau/e88aea81948f6e28.json,8,512,hybrid,B
adult,803,0,0.0006,0.06,7,soft,0.4752987809793625,0.158470447879302,0.01917808219178082,analytic,32749bd34e956d78,results/raw/crossover_study/revision_multi_tau/32749bd34e956d78.json,8,512,hybrid,B
adult,804,0,0.0006,0.0,7,hard,0.4558194031770162,1.0,0.01917808219178082,global,2288fa70f38862ba,results/raw/crossover_study/transition/2288fa70f38862ba.json,8,512,hybrid,B
adult,804,0,0.0006,0.015,7,soft,0.3131491462440882,0.5644018947634287,0.01917808219178082,analytic,ff40d3c9d1b62c7e,results/raw/crossover_study/revision_multi_tau/ff40d3c9d1b62c7e.json,8,512,hybrid,B
adult,804,0,0.0006,0.03,7,soft,0.38374468801824213,0.3091765805119149,0.01917808219178082,analytic,99535cd37586d72b,results/raw/crossover_study/revision_multi_tau/99535cd37586d72b.json,8,512,hybrid,B
adult,804,0,0.0006,0.06,7,soft,0.44127925668724277,0.158470447879302,0.01917808219178082,analytic,548ab9f80cf59490,results/raw/crossover_study/revision_multi_tau/548ab9f80cf59490.json,8,512,hybrid,B
adult,805,0,0.0006,0.0,7,hard,0.4471089767213317,1.0,0.01917808219178082,global,2c563618327e1bf5,results/raw/crossover_study/transition/2c563618327e1bf5.json,8,512,hybrid,B
adult,805,0,0.0006,0.015,7,soft,0.3487133199742031,0.5644018947634287,0.01917808219178082,analytic,87bb0c833c0320ad,results/raw/crossover_study/revision_multi_tau/87bb0c833c0320ad.json,8,512,hybrid,B
adult,805,0,0.0006,0.03,7,soft,0.39726644075148954,0.3091765805119149,0.01917808219178082,analytic,f3eb9fcae28669be,results/raw/crossover_study/revision_multi_tau/f3eb9fcae28669be.json,8,512,hybrid,B
adult,805,0,0.0006,0.06,7,soft,0.45239562219765367,0.158470447879302,0.01917808219178082,analytic,0c8fff5ed24aff00,results/raw/crossover_study/revision_multi_tau/0c8fff5ed24aff00.json,8,512,hybrid,B
adult,806,0,0.0006,0.0,7,hard,0.4626728193523125,1.0,0.01917808219178082,global,1a25c1d40b747d9d,results/raw/crossover_study/transition/1a25c1d40b747d9d.json,8,512,hybrid,B
adult,806,0,0.0006,0.015,7,soft,0.36695791394109695,0.5644018947634287,0.01917808219178082,analytic,d2d78ce8cda164c1,results/raw/crossover_study/revision_multi_tau/d2d78ce8cda164c1.json,8,512,hybrid,B
adult,806,0,0.0006,0.03,7,soft,0.3719206340980284,0.3091765805119149,0.01917808219178082,analytic,a6d0204e65a44113,results/raw/crossover_study/revision_multi_tau/a6d0204e65a44113.json,8,512,hybrid,B
adult,806,0,0.0006,0.06,7,soft,0.46861420136969467,0.158470447879302,0.01917808219178082,analytic,c4e5b64278acc167,results/raw/crossover_study/revision_multi_tau/c4e5b64278acc167.json,8,512,hybrid,B
adult,807,0,0.0006,0.0,7,hard,0.44386499696732395,1.0,0.01917808219178082,global,f413476871ce00b2,results/raw/crossover_study/transition/f413476871ce00b2.json,8,512,hybrid,B
adult,807,0,0.0006,0.015,7,soft,0.36083039662797123,0.5644018947634287,0.01917808219178082,analytic,85aa4c9470de0f0f,results/raw/crossover_study/revision_multi_tau/85aa4c9470de0f0f.json,8,512,hybrid,B
adult,807,0,0.0006,0.03,7,soft,0.3776376604631165,0.3091765805119149,0.01917808219178082,analytic,a8e81e54d7db33f0,results/raw/crossover_study/revision_multi_tau/a8e81e54d7db33f0.json,8,512,hybrid,B
adult,807,0,0.0006,0.06,7,soft,0.46968413142620236,0.158470447879302,0.01917808219178082,analytic,e1fe5b19d1eb25a5,results/raw/crossover_study/revision_multi_tau/e1fe5b19d1eb25a5.json,8,512,hybrid,B
adult,808,0,0.0006,0.0,7,hard,0.44183835836250845,1.0,0.01917808219178082,global,885107b3e24c44fb,results/raw/crossover_study/transition/885107b3e24c44fb.json,8,512,hybrid,B
adult,808,0,0.0006,0.015,7,soft,0.34632038495792644,0.5644018947634287,0.01917808219178082,analytic,04ab02ca791b61ee,results/raw/crossover_study/revision_multi_tau/04ab02ca791b61ee.json,8,512,hybrid,B
adult,808,0,0.0006,0.03,7,soft,0.36361203722897856,0.3091765805119149,0.01917808219178082,analytic,3485e712859f8c48,results/raw/crossover_study/revision_multi_tau/3485e712859f8c48.json,8,512,hybrid,B
adult,808,0,0.0006,0.06,7,soft,0.4234238721515878,0.158470447879302,0.01917808219178082,analytic,b61da1aafd0ba70a,results/raw/crossover_study/revision_multi_tau/b61da1aafd0ba70a.json,8,512,hybrid,B
adult,809,0,0.0006,0.0,7,hard,0.4154514128815798,1.0,0.01917808219178082,global,cdd53731f6c0a821,results/raw/crossover_study/transition/cdd53731f6c0a821.json,8,512,hybrid,B
adult,809,0,0.0006,0.015,7,soft,0.3794519397610712,0.5644018947634287,0.01917808219178082,analytic,798d54bf4b176662,results/raw/crossover_study/revision_multi_tau/798d54bf4b176662.json,8,512,hybrid,B
adult,809,0,0.0006,0.03,7,soft,0.4017301609237761,0.3091765805119149,0.01917808219178082,analytic,3995458b3c75cb62,results/raw/crossover_study/revision_multi_tau/3995458b3c75cb62.json,8,512,hybrid,B
adult,809,0,0.0006,0.06,7,soft,0.48419834181714894,0.158470447879302,0.01917808219178082,analytic,faac3e94b70e5837,results/raw/crossover_study/revision_multi_tau/faac3e94b70e5837.json,8,512,hybrid,B
adult,810,0,0.0006,0.0,7,hard,0.4498375454901418,1.0,0.01917808219178082,global,bd03d1038058c512,results/raw/crossover_study/transition/bd03d1038058c512.json,8,512,hybrid,B
adult,810,0,0.0006,0.015,7,soft,0.3680994621798416,0.5644018947634287,0.01917808219178082,analytic,a6d02ab270e78b4f,results/raw/crossover_study/revision_multi_tau/a6d02ab270e78b4f.json,8,512,hybrid,B
adult,810,0,0.0006,0.03,7,soft,0.36622073851421905,0.3091765805119149,0.01917808219178082,analytic,f045c31d36ecca8c,results/raw/crossover_study/revision_multi_tau/f045c31d36ecca8c.json,8,512,hybrid,B
adult,810,0,0.0006,0.06,7,soft,0.40248201987746446,0.158470447879302,0.01917808219178082,analytic,959812282c557253,results/raw/crossover_study/revision_multi_tau/959812282c557253.json,8,512,hybrid,B
adult,811,0,0.0006,0.0,7,hard,0.4379024054112156,1.0,0.01917808219178082,global,5d1eb9607e91a837,results/raw/crossover_study/transition/5d1eb9607e91a837.json,8,512,hybrid,B
adult,811,0,0.0006,0.015,7,soft,0.363202434010503,0.5644018947634287,0.01917808219178082,analytic,0b63384756b65c8b,results/raw/crossover_study/revision_multi_tau/0b63384756b65c8b.json,8,512,hybrid,B
adult,811,0,0.0006,0.03,7,soft,0.38799787232817395,0.3091765805119149,0.01917808219178082,analytic,b389f71823f6bfe9,results/raw/crossover_study/revision_multi_tau/b389f71823f6bfe9.json,8,512,hybrid,B
adult,811,0,0.0006,0.06,7,soft,0.38750738974878696,0.158470447879302,0.01917808219178082,analytic,bfb6be7d28cbaba9,results/raw/crossover_study/revision_multi_tau/bfb6be7d28cbaba9.json,8,512,hybrid,B
adult,800,0,0.001,0.0,7,hard,0.41973648347767334,1.0,0.01917808219178082,global,98e9e728358de603,results/raw/crossover_study/transition/98e9e728358de603.json,8,512,hybrid,B
adult,800,0,0.001,0.015,7,soft,0.3249370671718568,0.5644018947634287,0.01917808219178082,analytic,0cc7a47c0f2ffcb0,results/raw/crossover_study/revision_multi_tau/0cc7a47c0f2ffcb0.json,8,512,hybrid,B
adult,800,0,0.001,0.03,7,soft,0.3457460239312695,0.30917658051191493,0.01917808219178082,analytic,a37544c31f837e05,results/raw/crossover_study/revision_multi_tau/a37544c31f837e05.json,8,512,hybrid,B
adult,800,0,0.001,0.06,7,soft,0.4988315559547939,0.158470447879302,0.01917808219178082,analytic,e3bf21332f7a9e8b,results/raw/crossover_study/revision_multi_tau/e3bf21332f7a9e8b.json,8,512,hybrid,B
adult,801,0,0.001,0.0,7,hard,0.3846678547847183,1.0,0.01917808219178082,global,7ba4458773f00b4b,results/raw/crossover_study/transition/7ba4458773f00b4b.json,8,512,hybrid,B
adult,801,0,0.001,0.015,7,soft,0.36660071075947426,0.5644018947634287,0.01917808219178082,analytic,d544656e6bb29c60,results/raw/crossover_study/revision_multi_tau/d544656e6bb29c60.json,8,512,hybrid,B
adult,801,0,0.001,0.03,7,soft,0.41989776234567905,0.30917658051191493,0.01917808219178082,analytic,d9b4b30e01b5e7cf,results/raw/crossover_study/revision_multi_tau/d9b4b30e01b5e7cf.json,8,512,hybrid,B
adult,801,0,0.001,0.06,7,soft,0.4470669895123149,0.158470447879302,0.01917808219178082,analytic,c7c14f194d72ff63,results/raw/crossover_study/revision_multi_tau/c7c14f194d72ff63.json,8,512,hybrid,B
adult,802,0,0.001,0.0,7,hard,0.3767384384021252,1.0,0.01917808219178082,global,0b0130823d2d777e,results/raw/crossover_study/transition/0b0130823d2d777e.json,8,512,hybrid,B
adult,802,0,0.001,0.015,7,soft,0.3262028735565997,0.5644018947634287,0.01917808219178082,analytic,bf76fc9cdfafec20,results/raw/crossover_study/revision_multi_tau/bf76fc9cdfafec20.json,8,512,hybrid,B
adult,802,0,0.001,0.03,7,soft,0.39515131710275775,0.30917658051191493,0.01917808219178082,analytic,76e3ce9cb7760d1a,results/raw/crossover_study/revision_multi_tau/76e3ce9cb7760d1a.json,8,512,hybrid,B
adult,802,0,0.001,0.06,7,soft,0.469067567256311,0.158470447879302,0.01917808219178082,analytic,2ed3713d70277657,results/raw/crossover_study/revision_multi_tau/2ed3713d70277657.json,8,512,hybrid,B
adult,803,0,0.001,0.0,7,hard,0.4071223262545297,1.0,0.01917808219178082,global,8cd2a9813c2efe66,results/raw/crossover_study/transition/8cd2a9813c2efe66.json,8,512,hybrid,B
adult,803,0,0.001,0.015,7,soft,0.3475663014019409,0.5644018947634287,0.01917808219178082,analytic,7a60ac650ce87dcd,results/raw/crossover_study/revision_multi_tau/7a60ac650ce87dcd.json,8,512,hybrid,B
adult,803,0,0.001,0.03,7,soft,0.38775463442816777,0.30917658051191493,0.01917808219178082,analytic,9fb7613dfc8d7a07,results/raw/crossover_study/revision_multi_tau/9fb7613dfc8d7a07.json,8,512,hybrid,B
adult,803,0,0.001,0.06,7,soft,0.4867315860896137,0.158470447879302,0.01917808219178082,analytic,43231b3a0a75056f,results/raw/crossover_study/revision_multi_tau/43231b3a0a75056f.json,8,512,hybrid,B
adult,804,0,0.001,0.0,7,hard,0.3996857197423377,1.0,0.01917808219178082,global,90d1a5ae39cb8c9d,results/raw/crossover_study/transition/90d1a5ae39cb8c9d.json,8,512,hybrid,B
adult,804,0,0.001,0.015,7,soft,0.31471726053375104,0.5644018947634287,0.01917808219178082,analytic,7a2a08fba88958ed,results/raw/crossover_study/revision_multi_tau/7a2a08fba88958ed.json,8,512,hybrid,B
adult,804,0,0.001,0.03,7,soft,0.3759903942862846,0.30917658051191493,0.01917808219178082,analytic,7b30ef7269d68c0b,results/raw/crossover_study/revision_multi_tau/7b30ef7269d68c0b.json,8,512,hybrid,B
adult,804,0,0.001,0.06,7,soft,0.46746411173300173,0.158470447879302,0.01917808219178082,analytic,7420b4933d02e074,results/raw/crossover_study/revision_multi_tau/7420b4933d02e074.json,8,512,hybrid,B
adult,805,0,0.001,0.0,7,hard,0.38421036215527304,1.0,0.01917808219178082,global,ee16c201025a6b52,results/raw/crossover_study/transition/ee16c201025a6b52.json,8,512,hybrid,B
adult,805,0,0.001,0.015,7,soft,0.39452064523063696,0.5644018947634287,0.01917808219178082,analytic,52bf4b1e20af9433,results/raw/crossover_study/revision_multi_tau/52bf4b1e20af9433.json,8,512,hybrid,B
adult,805,0,0.001,0.03,7,soft,0.4130288948774646,0.30917658051191493,0.01917808219178082,analytic,de1d99838e472bba,results/raw/crossover_study/revision_multi_tau/de1d99838e472bba.json,8,512,hybrid,B
adult,805,0,0.001,0.06,7,soft,0.4628662724187704,0.158470447879302,0.01917808219178082,analytic,0aa1e07b9b04dd33,results/raw/crossover_study/revision_multi_tau/0aa1e07b9b04dd33.json,8,512,hybrid,B
adult,806,0,0.001,0.0,7,hard,0.41311514860113013,1.0,0.01917808219178082,global,cf404491016ef8bc,results/raw/crossover_study/transition/cf404491016ef8bc.json,8,512,hybrid,B
adult,806,0,0.001,0.015,7,soft,0.37905291731926793,0.5644018947634287,0.01917808219178082,analytic,e6ca1faead7e5ca5,results/raw/crossover_study/revision_multi_tau/e6ca1faead7e5ca5.json,8,512,hybrid,B
adult,806,0,0.001,0.03,7,soft,0.38184264345709723,0.30917658051191493,0.01917808219178082,analytic,2120d86c91d9499a,results/raw/crossover_study/revision_multi_tau/2120d86c91d9499a.json,8,512,hybrid,B
adult,806,0,0.001,0.06,7,soft,0.4140088283505313,0.158470447879302,0.01917808219178082,analytic,7321af641af33cbf,results/raw/crossover_study/revision_multi_tau/7321af641af33cbf.json,8,512,hybrid,B
adult,807,0,0.001,0.0,7,hard,0.337629200640317,1.0,0.01917808219178082,global,01f5e2975e2dcfa7,results/raw/crossover_study/transition/01f5e2975e2dcfa7.json,8,512,hybrid,B
adult,807,0,0.001,0.015,7,soft,0.3218639153768196,0.5644018947634287,0.01917808219178082,analytic,98f530705a119916,results/raw/crossover_study/revision_multi_tau/98f530705a119916.json,8,512,hybrid,B
adult,807,0,0.001,0.03,7,soft,0.38647210513789076,0.30917658051191493,0.01917808219178082,analytic,e51a508d76e7d3f3,results/raw/crossover_study/revision_multi_tau/e51a508d76e7d3f3.json,8,512,hybrid,B
adult,807,0,0.001,0.06,7,soft,0.5020783908390147,0.158470447879302,0.01917808219178082,analytic,9fce690999746e31,results/raw/crossover_study/revision_multi_tau/9fce690999746e31.json,8,512,hybrid,B
adult,808,0,0.001,0.0,7,hard,0.41525450486763715,1.0,0.01917808219178082,global,28a2a0277ab6311d,results/raw/crossover_study/transition/28a2a0277ab6311d.json,8,512,hybrid,B
adult,808,0,0.001,0.015,7,soft,0.3449996593037897,0.5644018947634287,0.01917808219178082,analytic,698aed9eaad817b7,results/raw/crossover_study/revision_multi_tau/698aed9eaad817b7.json,8,512,hybrid,B
adult,808,0,0.001,0.03,7,soft,0.37099950671027576,0.30917658051191493,0.01917808219178082,analytic,439171ee7d665b21,results/raw/crossover_study/revision_multi_tau/439171ee7d665b21.json,8,512,hybrid,B
adult,808,0,0.001,0.06,7,soft,0.391277961081936,0.158470447879302,0.01917808219178082,analytic,73e0e2b6265d909d,results/raw/crossover_study/revision_multi_tau/73e0e2b6265d909d.json,8,512,hybrid,B
adult,809,0,0.001,0.0,7,hard,0.4014609629322524,1.0,0.01917808219178082,global,a56836bf31683c0b,results/raw/crossover_study/transition/a56836bf31683c0b.json,8,512,hybrid,B
adult,809,0,0.001,0.015,7,soft,0.28775801739758,0.5644018947634287,0.01917808219178082,analytic,c6c4d889d8f6cb0e,results/raw/crossover_study/revision_multi_tau/c6c4d889d8f6cb0e.json,8,512,hybrid,B
adult,809,0,0.001,0.03,7,soft,0.4163661582135618,0.30917658051191493,0.01917808219178082,analytic,513b4802d2618202,results/raw/crossover_study/revision_multi_tau/513b4802d2618202.json,8,512,hybrid,B
adult,809,0,0.001,0.06,7,soft,0.4570328095249064,0.158470447879302,0.01917808219178082,analytic,85715dddaeb57460,results/raw/crossover_study/revision_multi_tau/85715dddaeb57460.json,8,512,hybrid,B
adult,810,0,0.001,0.0,7,hard,0.4014993992230207,1.0,0.01917808219178082,global,a8a2bc0860e1239d,results/raw/crossover_study/transition/a8a2bc0860e1239d.json,8,512,hybrid,B
adult,810,0,0.001,0.015,7,soft,0.3246449801532461,0.5644018947634287,0.01917808219178082,analytic,859a195cf2c11ef0,results/raw/crossover_study/revision_multi_tau/859a195cf2c11ef0.json,8,512,hybrid,B
adult,810,0,0.001,0.03,7,soft,0.3714825995408759,0.30917658051191493,0.01917808219178082,analytic,db9c0e4b1cc21f64,results/raw/crossover_study/revision_multi_tau/db9c0e4b1cc21f64.json,8,512,hybrid,B
adult,810,0,0.001,0.06,7,soft,0.45368232621614146,0.158470447879302,0.01917808219178082,analytic,fce42fa9530846bd,results/raw/crossover_study/revision_multi_tau/fce42fa9530846bd.json,8,512,hybrid,B
adult,811,0,0.001,0.0,7,hard,0.36709419242521957,1.0,0.01917808219178082,global,8dacee0ee0529f84,results/raw/crossover_study/transition/8dacee0ee0529f84.json,8,512,hybrid,B
adult,811,0,0.001,0.015,7,soft,0.3196950481005466,0.5644018947634287,0.01917808219178082,analytic,98576db13bdf6eb1,results/raw/crossover_study/revision_multi_tau/98576db13bdf6eb1.json,8,512,hybrid,B
adult,811,0,0.001,0.03,7,soft,0.3012432772480191,0.30917658051191493,0.01917808219178082,analytic,f931762b97f9e91a,results/raw/crossover_study/revision_multi_tau/f931762b97f9e91a.json,8,512,hybrid,B
adult,811,0,0.001,0.06,7,soft,0.35062560941434795,0.158470447879302,0.01917808219178082,analytic,b2e82abe7c4eb3eb,results/raw/crossover_study/revision_multi_tau/b2e82abe7c4eb3eb.json,8,512,hybrid,B
adult,800,0,0.0018,0.0,7,hard,0.3312481045774215,1.0,0.01917808219178082,global,f7f5921d8c71b3c4,results/raw/crossover_study/transition/f7f5921d8c71b3c4.json,8,512,hybrid,B
adult,800,0,0.0018,0.015,7,soft,0.329951803482587,0.5644018947634287,0.01917808219178082,analytic,47ec7cbcdd6c89fd,results/raw/crossover_study/revision_multi_tau/47ec7cbcdd6c89fd.json,8,512,hybrid,B
adult,800,0,0.0018,0.03,7,soft,0.44512919584177874,0.30917658051191493,0.01917808219178082,analytic,ec7d394a2e15ff23,results/raw/crossover_study/revision_multi_tau/ec7d394a2e15ff23.json,8,512,hybrid,B
adult,800,0,0.0018,0.06,7,soft,0.4953026390040538,0.158470447879302,0.01917808219178082,analytic,404de16b07c0d278,results/raw/crossover_study/revision_multi_tau/404de16b07c0d278.json,8,512,hybrid,B
adult,801,0,0.0018,0.0,7,hard,0.32922981542902774,1.0,0.01917808219178082,global,cb7bbc556a66a4f5,results/raw/crossover_study/transition/cb7bbc556a66a4f5.json,8,512,hybrid,B
adult,801,0,0.0018,0.015,7,soft,0.35022370784964074,0.5644018947634287,0.01917808219178082,analytic,d4d18df11c27f6be,results/raw/crossover_study/revision_multi_tau/d4d18df11c27f6be.json,8,512,hybrid,B
adult,801,0,0.0018,0.03,7,soft,0.4149441114258952,0.30917658051191493,0.01917808219178082,analytic,a3182698e8c96310,results/raw/crossover_study/revision_multi_tau/a3182698e8c96310.json,8,512,hybrid,B
adult,801,0,0.0018,0.06,7,soft,0.5100230425803083,0.158470447879302,0.01917808219178082,analytic,14802a0260b5cb32,results/raw/crossover_study/revision_multi_tau/14802a0260b5cb32.json,8,512,hybrid,B
adult,802,0,0.0018,0.0,7,hard,0.3289337936091149,1.0,0.01917808219178082,global,fc6aac490f44ee5f,results/raw/crossover_study/transition/fc6aac490f44ee5f.json,8,512,hybrid,B
adult,802,0,0.0018,0.015,7,soft,0.31360308795528535,0.5644018947634287,0.01917808219178082,analytic,352121bbe027989b,results/raw/crossover_study/revision_multi_tau/352121bbe027989b.json,8,512,hybrid,B
adult,802,0,0.0018,0.03,7,soft,0.3945099684832013,0.30917658051191493,0.01917808219178082,analytic,1e6a3315958ee97b,results/raw/crossover_study/revision_multi_tau/1e6a3315958ee97b.json,8,512,hybrid,B
adult,802,0,0.0018,0.06,7,soft,0.5022247222606104,0.158470447879302,0.01917808219178082,analytic,67e21670c6a32941,results/raw/crossover_study/revision_multi_tau/67e21670c6a32941.json,8,512,hybrid,B
adult,803,0,0.0018,0.0,7,hard,0.332164025551256,1.0,0.01917808219178082,global,497f531b080d2e29,results/raw/crossover_study/transition/497f531b080d2e29.json,8,512,hybrid,B
adult,803,0,0.0018,0.015,7,soft,0.3317808622781156,0.5644018947634287,0.01917808219178082,analytic,05f38918d7e82a7d,results/raw/crossover_study/revision_multi_tau/05f38918d7e82a7d.json,8,512,hybrid,B
adult,803,0,0.0018,0.03,7,soft,0.4037582390900436,0.30917658051191493,0.01917808219178082,analytic,2ee902b7581b2704,results/raw/crossover_study/revision_multi_tau/2ee902b7581b2704.json,8,512,hybrid,B
adult,803,0,0.0018,0.06,7,soft,0.5123119452889872,0.158470447879302,0.01917808219178082,analytic,fea5de9b968c7281,results/raw/crossover_study/revision_multi_tau/fea5de9b968c7281.json,8,512,hybrid,B
adult,804,0,0.0018,0.0,7,hard,0.3583230884543333,1.0,0.01917808219178082,global,f7ca4b1b451540b5,results/raw/crossover_study/transition/f7ca4b1b451540b5.json,8,512,hybrid,B
adult,804,0,0.0018,0.015,7,soft,0.31108351951661445,0.5644018947634287,0.01917808219178082,analytic,7767bce69ed3d982,results/raw/crossover_study/revision_multi_tau/7767bce69ed3d982.json,8,512,hybrid,B
adult,804,0,0.0018,0.03,7,soft,0.2999970728917143,0.30917658051191493,0.01917808219178082,analytic,23c535af2b5021d0,results/raw/crossover_study/revision_multi_tau/23c535af2b5021d0.json,8,512,hybrid,B
adult,804,0,0.0018,0.06,7,soft,0.4792389806369387,0.158470447879302,0.01917808219178082,analytic,d734efa3c9a75d9b,results/raw/crossover_study/revision_multi_tau/d734efa3c9a75d9b.json,8,512,hybrid,B
adult,805,0,0.0018,0.0,7,hard,0.35836399599226093,1.0,0.01917808219178082,global,6b7c71a7a9c2bf52,results/raw/crossover_study/transition/6b7c71a7a9c2bf52.json,8,512,hybrid,B
adult,805,0,0.0018,0.015,7,soft,0.35129598918985316,0.5644018947634287,0.01917808219178082,analytic,f09f1a848323237b,results/raw/crossover_study/revision_multi_tau/f09f1a848323237b.json,8,512,hybrid,B
adult,805,0,0.0018,0.03,7,soft,0.4621047444106628,0.30917658051191493,0.01917808219178082,analytic,ada1b236c5c6fc59,results/raw/crossover_study/revision_multi_tau/ada1b236c5c6fc59.json,8,512,hybrid,B
adult,805,0,0.0018,0.06,7,soft,0.4653970934294577,0.158470447879302,0.01917808219178082,analytic,39130867e24d51c2,results/raw/crossover_study/revision_multi_tau/39130867e24d51c2.json,8,512,hybrid,B
adult,806,0,0.0018,0.0,7,hard,0.40139553486425894,1.0,0.01917808219178082,global,c95a58e551f89e26,results/raw/crossover_study/transition/c95a58e551f89e26.json,8,512,hybrid,B
adult,806,0,0.0018,0.015,7,soft,0.3396500809993244,0.5644018947634287,0.01917808219178082,analytic,ff28ee4ea31f2a88,results/raw/crossover_study/revision_multi_tau/ff28ee4ea31f2a88.json,8,512,hybrid,B
adult,806,0,0.0018,0.03,7,soft,0.42425502694859035,0.30917658051191493,0.01917808219178082,analytic,b0f9707f496ea542,results/raw/crossover_study/revision_multi_tau/b0f9707f496ea542.json,8,512,hybrid,B
adult,806,0,0.0018,0.06,7,soft,0.4074880228487194,0.158470447879302,0.01917808219178082,analytic,f4c8ae87d725ec8f,results/raw/crossover_study/revision_multi_tau/f4c8ae87d725ec8f.json,8,512,hybrid,B
adult,807,0,0.0018,0.0,7,hard,0.2790632101836496,1.0,0.01917808219178082,global,b36988cc1a46f4bb,results/raw/crossover_study/transition/b36988cc1a46f4bb.json,8,512,hybrid,B
adult,807,0,0.0018,0.015,7,soft,0.31242163987162946,0.5644018947634287,0.01917808219178082,analytic,5465566c9a92ab18,results/raw/crossover_study/revision_multi_tau/5465566c9a92ab18.json,8,512,hybrid,B
adult,807,0,0.0018,0.03,7,soft,0.3565637284257724,0.30917658051191493,0.01917808219178082,analytic,db7e17a7b70beded,results/raw/crossover_study/revision_multi_tau/db7e17a7b70beded.json,8,512,hybrid,B
adult,807,0,0.0018,0.06,7,soft,0.43621080074166213,0.158470447879302,0.01917808219178082,analytic,da7e6e30761987a1,results/raw/crossover_study/revision_multi_tau/da7e6e30761987a1.json,8,512,hybrid,B
adult,808,0,0.0018,0.0,7,hard,0.3133689672778085,1.0,0.01917808219178082,global,11f4653bbdb392a5,results/raw/crossover_study/transition/11f4653bbdb392a5.json,8,512,hybrid,B
adult,808,0,0.0018,0.015,7,soft,0.322839602143603,0.5644018947634287,0.01917808219178082,analytic,b315ab40760a840a,results/raw/crossover_study/revision_multi_tau/b315ab40760a840a.json,8,512,hybrid,B
adult,808,0,0.0018,0.03,7,soft,0.37586160152171244,0.30917658051191493,0.01917808219178082,analytic,3811880102092884,results/raw/crossover_study/revision_multi_tau/3811880102092884.json,8,512,hybrid,B
adult,808,0,0.0018,0.06,7,soft,0.481504058603587,0.158470447879302,0.01917808219178082,analytic,f6a869fed2535abf,results/raw/crossover_study/revision_multi_tau/f6a869fed2535abf.json,8,512,hybrid,B
adult,809,0,0.0018,0.0,7,hard,0.32904243251335913,1.0,0.01917808219178082,global,18bed33ece016077,results/raw/crossover_study/transition/18bed33ece016077.json,8,512,hybrid,B
adult,809,0,0.0018,0.015,7,soft,0.32935093053252257,0.5644018947634287,0.01917808219178082,analytic,3d76970e8e05177d,results/raw/crossover_study/revision_multi_tau/3d76970e8e05177d.json,8,512,hybrid,B
adult,809,0,0.0018,0.03,7,soft,0.41362316983754077,0.30917658051191493,0.01917808219178082,analytic,ca6a0789bb710947,results/raw/crossover_study/revision_multi_tau/ca6a0789bb710947.json,8,512,hybrid,B
adult,809,0,0.0018,0.06,7,soft,0.529851418064001,0.158470447879302,0.01917808219178082,analytic,7b87517d6bbba004,results/raw/crossover_study/revision_multi_tau/7b87517d6bbba004.json,8,512,hybrid,B
adult,810,0,0.0018,0.0,7,hard,0.34774723028376636,1.0,0.01917808219178082,global,5525ee2f92594891,results/raw/crossover_study/transition/5525ee2f92594891.json,8,512,hybrid,B
adult,810,0,0.0018,0.015,7,soft,0.32877925668724284,0.5644018947634287,0.01917808219178082,analytic,182370f315b2a28e,results/raw/crossover_study/revision_multi_tau/182370f315b2a28e.json,8,512,hybrid,B
adult,810,0,0.0018,0.03,7,soft,0.38893749808058475,0.30917658051191493,0.01917808219178082,analytic,551b1395c2c382fb,results/raw/crossover_study/revision_multi_tau/551b1395c2c382fb.json,8,512,hybrid,B
adult,810,0,0.0018,0.06,7,soft,0.5111824893664395,0.158470447879302,0.01917808219178082,analytic,ed4b3656d831fc73,results/raw/crossover_study/revision_multi_tau/ed4b3656d831fc73.json,8,512,hybrid,B
adult,811,0,0.0018,0.0,7,hard,0.31862612573705545,1.0,0.01917808219178082,global,9ce3597e56d00480,results/raw/crossover_study/transition/9ce3597e56d00480.json,8,512,hybrid,B
adult,811,0,0.0018,0.015,7,soft,0.3260664511163319,0.5644018947634287,0.01917808219178082,analytic,cba39470e02ea866,results/raw/crossover_study/revision_multi_tau/cba39470e02ea866.json,8,512,hybrid,B
adult,811,0,0.0018,0.03,7,soft,0.44021973945857135,0.30917658051191493,0.01917808219178082,analytic,d9e524a738dceace,results/raw/crossover_study/revision_multi_tau/d9e524a738dceace.json,8,512,hybrid,B
adult,811,0,0.0018,0.06,7,soft,0.44247908317210244,0.158470447879302,0.01917808219178082,analytic,d025d974cb4eb55b,results/raw/crossover_study/revision_multi_tau/d025d974cb4eb55b.json,8,512,hybrid,B
adult,800,0,0.003,0.0,7,hard,0.30473572530864196,1.0,0.01917808219178082,global,8169505c057061f9,results/raw/crossover_study/transition/8169505c057061f9.json,8,512,hybrid,B
adult,800,0,0.003,0.015,7,soft,0.338040867230207,0.5644018947634287,0.01917808219178082,analytic,0744b69e13d296f1,results/raw/crossover_study/revision_multi_tau/0744b69e13d296f1.json,8,512,hybrid,B
adult,800,0,0.003,0.03,7,soft,0.40876037923806896,0.3091765805119149,0.01917808219178082,analytic,3c23c62917947bf3,results/raw/crossover_study/revision_multi_tau/3c23c62917947bf3.json,8,512,hybrid,B
adult,800,0,0.003,0.06,7,soft,0.49720626708279597,0.158470447879302,0.01917808219178082,analytic,0e2678bbc1caeaad,results/raw/crossover_study/revision_multi_tau/0e2678bbc1caeaad.json,8,512,hybrid,B
adult,801,0,0.003,0.0,7,hard,0.2969231053451876,1.0,0.01917808219178082,global,37011ac9a40c33a9,results/raw/crossover_study/transition/37011ac9a40c33a9.json,8,512,hybrid,B
adult,801,0,0.003,0.015,7,soft,0.29972065310023954,0.5644018947634287,0.01917808219178082,analytic,2a1b0e94f1b7b4e0,results/raw/crossover_study/revision_multi_tau/2a1b0e94f1b7b4e0.json,8,512,hybrid,B
adult,801,0,0.003,0.03,7,soft,0.3958800950878324,0.3091765805119149,0.01917808219178082,analytic,b7a6ec8d5fe4edac,results/raw/crossover_study/revision_multi_tau/b7a6ec8d5fe4edac.json,8,512,hybrid,B
adult,801,0,0.003,0.06,7,soft,0.5663614316534611,0.158470447879302,0.01917808219178082,analytic,4a05b03ba02b93f6,results/raw/crossover_study/revision_multi_tau/4a05b03ba02b93f6.json,8,512,hybrid,B
adult,802,0,0.003,0.0,7,hard,0.31436269654812354,1.0,0.01917808219178082,global,52c7c1bd0114905f,results/raw/crossover_study/transition/52c7c1bd0114905f.json,8,512,hybrid,B
adult,802,0,0.003,0.015,7,soft,0.3525920743504699,0.5644018947634287,0.01917808219178082,analytic,c26d04d3c434bac7,results/raw/crossover_study/revision_multi_tau/c26d04d3c434bac7.json,8,512,hybrid,B
adult,802,0,0.003,0.03,7,soft,0.4303131813924206,0.3091765805119149,0.01917808219178082,analytic,fc87cabfa1e9b1a2,results/raw/crossover_study/revision_multi_tau/fc87cabfa1e9b1a2.json,8,512,hybrid,B
adult,802,0,0.003,0.06,7,soft,0.5091275393864013,0.158470447879302,0.01917808219178082,analytic,6a1bfa4358ae464c,results/raw/crossover_study/revision_multi_tau/6a1bfa4358ae464c.json,8,512,hybrid,B
adult,803,0,0.003,0.0,7,hard,0.3363533893034826,1.0,0.01917808219178082,global,72d6e0be4366b2dd,results/raw/crossover_study/transition/72d6e0be4366b2dd.json,8,512,hybrid,B
adult,803,0,0.003,0.015,7,soft,0.3091158069605675,0.5644018947634287,0.01917808219178082,analytic,7b6822033f1ec9bb,results/raw/crossover_study/revision_multi_tau/7b6822033f1ec9bb.json,8,512,hybrid,B
adult,803,0,0.003,0.03,7,soft,0.41393766602942084,0.3091765805119149,0.01917808219178082,analytic,7dc5f0e1abb3d57c,results/raw/crossover_study/revision_multi_tau/7dc5f0e1abb3d57c.json,8,512,hybrid,B
adult,803,0,0.003,0.06,7,soft,0.49804145265186417,0.158470447879302,0.01917808219178082,analytic,dc08e369896cfeb2,results/raw/crossover_study/revision_multi_tau/dc08e369896cfeb2.json,8,512,hybrid,B
adult,804,0,0.003,0.0,7,hard,0.2698603577406179,1.0,0.01917808219178082,global,b4c91c90341ea2aa,results/raw/crossover_study/transition/b4c91c90341ea2aa.json,8,512,hybrid,B
adult,804,0,0.003,0.015,7,soft,0.30920616343437135,0.5644018947634287,0.01917808219178082,analytic,1674a16f02d5c053,results/raw/crossover_study/revision_multi_tau/1674a16f02d5c053.json,8,512,hybrid,B
adult,804,0,0.003,0.03,7,soft,0.36499533582089555,0.3091765805119149,0.01917808219178082,analytic,d89b42e9708ac884,results/raw/crossover_study/revision_multi_tau/d89b42e9708ac884.json,8,512,hybrid,B
adult,804,0,0.003,0.06,7,soft,0.4396756572077882,0.158470447879302,0.01917808219178082,analytic,280279ec4b8a7f3a,results/raw/crossover_study/revision_multi_tau/280279ec4b8a7f3a.json,8,512,hybrid,B
adult,805,0,0.003,0.0,7,hard,0.2774279163595602,1.0,0.01917808219178082,global,ee7fd080f7fccb11,results/raw/crossover_study/transition/ee7fd080f7fccb11.json,8,512,hybrid,B
adult,805,0,0.003,0.015,7,soft,0.33895810780203917,0.5644018947634287,0.01917808219178082,analytic,58b4a1739e2ae2b5,results/raw/crossover_study/revision_multi_tau/58b4a1739e2ae2b5.json,8,512,hybrid,B
adult,805,0,0.003,0.03,7,soft,0.4270443212179841,0.3091765805119149,0.01917808219178082,analytic,b3f71b8f81e29835,results/raw/crossover_study/revision_multi_tau/b3f71b8f81e29835.json,8,512,hybrid,B
adult,805,0,0.003,0.06,7,soft,0.4903200289063939,0.158470447879302,0.01917808219178082,analytic,c77daac29d4d6c54,results/raw/crossover_study/revision_multi_tau/c77daac29d4d6c54.json,8,512,hybrid,B
adult,806,0,0.003,0.0,7,hard,0.2992588177937473,1.0,0.01917808219178082,global,0d8c3ab4ffd6b2e7,results/raw/crossover_study/transition/0d8c3ab4ffd6b2e7.json,8,512,hybrid,B
adult,806,0,0.003,0.015,7,soft,0.30701529486057366,0.5644018947634287,0.01917808219178082,analytic,050e8b635e321790,results/raw/crossover_study/revision_multi_tau/050e8b635e321790.json,8,512,hybrid,B
adult,806,0,0.003,0.03,7,soft,0.39927378923284806,0.3091765805119149,0.01917808219178082,analytic,8aa4a405a917ca5f,results/raw/crossover_study/revision_multi_tau/8aa4a405a917ca5f.json,8,512,hybrid,B
adult,806,0,0.003,0.06,7,soft,0.49513116324242984,0.158470447879302,0.01917808219178082,analytic,6e0b8aa01c80b3ae,results/raw/crossover_study/revision_multi_tau/6e0b8aa01c80b3ae.json,8,512,hybrid,B
adult,807,0,0.003,0.0,7,hard,0.26832285812450096,1.0,0.01917808219178082,global,7ae9f30ec5fb5c83,results/raw/crossover_study/transition/7ae9f30ec5fb5c83.json,8,512,hybrid,B
adult,807,0,0.003,0.015,7,soft,0.32986590964928447,0.5644018947634287,0.01917808219178082,analytic,fb43021831f7325e,results/raw/crossover_study/revision_multi_tau/fb43021831f7325e.json,8,512,hybrid,B
adult,807,0,0.003,0.03,7,soft,0.36403034979423865,0.3091765805119149,0.01917808219178082,analytic,43bea9ba36adfbd0,results/raw/crossover_study/revision_multi_tau/43bea9ba36adfbd0.json,8,512,hybrid,B
adult,807,0,0.003,0.06,7,soft,0.5061351949742031,0.158470447879302,0.01917808219178082,analytic,4b6850de89102cde,results/raw/crossover_study/revision_multi_tau/4b6850de89102cde.json,8,512,hybrid,B
adult,808,0,0.003,0.0,7,hard,0.3126839279681838,1.0,0.01917808219178082,global,3778da659043093b,results/raw/crossover_study/transition/3778da659043093b.json,8,512,hybrid,B
adult,808,0,0.003,0.015,7,soft,0.33757269785332594,0.5644018947634287,0.01917808219178082,analytic,3990543a0f891de7,results/raw/crossover_study/revision_multi_tau/3990543a0f891de7.json,8,512,hybrid,B
adult,808,0,0.003,0.03,7,soft,0.4580756998188072,0.3091765805119149,0.01917808219178082,analytic,6e70e456762bf6d7,results/raw/crossover_study/revision_multi_tau/6e70e456762bf6d7.json,8,512,hybrid,B
adult,808,0,0.003,0.06,7,soft,0.4659907445795713,0.158470447879302,0.01917808219178082,analytic,c26ebc1b30a471e8,results/raw/crossover_study/revision_multi_tau/c26ebc1b30a471e8.json,8,512,hybrid,B
adult,809,0,0.003,0.0,7,hard,0.31892685012437816,1.0,0.01917808219178082,global,77209cc1897908f9,results/raw/crossover_study/transition/77209cc1897908f9.json,8,512,hybrid,B
adult,809,0,0.003,0.015,7,soft,0.36809020100116696,0.5644018947634287,0.01917808219178082,analytic,4b92f5dc23f0c4c3,results/raw/crossover_study/revision_multi_tau/4b92f5dc23f0c4c3.json,8,512,hybrid,B
adult,809,0,0.003,0.03,7,soft,0.40731328408113754,0.3091765805119149,0.01917808219178082,analytic,e9f90472a2b71e87,results/raw/crossover_study/revision_multi_tau/e9f90472a2b71e87.json,8,512,hybrid,B
adult,809,0,0.003,0.06,7,soft,0.5160384180563232,0.158470447879302,0.01917808219178082,analytic,9e2eb1fb3f7ac266,results/raw/crossover_study/revision_multi_tau/9e2eb1fb3f7ac266.json,8,512,hybrid,B
adult,810,0,0.003,0.0,7,hard,0.3459410845080154,1.0,0.01917808219178082,global,8b3e13728bd44be7,results/raw/crossover_study/transition/8b3e13728bd44be7.json,8,512,hybrid,B
adult,810,0,0.003,0.015,7,soft,0.3324860794407592,0.5644018947634287,0.01917808219178082,analytic,f6db8ca41595f71c,results/raw/crossover_study/revision_multi_tau/f6db8ca41595f71c.json,8,512,hybrid,B
adult,810,0,0.003,0.03,7,soft,0.48170300599625326,0.3091765805119149,0.01917808219178082,analytic,8de69cac518d00be,results/raw/crossover_study/revision_multi_tau/8de69cac518d00be.json,8,512,hybrid,B
adult,810,0,0.003,0.06,7,soft,0.5146029833471533,0.158470447879302,0.01917808219178082,analytic,eabec35eeb718ba8,results/raw/crossover_study/revision_multi_tau/eabec35eeb718ba8.json,8,512,hybrid,B
adult,811,0,0.003,0.0,7,hard,0.31106945979976663,1.0,0.01917808219178082,global,e2f663a06c711310,results/raw/crossover_study/transition/e2f663a06c711310.json,8,512,hybrid,B
adult,811,0,0.003,0.015,7,soft,0.3067157221224126,0.5644018947634287,0.01917808219178082,analytic,661ac6f37c70cd1b,results/raw/crossover_study/revision_multi_tau/661ac6f37c70cd1b.json,8,512,hybrid,B
adult,811,0,0.003,0.03,7,soft,0.39466040265493524,0.3091765805119149,0.01917808219178082,analytic,80e6803dbd0b786b,results/raw/crossover_study/revision_multi_tau/80e6803dbd0b786b.json,8,512,hybrid,B
adult,811,0,0.003,0.06,7,soft,0.5299934547939316,0.158470447879302,0.01917808219178082,analytic,48b43ce2ff8d19af,results/raw/crossover_study/revision_multi_tau/48b43ce2ff8d19af.json,8,512,hybrid,B
adult,800,0,0.01,0.0,7,hard,0.31439501470272097,1.0,0.01917808219178082,global,1ac7bf148751d7dc,results/raw/crossover_study/transition/1ac7bf148751d7dc.json,8,512,hybrid,B
adult,800,0,0.01,0.015,7,soft,0.3338282785532215,0.5644018947634287,0.01917808219178082,analytic,798e5e4c7b96b92e,results/raw/crossover_study/revision_multi_tau/798e5e4c7b96b92e.json,8,512,hybrid,B
adult,800,0,0.01,0.03,7,soft,0.41718121391499297,0.30917658051191493,0.01917808219178082,analytic,c5c26f483c0f12a6,results/raw/crossover_study/revision_multi_tau/c5c26f483c0f12a6.json,8,512,hybrid,B
adult,800,0,0.01,0.06,7,soft,0.4893456137522265,0.158470447879302,0.01917808219178082,analytic,f259f05407e604fe,results/raw/crossover_study/revision_multi_tau/f259f05407e604fe.json,8,512,hybrid,B
adult,801,0,0.01,0.0,7,hard,0.239831513727658,1.0,0.01917808219178082,global,af878d600a60821d,results/raw/crossover_study/transition/af878d600a60821d.json,8,512,hybrid,B
adult,801,0,0.01,0.015,7,soft,0.3383041150343959,0.5644018947634287,0.01917808219178082,analytic,9d243f52cd4d3d3b,results/raw/crossover_study/revision_multi_tau/9d243f52cd4d3d3b.json,8,512,hybrid,B
adult,801,0,0.01,0.03,7,soft,0.4739269988790615,0.30917658051191493,0.01917808219178082,analytic,a51c66f512ebe26b,results/raw/crossover_study/revision_multi_tau/a51c66f512ebe26b.json,8,512,hybrid,B
adult,801,0,0.01,0.06,7,soft,0.5985838794069774,0.158470447879302,0.01917808219178082,analytic,845cab62beb935ae,results/raw/crossover_study/revision_multi_tau/845cab62beb935ae.json,8,512,hybrid,B
adult,802,0,0.01,0.0,7,hard,0.28161953542472823,1.0,0.01917808219178082,global,a22e8e740f6b13c8,results/raw/crossover_study/transition/a22e8e740f6b13c8.json,8,512,hybrid,B
adult,802,0,0.01,0.015,7,soft,0.35170000211135677,0.5644018947634287,0.01917808219178082,analytic,082611c83d27e3aa,results/raw/crossover_study/revision_multi_tau/082611c83d27e3aa.json,8,512,hybrid,B
adult,802,0,0.01,0.03,7,soft,0.44596973178091026,0.30917658051191493,0.01917808219178082,analytic,b0571d48552fd824,results/raw/crossover_study/revision_multi_tau/b0571d48552fd824.json,8,512,hybrid,B
adult,802,0,0.01,0.06,7,soft,0.5469966909280757,0.158470447879302,0.01917808219178082,analytic,c81cab09677d61bd,results/raw/crossover_study/revision_multi_tau/c81cab09677d61bd.json,8,512,hybrid,B
adult,803,0,0.01,0.0,7,hard,0.29935397280572446,1.0,0.01917808219178082,global,9d292ea0701fb446,results/raw/crossover_study/transition/9d292ea0701fb446.json,8,512,hybrid,B
adult,803,0,0.01,0.015,7,soft,0.35344273520514713,0.5644018947634287,0.01917808219178082,analytic,294dc7bff784aee3,results/raw/crossover_study/revision_multi_tau/294dc7bff784aee3.json,8,512,hybrid,B
adult,803,0,0.01,0.03,7,soft,0.4285035806691849,0.30917658051191493,0.01917808219178082,analytic,16ec0f09542b9830,results/raw/crossover_study/revision_multi_tau/16ec0f09542b9830.json,8,512,hybrid,B
adult,803,0,0.01,0.06,7,soft,0.5867999412658927,0.158470447879302,0.01917808219178082,analytic,53225383e6825783,results/raw/crossover_study/revision_multi_tau/53225383e6825783.json,8,512,hybrid,B
adult,804,0,0.01,0.0,7,hard,0.24320395034856582,1.0,0.01917808219178082,global,d3f3c8bfb3103a98,results/raw/crossover_study/transition/d3f3c8bfb3103a98.json,8,512,hybrid,B
adult,804,0,0.01,0.015,7,soft,0.3299569619111234,0.5644018947634287,0.01917808219178082,analytic,3765bd8cc490a070,results/raw/crossover_study/revision_multi_tau/3765bd8cc490a070.json,8,512,hybrid,B
adult,804,0,0.01,0.03,7,soft,0.47378829713316134,0.30917658051191493,0.01917808219178082,analytic,ea00a27145e321a1,results/raw/crossover_study/revision_multi_tau/ea00a27145e321a1.json,8,512,hybrid,B
adult,804,0,0.01,0.06,7,soft,0.5252473166574535,0.158470447879302,0.01917808219178082,analytic,f5619ae5c1014341,results/raw/crossover_study/revision_multi_tau/f5619ae5c1014341.json,8,512,hybrid,B
adult,805,0,0.01,0.0,7,hard,0.24896286795190709,1.0,0.01917808219178082,global,04ec0f3af29bb133,results/raw/crossover_study/transition/04ec0f3af29bb133.json,8,512,hybrid,B
adult,805,0,0.01,0.015,7,soft,0.34063133407038876,0.5644018947634287,0.01917808219178082,analytic,8fdac862189eee08,results/raw/crossover_study/revision_multi_tau/8fdac862189eee08.json,8,512,hybrid,B
adult,805,0,0.01,0.03,7,soft,0.4418897746990357,0.30917658051191493,0.01917808219178082,analytic,bd347d948986d6f1,results/raw/crossover_study/revision_multi_tau/bd347d948986d6f1.json,8,512,hybrid,B
adult,805,0,0.01,0.06,7,soft,0.5448222333548307,0.158470447879302,0.01917808219178082,analytic,cc4ef3e679e3be15,results/raw/crossover_study/revision_multi_tau/cc4ef3e679e3be15.json,8,512,hybrid,B
adult,806,0,0.01,0.0,7,hard,0.29075957500307104,1.0,0.01917808219178082,global,7777506def7329a6,results/raw/crossover_study/transition/7777506def7329a6.json,8,512,hybrid,B
adult,806,0,0.01,0.015,7,soft,0.3395679540184878,0.5644018947634287,0.01917808219178082,analytic,eb19c5450637afb5,results/raw/crossover_study/revision_multi_tau/eb19c5450637afb5.json,8,512,hybrid,B
adult,806,0,0.01,0.03,7,soft,0.470559552737854,0.30917658051191493,0.01917808219178082,analytic,3a00951fc7a0f518,results/raw/crossover_study/revision_multi_tau/3a00951fc7a0f518.json,8,512,hybrid,B
adult,806,0,0.01,0.06,7,soft,0.6604719218337325,0.158470447879302,0.01917808219178082,analytic,3271b2729cf975eb,results/raw/crossover_study/revision_multi_tau/3271b2729cf975eb.json,8,512,hybrid,B
adult,807,0,0.01,0.0,7,hard,0.25854079813125735,1.0,0.01917808219178082,global,388046b2d925ee15,results/raw/crossover_study/transition/388046b2d925ee15.json,8,512,hybrid,B
adult,807,0,0.01,0.015,7,soft,0.3346450377357042,0.5644018947634287,0.01917808219178082,analytic,d4d2950b43afa3d5,results/raw/crossover_study/revision_multi_tau/d4d2950b43afa3d5.json,8,512,hybrid,B
adult,807,0,0.01,0.03,7,soft,0.47366926939377185,0.30917658051191493,0.01917808219178082,analytic,b1326928b4961007,results/raw/crossover_study/revision_multi_tau/b1326928b4961007.json,8,512,hybrid,B
adult,807,0,0.01,0.06,7,soft,0.540694626788895,0.158470447879302,0.01917808219178082,analytic,e7f7f2d6692d6f48,results/raw/crossover_study/revision_multi_tau/e7f7f2d6692d6f48.json,8,512,hybrid,B
adult,808,0,0.01,0.0,7,hard,0.29873618500859894,1.0,0.01917808219178082,global,2184dfef380fd734,results/raw/crossover_study/transition/2184dfef380fd734.json,8,512,hybrid,B
adult,808,0,0.01,0.015,7,soft,0.3705698935876175,0.5644018947634287,0.01917808219178082,analytic,3e6cb4108cb7d504,results/raw/crossover_study/revision_multi_tau/3e6cb4108cb7d504.json,8,512,hybrid,B
adult,808,0,0.01,0.03,7,soft,0.4461445185338738,0.30917658051191493,0.01917808219178082,analytic,47696d47c998a7bd,results/raw/crossover_study/revision_multi_tau/47696d47c998a7bd.json,8,512,hybrid,B
adult,808,0,0.01,0.06,7,soft,0.5682181540215587,0.158470447879302,0.01917808219178082,analytic,b91b56a24b4b1ce0,results/raw/crossover_study/revision_multi_tau/b91b56a24b4b1ce0.json,8,512,hybrid,B
adult,809,0,0.01,0.0,7,hard,0.2551864040138812,1.0,0.01917808219178082,global,744740d3c779e5b8,results/raw/crossover_study/transition/744740d3c779e5b8.json,8,512,hybrid,B
adult,809,0,0.01,0.015,7,soft,0.2967666730007371,0.5644018947634287,0.01917808219178082,analytic,a84fdfa8f92fb6bc,results/raw/crossover_study/revision_multi_tau/a84fdfa8f92fb6bc.json,8,512,hybrid,B
adult,809,0,0.01,0.03,7,soft,0.4299987091932314,0.30917658051191493,0.01917808219178082,analytic,c5dde261e7a23a35,results/raw/crossover_study/revision_multi_tau/c5dde261e7a23a35.json,8,512,hybrid,B
adult,809,0,0.01,0.06,7,soft,0.5584278885280389,0.158470447879302,0.01917808219178082,analytic,8abefc6d5c08f0b7,results/raw/crossover_study/revision_multi_tau/8abefc6d5c08f0b7.json,8,512,hybrid,B
adult,810,0,0.01,0.0,7,hard,0.2740493136170997,1.0,0.01917808219178082,global,135d28a03b7c1c30,results/raw/crossover_study/transition/135d28a03b7c1c30.json,8,512,hybrid,B
adult,810,0,0.01,0.015,7,soft,0.35038800979669554,0.5644018947634287,0.01917808219178082,analytic,2ff617952cbbb6bc,results/raw/crossover_study/revision_multi_tau/2ff617952cbbb6bc.json,8,512,hybrid,B
adult,810,0,0.01,0.03,7,soft,0.4396873896336221,0.30917658051191493,0.01917808219178082,analytic,c49d3fc7325cd82b,results/raw/crossover_study/revision_multi_tau/c49d3fc7325cd82b.json,8,512,hybrid,B
adult,810,0,0.01,0.06,7,soft,0.5766212820926233,0.158470447879302,0.01917808219178082,analytic,da4070a15a3c940a,results/raw/crossover_study/revision_multi_tau/da4070a15a3c940a.json,8,512,hybrid,B
adult,811,0,0.01,0.0,7,hard,0.25132780349794237,1.0,0.01917808219178082,global,c08db044798093b5,results/raw/crossover_study/transition/c08db044798093b5.json,8,512,hybrid,B
adult,811,0,0.01,0.015,7,soft,0.2983577722882501,0.5644018947634287,0.01917808219178082,analytic,38a9b4212c438c40,results/raw/crossover_study/revision_multi_tau/38a9b4212c438c40.json,8,512,hybrid,B
adult,811,0,0.01,0.03,7,soft,0.46239066530772066,0.30917658051191493,0.01917808219178082,analytic,65d3e2952ff7c911,results/raw/crossover_study/revision_multi_tau/65d3e2952ff7c911.json,8,512,hybrid,B
adult,811,0,0.01,0.06,7,soft,0.5912308634297647,0.158470447879302,0.01917808219178082,analytic,ebf610dd328cdea6,results/raw/crossover_study/revision_multi_tau/ebf610dd328cdea6.json,8,512,hybrid,B
adult,800,0,0.03,0.0,7,hard,0.23836455262268902,1.0,0.01917808219178082,global,e70cde6efb2976f2,results/raw/crossover_study/revision_multi_tau/e70cde6efb2976f2.json,8,512,hybrid,B
adult,800,0,0.03,0.015,7,soft,0.3339010723773109,0.5644018947634288,0.01917808219178082,analytic,df5bfcf3e5b550d4,results/raw/crossover_study/revision_multi_tau/df5bfcf3e5b550d4.json,8,512,hybrid,B
adult,800,0,0.03,0.03,7,soft,0.4840102871061359,0.30917658051191493,0.01917808219178082,analytic,9fbea159ce87293c,results/raw/crossover_study/revision_multi_tau/9fbea159ce87293c.json,8,512,hybrid,B
adult,800,0,0.03,0.06,7,soft,0.5298074394616423,0.158470447879302,0.01917808219178082,analytic,d7c1be0fa211e4cd,results/raw/crossover_study/revision_multi_tau/d7c1be0fa211e4cd.json,8,512,hybrid,B
adult,801,0,0.03,0.0,7,hard,0.2729479771282476,1.0,0.01917808219178082,global,731ca1e1badcdf96,results/raw/crossover_study/revision_multi_tau/731ca1e1badcdf96.json,8,512,hybrid,B
adult,801,0,0.03,0.015,7,soft,0.31612757489558374,0.5644018947634288,0.01917808219178082,analytic,6372ea02ac0ad7ee,results/raw/crossover_study/revision_multi_tau/6372ea02ac0ad7ee.json,8,512,hybrid,B
adult,801,0,0.03,0.03,7,soft,0.5421599084055033,0.30917658051191493,0.01917808219178082,analytic,d31b4970b2c907fb,results/raw/crossover_study/revision_multi_tau/d31b4970b2c907fb.json,8,512,hybrid,B
adult,801,0,0.03,0.06,7,soft,0.6463754721761562,0.158470447879302,0.01917808219178082,analytic,33f8d5fdb267dcca,results/raw/crossover_study/revision_multi_tau/33f8d5fdb267dcca.json,8,512,hybrid,B
adult,802,0,0.03,0.0,7,hard,0.2701638892727719,1.0,0.01917808219178082,global,4bfbf01af8810ec2,results/raw/crossover_study/revision_multi_tau/4bfbf01af8810ec2.json,8,512,hybrid,B
adult,802,0,0.03,0.015,7,soft,0.3233446962717278,0.5644018947634288,0.01917808219178082,analytic,9fc1051ef1861b8c,results/raw/crossover_study/revision_multi_tau/9fc1051ef1861b8c.json,8,512,hybrid,B
adult,802,0,0.03,0.03,7,soft,0.5506770977289479,0.30917658051191493,0.01917808219178082,analytic,27670870be94afbc,results/raw/crossover_study/revision_multi_tau/27670870be94afbc.json,8,512,hybrid,B
adult,802,0,0.03,0.06,7,soft,0.7646915883545237,0.158470447879302,0.01917808219178082,analytic,f69814722dfe6b65,results/raw/crossover_study/revision_multi_tau/f69814722dfe6b65.json,8,512,hybrid,B
adult,803,0,0.03,0.0,7,hard,0.2562907155964007,1.0,0.01917808219178082,global,5c77bb5d6183e877,results/raw/crossover_study/revision_multi_tau/5c77bb5d6183e877.json,8,512,hybrid,B
adult,803,0,0.03,0.015,7,soft,0.3319124142021374,0.5644018947634288,0.01917808219178082,analytic,177df5adf9833444,results/raw/crossover_study/revision_multi_tau/177df5adf9833444.json,8,512,hybrid,B
adult,803,0,0.03,0.03,7,soft,0.5389151848780787,0.30917658051191493,0.01917808219178082,analytic,a5c33d72c1fc98c2,results/raw/crossover_study/revision_multi_tau/a5c33d72c1fc98c2.json,8,512,hybrid,B
adult,803,0,0.03,0.06,7,soft,0.6050345302806952,0.158470447879302,0.01917808219178082,analytic,f6776ad30ae3fa73,results/raw/crossover_study/revision_multi_tau/f6776ad30ae3fa73.json,8,512,hybrid,B
adult,804,0,0.03,0.0,7,hard,0.2817016624055647,1.0,0.01917808219178082,global,5c1283503885684b,results/raw/crossover_study/revision_multi_tau/5c1283503885684b.json,8,512,hybrid,B
adult,804,0,0.03,0.015,7,soft,0.3495218496637184,0.5644018947634288,0.01917808219178082,analytic,9b423fcd645986d9,results/raw/crossover_study/revision_multi_tau/9b423fcd645986d9.json,8,512,hybrid,B
adult,804,0,0.03,0.03,7,soft,0.4973463604047662,0.30917658051191493,0.01917808219178082,analytic,37969be39c97edb4,results/raw/crossover_study/revision_multi_tau/37969be39c97edb4.json,8,512,hybrid,B
adult,804,0,0.03,0.06,7,soft,0.5344668920060194,0.158470447879302,0.01917808219178082,analytic,4fb6246154bbc59e,results/raw/crossover_study/revision_multi_tau/4fb6246154bbc59e.json,8,512,hybrid,B
adult,805,0,0.03,0.0,7,hard,0.2453759846600332,1.0,0.01917808219178082,global,2d8657cd4b3fbc27,results/raw/crossover_study/revision_multi_tau/2d8657cd4b3fbc27.json,8,512,hybrid,B
adult,805,0,0.03,0.015,7,soft,0.32834887579847677,0.5644018947634288,0.01917808219178082,analytic,3a95e44db9b41d3b,results/raw/crossover_study/revision_multi_tau/3a95e44db9b41d3b.json,8,512,hybrid,B
adult,805,0,0.03,0.03,7,soft,0.5072530144416805,0.30917658051191493,0.01917808219178082,analytic,f98ef88a0bfa4b6d,results/raw/crossover_study/revision_multi_tau/f98ef88a0bfa4b6d.json,8,512,hybrid,B
adult,805,0,0.03,0.06,7,soft,0.6022494347322032,0.158470447879302,0.01917808219178082,analytic,98ef39eba2aba0fa,results/raw/crossover_study/revision_multi_tau/98ef39eba2aba0fa.json,8,512,hybrid,B
adult,806,0,0.03,0.0,7,hard,0.24493435119925064,1.0,0.01917808219178082,global,ad4673498755e9fb,results/raw/crossover_study/revision_multi_tau/ad4673498755e9fb.json,8,512,hybrid,B
adult,806,0,0.03,0.015,7,soft,0.36611231554419266,0.5644018947634288,0.01917808219178082,analytic,15c3cb58a330594e,results/raw/crossover_study/revision_multi_tau/15c3cb58a330594e.json,8,512,hybrid,B
adult,806,0,0.03,0.03,7,soft,0.5163305770530064,0.30917658051191493,0.01917808219178082,analytic,7a97b20f5aac07f4,results/raw/crossover_study/revision_multi_tau/7a97b20f5aac07f4.json,8,512,hybrid,B
adult,806,0,0.03,0.06,7,soft,0.6915667131165162,0.158470447879302,0.01917808219178082,analytic,161d8663909015bc,results/raw/crossover_study/revision_multi_tau/161d8663909015bc.json,8,512,hybrid,B
adult,807,0,0.03,0.0,7,hard,0.23699241063202509,1.0,0.01917808219178082,global,168d5a690657e9a4,results/raw/crossover_study/revision_multi_tau/168d5a690657e9a4.json,8,512,hybrid,B
adult,807,0,0.03,0.015,7,soft,0.33976397430286837,0.5644018947634288,0.01917808219178082,analytic,794533c7cffff9b8,results/raw/crossover_study/revision_multi_tau/794533c7cffff9b8.json,8,512,hybrid,B
adult,807,0,0.03,0.03,7,soft,0.43786116197561575,0.30917658051191493,0.01917808219178082,analytic,fd7cd289828aaa34,results/raw/crossover_study/revision_multi_tau/fd7cd289828aaa34.json,8,512,hybrid,B
adult,807,0,0.03,0.06,7,soft,0.6956585705730606,0.158470447879302,0.01917808219178082,analytic,13167614ef22599b,results/raw/crossover_study/revision_multi_tau/13167614ef22599b.json,8,512,hybrid,B
adult,808,0,0.03,0.0,7,hard,0.2507605922931638,1.0,0.01917808219178082,global,d6a2ec832739eb65,results/raw/crossover_study/revision_multi_tau/d6a2ec832739eb65.json,8,512,hybrid,B
adult,808,0,0.03,0.015,7,soft,0.3397190839782569,0.5644018947634288,0.01917808219178082,analytic,3c8bf2ef626cc109,results/raw/crossover_study/revision_multi_tau/3c8bf2ef626cc109.json,8,512,hybrid,B
adult,808,0,0.03,0.03,7,soft,0.5309966371844481,0.30917658051191493,0.01917808219178082,analytic,11dc513a39b8a3dc,results/raw/crossover_study/revision_multi_tau/11dc513a39b8a3dc.json,8,512,hybrid,B
adult,808,0,0.03,0.06,7,soft,0.5449058958678827,0.158470447879302,0.01917808219178082,analytic,478092395ea0506e,results/raw/crossover_study/revision_multi_tau/478092395ea0506e.json,8,512,hybrid,B
adult,809,0,0.03,0.0,7,hard,0.26100770261347583,1.0,0.01917808219178082,global,23cc7f9d95fd0f6d,results/raw/crossover_study/revision_multi_tau/23cc7f9d95fd0f6d.json,8,512,hybrid,B
adult,809,0,0.03,0.015,7,soft,0.3142862078496406,0.5644018947634288,0.01917808219178082,analytic,b7b1846cc6be17a5,results/raw/crossover_study/revision_multi_tau/b7b1846cc6be17a5.json,8,512,hybrid,B
adult,809,0,0.03,0.03,7,soft,0.5627499558534488,0.30917658051191493,0.01917808219178082,analytic,4a9b663a5939f9c8,results/raw/crossover_study/revision_multi_tau/4a9b663a5939f9c8.json,8,512,hybrid,B
adult,809,0,0.03,0.06,7,soft,0.6286825421503592,0.158470447879302,0.01917808219178082,analytic,b5e78abae1b49855,results/raw/crossover_study/revision_multi_tau/b5e78abae1b49855.json,8,512,hybrid,B
adult,810,0,0.03,0.0,7,hard,0.25929220122381913,1.0,0.01917808219178082,global,b5e602b9ee3bfaf2,results/raw/crossover_study/revision_multi_tau/b5e602b9ee3bfaf2.json,8,512,hybrid,B
adult,810,0,0.03,0.015,7,soft,0.3809834172117806,0.5644018947634288,0.01917808219178082,analytic,c26fe5d2e6671f50,results/raw/crossover_study/revision_multi_tau/c26fe5d2e6671f50.json,8,512,hybrid,B
adult,810,0,0.03,0.03,7,soft,0.47636662367176463,0.30917658051191493,0.01917808219178082,analytic,83e6cf4bda98a5c4,results/raw/crossover_study/revision_multi_tau/83e6cf4bda98a5c4.json,8,512,hybrid,B
adult,810,0,0.03,0.06,7,soft,0.7225314880074933,0.158470447879302,0.01917808219178082,analytic,c76cecebf12f56a3,results/raw/crossover_study/revision_multi_tau/c76cecebf12f56a3.json,8,512,hybrid,B
adult,811,0,0.03,0.0,7,hard,0.24579480107180146,1.0,0.01917808219178082,global,ffb1cb3c2725938f,results/raw/crossover_study/revision_multi_tau/ffb1cb3c2725938f.json,8,512,hybrid,B
adult,811,0,0.03,0.015,7,soft,0.3002155743274369,0.5644018947634288,0.01917808219178082,analytic,ac9a46a28acbb87b,results/raw/crossover_study/revision_multi_tau/ac9a46a28acbb87b.json,8,512,hybrid,B
adult,811,0,0.03,0.03,7,soft,0.524520674021866,0.30917658051191493,0.01917808219178082,analytic,5856931425b0019b,results/raw/crossover_study/revision_multi_tau/5856931425b0019b.json,8,512,hybrid,B
adult,811,0,0.03,0.06,7,soft,0.7032010328373564,0.158470447879302,0.01917808219178082,analytic,af159034d32b9894,results/raw/crossover_study/revision_multi_tau/af159034d32b9894.json,8,512,hybrid,B
adult,800,0,0.06,0.0,7,hard,0.23838463450494438,1.0,0.01917808219178082,global,ef2f52ba6f8d0715,results/raw/crossover_study/revision_multi_tau/ef2f52ba6f8d0715.json,8,512,hybrid,B
adult,800,0,0.06,0.015,7,soft,0.33730441158405505,0.5644018947634287,0.01917808219178082,analytic,af65a449a0f83806,results/raw/crossover_study/revision_multi_tau/af65a449a0f83806.json,8,512,hybrid,B
adult,800,0,0.06,0.03,7,soft,0.49513226690620965,0.30917658051191493,0.01917808219178082,analytic,2349e7bd07b1aa99,results/raw/crossover_study/revision_multi_tau/2349e7bd07b1aa99.json,8,512,hybrid,B
adult,800,0,0.06,0.06,7,soft,0.6841350490986426,0.158470447879302,0.01917808219178082,analytic,65b659f5b62bd16c,results/raw/crossover_study/revision_multi_tau/65b659f5b62bd16c.json,8,512,hybrid,B
adult,801,0,0.06,0.0,7,hard,0.2532163401741293,1.0,0.01917808219178082,global,2ec9da11f98687e3,results/raw/crossover_study/revision_multi_tau/2ec9da11f98687e3.json,8,512,hybrid,B
adult,801,0,0.06,0.015,7,soft,0.31765135069252504,0.5644018947634287,0.01917808219178082,analytic,0ad2d65a60a8e763,results/raw/crossover_study/revision_multi_tau/0ad2d65a60a8e763.json,8,512,hybrid,B
adult,801,0,0.06,0.03,7,soft,0.5446361700371598,0.30917658051191493,0.01917808219178082,analytic,16f86f5a1a589c21,results/raw/crossover_study/revision_multi_tau/16f86f5a1a589c21.json,8,512,hybrid,B
adult,801,0,0.06,0.06,7,soft,0.7881828799674466,0.158470447879302,0.01917808219178082,analytic,bc0a237d7a453821,results/raw/crossover_study/revision_multi_tau/bc0a237d7a453821.json,8,512,hybrid,B
adult,802,0,0.06,0.0,7,hard,0.23946780852681035,1.0,0.01917808219178082,global,67d3867242e4c2a9,results/raw/crossover_study/revision_multi_tau/67d3867242e4c2a9.json,8,512,hybrid,B
adult,802,0,0.06,0.015,7,soft,0.33272699004975126,0.5644018947634287,0.01917808219178082,analytic,ea4816056153ebb2,results/raw/crossover_study/revision_multi_tau/ea4816056153ebb2.json,8,512,hybrid,B
adult,802,0,0.06,0.03,7,soft,0.6170315235166759,0.30917658051191493,0.01917808219178082,analytic,529f7de743c9a81c,results/raw/crossover_study/revision_multi_tau/529f7de743c9a81c.json,8,512,hybrid,B
adult,802,0,0.06,0.06,7,soft,0.7870387405180885,0.158470447879302,0.01917808219178082,analytic,fe60ed3b718856b4,results/raw/crossover_study/revision_multi_tau/fe60ed3b718856b4.json,8,512,hybrid,B
adult,803,0,0.06,0.0,7,hard,0.2380980658052331,1.0,0.01917808219178082,global,550c931dfa4eee28,results/raw/crossover_study/revision_multi_tau/550c931dfa4eee28.json,8,512,hybrid,B
adult,803,0,0.06,0.015,7,soft,0.32288794741569926,0.5644018947634287,0.01917808219178082,analytic,0d9713ba4065b2a5,results/raw/crossover_study/revision_multi_tau/0d9713ba4065b2a5.json,8,512,hybrid,B
adult,803,0,0.06,0.03,7,soft,0.5681739594849825,0.30917658051191493,0.01917808219178082,analytic,e8fc30ebc5f70446,results/raw/crossover_study/revision_multi_tau/e8fc30ebc5f70446.json,8,512,hybrid,B
adult,803,0,0.06,0.06,7,soft,0.7885996809931822,0.158470447879302,0.01917808219178082,analytic,7c5533957a49916f,results/raw/crossover_study/revision_multi_tau/7c5533957a49916f.json,8,512,hybrid,B
adult,804,0,0.06,0.0,7,hard,0.23180008042349978,1.0,0.01917808219178082,global,1527ab47544738b8,results/raw/crossover_study/revision_multi_tau/1527ab47544738b8.json,8,512,hybrid,B
adult,804,0,0.06,0.015,7,soft,0.33424359203212334,0.5644018947634287,0.01917808219178082,analytic,8fe1380fb8d7d308,results/raw/crossover_study/revision_multi_tau/8fe1380fb8d7d308.json,8,512,hybrid,B
adult,804,0,0.06,0.03,7,soft,0.6201059709170199,0.30917658051191493,0.01917808219178082,analytic,db8f1b231f064752,results/raw/crossover_study/revision_multi_tau/db8f1b231f064752.json,8,512,hybrid,B
adult,804,0,0.06,0.06,7,soft,0.6058538086957189,0.158470447879302,0.01917808219178082,analytic,a7b6f2fa6341a53c,results/raw/crossover_study/revision_multi_tau/a7b6f2fa6341a53c.json,8,512,hybrid,B
adult,805,0,0.06,0.0,7,hard,0.23840075759320684,1.0,0.01917808219178082,global,f726df4e2769cca2,results/raw/crossover_study/revision_multi_tau/f726df4e2769cca2.json,8,512,hybrid,B
adult,805,0,0.06,0.015,7,soft,0.32650378988544926,0.5644018947634287,0.01917808219178082,analytic,59d59ec4983fe470,results/raw/crossover_study/revision_multi_tau/59d59ec4983fe470.json,8,512,hybrid,B
adult,805,0,0.06,0.03,7,soft,0.6406606771313186,0.30917658051191493,0.01917808219178082,analytic,6e80db683dd49f22,results/raw/crossover_study/revision_multi_tau/6e80db683dd49f22.json,8,512,hybrid,B
adult,805,0,0.06,0.06,7,soft,0.5858829166282784,0.158470447879302,0.01917808219178082,analytic,ba4a713d7682ac7c,results/raw/crossover_study/revision_multi_tau/ba4a713d7682ac7c.json,8,512,hybrid,B
adult,806,0,0.06,0.0,7,hard,0.2702047728180087,1.0,0.01917808219178082,global,333764c12f23afbe,results/raw/crossover_study/revision_multi_tau/333764c12f23afbe.json,8,512,hybrid,B
adult,806,0,0.06,0.015,7,soft,0.3604857176309809,0.5644018947634287,0.01917808219178082,analytic,7dd0fa55fa7e2258,results/raw/crossover_study/revision_multi_tau/7dd0fa55fa7e2258.json,8,512,hybrid,B
adult,806,0,0.06,0.03,7,soft,0.5700593291259751,0.30917658051191493,0.01917808219178082,analytic,6cf69322d8920b41,results/raw/crossover_study/revision_multi_tau/6cf69322d8920b41.json,8,512,hybrid,B
adult,806,0,0.06,0.06,7,soft,0.7898380637322646,0.158470447879302,0.01917808219178082,analytic,b7a0f784a81861a9,results/raw/crossover_study/revision_multi_tau/b7a0f784a81861a9.json,8,512,hybrid,B
adult,807,0,0.06,0.0,7,hard,0.2585938219780726,1.0,0.01917808219178082,global,eb884afec816604c,results/raw/crossover_study/revision_multi_tau/eb884afec816604c.json,8,512,hybrid,B
adult,807,0,0.06,0.015,7,soft,0.36953098608040047,0.5644018947634287,0.01917808219178082,analytic,6bd9378566ed0503,results/raw/crossover_study/revision_multi_tau/6bd9378566ed0503.json,8,512,hybrid,B
adult,807,0,0.06,0.03,7,soft,0.49211211496529683,0.30917658051191493,0.01917808219178082,analytic,8edad3c4ea1534c2,results/raw/crossover_study/revision_multi_tau/8edad3c4ea1534c2.json,8,512,hybrid,B
adult,807,0,0.06,0.06,7,soft,0.7862613053559364,0.158470447879302,0.01917808219178082,analytic,d1fc502d8a8ed94f,results/raw/crossover_study/revision_multi_tau/d1fc502d8a8ed94f.json,8,512,hybrid,B
adult,808,0,0.06,0.0,7,hard,0.2536353005420428,1.0,0.01917808219178082,global,eabc23b4979cb328,results/raw/crossover_study/revision_multi_tau/eabc23b4979cb328.json,8,512,hybrid,B
adult,808,0,0.06,0.015,7,soft,0.3073967546526626,0.5644018947634287,0.01917808219178082,analytic,b70e6b30cdc65c3e,results/raw/crossover_study/revision_multi_tau/b70e6b30cdc65c3e.json,8,512,hybrid,B
adult,808,0,0.06,0.03,7,soft,0.5625297989220563,0.30917658051191493,0.01917808219178082,analytic,4dfafd0011296d12,results/raw/crossover_study/revision_multi_tau/4dfafd0011296d12.json,8,512,hybrid,B
adult,808,0,0.06,0.06,7,soft,0.6010227844189546,0.158470447879302,0.01917808219178082,analytic,da2447ce54c145dd,results/raw/crossover_study/revision_multi_tau/da2447ce54c145dd.json,8,512,hybrid,B
adult,809,0,0.06,0.0,7,hard,0.2488142332319882,1.0,0.01917808219178082,global,243f061cb4310b47,results/raw/crossover_study/revision_multi_tau/243f061cb4310b47.json,8,512,hybrid,B
adult,809,0,0.06,0.015,7,soft,0.3188768253639211,0.5644018947634287,0.01917808219178082,analytic,d3e46768bc09f1cf,results/raw/crossover_study/revision_multi_tau/d3e46768bc09f1cf.json,8,512,hybrid,B
adult,809,0,0.06,0.03,7,soft,0.5850051680256128,0.30917658051191493,0.01917808219178082,analytic,88977b1fe8f60e0b,results/raw/crossover_study/revision_multi_tau/88977b1fe8f60e0b.json,8,512,hybrid,B
adult,809,0,0.06,0.06,7,soft,0.6612536756802407,0.158470447879302,0.01917808219178082,analytic,88313ebc6849c115,results/raw/crossover_study/revision_multi_tau/88313ebc6849c115.json,8,512,hybrid,B
adult,810,0,0.06,0.0,7,hard,0.2453584460030096,1.0,0.01917808219178082,global,9f718b30f2814536,results/raw/crossover_study/revision_multi_tau/9f718b30f2814536.json,8,512,hybrid,B
adult,810,0,0.06,0.015,7,soft,0.32896359253117124,0.5644018947634287,0.01917808219178082,analytic,e17593ccc2b615a7,results/raw/crossover_study/revision_multi_tau/e17593ccc2b615a7.json,8,512,hybrid,B
adult,810,0,0.06,0.03,7,soft,0.48898116477796194,0.30917658051191493,0.01917808219178082,analytic,595f361a80cbf814,results/raw/crossover_study/revision_multi_tau/595f361a80cbf814.json,8,512,hybrid,B
adult,810,0,0.06,0.06,7,soft,0.655385807267674,0.158470447879302,0.01917808219178082,analytic,ff546337657181bd,results/raw/crossover_study/revision_multi_tau/ff546337657181bd.json,8,512,hybrid,B
adult,811,0,0.06,0.0,7,hard,0.2582457120262883,1.0,0.01917808219178082,global,ba5f31339ced2b12,results/raw/crossover_study/revision_multi_tau/ba5f31339ced2b12.json,8,512,hybrid,B
adult,811,0,0.06,0.015,7,soft,0.361809082481113,0.5644018947634287,0.01917808219178082,analytic,f391ca27ed3b85c5,results/raw/crossover_study/revision_multi_tau/f391ca27ed3b85c5.json,8,512,hybrid,B
adult,811,0,0.06,0.03,7,soft,0.5133745815674713,0.30917658051191493,0.01917808219178082,analytic,963affadedbd6680,results/raw/crossover_study/revision_multi_tau/963affadedbd6680.json,8,512,hybrid,B
adult,811,0,0.06,0.06,7,soft,0.5967536209769055,0.158470447879302,0.01917808219178082,analytic,e41d9306c8e4a45b,results/raw/crossover_study/revision_multi_tau/e41d9306c8e4a45b.json,8,512,hybrid,B
adult,800,0,0.1,0.0,7,hard,0.2590736518027148,1.0,0.01917808219178082,global,ba0ac5377eef12ef,results/raw/crossover_study/transition/ba0ac5377eef12ef.json,8,512,hybrid,B
adult,800,0,0.1,0.015,7,soft,0.3528384552929795,0.5644018947634288,0.01917808219178082,analytic,af650d24d2ac02d5,results/raw/crossover_study/revision_multi_tau/af650d24d2ac02d5.json,8,512,hybrid,B
adult,800,0,0.1,0.03,7,soft,0.5077453204655733,0.30917658051191493,0.01917808219178082,analytic,f2c9949d4ed3d630,results/raw/crossover_study/revision_multi_tau/f2c9949d4ed3d630.json,8,512,hybrid,B
adult,800,0,0.1,0.06,7,soft,0.7235473865241693,0.158470447879302,0.01917808219178082,analytic,ccb96df44e8fea79,results/raw/crossover_study/revision_multi_tau/ccb96df44e8fea79.json,8,512,hybrid,B
adult,801,0,0.1,0.0,7,hard,0.23680850665653214,1.0,0.01917808219178082,global,ac60b81621f9f9a3,results/raw/crossover_study/transition/ac60b81621f9f9a3.json,8,512,hybrid,B
adult,801,0,0.1,0.015,7,soft,0.36646119326208465,0.5644018947634288,0.01917808219178082,analytic,c6e2edeeeab5e91d,results/raw/crossover_study/revision_multi_tau/c6e2edeeeab5e91d.json,8,512,hybrid,B
adult,801,0,0.1,0.03,7,soft,0.5533453248802285,0.30917658051191493,0.01917808219178082,analytic,455f60326e1e90e7,results/raw/crossover_study/revision_multi_tau/455f60326e1e90e7.json,8,512,hybrid,B
adult,801,0,0.1,0.06,7,soft,0.8517757230437318,0.158470447879302,0.01917808219178082,analytic,49b77dcf712d036d,results/raw/crossover_study/revision_multi_tau/49b77dcf712d036d.json,8,512,hybrid,B
adult,802,0,0.1,0.0,7,hard,0.22174791071647934,1.0,0.01917808219178082,global,0068b80690c6e344,results/raw/crossover_study/transition/0068b80690c6e344.json,8,512,hybrid,B
adult,802,0,0.1,0.015,7,soft,0.3011837753746699,0.5644018947634288,0.01917808219178082,analytic,a2aafb9d981cf273,results/raw/crossover_study/revision_multi_tau/a2aafb9d981cf273.json,8,512,hybrid,B
adult,802,0,0.1,0.03,7,soft,0.5766878618097783,0.30917658051191493,0.01917808219178082,analytic,b1fc00c7729a1285,results/raw/crossover_study/revision_multi_tau/b1fc00c7729a1285.json,8,512,hybrid,B
adult,802,0,0.1,0.06,7,soft,0.6015805185108409,0.158470447879302,0.01917808219178082,analytic,a2648e16df75dbc6,results/raw/crossover_study/revision_multi_tau/a2648e16df75dbc6.json,8,512,hybrid,B
adult,803,0,0.1,0.0,7,hard,0.2692278624239911,1.0,0.01917808219178082,global,3b8ff732b1e57707,results/raw/crossover_study/transition/3b8ff732b1e57707.json,8,512,hybrid,B
adult,803,0,0.1,0.015,7,soft,0.37583952824611505,0.5644018947634288,0.01917808219178082,analytic,5141f60e6b3e2c27,results/raw/crossover_study/revision_multi_tau/5141f60e6b3e2c27.json,8,512,hybrid,B
adult,803,0,0.1,0.03,7,soft,0.6033484679227319,0.30917658051191493,0.01917808219178082,analytic,f3b09ea05f85f6f2,results/raw/crossover_study/revision_multi_tau/f3b09ea05f85f6f2.json,8,512,hybrid,B
adult,803,0,0.1,0.06,7,soft,0.7620061344512007,0.158470447879302,0.01917808219178082,analytic,d8ac653529ccfbfa,results/raw/crossover_study/revision_multi_tau/d8ac653529ccfbfa.json,8,512,hybrid,B
adult,804,0,0.1,0.0,7,hard,0.23218098838369877,1.0,0.01917808219178082,global,9291381f2e8a3b59,results/raw/crossover_study/transition/9291381f2e8a3b59.json,8,512,hybrid,B
adult,804,0,0.1,0.015,7,soft,0.3913242189899269,0.5644018947634288,0.01917808219178082,analytic,b8e7be49d6ca482c,results/raw/crossover_study/revision_multi_tau/b8e7be49d6ca482c.json,8,512,hybrid,B
adult,804,0,0.1,0.03,7,soft,0.5419092567640195,0.30917658051191493,0.01917808219178082,analytic,0307ac71ec7ee22a,results/raw/crossover_study/revision_multi_tau/0307ac71ec7ee22a.json,8,512,hybrid,B
adult,804,0,0.1,0.06,7,soft,0.7187589972590749,0.158470447879302,0.01917808219178082,analytic,866177cfd74a59f1,results/raw/crossover_study/revision_multi_tau/866177cfd74a59f1.json,8,512,hybrid,B
adult,805,0,0.1,0.0,7,hard,0.23545327951292916,1.0,0.01917808219178082,global,939b8ecfad3b4899,results/raw/crossover_study/transition/939b8ecfad3b4899.json,8,512,hybrid,B
adult,805,0,0.1,0.015,7,soft,0.3476935106489159,0.5644018947634288,0.01917808219178082,analytic,6c9d8d32c479cfac,results/raw/crossover_study/revision_multi_tau/6c9d8d32c479cfac.json,8,512,hybrid,B
adult,805,0,0.1,0.03,7,soft,0.5130324457957128,0.30917658051191493,0.01917808219178082,analytic,08f7ccdaf8a2909b,results/raw/crossover_study/revision_multi_tau/08f7ccdaf8a2909b.json,8,512,hybrid,B
adult,805,0,0.1,0.06,7,soft,0.6200968057091087,0.158470447879302,0.01917808219178082,analytic,96d933dde0e289aa,results/raw/crossover_study/revision_multi_tau/96d933dde0e289aa.json,8,512,hybrid,B
adult,806,0,0.1,0.0,7,hard,0.21880228007339841,1.0,0.01917808219178082,global,26dbefaf06b75958,results/raw/crossover_study/transition/26dbefaf06b75958.json,8,512,hybrid,B
adult,806,0,0.1,0.015,7,soft,0.32873736544898957,0.5644018947634288,0.01917808219178082,analytic,7bbbc40a6dfdf680,results/raw/crossover_study/revision_multi_tau/7bbbc40a6dfdf680.json,8,512,hybrid,B
adult,806,0,0.1,0.03,7,soft,0.6210756355183957,0.30917658051191493,0.01917808219178082,analytic,3b88e786709f7c41,results/raw/crossover_study/revision_multi_tau/3b88e786709f7c41.json,8,512,hybrid,B
adult,806,0,0.1,0.06,7,soft,0.9005372923192677,0.158470447879302,0.01917808219178082,analytic,2c7fdaf55ba36ed7,results/raw/crossover_study/revision_multi_tau/2c7fdaf55ba36ed7.json,8,512,hybrid,B
adult,807,0,0.1,0.0,7,hard,0.23851558661169459,1.0,0.01917808219178082,global,2554041964b8d113,results/raw/crossover_study/transition/2554041964b8d113.json,8,512,hybrid,B
adult,807,0,0.1,0.015,7,soft,0.35468615640931145,0.5644018947634288,0.01917808219178082,analytic,91dc80d4668a1415,results/raw/crossover_study/revision_multi_tau/91dc80d4668a1415.json,8,512,hybrid,B
adult,807,0,0.1,0.03,7,soft,0.5648082168248264,0.30917658051191493,0.01917808219178082,analytic,302fa35da366dd06,results/raw/crossover_study/revision_multi_tau/302fa35da366dd06.json,8,512,hybrid,B
adult,807,0,0.1,0.06,7,soft,0.8302048543931575,0.158470447879302,0.01917808219178082,analytic,787301e6d9c4aa11,results/raw/crossover_study/revision_multi_tau/787301e6d9c4aa11.json,8,512,hybrid,B
adult,808,0,0.1,0.0,7,hard,0.2513241086235489,1.0,0.01917808219178082,global,1a40e383165cc7c9,results/raw/crossover_study/transition/1a40e383165cc7c9.json,8,512,hybrid,B
adult,808,0,0.1,0.015,7,soft,0.35386426279098326,0.5644018947634288,0.01917808219178082,analytic,97da0511e92be623,results/raw/crossover_study/revision_multi_tau/97da0511e92be623.json,8,512,hybrid,B
adult,808,0,0.1,0.03,7,soft,0.6520351320173822,0.30917658051191493,0.01917808219178082,analytic,10e4c8a877239229,results/raw/crossover_study/revision_multi_tau/10e4c8a877239229.json,8,512,hybrid,B
adult,808,0,0.1,0.06,7,soft,0.8604670273247959,0.158470447879302,0.01917808219178082,analytic,a0429ce1057a09c3,results/raw/crossover_study/revision_multi_tau/a0429ce1057a09c3.json,8,512,hybrid,B
adult,809,0,0.1,0.0,7,hard,0.22928156766322708,1.0,0.01917808219178082,global,afc9903d2659f19e,results/raw/crossover_study/transition/afc9903d2659f19e.json,8,512,hybrid,B
adult,809,0,0.1,0.015,7,soft,0.3659622172701308,0.5644018947634288,0.01917808219178082,analytic,ff826b2c5f6e7751,results/raw/crossover_study/revision_multi_tau/ff826b2c5f6e7751.json,8,512,hybrid,B
adult,809,0,0.1,0.03,7,soft,0.6823709145245992,0.30917658051191493,0.01917808219178082,analytic,1f56703ebb931d4c,results/raw/crossover_study/revision_multi_tau/1f56703ebb931d4c.json,8,512,hybrid,B
adult,809,0,0.1,0.06,7,soft,0.8384563966433264,0.158470447879302,0.01917808219178082,analytic,5d7ade1c681fc8d1,results/raw/crossover_study/revision_multi_tau/5d7ade1c681fc8d1.json,8,512,hybrid,B
adult,810,0,0.1,0.0,7,hard,0.2411855652294085,1.0,0.01917808219178082,global,986c48ab3231b271,results/raw/crossover_study/transition/986c48ab3231b271.json,8,512,hybrid,B
adult,810,0,0.1,0.015,7,soft,0.34403174616884713,0.5644018947634288,0.01917808219178082,analytic,b550dc61aac9d29c,results/raw/crossover_study/revision_multi_tau/b550dc61aac9d29c.json,8,512,hybrid,B
adult,810,0,0.1,0.03,7,soft,0.5444499627633437,0.30917658051191493,0.01917808219178082,analytic,97233922cd7df7cf,results/raw/crossover_study/revision_multi_tau/97233922cd7df7cf.json,8,512,hybrid,B
adult,810,0,0.1,0.06,7,soft,0.6106977410401695,0.158470447879302,0.01917808219178082,analytic,0e92df16db60e8dc,results/raw/crossover_study/revision_multi_tau/0e92df16db60e8dc.json,8,512,hybrid,B
adult,811,0,0.1,0.0,7,hard,0.22926112589060868,1.0,0.01917808219178082,global,e1ef4597455567f0,results/raw/crossover_study/transition/e1ef4597455567f0.json,8,512,hybrid,B
adult,811,0,0.1,0.015,7,soft,0.38785674732049624,0.5644018947634288,0.01917808219178082,analytic,4279b31ef9d10f6b,results/raw/crossover_study/revision_multi_tau/4279b31ef9d10f6b.json,8,512,hybrid,B
adult,811,0,0.1,0.03,7,soft,0.5139167683956758,0.30917658051191493,0.01917808219178082,analytic,1715c0baa1ea0139,results/raw/crossover_study/revision_multi_tau/1715c0baa1ea0139.json,8,512,hybrid,B
adult,811,0,0.1,0.06,7,soft,0.8009626347429519,0.158470447879302,0.01917808219178082,analytic,c796991ccdea17a7,results/raw/crossover_study/revision_multi_tau/c796991ccdea17a7.json,8,512,hybrid,B
adult,800,0,0.1778279410038923,0.0,7,hard,0.29002328730575516,1.0,0.01917808219178082,global,3177a30fd1b7883d,results/raw/crossover_study/revision_multi_tau/3177a30fd1b7883d.json,8,512,hybrid,B
adult,800,0,0.1778279410038923,0.015,7,soft,0.3713540227105215,0.5644018947634287,0.01917808219178082,analytic,55c306369ddfa31e,results/raw/crossover_study/revision_multi_tau/55c306369ddfa31e.json,8,512,hybrid,B
adult,800,0,0.1778279410038923,0.03,7,soft,0.5438589987946072,0.3091765805119149,0.01917808219178082,analytic,e0f80312cead1ed5,results/raw/crossover_study/revision_multi_tau/e0f80312cead1ed5.json,8,512,hybrid,B
adult,800,0,0.1778279410038923,0.06,7,soft,0.711762104792396,0.158470447879302,0.01917808219178082,analytic,bd24c692c9f9d8d8,results/raw/crossover_study/revision_multi_tau/bd24c692c9f9d8d8.json,8,512,hybrid,B
adult,801,0,0.1778279410038923,0.0,7,hard,0.2630312701538603,1.0,0.01917808219178082,global,1462c982be9608ca,results/raw/crossover_study/revision_multi_tau/1462c982be9608ca.json,8,512,hybrid,B
adult,801,0,0.1778279410038923,0.015,7,soft,0.39094861341440945,0.5644018947634287,0.01917808219178082,analytic,11a648c7ea8f0357,results/raw/crossover_study/revision_multi_tau/11a648c7ea8f0357.json,8,512,hybrid,B
adult,801,0,0.1778279410038923,0.03,7,soft,0.6821801006541367,0.3091765805119149,0.01917808219178082,analytic,d8caf142ea400281,results/raw/crossover_study/revision_multi_tau/d8caf142ea400281.json,8,512,hybrid,B
adult,801,0,0.1778279410038923,0.06,7,soft,0.8085527464913088,0.158470447879302,0.01917808219178082,analytic,5eb6b844c431c72e,results/raw/crossover_study/revision_multi_tau/5eb6b844c431c72e.json,8,512,hybrid,B
adult,802,0,0.1778279410038923,0.0,7,hard,0.24327249746637186,1.0,0.01917808219178082,global,bbc992aa2086cead,results/raw/crossover_study/revision_multi_tau/bbc992aa2086cead.json,8,512,hybrid,B
adult,802,0,0.1778279410038923,0.015,7,soft,0.3241796898992691,0.5644018947634287,0.01917808219178082,analytic,11d751e3bef65462,results/raw/crossover_study/revision_multi_tau/11d751e3bef65462.json,8,512,hybrid,B
adult,802,0,0.1778279410038923,0.03,7,soft,0.5702565970302806,0.3091765805119149,0.01917808219178082,analytic,6fe3ccf29e22f7ad,results/raw/crossover_study/revision_multi_tau/6fe3ccf29e22f7ad.json,8,512,hybrid,B
adult,802,0,0.1778279410038923,0.06,7,soft,0.7648934388627848,0.158470447879302,0.01917808219178082,analytic,306691b3625fc03d,results/raw/crossover_study/revision_multi_tau/306691b3625fc03d.json,8,512,hybrid,B
adult,803,0,0.1778279410038923,0.0,7,hard,0.2400993441358025,1.0,0.01917808219178082,global,ecf9e42bd5df93ed,results/raw/crossover_study/revision_multi_tau/ecf9e42bd5df93ed.json,8,512,hybrid,B
adult,803,0,0.1778279410038923,0.015,7,soft,0.3634196878263006,0.5644018947634287,0.01917808219178082,analytic,95917301cc9a25af,results/raw/crossover_study/revision_multi_tau/95917301cc9a25af.json,8,512,hybrid,B
adult,803,0,0.1778279410038923,0.03,7,soft,0.6543295290522695,0.3091765805119149,0.01917808219178082,analytic,b1d8821a8d4025e8,results/raw/crossover_study/revision_multi_tau/b1d8821a8d4025e8.json,8,512,hybrid,B
adult,803,0,0.1778279410038923,0.06,7,soft,0.7162941801409618,0.158470447879302,0.01917808219178082,analytic,89293bbefd261772,results/raw/crossover_study/revision_multi_tau/89293bbefd261772.json,8,512,hybrid,B
adult,804,0,0.1778279410038923,0.0,7,hard,0.22823020794945026,1.0,0.01917808219178082,global,d7506044cec9b33e,results/raw/crossover_study/revision_multi_tau/d7506044cec9b33e.json,8,512,hybrid,B
adult,804,0,0.1778279410038923,0.015,7,soft,0.38488532453473373,0.5644018947634287,0.01917808219178082,analytic,7d41a07cc1ab5373,results/raw/crossover_study/revision_multi_tau/7d41a07cc1ab5373.json,8,512,hybrid,B
adult,804,0,0.1778279410038923,0.03,7,soft,0.6663930780127142,0.3091765805119149,0.01917808219178082,analytic,6d0368f1fc89e8c5,results/raw/crossover_study/revision_multi_tau/6d0368f1fc89e8c5.json,8,512,hybrid,B
adult,804,0,0.1778279410038923,0.06,7,soft,0.7592918173407652,0.158470447879302,0.01917808219178082,analytic,5ad3f6aba526cc3d,results/raw/crossover_study/revision_multi_tau/5ad3f6aba526cc3d.json,8,512,hybrid,B
adult,805,0,0.1778279410038923,0.0,7,hard,0.23016838550304036,1.0,0.01917808219178082,global,b56554e2d0ef4aa3,results/raw/crossover_study/revision_multi_tau/b56554e2d0ef4aa3.json,8,512,hybrid,B
adult,805,0,0.1778279410038923,0.015,7,soft,0.3541115074703642,0.5644018947634287,0.01917808219178082,analytic,b8d93ae6bcc91812,results/raw/crossover_study/revision_multi_tau/b8d93ae6bcc91812.json,8,512,hybrid,B
adult,805,0,0.1778279410038923,0.03,7,soft,0.616945485727228,0.3091765805119149,0.01917808219178082,analytic,00acfc9133c64874,results/raw/crossover_study/revision_multi_tau/00acfc9133c64874.json,8,512,hybrid,B
adult,805,0,0.1778279410038923,0.06,7,soft,0.7406989934586327,0.158470447879302,0.01917808219178082,analytic,fc7d1dcc531d9160,results/raw/crossover_study/revision_multi_tau/fc7d1dcc531d9160.json,8,512,hybrid,B
adult,806,0,0.1778279410038923,0.0,7,hard,0.2389427284871936,1.0,0.01917808219178082,global,aab793d153cf18e2,results/raw/crossover_study/revision_multi_tau/aab793d153cf18e2.json,8,512,hybrid,B
adult,806,0,0.1778279410038923,0.015,7,soft,0.4110297518963823,0.5644018947634287,0.01917808219178082,analytic,9268b0a6c84fba32,results/raw/crossover_study/revision_multi_tau/9268b0a6c84fba32.json,8,512,hybrid,B
adult,806,0,0.1778279410038923,0.03,7,soft,0.6577423453719058,0.3091765805119149,0.01917808219178082,analytic,7aa508fd3d3922cb,results/raw/crossover_study/revision_multi_tau/7aa508fd3d3922cb.json,8,512,hybrid,B
adult,806,0,0.1778279410038923,0.06,7,soft,0.8770679540184878,0.158470447879302,0.01917808219178082,analytic,48b4c28deb0d17dc,results/raw/crossover_study/revision_multi_tau/48b4c28deb0d17dc.json,8,512,hybrid,B
adult,807,0,0.1778279410038923,0.0,7,hard,0.21086748932805116,1.0,0.01917808219178082,global,d62f557dd5291f31,results/raw/crossover_study/revision_multi_tau/d62f557dd5291f31.json,8,512,hybrid,B
adult,807,0,0.1778279410038923,0.015,7,soft,0.40895359237761814,0.5644018947634287,0.01917808219178082,analytic,2fb9e24872c38898,results/raw/crossover_study/revision_multi_tau/2fb9e24872c38898.json,8,512,hybrid,B
adult,807,0,0.1778279410038923,0.03,7,soft,0.5637779226936306,0.3091765805119149,0.01917808219178082,analytic,66f8735fad350fbb,results/raw/crossover_study/revision_multi_tau/66f8735fad350fbb.json,8,512,hybrid,B
adult,807,0,0.1778279410038923,0.06,7,soft,0.6201638652800809,0.158470447879302,0.01917808219178082,analytic,23a57b2de2af53fa,results/raw/crossover_study/revision_multi_tau/23a57b2de2af53fa.json,8,512,hybrid,B
adult,808,0,0.1778279410038923,0.0,7,hard,0.23154604581260366,1.0,0.01917808219178082,global,2fab96e8b15dc1ea,results/raw/crossover_study/revision_multi_tau/2fab96e8b15dc1ea.json,8,512,hybrid,B
adult,808,0,0.1778279410038923,0.015,7,soft,0.3566711437027824,0.5644018947634287,0.01917808219178082,analytic,9537009c139352ea,results/raw/crossover_study/revision_multi_tau/9537009c139352ea.json,8,512,hybrid,B
adult,808,0,0.1778279410038923,0.03,7,soft,0.5421540062035501,0.3091765805119149,0.01917808219178082,analytic,c70b96bb243c1f23,results/raw/crossover_study/revision_multi_tau/c70b96bb243c1f23.json,8,512,hybrid,B
adult,808,0,0.1778279410038923,0.06,7,soft,0.6720195079770896,0.158470447879302,0.01917808219178082,analytic,2887aa2adafe0c1a,results/raw/crossover_study/revision_multi_tau/2887aa2adafe0c1a.json,8,512,hybrid,B
adult,809,0,0.1778279410038923,0.0,7,hard,0.24768890405226948,1.0,0.01917808219178082,global,69f3bc4b2d005ae5,results/raw/crossover_study/revision_multi_tau/69f3bc4b2d005ae5.json,8,512,hybrid,B
adult,809,0,0.1778279410038923,0.015,7,soft,0.3937409787482341,0.5644018947634287,0.01917808219178082,analytic,a16bd71bae744815,results/raw/crossover_study/revision_multi_tau/a16bd71bae744815.json,8,512,hybrid,B
adult,809,0,0.1778279410038923,0.03,7,soft,0.7079167242491248,0.3091765805119149,0.01917808219178082,analytic,de9d7b41479ccc9b,results/raw/crossover_study/revision_multi_tau/de9d7b41479ccc9b.json,8,512,hybrid,B
adult,809,0,0.1778279410038923,0.06,7,soft,0.8782645414900804,0.158470447879302,0.01917808219178082,analytic,51b0e575dd61e51d,results/raw/crossover_study/revision_multi_tau/51b0e575dd61e51d.json,8,512,hybrid,B
adult,810,0,0.1778279410038923,0.0,7,hard,0.2014807569022173,1.0,0.01917808219178082,global,d15046b3027792e4,results/raw/crossover_study/revision_multi_tau/d15046b3027792e4.json,8,512,hybrid,B
adult,810,0,0.1778279410038923,0.015,7,soft,0.4253898572338922,0.5644018947634287,0.01917808219178082,analytic,a58049180cceb088,results/raw/crossover_study/revision_multi_tau/a58049180cceb088.json,8,512,hybrid,B
adult,810,0,0.1778279410038923,0.03,7,soft,0.6770820377280264,0.3091765805119149,0.01917808219178082,analytic,f323e3b93dc478c3,results/raw/crossover_study/revision_multi_tau/f323e3b93dc478c3.json,8,512,hybrid,B
adult,810,0,0.1778279410038923,0.06,7,soft,0.7923108224310546,0.158470447879302,0.01917808219178082,analytic,8aa5d34b33f9e9c5,results/raw/crossover_study/revision_multi_tau/8aa5d34b33f9e9c5.json,8,512,hybrid,B
adult,811,0,0.1778279410038923,0.0,7,hard,0.2084766896612616,1.0,0.01917808219178082,global,2a97f0bf55fcc57d,results/raw/crossover_study/revision_multi_tau/2a97f0bf55fcc57d.json,8,512,hybrid,B
adult,811,0,0.1778279410038923,0.015,7,soft,0.4195295465189484,0.5644018947634287,0.01917808219178082,analytic,8101d5af270996c7,results/raw/crossover_study/revision_multi_tau/8101d5af270996c7.json,8,512,hybrid,B
adult,811,0,0.1778279410038923,0.03,7,soft,0.6094251207312205,0.3091765805119149,0.01917808219178082,analytic,1a87ae09a9e6fb29,results/raw/crossover_study/revision_multi_tau/1a87ae09a9e6fb29.json,8,512,hybrid,B
adult,811,0,0.1778279410038923,0.06,7,soft,0.8005405553252256,0.158470447879302,0.01917808219178082,analytic,fe13c3940a354468,results/raw/crossover_study/revision_multi_tau/fe13c3940a354468.json,8,512,hybrid,B
adult,800,0,0.18,0.0,7,hard,0.2532002650712487,1.0,0.01917808219178082,global,8320ca12126782e4,results/raw/crossover_study/revision_multi_tau/8320ca12126782e4.json,8,512,hybrid,B
adult,800,0,0.18,0.015,7,soft,0.36287404605061113,0.5644018947634287,0.01917808219178082,analytic,7d26225f28d3a43e,results/raw/crossover_study/revision_multi_tau/7d26225f28d3a43e.json,8,512,hybrid,B
adult,800,0,0.18,0.03,7,soft,0.5316594592623304,0.30917658051191493,0.01917808219178082,analytic,59eba30f269179a3,results/raw/crossover_study/revision_multi_tau/59eba30f269179a3.json,8,512,hybrid,B
adult,800,0,0.18,0.06,7,soft,0.7562761520330447,0.158470447879302,0.01917808219178082,analytic,b42e3dd8cb2ecde5,results/raw/crossover_study/revision_multi_tau/b42e3dd8cb2ecde5.json,8,512,hybrid,B
adult,801,0,0.18,0.0,7,hard,0.28234010790952646,1.0,0.01917808219178082,global,446dbb617b4f451d,results/raw/crossover_study/revision_multi_tau/446dbb617b4f451d.json,8,512,hybrid,B
adult,801,0,0.18,0.015,7,soft,0.41049622642958045,0.5644018947634287,0.01917808219178082,analytic,ca60171454b031fb,results/raw/crossover_study/revision_multi_tau/ca60171454b031fb.json,8,512,hybrid,B
adult,801,0,0.18,0.03,7,soft,0.49986026656839255,0.30917658051191493,0.01917808219178082,analytic,3e2b0f687012d17e,results/raw/crossover_study/revision_multi_tau/3e2b0f687012d17e.json,8,512,hybrid,B
adult,801,0,0.18,0.06,7,soft,0.8193095335437011,0.158470447879302,0.01917808219178082,analytic,4f53b694878570ca,results/raw/crossover_study/revision_multi_tau/4f53b694878570ca.json,8,512,hybrid,B
adult,802,0,0.18,0.0,7,hard,0.23147541133069222,1.0,0.01917808219178082,global,8b3662e9cef950cc,results/raw/crossover_study/revision_multi_tau/8b3662e9cef950cc.json,8,512,hybrid,B
adult,802,0,0.18,0.015,7,soft,0.41391158597444877,0.5644018947634287,0.01917808219178082,analytic,4d75b9945bd98a56,results/raw/crossover_study/revision_multi_tau/4d75b9945bd98a56.json,8,512,hybrid,B
adult,802,0,0.18,0.03,7,soft,0.5685148236441251,0.30917658051191493,0.01917808219178082,analytic,673d5ceb6b15ba59,results/raw/crossover_study/revision_multi_tau/673d5ceb6b15ba59.json,8,512,hybrid,B
adult,802,0,0.18,0.06,7,soft,0.8228778225001534,0.158470447879302,0.01917808219178082,analytic,9b1be7a1e16c15a9,results/raw/crossover_study/revision_multi_tau/9b1be7a1e16c15a9.json,8,512,hybrid,B
adult,803,0,0.18,0.0,7,hard,0.25619498475984276,1.0,0.01917808219178082,global,6564d4e3161d82d6,results/raw/crossover_study/revision_multi_tau/6564d4e3161d82d6.json,8,512,hybrid,B
adult,803,0,0.18,0.015,7,soft,0.40366903426540135,0.5644018947634287,0.01917808219178082,analytic,737edba9f19e77e9,results/raw/crossover_study/revision_multi_tau/737edba9f19e77e9.json,8,512,hybrid,B
adult,803,0,0.18,0.03,7,soft,0.6143522117422148,0.30917658051191493,0.01917808219178082,analytic,23d1a3e7fd6769b6,results/raw/crossover_study/revision_multi_tau/23d1a3e7fd6769b6.json,8,512,hybrid,B
adult,803,0,0.18,0.06,7,soft,0.7706891372612247,0.158470447879302,0.01917808219178082,analytic,43e197051ca60494,results/raw/crossover_study/revision_multi_tau/43e197051ca60494.json,8,512,hybrid,B
adult,804,0,0.18,0.0,7,hard,0.2177111644708556,1.0,0.01917808219178082,global,87d3ee1718470bc8,results/raw/crossover_study/revision_multi_tau/87d3ee1718470bc8.json,8,512,hybrid,B
adult,804,0,0.18,0.015,7,soft,0.3752893998372336,0.5644018947634287,0.01917808219178082,analytic,6c782edba1ba317b,results/raw/crossover_study/revision_multi_tau/6c782edba1ba317b.json,8,512,hybrid,B
adult,804,0,0.18,0.03,7,soft,0.6931592039800994,0.30917658051191493,0.01917808219178082,analytic,d96ade048c9147de,results/raw/crossover_study/revision_multi_tau/d96ade048c9147de.json,8,512,hybrid,B
adult,804,0,0.18,0.06,7,soft,0.8271901248003808,0.158470447879302,0.01917808219178082,analytic,3fdc5fb7c5de03e5,results/raw/crossover_study/revision_multi_tau/3fdc5fb7c5de03e5.json,8,512,hybrid,B
adult,805,0,0.18,0.0,7,hard,0.2133071381134451,1.0,0.01917808219178082,global,7631aa6fce76dc46,results/raw/crossover_study/revision_multi_tau/7631aa6fce76dc46.json,8,512,hybrid,B
adult,805,0,0.18,0.015,7,soft,0.3425564835928383,0.5644018947634287,0.01917808219178082,analytic,01c386fb85cf6b16,results/raw/crossover_study/revision_multi_tau/01c386fb85cf6b16.json,8,512,hybrid,B
adult,805,0,0.18,0.03,7,soft,0.5424995249447209,0.30917658051191493,0.01917808219178082,analytic,b0f3f30fc9458fed,results/raw/crossover_study/revision_multi_tau/b0f3f30fc9458fed.json,8,512,hybrid,B
adult,805,0,0.18,0.06,7,soft,0.7370246088231681,0.158470447879302,0.01917808219178082,analytic,bfd7261263c79c19,results/raw/crossover_study/revision_multi_tau/bfd7261263c79c19.json,8,512,hybrid,B
adult,806,0,0.18,0.0,7,hard,0.24425761336066582,1.0,0.01917808219178082,global,e5ee0e7fc4585e8c,results/raw/crossover_study/revision_multi_tau/e5ee0e7fc4585e8c.json,8,512,hybrid,B
adult,806,0,0.18,0.015,7,soft,0.3771294952705608,0.5644018947634287,0.01917808219178082,analytic,45a63b4580d92383,results/raw/crossover_study/revision_multi_tau/45a63b4580d92383.json,8,512,hybrid,B
adult,806,0,0.18,0.03,7,soft,0.5430633291873963,0.30917658051191493,0.01917808219178082,analytic,33eda9cbbfeb431a,results/raw/crossover_study/revision_multi_tau/33eda9cbbfeb431a.json,8,512,hybrid,B
adult,806,0,0.18,0.06,7,soft,0.898000617092009,0.158470447879302,0.01917808219178082,analytic,25e4a2fc2133d078,results/raw/crossover_study/revision_multi_tau/25e4a2fc2133d078.json,8,512,hybrid,B
adult,807,0,0.18,0.0,7,hard,0.23957776702905226,1.0,0.01917808219178082,global,5ed28ea6d04a255a,results/raw/crossover_study/revision_multi_tau/5ed28ea6d04a255a.json,8,512,hybrid,B
adult,807,0,0.18,0.015,7,soft,0.3862378405042688,0.5644018947634287,0.01917808219178082,analytic,d1f031747c875529,results/raw/crossover_study/revision_multi_tau/d1f031747c875529.json,8,512,hybrid,B
adult,807,0,0.18,0.03,7,soft,0.5879218874761991,0.30917658051191493,0.01917808219178082,analytic,69ac2f1d85a0617b,results/raw/crossover_study/revision_multi_tau/69ac2f1d85a0617b.json,8,512,hybrid,B
adult,807,0,0.18,0.06,7,soft,0.6298275453365887,0.158470447879302,0.01917808219178082,analytic,63d27ad5c6fc4f7c,results/raw/crossover_study/revision_multi_tau/63d27ad5c6fc4f7c.json,8,512,hybrid,B
adult,808,0,0.18,0.0,7,hard,0.21329264652816166,1.0,0.01917808219178082,global,1d9675d2a283f780,results/raw/crossover_study/revision_multi_tau/1d9675d2a283f780.json,8,512,hybrid,B
adult,808,0,0.18,0.015,7,soft,0.3628034115686997,0.5644018947634287,0.01917808219178082,analytic,d41877278c64558b,results/raw/crossover_study/revision_multi_tau/d41877278c64558b.json,8,512,hybrid,B
adult,808,0,0.18,0.03,7,soft,0.5773086486932619,0.30917658051191493,0.01917808219178082,analytic,9c9e17a60bb061fb,results/raw/crossover_study/revision_multi_tau/9c9e17a60bb061fb.json,8,512,hybrid,B
adult,808,0,0.18,0.06,7,soft,0.5998354341333456,0.158470447879302,0.01917808219178082,analytic,748cf7524598e1ef,results/raw/crossover_study/revision_multi_tau/748cf7524598e1ef.json,8,512,hybrid,B
adult,809,0,0.18,0.0,7,hard,0.22275066123856027,1.0,0.01917808219178082,global,a6bb2def41bc7ea2,results/raw/crossover_study/revision_multi_tau/a6bb2def41bc7ea2.json,8,512,hybrid,B
adult,809,0,0.18,0.015,7,soft,0.38581132243873223,0.5644018947634287,0.01917808219178082,analytic,7e17a55dd6928205,results/raw/crossover_study/revision_multi_tau/7e17a55dd6928205.json,8,512,hybrid,B
adult,809,0,0.18,0.03,7,soft,0.72579869268626,0.30917658051191493,0.01917808219178082,analytic,a972ae3530a0e1a5,results/raw/crossover_study/revision_multi_tau/a972ae3530a0e1a5.json,8,512,hybrid,B
adult,809,0,0.18,0.06,7,soft,0.7498388890808304,0.158470447879302,0.01917808219178082,analytic,f57fdb74713f4e6e,results/raw/crossover_study/revision_multi_tau/f57fdb74713f4e6e.json,8,512,hybrid,B
adult,810,0,0.18,0.0,7,hard,0.2538935098811498,1.0,0.01917808219178082,global,b9f993347c39490b,results/raw/crossover_study/revision_multi_tau/b9f993347c39490b.json,8,512,hybrid,B
adult,810,0,0.18,0.015,7,soft,0.42614951381211236,0.5644018947634287,0.01917808219178082,analytic,15845da8f28e782d,results/raw/crossover_study/revision_multi_tau/15845da8f28e782d.json,8,512,hybrid,B
adult,810,0,0.18,0.03,7,soft,0.6781743529651127,0.30917658051191493,0.01917808219178082,analytic,bee47cce10cc53c4,results/raw/crossover_study/revision_multi_tau/bee47cce10cc53c4.json,8,512,hybrid,B
adult,810,0,0.18,0.06,7,soft,0.8101434379030772,0.158470447879302,0.01917808219178082,analytic,a25eead7c6b84ebf,results/raw/crossover_study/revision_multi_tau/a25eead7c6b84ebf.json,8,512,hybrid,B
adult,811,0,0.18,0.0,7,hard,0.2056740314630551,1.0,0.01917808219178082,global,c083c33fa9292695,results/raw/crossover_study/revision_multi_tau/c083c33fa9292695.json,8,512,hybrid,B
adult,811,0,0.18,0.015,7,soft,0.37028118953841904,0.5644018947634287,0.01917808219178082,analytic,f01e6ce635e0ad33,results/raw/crossover_study/revision_multi_tau/f01e6ce635e0ad33.json,8,512,hybrid,B
adult,811,0,0.18,0.03,7,soft,0.4875174186935691,0.30917658051191493,0.01917808219178082,analytic,db7c480b9287398f,results/raw/crossover_study/revision_multi_tau/db7c480b9287398f.json,8,512,hybrid,B
adult,811,0,0.18,0.06,7,soft,0.7902316638259321,0.158470447879302,0.01917808219178082,analytic,77559100bfb769b3,results/raw/crossover_study/revision_multi_tau/77559100bfb769b3.json,8,512,hybrid,B
adult,800,0,0.3,0.0,7,hard,0.2677713141468583,1.0,0.01917808219178082,global,e8a82f4cf487c3a6,results/raw/crossover_study/revision_multi_tau/e8a82f4cf487c3a6.json,8,512,hybrid,B
adult,800,0,0.3,0.015,7,soft,0.4259729755927154,0.5644018947634287,0.01917808219178082,analytic,9555c9392b10972b,results/raw/crossover_study/revision_multi_tau/9555c9392b10972b.json,8,512,hybrid,B
adult,800,0,0.3,0.03,7,soft,0.5309474761608624,0.3091765805119149,0.01917808219178082,analytic,59b15fd1a5ac31aa,results/raw/crossover_study/revision_multi_tau/59b15fd1a5ac31aa.json,8,512,hybrid,B
adult,800,0,0.3,0.06,7,soft,0.706898978295252,0.158470447879302,0.01917808219178082,analytic,06232e80d1884d24,results/raw/crossover_study/revision_multi_tau/06232e80d1884d24.json,8,512,hybrid,B
adult,801,0,0.3,0.0,7,hard,0.21125276395798784,1.0,0.01917808219178082,global,908e8130ae66dbfd,results/raw/crossover_study/revision_multi_tau/908e8130ae66dbfd.json,8,512,hybrid,B
adult,801,0,0.3,0.015,7,soft,0.3650544298185001,0.5644018947634287,0.01917808219178082,analytic,5b1c54dd85ad21d4,results/raw/crossover_study/revision_multi_tau/5b1c54dd85ad21d4.json,8,512,hybrid,B
adult,801,0,0.3,0.03,7,soft,0.5655815492368405,0.3091765805119149,0.01917808219178082,analytic,49c90d697b9a392b,results/raw/crossover_study/revision_multi_tau/49c90d697b9a392b.json,8,512,hybrid,B
adult,801,0,0.3,0.06,7,soft,0.8940649040676247,0.158470447879302,0.01917808219178082,analytic,461719adbeefab3b,results/raw/crossover_study/revision_multi_tau/461719adbeefab3b.json,8,512,hybrid,B
adult,802,0,0.3,0.0,7,hard,0.2405006458832381,1.0,0.01917808219178082,global,6e1a78eefc774ffc,results/raw/crossover_study/revision_multi_tau/6e1a78eefc774ffc.json,8,512,hybrid,B
adult,802,0,0.3,0.015,7,soft,0.3390309736042012,0.5644018947634287,0.01917808219178082,analytic,7ca50e0eac6710a7,results/raw/crossover_study/revision_multi_tau/7ca50e0eac6710a7.json,8,512,hybrid,B
adult,802,0,0.3,0.03,7,soft,0.5510812306139058,0.3091765805119149,0.01917808219178082,analytic,e2fb8f52280788ce,results/raw/crossover_study/revision_multi_tau/e2fb8f52280788ce.json,8,512,hybrid,B
adult,802,0,0.3,0.06,7,soft,0.8636285921856764,0.158470447879302,0.01917808219178082,analytic,ffb4a51bb53ade9b,results/raw/crossover_study/revision_multi_tau/ffb4a51bb53ade9b.json,8,512,hybrid,B
adult,803,0,0.3,0.0,7,hard,0.2157419883606658,1.0,0.01917808219178082,global,d9ff24790cac90fd,results/raw/crossover_study/revision_multi_tau/d9ff24790cac90fd.json,8,512,hybrid,B
adult,803,0,0.3,0.015,7,soft,0.3937205129829249,0.5644018947634287,0.01917808219178082,analytic,1db4f4e8f1d87b0d,results/raw/crossover_study/revision_multi_tau/1db4f4e8f1d87b0d.json,8,512,hybrid,B
adult,803,0,0.3,0.03,7,soft,0.7332935294591856,0.3091765805119149,0.01917808219178082,analytic,b2d372cf30c7f0bb,results/raw/crossover_study/revision_multi_tau/b2d372cf30c7f0bb.json,8,512,hybrid,B
adult,803,0,0.3,0.06,7,soft,0.8041805824273693,0.158470447879302,0.01917808219178082,analytic,2cf2ac964416df2b,results/raw/crossover_study/revision_multi_tau/2cf2ac964416df2b.json,8,512,hybrid,B
adult,804,0,0.3,0.0,7,hard,0.2445981656148271,1.0,0.01917808219178082,global,20b70996a8cda826,results/raw/crossover_study/revision_multi_tau/20b70996a8cda826.json,8,512,hybrid,B
adult,804,0,0.3,0.015,7,soft,0.45420505497205327,0.5644018947634287,0.01917808219178082,analytic,f66467474bde8137,results/raw/crossover_study/revision_multi_tau/f66467474bde8137.json,8,512,hybrid,B
adult,804,0,0.3,0.03,7,soft,0.6005542791444014,0.3091765805119149,0.01917808219178082,analytic,478a04badc9b8a32,results/raw/crossover_study/revision_multi_tau/478a04badc9b8a32.json,8,512,hybrid,B
adult,804,0,0.3,0.06,7,soft,0.6601369118911615,0.158470447879302,0.01917808219178082,analytic,5c7d8ab104f9f2af,results/raw/crossover_study/revision_multi_tau/5c7d8ab104f9f2af.json,8,512,hybrid,B
adult,805,0,0.3,0.0,7,hard,0.238884906102205,1.0,0.01917808219178082,global,33882cc48572f96c,results/raw/crossover_study/revision_multi_tau/33882cc48572f96c.json,8,512,hybrid,B
adult,805,0,0.3,0.015,7,soft,0.43736333763282353,0.5644018947634287,0.01917808219178082,analytic,f971d4b6962a3a55,results/raw/crossover_study/revision_multi_tau/f971d4b6962a3a55.json,8,512,hybrid,B
adult,805,0,0.3,0.03,7,soft,0.6764271572308213,0.3091765805119149,0.01917808219178082,analytic,b497563b25126d61,results/raw/crossover_study/revision_multi_tau/b497563b25126d61.json,8,512,hybrid,B
adult,805,0,0.3,0.06,7,soft,0.8792391245930838,0.158470447879302,0.01917808219178082,analytic,f9b52a6534498cc2,results/raw/crossover_study/revision_multi_tau/f9b52a6534498cc2.json,8,512,hybrid,B
adult,806,0,0.3,0.0,7,hard,0.23513304906793192,1.0,0.01917808219178082,global,7696561ceaf07976,results/raw/crossover_study/revision_multi_tau/7696561ceaf07976.json,8,512,hybrid,B
adult,806,0,0.3,0.015,7,soft,0.37647869353080277,0.5644018947634287,0.01917808219178082,analytic,99d7b4a8a733d05f,results/raw/crossover_study/revision_multi_tau/99d7b4a8a733d05f.json,8,512,hybrid,B
adult,806,0,0.3,0.03,7,soft,0.7587099466018672,0.3091765805119149,0.01917808219178082,analytic,54643576f9b4d5f0,results/raw/crossover_study/revision_multi_tau/54643576f9b4d5f0.json,8,512,hybrid,B
adult,806,0,0.3,0.06,7,soft,0.6345206596262515,0.158470447879302,0.01917808219178082,analytic,56fa858d94c5ddf0,results/raw/crossover_study/revision_multi_tau/56fa858d94c5ddf0.json,8,512,hybrid,B
adult,807,0,0.3,0.0,7,hard,0.2479832703765125,1.0,0.01917808219178082,global,8e39a235455a81ce,results/raw/crossover_study/revision_multi_tau/8e39a235455a81ce.json,8,512,hybrid,B
adult,807,0,0.3,0.015,7,soft,0.3938823436828204,0.5644018947634287,0.01917808219178082,analytic,267288c37b1eef9d,results/raw/crossover_study/revision_multi_tau/267288c37b1eef9d.json,8,512,hybrid,B
adult,807,0,0.3,0.03,7,soft,0.6449311601713654,0.3091765805119149,0.01917808219178082,analytic,0fb32d814c1f1951,results/raw/crossover_study/revision_multi_tau/0fb32d814c1f1951.json,8,512,hybrid,B
adult,807,0,0.3,0.06,7,soft,0.633449625905964,0.158470447879302,0.01917808219178082,analytic,9218bb11acb3cf4b,results/raw/crossover_study/revision_multi_tau/9218bb11acb3cf4b.json,8,512,hybrid,B
adult,808,0,0.3,0.0,7,hard,0.22929704294883604,1.0,0.01917808219178082,global,94d454bed5394e11,results/raw/crossover_study/revision_multi_tau/94d454bed5394e11.json,8,512,hybrid,B
adult,808,0,0.3,0.015,7,soft,0.48929309375191943,0.5644018947634287,0.01917808219178082,analytic,ceba760c16550d25,results/raw/crossover_study/revision_multi_tau/ceba760c16550d25.json,8,512,hybrid,B
adult,808,0,0.3,0.03,7,soft,0.603693554795467,0.3091765805119149,0.01917808219178082,analytic,926f61c822cc0d73,results/raw/crossover_study/revision_multi_tau/926f61c822cc0d73.json,8,512,hybrid,B
adult,808,0,0.3,0.06,7,soft,0.8111828732494931,0.158470447879302,0.01917808219178082,analytic,84ee5d541106ea92,results/raw/crossover_study/revision_multi_tau/84ee5d541106ea92.json,8,512,hybrid,B
adult,809,0,0.3,0.0,7,hard,0.238932051739758,1.0,0.01917808219178082,global,ef885583d82209ed,results/raw/crossover_study/revision_multi_tau/ef885583d82209ed.json,8,512,hybrid,B
adult,809,0,0.3,0.015,7,soft,0.46032225542810634,0.5644018947634287,0.01917808219178082,analytic,7dde7d37cfbf6498,results/raw/crossover_study/revision_multi_tau/7dde7d37cfbf6498.json,8,512,hybrid,B
adult,809,0,0.3,0.03,7,soft,0.7872712776779681,0.3091765805119149,0.01917808219178082,analytic,362af0c93c934219,results/raw/crossover_study/revision_multi_tau/362af0c93c934219.json,8,512,hybrid,B
adult,809,0,0.3,0.06,7,soft,0.8650774628017318,0.158470447879302,0.01917808219178082,analytic,482b8a5186367acf,results/raw/crossover_study/revision_multi_tau/482b8a5186367acf.json,8,512,hybrid,B
adult,810,0,0.3,0.0,7,hard,0.21609345728917143,1.0,0.01917808219178082,global,d98ef917d1ea013a,results/raw/crossover_study/revision_multi_tau/d98ef917d1ea013a.json,8,512,hybrid,B
adult,810,0,0.3,0.015,7,soft,0.40451871141975315,0.5644018947634287,0.01917808219178082,analytic,fd3f8048981593ef,results/raw/crossover_study/revision_multi_tau/fd3f8048981593ef.json,8,512,hybrid,B
adult,810,0,0.3,0.03,7,soft,0.7267086874654505,0.3091765805119149,0.01917808219178082,analytic,ef23c80ef76fa0a4,results/raw/crossover_study/revision_multi_tau/ef23c80ef76fa0a4.json,8,512,hybrid,B
adult,810,0,0.3,0.06,7,soft,0.6968142984921074,0.158470447879302,0.01917808219178082,analytic,6a0ce838f757803e,results/raw/crossover_study/revision_multi_tau/6a0ce838f757803e.json,8,512,hybrid,B
adult,811,0,0.3,0.0,7,hard,0.2171577010779436,1.0,0.01917808219178082,global,1796f4656a86cb6d,results/raw/crossover_study/revision_multi_tau/1796f4656a86cb6d.json,8,512,hybrid,B
adult,811,0,0.3,0.015,7,soft,0.3692295179196609,0.5644018947634287,0.01917808219178082,analytic,522c1e7a1a369bf5,results/raw/crossover_study/revision_multi_tau/522c1e7a1a369bf5.json,8,512,hybrid,B
adult,811,0,0.3,0.03,7,soft,0.5747026585820896,0.3091765805119149,0.01917808219178082,analytic,00c78bfbb9e33c20,results/raw/crossover_study/revision_multi_tau/00c78bfbb9e33c20.json,8,512,hybrid,B
adult,811,0,0.3,0.06,7,soft,0.8496504025013818,0.158470447879302,0.01917808219178082,analytic,b8de1ffb33ccd766,results/raw/crossover_study/revision_multi_tau/b8de1ffb33ccd766.json,8,512,hybrid,B
adult,800,0,0.31622776601683794,0.0,7,hard,0.2301529342101222,1.0,0.01917808219178082,global,e273a5a115e32a1b,results/raw/crossover_study/revision_multi_tau/e273a5a115e32a1b.json,8,512,hybrid,B
adult,800,0,0.31622776601683794,0.015,7,soft,0.36426185526841104,0.5644018947634287,0.01917808219178082,analytic,4b9f9e789c697d67,results/raw/crossover_study/revision_multi_tau/4b9f9e789c697d67.json,8,512,hybrid,B
adult,800,0,0.31622776601683794,0.03,7,soft,0.5423531215450524,0.30917658051191493,0.01917808219178082,analytic,5e6b269e8f032167,results/raw/crossover_study/revision_multi_tau/5e6b269e8f032167.json,8,512,hybrid,B
adult,800,0,0.31622776601683794,0.06,7,soft,0.7230254975124377,0.158470447879302,0.01917808219178082,analytic,69b1105edda48202,results/raw/crossover_study/revision_multi_tau/69b1105edda48202.json,8,512,hybrid,B
adult,801,0,0.31622776601683794,0.0,7,hard,0.24372907837356422,1.0,0.01917808219178082,global,48559bda9227fe12,results/raw/crossover_study/revision_multi_tau/48559bda9227fe12.json,8,512,hybrid,B
adult,801,0,0.31622776601683794,0.015,7,soft,0.39334910612830903,0.5644018947634287,0.01917808219178082,analytic,d3a9ae3fcfa96901,results/raw/crossover_study/revision_multi_tau/d3a9ae3fcfa96901.json,8,512,hybrid,B
adult,801,0,0.31622776601683794,0.03,7,soft,0.7586707185523001,0.30917658051191493,0.01917808219178082,analytic,7d0a77302cd8ab8e,results/raw/crossover_study/revision_multi_tau/7d0a77302cd8ab8e.json,8,512,hybrid,B
adult,801,0,0.31622776601683794,0.06,7,soft,0.6986342400651064,0.158470447879302,0.01917808219178082,analytic,f950d6eea1e73ab0,results/raw/crossover_study/revision_multi_tau/f950d6eea1e73ab0.json,8,512,hybrid,B
adult,802,0,0.31622776601683794,0.0,7,hard,0.24810500928996987,1.0,0.01917808219178082,global,2a9ed34a0c6b80c9,results/raw/crossover_study/revision_multi_tau/2a9ed34a0c6b80c9.json,8,512,hybrid,B
adult,802,0,0.31622776601683794,0.015,7,soft,0.38725121978840366,0.5644018947634287,0.01917808219178082,analytic,1bb52c1679f609e5,results/raw/crossover_study/revision_multi_tau/1bb52c1679f609e5.json,8,512,hybrid,B
adult,802,0,0.31622776601683794,0.03,7,soft,0.7347269007969411,0.30917658051191493,0.01917808219178082,analytic,2562836455826d18,results/raw/crossover_study/revision_multi_tau/2562836455826d18.json,8,512,hybrid,B
adult,802,0,0.31622776601683794,0.06,7,soft,0.8606305854984336,0.158470447879302,0.01917808219178082,analytic,16e89a3806be7e8d,results/raw/crossover_study/revision_multi_tau/16e89a3806be7e8d.json,8,512,hybrid,B
adult,803,0,0.31622776601683794,0.0,7,hard,0.22524098258706465,1.0,0.01917808219178082,global,559f57a46db26d9c,results/raw/crossover_study/revision_multi_tau/559f57a46db26d9c.json,8,512,hybrid,B
adult,803,0,0.31622776601683794,0.015,7,soft,0.462813608462318,0.5644018947634287,0.01917808219178082,analytic,82567005b68dda90,results/raw/crossover_study/revision_multi_tau/82567005b68dda90.json,8,512,hybrid,B
adult,803,0,0.31622776601683794,0.03,7,soft,0.7456869059409741,0.30917658051191493,0.01917808219178082,analytic,cfdd57e98894d0bc,results/raw/crossover_study/revision_multi_tau/cfdd57e98894d0bc.json,8,512,hybrid,B
adult,803,0,0.31622776601683794,0.06,7,soft,0.6875284553313679,0.158470447879302,0.01917808219178082,analytic,b6d2414f4a0a479f,results/raw/crossover_study/revision_multi_tau/b6d2414f4a0a479f.json,8,512,hybrid,B
adult,804,0,0.31622776601683794,0.0,7,hard,0.20908574411891162,1.0,0.01917808219178082,global,d9c115d0f7a5a441,results/raw/crossover_study/revision_multi_tau/d9c115d0f7a5a441.json,8,512,hybrid,B
adult,804,0,0.31622776601683794,0.015,7,soft,0.4785326118251335,0.5644018947634287,0.01917808219178082,analytic,14d58dfa951ba02a,results/raw/crossover_study/revision_multi_tau/14d58dfa951ba02a.json,8,512,hybrid,B
adult,804,0,0.31622776601683794,0.03,7,soft,0.5233833724894048,0.30917658051191493,0.01917808219178082,analytic,ce8c2a5ff13cf607,results/raw/crossover_study/revision_multi_tau/ce8c2a5ff13cf607.json,8,512,hybrid,B
adult,804,0,0.31622776601683794,0.06,7,soft,0.6867056499907868,0.158470447879302,0.01917808219178082,analytic,31228b584c2ce0a0,results/raw/crossover_study/revision_multi_tau/31228b584c2ce0a0.json,8,512,hybrid,B
adult,805,0,0.31622776601683794,0.0,7,hard,0.22785940091210613,1.0,0.01917808219178082,global,97883928a808208e,results/raw/crossover_study/revision_multi_tau/97883928a808208e.json,8,512,hybrid,B
adult,805,0,0.31622776601683794,0.015,7,soft,0.4794789795236779,0.5644018947634287,0.01917808219178082,analytic,707a03c2aea27774,results/raw/crossover_study/revision_multi_tau/707a03c2aea27774.json,8,512,hybrid,B
adult,805,0,0.31622776601683794,0.03,7,soft,0.5749403301778147,0.30917658051191493,0.01917808219178082,analytic,3371cd6adba56868,results/raw/crossover_study/revision_multi_tau/3371cd6adba56868.json,8,512,hybrid,B
adult,805,0,0.31622776601683794,0.06,7,soft,0.8549719093575332,0.158470447879302,0.01917808219178082,analytic,27301b2d049c9e79,results/raw/crossover_study/revision_multi_tau/27301b2d049c9e79.json,8,512,hybrid,B
adult,806,0,0.31622776601683794,0.0,7,hard,0.2297649244134267,1.0,0.01917808219178082,global,4503f3986a13fc98,results/raw/crossover_study/revision_multi_tau/4503f3986a13fc98.json,8,512,hybrid,B
adult,806,0,0.31622776601683794,0.015,7,soft,0.4489196571156563,0.5644018947634287,0.01917808219178082,analytic,97750447ee6bcbca,results/raw/crossover_study/revision_multi_tau/97750447ee6bcbca.json,8,512,hybrid,B
adult,806,0,0.31622776601683794,0.03,7,soft,0.7715433010487684,0.30917658051191493,0.01917808219178082,analytic,d4203e54c1def306,results/raw/crossover_study/revision_multi_tau/d4203e54c1def306.json,8,512,hybrid,B
adult,806,0,0.31622776601683794,0.06,7,soft,0.8846376000015355,0.158470447879302,0.01917808219178082,analytic,dee84c9e587382e9,results/raw/crossover_study/revision_multi_tau/dee84c9e587382e9.json,8,512,hybrid,B
adult,807,0,0.31622776601683794,0.0,7,hard,0.24398651994656345,1.0,0.01917808219178082,global,a46ad8f64043c7a1,results/raw/crossover_study/revision_multi_tau/a46ad8f64043c7a1.json,8,512,hybrid,B
adult,807,0,0.31622776601683794,0.015,7,soft,0.3380582859237762,0.5644018947634287,0.01917808219178082,analytic,c2763ee30893f33b,results/raw/crossover_study/revision_multi_tau/c2763ee30893f33b.json,8,512,hybrid,B
adult,807,0,0.31622776601683794,0.03,7,soft,0.7426597241416374,0.30917658051191493,0.01917808219178082,analytic,cc11f94b26c95ef6,results/raw/crossover_study/revision_multi_tau/cc11f94b26c95ef6.json,8,512,hybrid,B
adult,807,0,0.31622776601683794,0.06,7,soft,0.6414563227458387,0.158470447879302,0.01917808219178082,analytic,fdc83f62f9f2cca3,results/raw/crossover_study/revision_multi_tau/fdc83f62f9f2cca3.json,8,512,hybrid,B
adult,808,0,0.31622776601683794,0.0,7,hard,0.21226273628001965,1.0,0.01917808219178082,global,0bd8eb27dc5e388e,results/raw/crossover_study/revision_multi_tau/0bd8eb27dc5e388e.json,8,512,hybrid,B
adult,808,0,0.31622776601683794,0.015,7,soft,0.3707327079878386,0.5644018947634287,0.01917808219178082,analytic,e49ca04332f5f613,results/raw/crossover_study/revision_multi_tau/e49ca04332f5f613.json,8,512,hybrid,B
adult,808,0,0.31622776601683794,0.03,7,soft,0.5384575482924882,0.30917658051191493,0.01917808219178082,analytic,f20793a07c5bc41d,results/raw/crossover_study/revision_multi_tau/f20793a07c5bc41d.json,8,512,hybrid,B
adult,808,0,0.31622776601683794,0.06,7,soft,0.8007750119003747,0.158470447879302,0.01917808219178082,analytic,f988257f26cc1638,results/raw/crossover_study/revision_multi_tau/f988257f26cc1638.json,8,512,hybrid,B
adult,809,0,0.31622776601683794,0.0,7,hard,0.23687962099226087,1.0,0.01917808219178082,global,e348004f684c1e46,results/raw/crossover_study/revision_multi_tau/e348004f684c1e46.json,8,512,hybrid,B
adult,809,0,0.31622776601683794,0.015,7,soft,0.4687633159434309,0.5644018947634287,0.01917808219178082,analytic,9d5901a957b401f8,results/raw/crossover_study/revision_multi_tau/9d5901a957b401f8.json,8,512,hybrid,B
adult,809,0,0.31622776601683794,0.03,7,soft,0.614617235005528,0.30917658051191493,0.01917808219178082,analytic,5644834e8e0a0cf9,results/raw/crossover_study/revision_multi_tau/5644834e8e0a0cf9.json,8,512,hybrid,B
adult,809,0,0.31622776601683794,0.06,7,soft,0.6995577667219457,0.158470447879302,0.01917808219178082,analytic,842be5e3dad8c76c,results/raw/crossover_study/revision_multi_tau/842be5e3dad8c76c.json,8,512,hybrid,B
adult,810,0,0.31622776601683794,0.0,7,hard,0.2412691797570788,1.0,0.01917808219178082,global,5bc0616d0969c137,results/raw/crossover_study/revision_multi_tau/5bc0616d0969c137.json,8,512,hybrid,B
adult,810,0,0.31622776601683794,0.015,7,soft,0.33994797424912476,0.5644018947634287,0.01917808219178082,analytic,e3bc621b03aa7c63,results/raw/crossover_study/revision_multi_tau/e3bc621b03aa7c63.json,8,512,hybrid,B
adult,810,0,0.31622776601683794,0.03,7,soft,0.7327085156777838,0.30917658051191493,0.01917808219178082,analytic,008e615c931f8bc1,results/raw/crossover_study/revision_multi_tau/008e615c931f8bc1.json,8,512,hybrid,B
adult,810,0,0.31622776601683794,0.06,7,soft,0.6163892871675574,0.158470447879302,0.01917808219178082,analytic,b1c70fd77697d7f2,results/raw/crossover_study/revision_multi_tau/b1c70fd77697d7f2.json,8,512,hybrid,B
adult,811,0,0.31622776601683794,0.0,7,hard,0.23579044879767824,1.0,0.01917808219178082,global,b693c3367bfd53be,results/raw/crossover_study/revision_multi_tau/b693c3367bfd53be.json,8,512,hybrid,B
adult,811,0,0.31622776601683794,0.015,7,soft,0.38520788227074504,0.5644018947634287,0.01917808219178082,analytic,58fa291132146162,results/raw/crossover_study/revision_multi_tau/58fa291132146162.json,8,512,hybrid,B
adult,811,0,0.31622776601683794,0.03,7,soft,0.5837883547156194,0.30917658051191493,0.01917808219178082,analytic,50b34560a80a87e6,results/raw/crossover_study/revision_multi_tau/50b34560a80a87e6.json,8,512,hybrid,B
adult,811,0,0.31622776601683794,0.06,7,soft,0.8475111182129474,0.158470447879302,0.01917808219178082,analytic,ef7edd2afa436b1c,results/raw/crossover_study/revision_multi_tau/ef7edd2afa436b1c.json,8,512,hybrid,B
adult,800,0,0.5623413251903491,0.0,7,hard,0.26102293797217613,1.0,0.01917808219178082,global,15070579626cdf23,results/raw/crossover_study/revision_multi_tau/15070579626cdf23.json,8,512,hybrid,B
adult,800,0,0.5623413251903491,0.015,7,soft,0.42190609452736316,0.5644018947634286,0.01917808219178082,analytic,04435556ed5092a6,results/raw/crossover_study/revision_multi_tau/04435556ed5092a6.json,8,512,hybrid,B
adult,800,0,0.5623413251903491,0.03,7,soft,0.6064125984660034,0.30917658051191493,0.01917808219178082,analytic,59f3dded79521fe4,results/raw/crossover_study/revision_multi_tau/59f3dded79521fe4.json,8,512,hybrid,B
adult,800,0,0.5623413251903491,0.06,7,soft,0.722511933964437,0.158470447879302,0.01917808219178082,analytic,02b60765f0c7d75c,results/raw/crossover_study/revision_multi_tau/02b60765f0c7d75c.json,8,512,hybrid,B
adult,801,0,0.5623413251903491,0.0,7,hard,0.2369772472513973,1.0,0.01917808219178082,global,aae8d8788f7a8813,results/raw/crossover_study/revision_multi_tau/aae8d8788f7a8813.json,8,512,hybrid,B
adult,801,0,0.5623413251903491,0.015,7,soft,0.4921633153676065,0.5644018947634286,0.01917808219178082,analytic,4f11758538786a83,results/raw/crossover_study/revision_multi_tau/4f11758538786a83.json,8,512,hybrid,B
adult,801,0,0.5623413251903491,0.03,7,soft,0.7242760925311713,0.30917658051191493,0.01917808219178082,analytic,05acfe54585b622d,results/raw/crossover_study/revision_multi_tau/05acfe54585b622d.json,8,512,hybrid,B
adult,801,0,0.5623413251903491,0.06,7,soft,0.8764173682129475,0.158470447879302,0.01917808219178082,analytic,3beec0333761ffb3,results/raw/crossover_study/revision_multi_tau/3beec0333761ffb3.json,8,512,hybrid,B
adult,802,0,0.5623413251903491,0.0,7,hard,0.21809051290614825,1.0,0.01917808219178082,global,3c612259112971c0,results/raw/crossover_study/revision_multi_tau/3c612259112971c0.json,8,512,hybrid,B
adult,802,0,0.5623413251903491,0.015,7,soft,0.41754830208525273,0.5644018947634286,0.01917808219178082,analytic,b7f190cc3ae53a4b,results/raw/crossover_study/revision_multi_tau/b7f190cc3ae53a4b.json,8,512,hybrid,B
adult,802,0,0.5623413251903491,0.03,7,soft,0.5482038111909588,0.30917658051191493,0.01917808219178082,analytic,591cfda73ff43948,results/raw/crossover_study/revision_multi_tau/591cfda73ff43948.json,8,512,hybrid,B
adult,802,0,0.5623413251903491,0.06,7,soft,0.6985390130750567,0.158470447879302,0.01917808219178082,analytic,7ca624d3f5284a77,results/raw/crossover_study/revision_multi_tau/7ca624d3f5284a77.json,8,512,hybrid,B
adult,803,0,0.5623413251903491,0.0,7,hard,0.2328769923530495,1.0,0.01917808219178082,global,4b36083f99234645,results/raw/crossover_study/revision_multi_tau/4b36083f99234645.json,8,512,hybrid,B
adult,803,0,0.5623413251903491,0.015,7,soft,0.40792152278729804,0.5644018947634286,0.01917808219178082,analytic,3dcbfcfc989eec88,results/raw/crossover_study/revision_multi_tau/3dcbfcfc989eec88.json,8,512,hybrid,B
adult,803,0,0.5623413251903491,0.03,7,soft,0.7067167058227382,0.30917658051191493,0.01917808219178082,analytic,abae880f706f611b,results/raw/crossover_study/revision_multi_tau/abae880f706f611b.json,8,512,hybrid,B
adult,803,0,0.5623413251903491,0.06,7,soft,0.739068786085007,0.158470447879302,0.01917808219178082,analytic,a5907eff118a58bf,results/raw/crossover_study/revision_multi_tau/a5907eff118a58bf.json,8,512,hybrid,B
adult,804,0,0.5623413251903491,0.0,7,hard,0.23223645948498253,1.0,0.01917808219178082,global,d4fa45dbf7282f56,results/raw/crossover_study/revision_multi_tau/d4fa45dbf7282f56.json,8,512,hybrid,B
adult,804,0,0.5623413251903491,0.015,7,soft,0.44956052588139545,0.5644018947634286,0.01917808219178082,analytic,040936aca7340d97,results/raw/crossover_study/revision_multi_tau/040936aca7340d97.json,8,512,hybrid,B
adult,804,0,0.5623413251903491,0.03,7,soft,0.676273723972729,0.30917658051191493,0.01917808219178082,analytic,e7c12fdcdf356035,results/raw/crossover_study/revision_multi_tau/e7c12fdcdf356035.json,8,512,hybrid,B
adult,804,0,0.5623413251903491,0.06,7,soft,0.7563323429150544,0.158470447879302,0.01917808219178082,analytic,84b07f05d7b4d8b1,results/raw/crossover_study/revision_multi_tau/84b07f05d7b4d8b1.json,8,512,hybrid,B
adult,805,0,0.5623413251903491,0.0,7,hard,0.2474697308212026,1.0,0.01917808219178082,global,0a0fd28eac76bf64,results/raw/crossover_study/revision_multi_tau/0a0fd28eac76bf64.json,8,512,hybrid,B
adult,805,0,0.5623413251903491,0.015,7,soft,0.5245329342868988,0.5644018947634286,0.01917808219178082,analytic,b7fe5b834dc80092,results/raw/crossover_study/revision_multi_tau/b7fe5b834dc80092.json,8,512,hybrid,B
adult,805,0,0.5623413251903491,0.03,7,soft,0.5859739688901173,0.30917658051191493,0.01917808219178082,analytic,5c14160ddf664c8c,results/raw/crossover_study/revision_multi_tau/5c14160ddf664c8c.json,8,512,hybrid,B
adult,805,0,0.5623413251903491,0.06,7,soft,0.6392561450079848,0.158470447879302,0.01917808219178082,analytic,5f0ee77266b3b331,results/raw/crossover_study/revision_multi_tau/5f0ee77266b3b331.json,8,512,hybrid,B
adult,806,0,0.5623413251903491,0.0,7,hard,0.23841661676186968,1.0,0.01917808219178082,global,c7dd8b9d64e99a0a,results/raw/crossover_study/revision_multi_tau/c7dd8b9d64e99a0a.json,8,512,hybrid,B
adult,806,0,0.5623413251903491,0.015,7,soft,0.3847782691480867,0.5644018947634286,0.01917808219178082,analytic,1677ba9a8e5730ff,results/raw/crossover_study/revision_multi_tau/1677ba9a8e5730ff.json,8,512,hybrid,B
adult,806,0,0.5623413251903491,0.03,7,soft,0.740202512706529,0.30917658051191493,0.01917808219178082,analytic,da6b359ab7d1a0e3,results/raw/crossover_study/revision_multi_tau/da6b359ab7d1a0e3.json,8,512,hybrid,B
adult,806,0,0.5623413251903491,0.06,7,soft,0.8487318183388611,0.158470447879302,0.01917808219178082,analytic,0e11a587fe8b8ce9,results/raw/crossover_study/revision_multi_tau/0e11a587fe8b8ce9.json,8,512,hybrid,B
adult,807,0,0.5623413251903491,0.0,7,hard,0.2374934499953934,1.0,0.01917808219178082,global,9b90e9f29b3fd73e,results/raw/crossover_study/revision_multi_tau/9b90e9f29b3fd73e.json,8,512,hybrid,B
adult,807,0,0.5623413251903491,0.015,7,soft,0.421412204985873,0.5644018947634286,0.01917808219178082,analytic,299b9d9fe55b876c,results/raw/crossover_study/revision_multi_tau/299b9d9fe55b876c.json,8,512,hybrid,B
adult,807,0,0.5623413251903491,0.03,7,soft,0.6188274963914993,0.30917658051191493,0.01917808219178082,analytic,6ba855a97d458cb2,results/raw/crossover_study/revision_multi_tau/6ba855a97d458cb2.json,8,512,hybrid,B
adult,807,0,0.5623413251903491,0.06,7,soft,0.7009987437427062,0.158470447879302,0.01917808219178082,analytic,68d2de02119ec56b,results/raw/crossover_study/revision_multi_tau/68d2de02119ec56b.json,8,512,hybrid,B
adult,808,0,0.5623413251903491,0.0,7,hard,0.2463358842362263,1.0,0.01917808219178082,global,b68b4aca8d87c831,results/raw/crossover_study/revision_multi_tau/b68b4aca8d87c831.json,8,512,hybrid,B
adult,808,0,0.5623413251903491,0.015,7,soft,0.47669210851606164,0.5644018947634286,0.01917808219178082,analytic,deeedf25d838b537,results/raw/crossover_study/revision_multi_tau/deeedf25d838b537.json,8,512,hybrid,B
adult,808,0,0.5623413251903491,0.03,7,soft,0.6116080717170321,0.30917658051191493,0.01917808219178082,analytic,37ebe29bfcaaf571,results/raw/crossover_study/revision_multi_tau/37ebe29bfcaaf571.json,8,512,hybrid,B
adult,808,0,0.5623413251903491,0.06,7,soft,0.807762835129906,0.158470447879302,0.01917808219178082,analytic,1815de80e8ce90e8,results/raw/crossover_study/revision_multi_tau/1815de80e8ce90e8.json,8,512,hybrid,B
adult,809,0,0.5623413251903491,0.0,7,hard,0.2420712794054419,1.0,0.01917808219178082,global,c0fc0330b838d53d,results/raw/crossover_study/revision_multi_tau/c0fc0330b838d53d.json,8,512,hybrid,B
adult,809,0,0.5623413251903491,0.015,7,soft,0.3749020378431914,0.5644018947634286,0.01917808219178082,analytic,0a37b29a86ccfc57,results/raw/crossover_study/revision_multi_tau/0a37b29a86ccfc57.json,8,512,hybrid,B
adult,809,0,0.5623413251903491,0.03,7,soft,0.6227402484107241,0.30917658051191493,0.01917808219178082,analytic,bf9db481a8ced47e,results/raw/crossover_study/revision_multi_tau/bf9db481a8ced47e.json,8,512,hybrid,B
adult,809,0,0.5623413251903491,0.06,7,soft,0.7124775908267306,0.158470447879302,0.01917808219178082,analytic,33feab3045814eb4,results/raw/crossover_study/revision_multi_tau/33feab3045814eb4.json,8,512,hybrid,B
adult,810,0,0.5623413251903491,0.0,7,hard,0.2038437250476015,1.0,0.01917808219178082,global,5b15aa6274ba5dc2,results/raw/crossover_study/revision_multi_tau/5b15aa6274ba5dc2.json,8,512,hybrid,B
adult,810,0,0.5623413251903491,0.015,7,soft,0.43801186006694925,0.5644018947634286,0.01917808219178082,analytic,fb4ad8597274fcac,results/raw/crossover_study/revision_multi_tau/fb4ad8597274fcac.json,8,512,hybrid,B
adult,810,0,0.5623413251903491,0.03,7,soft,0.7051736638950311,0.30917658051191493,0.01917808219178082,analytic,7d6456f083b1deab,results/raw/crossover_study/revision_multi_tau/7d6456f083b1deab.json,8,512,hybrid,B
adult,810,0,0.5623413251903491,0.06,7,soft,0.7867049781954425,0.158470447879302,0.01917808219178082,analytic,f45c788c93baef93,results/raw/crossover_study/revision_multi_tau/f45c788c93baef93.json,8,512,hybrid,B
adult,811,0,0.5623413251903491,0.0,7,hard,0.19887435891530003,1.0,0.01917808219178082,global,618b80cf2b3f7336,results/raw/crossover_study/revision_multi_tau/618b80cf2b3f7336.json,8,512,hybrid,B
adult,811,0,0.5623413251903491,0.015,7,soft,0.4614850132055771,0.5644018947634286,0.01917808219178082,analytic,67fc5281a4a85611,results/raw/crossover_study/revision_multi_tau/67fc5281a4a85611.json,8,512,hybrid,B
adult,811,0,0.5623413251903491,0.03,7,soft,0.7327423453719059,0.30917658051191493,0.01917808219178082,analytic,d169ed7ae8f4782e,results/raw/crossover_study/revision_multi_tau/d169ed7ae8f4782e.json,8,512,hybrid,B
adult,811,0,0.5623413251903491,0.06,7,soft,0.8610132209323751,0.158470447879302,0.01917808219178082,analytic,98c0d4dd14891a48,results/raw/crossover_study/revision_multi_tau/98c0d4dd14891a48.json,8,512,hybrid,B
adult,800,0,1.0,0.0,7,hard,0.23111024257570167,1.0,0.01917808219178082,global,1cc1c8fb357a6aec,results/raw/crossover_study/revision_multi_tau/1cc1c8fb357a6aec.json,8,512,hybrid,B
adult,800,0,1.0,0.015,7,soft,0.3940882009704563,0.5644018947634287,0.01917808219178082,analytic,5f9c8516e43e4934,results/raw/crossover_study/revision_multi_tau/5f9c8516e43e4934.json,8,512,hybrid,B
adult,800,0,1.0,0.03,7,soft,0.516735333747927,0.30917658051191493,0.01917808219178082,analytic,26a42d3ec101b520,results/raw/crossover_study/revision_multi_tau/26a42d3ec101b520.json,8,512,hybrid,B
adult,800,0,1.0,0.06,7,soft,0.7280832767105829,0.158470447879302,0.01917808219178082,analytic,54b9be333d994b17,results/raw/crossover_study/revision_multi_tau/54b9be333d994b17.json,8,512,hybrid,B
adult,801,0,1.0,0.0,7,hard,0.25504676655303726,1.0,0.01917808219178082,global,d60b31f8cae970da,results/raw/crossover_study/revision_multi_tau/d60b31f8cae970da.json,8,512,hybrid,B
adult,801,0,1.0,0.015,7,soft,0.4757002986610159,0.5644018947634287,0.01917808219178082,analytic,6541509fde240c0c,results/raw/crossover_study/revision_multi_tau/6541509fde240c0c.json,8,512,hybrid,B
adult,801,0,1.0,0.03,7,soft,0.6075490362615932,0.30917658051191493,0.01917808219178082,analytic,cf631f4ed625050c,results/raw/crossover_study/revision_multi_tau/cf631f4ed625050c.json,8,512,hybrid,B
adult,801,0,1.0,0.06,7,soft,0.8971214289278914,0.158470447879302,0.01917808219178082,analytic,be1c172af3184cd6,results/raw/crossover_study/revision_multi_tau/be1c172af3184cd6.json,8,512,hybrid,B
adult,802,0,1.0,0.0,7,hard,0.24155634827406175,1.0,0.01917808219178082,global,6f7554f22b5877cf,results/raw/crossover_study/revision_multi_tau/6f7554f22b5877cf.json,8,512,hybrid,B
adult,802,0,1.0,0.015,7,soft,0.48647481631195877,0.5644018947634287,0.01917808219178082,analytic,ca511040eb57ce62,results/raw/crossover_study/revision_multi_tau/ca511040eb57ce62.json,8,512,hybrid,B
adult,802,0,1.0,0.03,7,soft,0.7056036848934341,0.30917658051191493,0.01917808219178082,analytic,d71a0899466a1d15,results/raw/crossover_study/revision_multi_tau/d71a0899466a1d15.json,8,512,hybrid,B
adult,802,0,1.0,0.06,7,soft,0.7173565524998465,0.158470447879302,0.01917808219178082,analytic,3a28d86258bbf39e,results/raw/crossover_study/revision_multi_tau/3a28d86258bbf39e.json,8,512,hybrid,B
adult,803,0,1.0,0.0,7,hard,0.2292403242276273,1.0,0.01917808219178082,global,578c389fc4960bea,results/raw/crossover_study/revision_multi_tau/578c389fc4960bea.json,8,512,hybrid,B
adult,803,0,1.0,0.015,7,soft,0.47610203227688724,0.5644018947634287,0.01917808219178082,analytic,018dada73f0f412d,results/raw/crossover_study/revision_multi_tau/018dada73f0f412d.json,8,512,hybrid,B
adult,803,0,1.0,0.03,7,soft,0.7195289467016768,0.30917658051191493,0.01917808219178082,analytic,6bcf1453605383f7,results/raw/crossover_study/revision_multi_tau/6bcf1453605383f7.json,8,512,hybrid,B
adult,803,0,1.0,0.06,7,soft,0.7257454289125359,0.158470447879302,0.01917808219178082,analytic,0987e09944139d42,results/raw/crossover_study/revision_multi_tau/0987e09944139d42.json,8,512,hybrid,B
adult,804,0,1.0,0.0,7,hard,0.24818795202229588,1.0,0.01917808219178082,global,34bee18dad5f24dc,results/raw/crossover_study/revision_multi_tau/34bee18dad5f24dc.json,8,512,hybrid,B
adult,804,0,1.0,0.015,7,soft,0.45914332657699164,0.5644018947634287,0.01917808219178082,analytic,fd64d993d00713c1,results/raw/crossover_study/revision_multi_tau/fd64d993d00713c1.json,8,512,hybrid,B
adult,804,0,1.0,0.03,7,soft,0.6807981936382899,0.30917658051191493,0.01917808219178082,analytic,36f83cd518e5e3b8,results/raw/crossover_study/revision_multi_tau/36f83cd518e5e3b8.json,8,512,hybrid,B
adult,804,0,1.0,0.06,7,soft,0.7729432745608378,0.158470447879302,0.01917808219178082,analytic,a63256dadbdc2792,results/raw/crossover_study/revision_multi_tau/a63256dadbdc2792.json,8,512,hybrid,B
adult,805,0,1.0,0.0,7,hard,0.22486093836373683,1.0,0.01917808219178082,global,fed66c658fae817f,results/raw/crossover_study/revision_multi_tau/fed66c658fae817f.json,8,512,hybrid,B
adult,805,0,1.0,0.015,7,soft,0.47074158528345933,0.5644018947634287,0.01917808219178082,analytic,9fdd4bacc608408e,results/raw/crossover_study/revision_multi_tau/9fdd4bacc608408e.json,8,512,hybrid,B
adult,805,0,1.0,0.03,7,soft,0.7542853825010749,0.30917658051191493,0.01917808219178082,analytic,34c0c93ffc16d620,results/raw/crossover_study/revision_multi_tau/34c0c93ffc16d620.json,8,512,hybrid,B
adult,805,0,1.0,0.06,7,soft,0.7406625485612064,0.158470447879302,0.01917808219178082,analytic,856278ab42ca3ca3,results/raw/crossover_study/revision_multi_tau/856278ab42ca3ca3.json,8,512,hybrid,B
adult,806,0,1.0,0.0,7,hard,0.237635486725324,1.0,0.01917808219178082,global,f8440a32150542ee,results/raw/crossover_study/revision_multi_tau/f8440a32150542ee.json,8,512,hybrid,B
adult,806,0,1.0,0.015,7,soft,0.5559073603817334,0.5644018947634287,0.01917808219178082,analytic,eefbad9c6d2ba10f,results/raw/crossover_study/revision_multi_tau/eefbad9c6d2ba10f.json,8,512,hybrid,B
adult,806,0,1.0,0.03,7,soft,0.6592749024937042,0.30917658051191493,0.01917808219178082,analytic,6ffbc2b820c9b924,results/raw/crossover_study/revision_multi_tau/6ffbc2b820c9b924.json,8,512,hybrid,B
adult,806,0,1.0,0.06,7,soft,0.7322400823813033,0.158470447879302,0.01917808219178082,analytic,913027d7039bc3f0,results/raw/crossover_study/revision_multi_tau/913027d7039bc3f0.json,8,512,hybrid,B
adult,807,0,1.0,0.0,7,hard,0.20402542169553467,1.0,0.01917808219178082,global,fed44a9a3716b4a1,results/raw/crossover_study/revision_multi_tau/fed44a9a3716b4a1.json,8,512,hybrid,B
adult,807,0,1.0,0.015,7,soft,0.37063817678582395,0.5644018947634287,0.01917808219178082,analytic,5e5e2648440e3796,results/raw/crossover_study/revision_multi_tau/5e5e2648440e3796.json,8,512,hybrid,B
adult,807,0,1.0,0.03,7,soft,0.7721970778821939,0.30917658051191493,0.01917808219178082,analytic,4cfdae84ad506b93,results/raw/crossover_study/revision_multi_tau/4cfdae84ad506b93.json,8,512,hybrid,B
adult,807,0,1.0,0.06,7,soft,0.7154808039278915,0.158470447879302,0.01917808219178082,analytic,7a13d584d0b822c9,results/raw/crossover_study/revision_multi_tau/7a13d584d0b822c9.json,8,512,hybrid,B
adult,808,0,1.0,0.0,7,hard,0.24252358961366008,1.0,0.01917808219178082,global,57bd6b0a53ed3103,results/raw/crossover_study/revision_multi_tau/57bd6b0a53ed3103.json,8,512,hybrid,B
adult,808,0,1.0,0.015,7,soft,0.4285303565121922,0.5644018947634287,0.01917808219178082,analytic,596472b68cf5c8f0,results/raw/crossover_study/revision_multi_tau/596472b68cf5c8f0.json,8,512,hybrid,B
adult,808,0,1.0,0.03,7,soft,0.7062671547739697,0.30917658051191493,0.01917808219178082,analytic,33180c0cc479a37d,results/raw/crossover_study/revision_multi_tau/33180c0cc479a37d.json,8,512,hybrid,B
adult,808,0,1.0,0.06,7,soft,0.8536429302177384,0.158470447879302,0.01917808219178082,analytic,3957ad6a61c1b020,results/raw/crossover_study/revision_multi_tau/3957ad6a61c1b020.json,8,512,hybrid,B
adult,809,0,1.0,0.0,7,hard,0.238912257769793,1.0,0.01917808219178082,global,fd7969bcc870ae7e,results/raw/crossover_study/revision_multi_tau/fd7969bcc870ae7e.json,8,512,hybrid,B
adult,809,0,1.0,0.015,7,soft,0.4671592126174683,0.5644018947634287,0.01917808219178082,analytic,e132b2ca561b640c,results/raw/crossover_study/revision_multi_tau/e132b2ca561b640c.json,8,512,hybrid,B
adult,809,0,1.0,0.03,7,soft,0.7065431426970088,0.30917658051191493,0.01917808219178082,analytic,d1c7b35fa3760c45,results/raw/crossover_study/revision_multi_tau/d1c7b35fa3760c45.json,8,512,hybrid,B
adult,809,0,1.0,0.06,7,soft,0.7124989683142927,0.158470447879302,0.01917808219178082,analytic,1370bffb2c463b65,results/raw/crossover_study/revision_multi_tau/1370bffb2c463b65.json,8,512,hybrid,B
adult,810,0,1.0,0.0,7,hard,0.22341283551378907,1.0,0.01917808219178082,global,5d981a4dd11ec38e,results/raw/crossover_study/revision_multi_tau/5d981a4dd11ec38e.json,8,512,hybrid,B
adult,810,0,1.0,0.015,7,soft,0.4238602752057613,0.5644018947634287,0.01917808219178082,analytic,c1ea5cfcbc2744f7,results/raw/crossover_study/revision_multi_tau/c1ea5cfcbc2744f7.json,8,512,hybrid,B
adult,810,0,1.0,0.03,7,soft,0.7529955594327743,0.30917658051191493,0.01917808219178082,analytic,88c7ab9dbe8c487f,results/raw/crossover_study/revision_multi_tau/88c7ab9dbe8c487f.json,8,512,hybrid,B
adult,810,0,1.0,0.06,7,soft,0.8232510527992751,0.158470447879302,0.01917808219178082,analytic,a2c89d4ed1f8c732,results/raw/crossover_study/revision_multi_tau/a2c89d4ed1f8c732.json,8,512,hybrid,B
adult,811,0,1.0,0.0,7,hard,0.23051107310668878,1.0,0.01917808219178082,global,22a15df078127689,results/raw/crossover_study/revision_multi_tau/22a15df078127689.json,8,512,hybrid,B
adult,811,0,1.0,0.015,7,soft,0.4756207628907929,0.5644018947634287,0.01917808219178082,analytic,e519ac6dc41bc40f,results/raw/crossover_study/revision_multi_tau/e519ac6dc41bc40f.json,8,512,hybrid,B
adult,811,0,1.0,0.03,7,soft,0.6191773578097168,0.30917658051191493,0.01917808219178082,analytic,488765c1ce9d666c,results/raw/crossover_study/revision_multi_tau/488765c1ce9d666c.json,8,512,hybrid,B
adult,811,0,1.0,0.06,7,soft,0.8078911960260425,0.158470447879302,0.01917808219178082,analytic,942b70b8e3fb1f8d,results/raw/crossover_study/revision_multi_tau/942b70b8e3fb1f8d.json,8,512,hybrid,B
bank,800,0,1e-05,0.0,7,hard,1.2222200096068783,1.0,0.01707317073170732,global,1a14fbda04066129,results/raw/crossover_study/transition/1a14fbda04066129.json,8,512,hybrid,B
bank,800,0,1e-05,0.015,7,soft,1.091765212042464,0.5147021905437561,0.01707317073170732,analytic,01d2483b0f48c757,results/raw/crossover_study/revision_multi_tau/01d2483b0f48c757.json,8,512,hybrid,B
bank,800,0,1e-05,0.03,7,soft,1.0267263871226364,0.27711358485934323,0.01707317073170732,analytic,e3652a437e9f7a38,results/raw/crossover_study/revision_multi_tau/e3652a437e9f7a38.json,8,512,hybrid,B
bank,800,0,1e-05,0.06,7,soft,0.8794318205379852,0.14132411887770005,0.01707317073170732,analytic,05ff71eb5bcc725f,results/raw/crossover_study/revision_multi_tau/05ff71eb5bcc725f.json,8,512,hybrid,B
bank,801,0,1e-05,0.0,7,hard,1.2326493472160789,1.0,0.01707317073170732,global,01a52ba1ebb4e2c0,results/raw/crossover_study/transition/01a52ba1ebb4e2c0.json,8,512,hybrid,B
bank,801,0,1e-05,0.015,7,soft,1.1381408617162445,0.5147021905437561,0.01707317073170732,analytic,ce48fb0ca022229e,results/raw/crossover_study/revision_multi_tau/ce48fb0ca022229e.json,8,512,hybrid,B
bank,801,0,1e-05,0.03,7,soft,1.023303850353865,0.27711358485934323,0.01707317073170732,analytic,6caa307fb016a92c,results/raw/crossover_study/revision_multi_tau/6caa307fb016a92c.json,8,512,hybrid,B
bank,801,0,1e-05,0.06,7,soft,0.8778858215608757,0.14132411887770005,0.01707317073170732,analytic,8290195ff065b36a,results/raw/crossover_study/revision_multi_tau/8290195ff065b36a.json,8,512,hybrid,B
bank,802,0,1e-05,0.0,7,hard,1.1859281695786796,1.0,0.01707317073170732,global,77804a4a6f097154,results/raw/crossover_study/transition/77804a4a6f097154.json,8,512,hybrid,B
bank,802,0,1e-05,0.015,7,soft,1.1445099109808692,0.5147021905437561,0.01707317073170732,analytic,5b7d5be6e118d8cf,results/raw/crossover_study/revision_multi_tau/5b7d5be6e118d8cf.json,8,512,hybrid,B
bank,802,0,1e-05,0.03,7,soft,1.0110967219119762,0.27711358485934323,0.01707317073170732,analytic,272bfbe369e615f2,results/raw/crossover_study/revision_multi_tau/272bfbe369e615f2.json,8,512,hybrid,B
bank,802,0,1e-05,0.06,7,soft,0.9120960273139446,0.14132411887770005,0.01707317073170732,analytic,b55177349c1df239,results/raw/crossover_study/revision_multi_tau/b55177349c1df239.json,8,512,hybrid,B
bank,803,0,1e-05,0.0,7,hard,1.2078460635989163,1.0,0.01707317073170732,global,06e59813b014b3ab,results/raw/crossover_study/transition/06e59813b014b3ab.json,8,512,hybrid,B
bank,803,0,1e-05,0.015,7,soft,1.116566379036271,0.5147021905437561,0.01707317073170732,analytic,3367cf585655afd1,results/raw/crossover_study/revision_multi_tau/3367cf585655afd1.json,8,512,hybrid,B
bank,803,0,1e-05,0.03,7,soft,0.9288696626534337,0.27711358485934323,0.01707317073170732,analytic,a0f8c151546ed16b,results/raw/crossover_study/revision_multi_tau/a0f8c151546ed16b.json,8,512,hybrid,B
bank,803,0,1e-05,0.06,7,soft,0.9341665773941171,0.14132411887770005,0.01707317073170732,analytic,82ef829977e1b1ae,results/raw/crossover_study/revision_multi_tau/82ef829977e1b1ae.json,8,512,hybrid,B
bank,804,0,1e-05,0.0,7,hard,1.2331582439455933,1.0,0.01707317073170732,global,bd3662658b04fe4b,results/raw/crossover_study/transition/bd3662658b04fe4b.json,8,512,hybrid,B
bank,804,0,1e-05,0.015,7,soft,1.1056343217820415,0.5147021905437561,0.01707317073170732,analytic,a44980918e259d75,results/raw/crossover_study/revision_multi_tau/a44980918e259d75.json,8,512,hybrid,B
bank,804,0,1e-05,0.03,7,soft,0.9587914598999225,0.27711358485934323,0.01707317073170732,analytic,98f2d7fc48927005,results/raw/crossover_study/revision_multi_tau/98f2d7fc48927005.json,8,512,hybrid,B
bank,804,0,1e-05,0.06,7,soft,0.929142577477054,0.14132411887770005,0.01707317073170732,analytic,6911db3a4ff58b49,results/raw/crossover_study/revision_multi_tau/6911db3a4ff58b49.json,8,512,hybrid,B
bank,805,0,1e-05,0.0,7,hard,1.2177954892596485,1.0,0.01707317073170732,global,444db273dc1563f5,results/raw/crossover_study/transition/444db273dc1563f5.json,8,512,hybrid,B
bank,805,0,1e-05,0.015,7,soft,1.1433440834761694,0.5147021905437561,0.01707317073170732,analytic,f9d318ceaf411989,results/raw/crossover_study/revision_multi_tau/f9d318ceaf411989.json,8,512,hybrid,B
bank,805,0,1e-05,0.03,7,soft,0.9941797609338717,0.27711358485934323,0.01707317073170732,analytic,bb774d48129402ce,results/raw/crossover_study/revision_multi_tau/bb774d48129402ce.json,8,512,hybrid,B
bank,805,0,1e-05,0.06,7,soft,0.8970849344797079,0.14132411887770005,0.01707317073170732,analytic,6e8c9ce9215faecd,results/raw/crossover_study/revision_multi_tau/6e8c9ce9215faecd.json,8,512,hybrid,B
bank,806,0,1e-05,0.0,7,hard,1.1857799195510341,1.0,0.01707317073170732,global,a6812f13609aca96,results/raw/crossover_study/transition/a6812f13609aca96.json,8,512,hybrid,B
bank,806,0,1e-05,0.015,7,soft,1.0674802419689262,0.5147021905437561,0.01707317073170732,analytic,e7c338751fc8522b,results/raw/crossover_study/revision_multi_tau/e7c338751fc8522b.json,8,512,hybrid,B
bank,806,0,1e-05,0.03,7,soft,0.9385028907027536,0.27711358485934323,0.01707317073170732,analytic,7bf4680930826958,results/raw/crossover_study/revision_multi_tau/7bf4680930826958.json,8,512,hybrid,B
bank,806,0,1e-05,0.06,7,soft,0.8658028827546168,0.14132411887770005,0.01707317073170732,analytic,f56f3fb206b5e7c2,results/raw/crossover_study/revision_multi_tau/f56f3fb206b5e7c2.json,8,512,hybrid,B
bank,807,0,1e-05,0.0,7,hard,1.2076144445289174,1.0,0.01707317073170732,global,84dd2cca8a19792a,results/raw/crossover_study/transition/84dd2cca8a19792a.json,8,512,hybrid,B
bank,807,0,1e-05,0.015,7,soft,1.1131078164740684,0.5147021905437561,0.01707317073170732,analytic,1e8cb5ee2ec1ba08,results/raw/crossover_study/revision_multi_tau/1e8cb5ee2ec1ba08.json,8,512,hybrid,B
bank,807,0,1e-05,0.03,7,soft,0.9674838704661063,0.27711358485934323,0.01707317073170732,analytic,5157882300f8367f,results/raw/crossover_study/revision_multi_tau/5157882300f8367f.json,8,512,hybrid,B
bank,807,0,1e-05,0.06,7,soft,0.8823898232749088,0.14132411887770005,0.01707317073170732,analytic,49cd466eaac17cc5,results/raw/crossover_study/revision_multi_tau/49cd466eaac17cc5.json,8,512,hybrid,B
bank,808,0,1e-05,0.0,7,hard,1.2238333085674005,1.0,0.01707317073170732,global,d9e3b6da7370863a,results/raw/crossover_study/transition/d9e3b6da7370863a.json,8,512,hybrid,B
bank,808,0,1e-05,0.015,7,soft,1.1155380024604669,0.5147021905437561,0.01707317073170732,analytic,cf4370b9bb80245d,results/raw/crossover_study/revision_multi_tau/cf4370b9bb80245d.json,8,512,hybrid,B
bank,808,0,1e-05,0.03,7,soft,1.022991324436028,0.27711358485934323,0.01707317073170732,analytic,8c320b8f9270504e,results/raw/crossover_study/revision_multi_tau/8c320b8f9270504e.json,8,512,hybrid,B
bank,808,0,1e-05,0.06,7,soft,0.9420584291717351,0.14132411887770005,0.01707317073170732,analytic,892627d2c04a2288,results/raw/crossover_study/revision_multi_tau/892627d2c04a2288.json,8,512,hybrid,B
bank,809,0,1e-05,0.0,7,hard,1.2668415400724318,1.0,0.01707317073170732,global,f14be989f2483e4c,results/raw/crossover_study/transition/f14be989f2483e4c.json,8,512,hybrid,B
bank,809,0,1e-05,0.015,7,soft,1.1118889869927018,0.5147021905437561,0.01707317073170732,analytic,6bf47eb6ef7a276d,results/raw/crossover_study/revision_multi_tau/6bf47eb6ef7a276d.json,8,512,hybrid,B
bank,809,0,1e-05,0.03,7,soft,1.0366349921900917,0.27711358485934323,0.01707317073170732,analytic,d058a13ddca98338,results/raw/crossover_study/revision_multi_tau/d058a13ddca98338.json,8,512,hybrid,B
bank,809,0,1e-05,0.06,7,soft,0.9841163831831251,0.14132411887770005,0.01707317073170732,analytic,0b8bfcf46dc32ebb,results/raw/crossover_study/revision_multi_tau/0b8bfcf46dc32ebb.json,8,512,hybrid,B
bank,810,0,1e-05,0.0,7,hard,1.2924789892734712,1.0,0.01707317073170732,global,5204762a159f70ee,results/raw/crossover_study/transition/5204762a159f70ee.json,8,512,hybrid,B
bank,810,0,1e-05,0.015,7,soft,1.0809449902548933,0.5147021905437561,0.01707317073170732,analytic,484f7d1db2276304,results/raw/crossover_study/revision_multi_tau/484f7d1db2276304.json,8,512,hybrid,B
bank,810,0,1e-05,0.03,7,soft,1.0033309172149727,0.27711358485934323,0.01707317073170732,analytic,15a8f59676dcc3eb,results/raw/crossover_study/revision_multi_tau/15a8f59676dcc3eb.json,8,512,hybrid,B
bank,810,0,1e-05,0.06,7,soft,0.9569122871281653,0.14132411887770005,0.01707317073170732,analytic,dd626b2afb747199,results/raw/crossover_study/revision_multi_tau/dd626b2afb747199.json,8,512,hybrid,B
bank,811,0,1e-05,0.0,7,hard,1.2289213255418556,1.0,0.01707317073170732,global,aa6d198627388ffe,results/raw/crossover_study/transition/aa6d198627388ffe.json,8,512,hybrid,B
bank,811,0,1e-05,0.015,7,soft,1.0249611664408937,0.5147021905437561,0.01707317073170732,analytic,a8d903c7d4a2556e,results/raw/crossover_study/revision_multi_tau/a8d903c7d4a2556e.json,8,512,hybrid,B
bank,811,0,1e-05,0.03,7,soft,0.9058594613927899,0.27711358485934323,0.01707317073170732,analytic,f9fe9be8130fc304,results/raw/crossover_study/revision_multi_tau/f9fe9be8130fc304.json,8,512,hybrid,B
bank,811,0,1e-05,0.06,7,soft,0.9201252004312728,0.14132411887770005,0.01707317073170732,analytic,b7c4111453e05c0a,results/raw/crossover_study/revision_multi_tau/b7c4111453e05c0a.json,8,512,hybrid,B
bank,800,0,0.0001,0.0,7,hard,0.9378068671900918,1.0,0.01707317073170732,global,97737b59f4fb182b,results/raw/crossover_study/transition/97737b59f4fb182b.json,8,512,hybrid,B
bank,800,0,0.0001,0.015,7,soft,0.8129282922564414,0.5147021905437561,0.01707317073170732,analytic,3507674bd04f694a,results/raw/crossover_study/revision_multi_tau/3507674bd04f694a.json,8,512,hybrid,B
bank,800,0,0.0001,0.03,7,soft,0.721693445551808,0.27711358485934323,0.01707317073170732,analytic,b71277c26e832834,results/raw/crossover_study/revision_multi_tau/b71277c26e832834.json,8,512,hybrid,B
bank,800,0,0.0001,0.06,7,soft,0.7788833127142542,0.14132411887770005,0.01707317073170732,analytic,8fd22a43b5143c70,results/raw/crossover_study/revision_multi_tau/8fd22a43b5143c70.json,8,512,hybrid,B
bank,801,0,0.0001,0.0,7,hard,0.9683371288565743,1.0,0.01707317073170732,global,9b07b694c758c851,results/raw/crossover_study/transition/9b07b694c758c851.json,8,512,hybrid,B
bank,801,0,0.0001,0.015,7,soft,0.8083950897793875,0.5147021905437561,0.01707317073170732,analytic,92ea44edf8d303f1,results/raw/crossover_study/revision_multi_tau/92ea44edf8d303f1.json,8,512,hybrid,B
bank,801,0,0.0001,0.03,7,soft,0.7302461589765564,0.27711358485934323,0.01707317073170732,analytic,274c5a76aa606445,results/raw/crossover_study/revision_multi_tau/274c5a76aa606445.json,8,512,hybrid,B
bank,801,0,0.0001,0.06,7,soft,0.7474118447970806,0.14132411887770005,0.01707317073170732,analytic,011a4fae662ded6d,results/raw/crossover_study/revision_multi_tau/011a4fae662ded6d.json,8,512,hybrid,B
bank,802,0,0.0001,0.0,7,hard,0.9729489919689263,1.0,0.01707317073170732,global,c0db7d1a2b4b78a5,results/raw/crossover_study/transition/c0db7d1a2b4b78a5.json,8,512,hybrid,B
bank,802,0,0.0001,0.015,7,soft,0.8680014928674114,0.5147021905437561,0.01707317073170732,analytic,bd390a9dce41620b,results/raw/crossover_study/revision_multi_tau/bd390a9dce41620b.json,8,512,hybrid,B
bank,802,0,0.0001,0.03,7,soft,0.7352115413856021,0.27711358485934323,0.01707317073170732,analytic,53b6c6fe7c36f013,results/raw/crossover_study/revision_multi_tau/53b6c6fe7c36f013.json,8,512,hybrid,B
bank,802,0,0.0001,0.06,7,soft,0.72265668196395,0.14132411887770005,0.01707317073170732,analytic,77fc672713895674,results/raw/crossover_study/revision_multi_tau/77fc672713895674.json,8,512,hybrid,B
bank,803,0,0.0001,0.0,7,hard,1.003360895513104,1.0,0.01707317073170732,global,63e17acf7552791e,results/raw/crossover_study/transition/63e17acf7552791e.json,8,512,hybrid,B
bank,803,0,0.0001,0.015,7,soft,0.8317131949436026,0.5147021905437561,0.01707317073170732,analytic,64cfe4f3996e9907,results/raw/crossover_study/revision_multi_tau/64cfe4f3996e9907.json,8,512,hybrid,B
bank,803,0,0.0001,0.03,7,soft,0.6879320935392016,0.27711358485934323,0.01707317073170732,analytic,f23e0671c82650c9,results/raw/crossover_study/revision_multi_tau/f23e0671c82650c9.json,8,512,hybrid,B
bank,803,0,0.0001,0.06,7,soft,0.7459229514541634,0.14132411887770005,0.01707317073170732,analytic,216596434ccd9791,results/raw/crossover_study/revision_multi_tau/216596434ccd9791.json,8,512,hybrid,B
bank,804,0,0.0001,0.0,7,hard,0.9985441950956542,1.0,0.01707317073170732,global,57ccfb02025b44ca,results/raw/crossover_study/transition/57ccfb02025b44ca.json,8,512,hybrid,B
bank,804,0,0.0001,0.015,7,soft,0.8181888788289285,0.5147021905437561,0.01707317073170732,analytic,a347bc8ae7644cea,results/raw/crossover_study/revision_multi_tau/a347bc8ae7644cea.json,8,512,hybrid,B
bank,804,0,0.0001,0.03,7,soft,0.7617879938211877,0.27711358485934323,0.01707317073170732,analytic,9fa37df27f292a70,results/raw/crossover_study/revision_multi_tau/9fa37df27f292a70.json,8,512,hybrid,B
bank,804,0,0.0001,0.06,7,soft,0.7752249668251686,0.14132411887770005,0.01707317073170732,analytic,3d1caf55ebf25d10,results/raw/crossover_study/revision_multi_tau/3d1caf55ebf25d10.json,8,512,hybrid,B
bank,805,0,0.0001,0.0,7,hard,0.9625993517085037,1.0,0.01707317073170732,global,344e39d8e77deea8,results/raw/crossover_study/transition/344e39d8e77deea8.json,8,512,hybrid,B
bank,805,0,0.0001,0.015,7,soft,0.8267850478270485,0.5147021905437561,0.01707317073170732,analytic,19a4e10ec7c8bcb1,results/raw/crossover_study/revision_multi_tau/19a4e10ec7c8bcb1.json,8,512,hybrid,B
bank,805,0,0.0001,0.03,7,soft,0.7792062921596814,0.27711358485934323,0.01707317073170732,analytic,634a53d1d242d581,results/raw/crossover_study/revision_multi_tau/634a53d1d242d581.json,8,512,hybrid,B
bank,805,0,0.0001,0.06,7,soft,0.7727289495327879,0.14132411887770005,0.01707317073170732,analytic,7254fad13fae2c46,results/raw/crossover_study/revision_multi_tau/7254fad13fae2c46.json,8,512,hybrid,B
bank,806,0,0.0001,0.0,7,hard,0.9339458438156585,1.0,0.01707317073170732,global,e221936e72d05ffe,results/raw/crossover_study/transition/e221936e72d05ffe.json,8,512,hybrid,B
bank,806,0,0.0001,0.015,7,soft,0.76353947804932,0.5147021905437561,0.01707317073170732,analytic,99c88d1fde9a6104,results/raw/crossover_study/revision_multi_tau/99c88d1fde9a6104.json,8,512,hybrid,B
bank,806,0,0.0001,0.03,7,soft,0.7219847188433042,0.27711358485934323,0.01707317073170732,analytic,b5d2ea44b3c678c1,results/raw/crossover_study/revision_multi_tau/b5d2ea44b3c678c1.json,8,512,hybrid,B
bank,806,0,0.0001,0.06,7,soft,0.7534434438239522,0.14132411887770005,0.01707317073170732,analytic,1d012a6ce61da044,results/raw/crossover_study/revision_multi_tau/1d012a6ce61da044.json,8,512,hybrid,B
bank,807,0,0.0001,0.0,7,hard,0.9620471289948027,1.0,0.01707317073170732,global,514ebed4f2a23bde,results/raw/crossover_study/transition/514ebed4f2a23bde.json,8,512,hybrid,B
bank,807,0,0.0001,0.015,7,soft,0.7972622988775849,0.5147021905437561,0.01707317073170732,analytic,ccea91b47c1bf956,results/raw/crossover_study/revision_multi_tau/ccea91b47c1bf956.json,8,512,hybrid,B
bank,807,0,0.0001,0.03,7,soft,0.7475886476418225,0.27711358485934323,0.01707317073170732,analytic,035af3d6f28e984a,results/raw/crossover_study/revision_multi_tau/035af3d6f28e984a.json,8,512,hybrid,B
bank,807,0,0.0001,0.06,7,soft,0.758538545007188,0.14132411887770005,0.01707317073170732,analytic,547a9ef3a759f6c8,results/raw/crossover_study/revision_multi_tau/547a9ef3a759f6c8.json,8,512,hybrid,B
bank,808,0,0.0001,0.0,7,hard,1.001111140868628,1.0,0.01707317073170732,global,157dabac609cea3f,results/raw/crossover_study/transition/157dabac609cea3f.json,8,512,hybrid,B
bank,808,0,0.0001,0.015,7,soft,0.8291067676655978,0.5147021905437561,0.01707317073170732,analytic,40673673b5d2b5bf,results/raw/crossover_study/revision_multi_tau/40673673b5d2b5bf.json,8,512,hybrid,B
bank,808,0,0.0001,0.03,7,soft,0.7420325977275242,0.27711358485934323,0.01707317073170732,analytic,ee94a6d8f6ea2ffd,results/raw/crossover_study/revision_multi_tau/ee94a6d8f6ea2ffd.json,8,512,hybrid,B
bank,808,0,0.0001,0.06,7,soft,0.7623012101902022,0.14132411887770005,0.01707317073170732,analytic,8be874798f24a7a8,results/raw/crossover_study/revision_multi_tau/8be874798f24a7a8.json,8,512,hybrid,B
bank,809,0,0.0001,0.0,7,hard,0.9954704260201261,1.0,0.01707317073170732,global,45fb7f725a206122,results/raw/crossover_study/transition/45fb7f725a206122.json,8,512,hybrid,B
bank,809,0,0.0001,0.015,7,soft,0.8866385774908769,0.5147021905437561,0.01707317073170732,analytic,947cffde54403ffd,results/raw/crossover_study/revision_multi_tau/947cffde54403ffd.json,8,512,hybrid,B
bank,809,0,0.0001,0.03,7,soft,0.8018948962595378,0.27711358485934323,0.01707317073170732,analytic,2c9a713be1cc5c17,results/raw/crossover_study/revision_multi_tau/2c9a713be1cc5c17.json,8,512,hybrid,B
bank,809,0,0.0001,0.06,7,soft,0.7962829934065023,0.14132411887770005,0.01707317073170732,analytic,2446251c97211a73,results/raw/crossover_study/revision_multi_tau/2446251c97211a73.json,8,512,hybrid,B
bank,810,0,0.0001,0.0,7,hard,0.98529054759206,1.0,0.01707317073170732,global,d80ee5850918f886,results/raw/crossover_study/transition/d80ee5850918f886.json,8,512,hybrid,B
bank,810,0,0.0001,0.015,7,soft,0.8300099178922924,0.5147021905437561,0.01707317073170732,analytic,ff294b0391af9f71,results/raw/crossover_study/revision_multi_tau/ff294b0391af9f71.json,8,512,hybrid,B
bank,810,0,0.0001,0.03,7,soft,0.7628702363015591,0.27711358485934323,0.01707317073170732,analytic,bffb466ab7c31f32,results/raw/crossover_study/revision_multi_tau/bffb466ab7c31f32.json,8,512,hybrid,B
bank,810,0,0.0001,0.06,7,soft,0.7400521726058831,0.14132411887770005,0.01707317073170732,analytic,eda30c4f14184747,results/raw/crossover_study/revision_multi_tau/eda30c4f14184747.json,8,512,hybrid,B
bank,811,0,0.0001,0.0,7,hard,1.0142656526456928,1.0,0.01707317073170732,global,985972544a836fdc,results/raw/crossover_study/transition/985972544a836fdc.json,8,512,hybrid,B
bank,811,0,0.0001,0.015,7,soft,0.7979647154567069,0.5147021905437561,0.01707317073170732,analytic,a260be12fd12b426,results/raw/crossover_study/revision_multi_tau/a260be12fd12b426.json,8,512,hybrid,B
bank,811,0,0.0001,0.03,7,soft,0.6888390450486565,0.27711358485934323,0.01707317073170732,analytic,a3adf5d102dbbd44,results/raw/crossover_study/revision_multi_tau/a3adf5d102dbbd44.json,8,512,hybrid,B
bank,811,0,0.0001,0.06,7,soft,0.7785556680581666,0.14132411887770005,0.01707317073170732,analytic,150f3ff741130a7a,results/raw/crossover_study/revision_multi_tau/150f3ff741130a7a.json,8,512,hybrid,B
bank,800,0,0.0003,0.0,7,hard,0.8317723740047551,1.0,0.01707317073170732,global,3358d42be817e5f2,results/raw/crossover_study/transition/3358d42be817e5f2.json,8,512,hybrid,B
bank,800,0,0.0003,0.015,7,soft,0.7002249668251687,0.5147021905437561,0.01707317073170732,analytic,1e5ca90c461d9e74,results/raw/crossover_study/revision_multi_tau/1e5ca90c461d9e74.json,8,512,hybrid,B
bank,800,0,0.0003,0.03,7,soft,0.6816524176158354,0.27711358485934323,0.01707317073170732,analytic,5eb0d90d96ae6e35,results/raw/crossover_study/revision_multi_tau/5eb0d90d96ae6e35.json,8,512,hybrid,B
bank,800,0,0.0003,0.06,7,soft,0.794946885712706,0.14132411887770002,0.01707317073170732,analytic,60fd20b19e7820fd,results/raw/crossover_study/revision_multi_tau/60fd20b19e7820fd.json,8,512,hybrid,B
bank,801,0,0.0003,0.0,7,hard,0.8425617535662944,1.0,0.01707317073170732,global,556cffe00510fd95,results/raw/crossover_study/transition/556cffe00510fd95.json,8,512,hybrid,B
bank,801,0,0.0003,0.015,7,soft,0.6878855278253898,0.5147021905437561,0.01707317073170732,analytic,5eab3ef367f8d10e,results/raw/crossover_study/revision_multi_tau/5eab3ef367f8d10e.json,8,512,hybrid,B
bank,801,0,0.0003,0.03,7,soft,0.6537175681466328,0.27711358485934323,0.01707317073170732,analytic,47bd0bfe94edf182,results/raw/crossover_study/revision_multi_tau/47bd0bfe94edf182.json,8,512,hybrid,B
bank,801,0,0.0003,0.06,7,soft,0.8160475039395111,0.14132411887770002,0.01707317073170732,analytic,1197f4c825523a9c,results/raw/crossover_study/revision_multi_tau/1197f4c825523a9c.json,8,512,hybrid,B
bank,802,0,0.0003,0.0,7,hard,0.8069672329426076,1.0,0.01707317073170732,global,8f46a156730d4211,results/raw/crossover_study/transition/8f46a156730d4211.json,8,512,hybrid,B
bank,802,0,0.0003,0.015,7,soft,0.6996266967543956,0.5147021905437561,0.01707317073170732,analytic,d153838d2b237d26,results/raw/crossover_study/revision_multi_tau/d153838d2b237d26.json,8,512,hybrid,B
bank,802,0,0.0003,0.03,7,soft,0.6624120953361716,0.27711358485934323,0.01707317073170732,analytic,0fb6f16188555c9c,results/raw/crossover_study/revision_multi_tau/0fb6f16188555c9c.json,8,512,hybrid,B
bank,802,0,0.0003,0.06,7,soft,0.7331118078209664,0.14132411887770002,0.01707317073170732,analytic,862e98b30eee4dce,results/raw/crossover_study/revision_multi_tau/862e98b30eee4dce.json,8,512,hybrid,B
bank,803,0,0.0003,0.0,7,hard,0.8412306998507134,1.0,0.01707317073170732,global,7e8d7bdb87faa18b,results/raw/crossover_study/transition/7e8d7bdb87faa18b.json,8,512,hybrid,B
bank,803,0,0.0003,0.015,7,soft,0.6888623279055623,0.5147021905437561,0.01707317073170732,analytic,bbd8f0149f15762b,results/raw/crossover_study/revision_multi_tau/bbd8f0149f15762b.json,8,512,hybrid,B
bank,803,0,0.0003,0.03,7,soft,0.6493796997677762,0.27711358485934323,0.01707317073170732,analytic,114e5a3b302c3f7e,results/raw/crossover_study/revision_multi_tau/114e5a3b302c3f7e.json,8,512,hybrid,B
bank,803,0,0.0003,0.06,7,soft,0.7248017285469424,0.14132411887770002,0.01707317073170732,analytic,71cd2ea5ede79ccd,results/raw/crossover_study/revision_multi_tau/71cd2ea5ede79ccd.json,8,512,hybrid,B
bank,804,0,0.0003,0.0,7,hard,0.9116849704191088,1.0,0.01707317073170732,global,d6a0c7a782aaff87,results/raw/crossover_study/transition/d6a0c7a782aaff87.json,8,512,hybrid,B
bank,804,0,0.0003,0.015,7,soft,0.6734789253428066,0.5147021905437561,0.01707317073170732,analytic,b414a2ffa08b2984,results/raw/crossover_study/revision_multi_tau/b414a2ffa08b2984.json,8,512,hybrid,B
bank,804,0,0.0003,0.03,7,soft,0.6434588994940837,0.27711358485934323,0.01707317073170732,analytic,86f14444a7c3cdf3,results/raw/crossover_study/revision_multi_tau/86f14444a7c3cdf3.json,8,512,hybrid,B
bank,804,0,0.0003,0.06,7,soft,0.737191361757713,0.14132411887770002,0.01707317073170732,analytic,75a388d5bf15abbb,results/raw/crossover_study/revision_multi_tau/75a388d5bf15abbb.json,8,512,hybrid,B
bank,805,0,0.0003,0.0,7,hard,0.8463858008266062,1.0,0.01707317073170732,global,1bcd1c7e6a5b31a9,results/raw/crossover_study/transition/1bcd1c7e6a5b31a9.json,8,512,hybrid,B
bank,805,0,0.0003,0.015,7,soft,0.7078340118047108,0.5147021905437561,0.01707317073170732,analytic,a3fa1217de7fcea0,results/raw/crossover_study/revision_multi_tau/a3fa1217de7fcea0.json,8,512,hybrid,B
bank,805,0,0.0003,0.03,7,soft,0.6997317935834347,0.27711358485934323,0.01707317073170732,analytic,bd4a0efe59e19565,results/raw/crossover_study/revision_multi_tau/bd4a0efe59e19565.json,8,512,hybrid,B
bank,805,0,0.0003,0.06,7,soft,0.7348070503428066,0.14132411887770002,0.01707317073170732,analytic,163a52f1a1640a7b,results/raw/crossover_study/revision_multi_tau/163a52f1a1640a7b.json,8,512,hybrid,B
bank,806,0,0.0003,0.0,7,hard,0.7682245590511998,1.0,0.01707317073170732,global,b959c1829c9115b3,results/raw/crossover_study/transition/b959c1829c9115b3.json,8,512,hybrid,B
bank,806,0,0.0003,0.015,7,soft,0.697319231726197,0.5147021905437561,0.01707317073170732,analytic,695db7a9703ef4d2,results/raw/crossover_study/revision_multi_tau/695db7a9703ef4d2.json,8,512,hybrid,B
bank,806,0,0.0003,0.03,7,soft,0.6991116661367909,0.27711358485934323,0.01707317073170732,analytic,6f95d4f77f416d1f,results/raw/crossover_study/revision_multi_tau/6f95d4f77f416d1f.json,8,512,hybrid,B
bank,806,0,0.0003,0.06,7,soft,0.7432314704744001,0.14132411887770002,0.01707317073170732,analytic,e7e74c13ea47ec62,results/raw/crossover_study/revision_multi_tau/e7e74c13ea47ec62.json,8,512,hybrid,B
bank,807,0,0.0003,0.0,7,hard,0.8478640678563529,1.0,0.01707317073170732,global,d91df565f3e74e36,results/raw/crossover_study/transition/d91df565f3e74e36.json,8,512,hybrid,B
bank,807,0,0.0003,0.015,7,soft,0.6405338124101515,0.5147021905437561,0.01707317073170732,analytic,85d437c850dde795,results/raw/crossover_study/revision_multi_tau/85d437c850dde795.json,8,512,hybrid,B
bank,807,0,0.0003,0.03,7,soft,0.647841216963397,0.27711358485934323,0.01707317073170732,analytic,c79e26a80d77c32c,results/raw/crossover_study/revision_multi_tau/c79e26a80d77c32c.json,8,512,hybrid,B
bank,807,0,0.0003,0.06,7,soft,0.7344059718152162,0.14132411887770002,0.01707317073170732,analytic,9540c3360b8ea6be,results/raw/crossover_study/revision_multi_tau/9540c3360b8ea6be.json,8,512,hybrid,B
bank,808,0,0.0003,0.0,7,hard,0.8883313146218068,1.0,0.01707317073170732,global,d661e73a5bbf5679,results/raw/crossover_study/transition/d661e73a5bbf5679.json,8,512,hybrid,B
bank,808,0,0.0003,0.015,7,soft,0.6978027721718456,0.5147021905437561,0.01707317073170732,analytic,8ea6412ea7a20dbf,results/raw/crossover_study/revision_multi_tau/8ea6412ea7a20dbf.json,8,512,hybrid,B
bank,808,0,0.0003,0.03,7,soft,0.6305751427208891,0.27711358485934323,0.01707317073170732,analytic,06feefd95c13c98c,results/raw/crossover_study/revision_multi_tau/06feefd95c13c98c.json,8,512,hybrid,B
bank,808,0,0.0003,0.06,7,soft,0.6937630021148955,0.14132411887770002,0.01707317073170732,analytic,ac0a4d5acbfc53a2,results/raw/crossover_study/revision_multi_tau/ac0a4d5acbfc53a2.json,8,512,hybrid,B
bank,809,0,0.0003,0.0,7,hard,0.9551712132312288,1.0,0.01707317073170732,global,5549c29dc37c9a6a,results/raw/crossover_study/transition/5549c29dc37c9a6a.json,8,512,hybrid,B
bank,809,0,0.0003,0.015,7,soft,0.7777492345598807,0.5147021905437561,0.01707317073170732,analytic,b0047df3edd781e9,results/raw/crossover_study/revision_multi_tau/b0047df3edd781e9.json,8,512,hybrid,B
bank,809,0,0.0003,0.03,7,soft,0.700284923421431,0.27711358485934323,0.01707317073170732,analytic,f4e8219b757afa38,results/raw/crossover_study/revision_multi_tau/f4e8219b757afa38.json,8,512,hybrid,B
bank,809,0,0.0003,0.06,7,soft,0.7537305270651332,0.14132411887770002,0.01707317073170732,analytic,a1040aed554e8367,results/raw/crossover_study/revision_multi_tau/a1040aed554e8367.json,8,512,hybrid,B
bank,810,0,0.0003,0.0,7,hard,0.8366149490628111,1.0,0.01707317073170732,global,21312f64b84ff932,results/raw/crossover_study/transition/21312f64b84ff932.json,8,512,hybrid,B
bank,810,0,0.0003,0.015,7,soft,0.6410499661340264,0.5147021905437561,0.01707317073170732,analytic,d28ee1cde7aa3a21,results/raw/crossover_study/revision_multi_tau/d28ee1cde7aa3a21.json,8,512,hybrid,B
bank,810,0,0.0003,0.03,7,soft,0.6858118416869401,0.27711358485934323,0.01707317073170732,analytic,fdf220ff79128df1,results/raw/crossover_study/revision_multi_tau/fdf220ff79128df1.json,8,512,hybrid,B
bank,810,0,0.0003,0.06,7,soft,0.7455662788206346,0.14132411887770002,0.01707317073170732,analytic,633835002c6335e9,results/raw/crossover_study/revision_multi_tau/633835002c6335e9.json,8,512,hybrid,B
bank,811,0,0.0003,0.0,7,hard,0.7867755100630323,1.0,0.01707317073170732,global,fbe7c790809a84d2,results/raw/crossover_study/transition/fbe7c790809a84d2.json,8,512,hybrid,B
bank,811,0,0.0003,0.015,7,soft,0.6264420252543403,0.5147021905437561,0.01707317073170732,analytic,1b8a0e4dfa8a3705,results/raw/crossover_study/revision_multi_tau/1b8a0e4dfa8a3705.json,8,512,hybrid,B
bank,811,0,0.0003,0.03,7,soft,0.6800261597368131,0.27711358485934323,0.01707317073170732,analytic,cc1252aaa77978df,results/raw/crossover_study/revision_multi_tau/cc1252aaa77978df.json,8,512,hybrid,B
bank,811,0,0.0003,0.06,7,soft,0.7161887993475616,0.14132411887770002,0.01707317073170732,analytic,1628093e1af5f407,results/raw/crossover_study/revision_multi_tau/1628093e1af5f407.json,8,512,hybrid,B
bank,800,0,0.0006,0.0,7,hard,0.7243387495853145,1.0,0.01707317073170732,global,ef4f7994f03b65c8,results/raw/crossover_study/transition/ef4f7994f03b65c8.json,8,512,hybrid,B
bank,800,0,0.0006,0.015,7,soft,0.6337825182461573,0.5147021905437561,0.01707317073170732,analytic,aa288e78bf4cc07e,results/raw/crossover_study/revision_multi_tau/aa288e78bf4cc07e.json,8,512,hybrid,B
bank,800,0,0.0006,0.03,7,soft,0.6410229683871503,0.27711358485934323,0.01707317073170732,analytic,3ac8dcb7648fe508,results/raw/crossover_study/revision_multi_tau/3ac8dcb7648fe508.json,8,512,hybrid,B
bank,800,0,0.0006,0.06,7,soft,0.7732412587775074,0.14132411887770005,0.01707317073170732,analytic,4646f41374aede3f,results/raw/crossover_study/revision_multi_tau/4646f41374aede3f.json,8,512,hybrid,B
bank,801,0,0.0006,0.0,7,hard,0.720780878511003,1.0,0.01707317073170732,global,b1cd944803cacf6a,results/raw/crossover_study/transition/b1cd944803cacf6a.json,8,512,hybrid,B
bank,801,0,0.0006,0.015,7,soft,0.6506887665183013,0.5147021905437561,0.01707317073170732,analytic,0d21a944f2779428,results/raw/crossover_study/revision_multi_tau/0d21a944f2779428.json,8,512,hybrid,B
bank,801,0,0.0006,0.03,7,soft,0.6369688139306646,0.27711358485934323,0.01707317073170732,analytic,872032074021fadf,results/raw/crossover_study/revision_multi_tau/872032074021fadf.json,8,512,hybrid,B
bank,801,0,0.0006,0.06,7,soft,0.7809071934092668,0.14132411887770005,0.01707317073170732,analytic,94113fc69eca923f,results/raw/crossover_study/revision_multi_tau/94113fc69eca923f.json,8,512,hybrid,B
bank,802,0,0.0006,0.0,7,hard,0.7173320351376755,1.0,0.01707317073170732,global,8c1097521be33039,results/raw/crossover_study/transition/8c1097521be33039.json,8,512,hybrid,B
bank,802,0,0.0006,0.015,7,soft,0.6287911316073205,0.5147021905437561,0.01707317073170732,analytic,6e154614b0b6949f,results/raw/crossover_study/revision_multi_tau/6e154614b0b6949f.json,8,512,hybrid,B
bank,802,0,0.0006,0.03,7,soft,0.6250443195012717,0.27711358485934323,0.01707317073170732,analytic,5b92e5565088d34c,results/raw/crossover_study/revision_multi_tau/5b92e5565088d34c.json,8,512,hybrid,B
bank,802,0,0.0006,0.06,7,soft,0.7320622650116111,0.14132411887770005,0.01707317073170732,analytic,29e219fd9ff74db2,results/raw/crossover_study/revision_multi_tau/29e219fd9ff74db2.json,8,512,hybrid,B
bank,803,0,0.0006,0.0,7,hard,0.7281907449131925,1.0,0.01707317073170732,global,224debbe7440e9d3,results/raw/crossover_study/transition/224debbe7440e9d3.json,8,512,hybrid,B
bank,803,0,0.0006,0.015,7,soft,0.5902700984186662,0.5147021905437561,0.01707317073170732,analytic,4199d46b4384ab04,results/raw/crossover_study/revision_multi_tau/4199d46b4384ab04.json,8,512,hybrid,B
bank,803,0,0.0006,0.03,7,soft,0.6100887772310075,0.27711358485934323,0.01707317073170732,analytic,79367361521694d7,results/raw/crossover_study/revision_multi_tau/79367361521694d7.json,8,512,hybrid,B
bank,803,0,0.0006,0.06,7,soft,0.7600273519573149,0.14132411887770005,0.01707317073170732,analytic,dcb5007f37986f2a,results/raw/crossover_study/revision_multi_tau/dcb5007f37986f2a.json,8,512,hybrid,B
bank,804,0,0.0006,0.0,7,hard,0.7513566691778171,1.0,0.01707317073170732,global,a3f4d0f951b7bba2,results/raw/crossover_study/transition/a3f4d0f951b7bba2.json,8,512,hybrid,B
bank,804,0,0.0006,0.015,7,soft,0.6168371772365365,0.5147021905437561,0.01707317073170732,analytic,5266ae284d3231ae,results/raw/crossover_study/revision_multi_tau/5266ae284d3231ae.json,8,512,hybrid,B
bank,804,0,0.0006,0.03,7,soft,0.6041975232914962,0.27711358485934323,0.01707317073170732,analytic,cfa101d14183cd74,results/raw/crossover_study/revision_multi_tau/cfa101d14183cd74.json,8,512,hybrid,B
bank,804,0,0.0006,0.06,7,soft,0.7439069325030411,0.14132411887770005,0.01707317073170732,analytic,ca48a8f8688a4ab1,results/raw/crossover_study/revision_multi_tau/ca48a8f8688a4ab1.json,8,512,hybrid,B
bank,805,0,0.0006,0.0,7,hard,0.7558392886763243,1.0,0.01707317073170732,global,7506e5f5003488fa,results/raw/crossover_study/transition/7506e5f5003488fa.json,8,512,hybrid,B
bank,805,0,0.0006,0.015,7,soft,0.6291760978795755,0.5147021905437561,0.01707317073170732,analytic,b68ce85af1e73721,results/raw/crossover_study/revision_multi_tau/b68ce85af1e73721.json,8,512,hybrid,B
bank,805,0,0.0006,0.03,7,soft,0.65442357002654,0.27711358485934323,0.01707317073170732,analytic,9e003cae6c8a0852,results/raw/crossover_study/revision_multi_tau/9e003cae6c8a0852.json,8,512,hybrid,B
bank,805,0,0.0006,0.06,7,soft,0.7295163126866083,0.14132411887770005,0.01707317073170732,analytic,8969a1990e4fbdc5,results/raw/crossover_study/revision_multi_tau/8969a1990e4fbdc5.json,8,512,hybrid,B
bank,806,0,0.0006,0.0,7,hard,0.7008627615973682,1.0,0.01707317073170732,global,66e9fe1853a247cd,results/raw/crossover_study/transition/66e9fe1853a247cd.json,8,512,hybrid,B
bank,806,0,0.0006,0.015,7,soft,0.6093642009012495,0.5147021905437561,0.01707317073170732,analytic,b683de2eceaa2fc5,results/raw/crossover_study/revision_multi_tau/b683de2eceaa2fc5.json,8,512,hybrid,B
bank,806,0,0.0006,0.03,7,soft,0.64192486591839,0.27711358485934323,0.01707317073170732,analytic,8529b4f6b86a9e9a,results/raw/crossover_study/revision_multi_tau/8529b4f6b86a9e9a.json,8,512,hybrid,B
bank,806,0,0.0006,0.06,7,soft,0.6811062423974343,0.14132411887770005,0.01707317073170732,analytic,a7bd2782cdfe688c,results/raw/crossover_study/revision_multi_tau/a7bd2782cdfe688c.json,8,512,hybrid,B
bank,807,0,0.0006,0.0,7,hard,0.6693135401691915,1.0,0.01707317073170732,global,a59c0dce0a7ba0bf,results/raw/crossover_study/transition/a59c0dce0a7ba0bf.json,8,512,hybrid,B
bank,807,0,0.0006,0.015,7,soft,0.6574557841700763,0.5147021905437561,0.01707317073170732,analytic,53b04f3fcf33a132,results/raw/crossover_study/revision_multi_tau/53b04f3fcf33a132.json,8,512,hybrid,B
bank,807,0,0.0006,0.03,7,soft,0.6454201886127391,0.27711358485934323,0.01707317073170732,analytic,c8b8f93521342983,results/raw/crossover_study/revision_multi_tau/c8b8f93521342983.json,8,512,hybrid,B
bank,807,0,0.0006,0.06,7,soft,0.6968508532151941,0.14132411887770005,0.01707317073170732,analytic,d9a248646af8deb4,results/raw/crossover_study/revision_multi_tau/d9a248646af8deb4.json,8,512,hybrid,B
bank,808,0,0.0006,0.0,7,hard,0.7462500777535109,1.0,0.01707317073170732,global,3296d8a57d9015a6,results/raw/crossover_study/transition/3296d8a57d9015a6.json,8,512,hybrid,B
bank,808,0,0.0006,0.015,7,soft,0.6336047218843304,0.5147021905437561,0.01707317073170732,analytic,74fc37b5974fc48b,results/raw/crossover_study/revision_multi_tau/74fc37b5974fc48b.json,8,512,hybrid,B
bank,808,0,0.0006,0.03,7,soft,0.6518532117383612,0.27711358485934323,0.01707317073170732,analytic,5372ad56af528d6c,results/raw/crossover_study/revision_multi_tau/5372ad56af528d6c.json,8,512,hybrid,B
bank,808,0,0.0006,0.06,7,soft,0.7174187734988389,0.14132411887770005,0.01707317073170732,analytic,37f187a391031c0b,results/raw/crossover_study/revision_multi_tau/37f187a391031c0b.json,8,512,hybrid,B
bank,809,0,0.0006,0.0,7,hard,0.819768355012164,1.0,0.01707317073170732,global,7d7d65dc09559346,results/raw/crossover_study/transition/7d7d65dc09559346.json,8,512,hybrid,B
bank,809,0,0.0006,0.015,7,soft,0.7074553954025213,0.5147021905437561,0.01707317073170732,analytic,fb14a3ed20784b76,results/raw/crossover_study/revision_multi_tau/fb14a3ed20784b76.json,8,512,hybrid,B
bank,809,0,0.0006,0.03,7,soft,0.7000192655921706,0.27711358485934323,0.01707317073170732,analytic,3e2fda7a78df5308,results/raw/crossover_study/revision_multi_tau/3e2fda7a78df5308.json,8,512,hybrid,B
bank,809,0,0.0006,0.06,7,soft,0.7618253155064691,0.14132411887770005,0.01707317073170732,analytic,510f6c9533936717,results/raw/crossover_study/revision_multi_tau/510f6c9533936717.json,8,512,hybrid,B
bank,810,0,0.0006,0.0,7,hard,0.776559692234325,1.0,0.01707317073170732,global,c5c9a918d8c57ca7,results/raw/crossover_study/transition/c5c9a918d8c57ca7.json,8,512,hybrid,B
bank,810,0,0.0006,0.015,7,soft,0.617085124543846,0.5147021905437561,0.01707317073170732,analytic,72d7651610c27ccc,results/raw/crossover_study/revision_multi_tau/72d7651610c27ccc.json,8,512,hybrid,B
bank,810,0,0.0006,0.03,7,soft,0.67239491181024,0.27711358485934323,0.01707317073170732,analytic,e9482a5f46dbe246,results/raw/crossover_study/revision_multi_tau/e9482a5f46dbe246.json,8,512,hybrid,B
bank,810,0,0.0006,0.06,7,soft,0.7269440969534446,0.14132411887770005,0.01707317073170732,analytic,05c6d127795cdbf5,results/raw/crossover_study/revision_multi_tau/05c6d127795cdbf5.json,8,512,hybrid,B
bank,811,0,0.0006,0.0,7,hard,0.8074847689511223,1.0,0.01707317073170732,global,7d0882e24922507e,results/raw/crossover_study/transition/7d0882e24922507e.json,8,512,hybrid,B
bank,811,0,0.0006,0.015,7,soft,0.632633148567953,0.5147021905437561,0.01707317073170732,analytic,94ea82831dad4868,results/raw/crossover_study/revision_multi_tau/94ea82831dad4868.json,8,512,hybrid,B
bank,811,0,0.0006,0.03,7,soft,0.6517830607928785,0.27711358485934323,0.01707317073170732,analytic,55064df62d3469f7,results/raw/crossover_study/revision_multi_tau/55064df62d3469f7.json,8,512,hybrid,B
bank,811,0,0.0006,0.06,7,soft,0.6643700151360168,0.14132411887770005,0.01707317073170732,analytic,2b1d6b490023eb59,results/raw/crossover_study/revision_multi_tau/2b1d6b490023eb59.json,8,512,hybrid,B
bank,800,0,0.001,0.0,7,hard,0.6155642658686276,1.0,0.01707317073170732,global,b8e792545376254b,results/raw/crossover_study/transition/b8e792545376254b.json,8,512,hybrid,B
bank,800,0,0.001,0.015,7,soft,0.6190007118765897,0.5147021905437561,0.01707317073170732,analytic,7cdcb46781b6b9b9,results/raw/crossover_study/revision_multi_tau/7cdcb46781b6b9b9.json,8,512,hybrid,B
bank,800,0,0.001,0.03,7,soft,0.6503201716797522,0.27711358485934323,0.01707317073170732,analytic,39836cac54e0caa3,results/raw/crossover_study/revision_multi_tau/39836cac54e0caa3.json,8,512,hybrid,B
bank,800,0,0.001,0.06,7,soft,0.7587282635740351,0.14132411887770005,0.01707317073170732,analytic,8599c170ca9f5010,results/raw/crossover_study/revision_multi_tau/8599c170ca9f5010.json,8,512,hybrid,B
bank,801,0,0.001,0.0,7,hard,0.7031662093608315,1.0,0.01707317073170732,global,8c8290a5e6131af1,results/raw/crossover_study/transition/8c8290a5e6131af1.json,8,512,hybrid,B
bank,801,0,0.001,0.015,7,soft,0.6020297554047329,0.5147021905437561,0.01707317073170732,analytic,9b60850dc625cf8c,results/raw/crossover_study/revision_multi_tau/9b60850dc625cf8c.json,8,512,hybrid,B
bank,801,0,0.001,0.03,7,soft,0.6289157964032953,0.27711358485934323,0.01707317073170732,analytic,6db07c81a466fa69,results/raw/crossover_study/revision_multi_tau/6db07c81a466fa69.json,8,512,hybrid,B
bank,801,0,0.001,0.06,7,soft,0.7696417463784142,0.14132411887770005,0.01707317073170732,analytic,266e9be499e29e5d,results/raw/crossover_study/revision_multi_tau/266e9be499e29e5d.json,8,512,hybrid,B
bank,802,0,0.001,0.0,7,hard,0.6814957010947694,1.0,0.01707317073170732,global,9b0a352900abc24c,results/raw/crossover_study/transition/9b0a352900abc24c.json,8,512,hybrid,B
bank,802,0,0.001,0.015,7,soft,0.6074949633003428,0.5147021905437561,0.01707317073170732,analytic,844d19dfe252abac,results/raw/crossover_study/revision_multi_tau/844d19dfe252abac.json,8,512,hybrid,B
bank,802,0,0.001,0.03,7,soft,0.6355307627446644,0.27711358485934323,0.01707317073170732,analytic,a40291971e0f977d,results/raw/crossover_study/revision_multi_tau/a40291971e0f977d.json,8,512,hybrid,B
bank,802,0,0.001,0.06,7,soft,0.7086209205324561,0.14132411887770005,0.01707317073170732,analytic,0a34e684ce0243b1,results/raw/crossover_study/revision_multi_tau/0a34e684ce0243b1.json,8,512,hybrid,B
bank,803,0,0.001,0.0,7,hard,0.6441750957232113,1.0,0.01707317073170732,global,b4e9591b3fb87f3e,results/raw/crossover_study/transition/b4e9591b3fb87f3e.json,8,512,hybrid,B
bank,803,0,0.001,0.015,7,soft,0.5833134917892292,0.5147021905437561,0.01707317073170732,analytic,4821cca789e72c7b,results/raw/crossover_study/revision_multi_tau/4821cca789e72c7b.json,8,512,hybrid,B
bank,803,0,0.001,0.03,7,soft,0.6293416264652216,0.27711358485934323,0.01707317073170732,analytic,4e58649cfbb24636,results/raw/crossover_study/revision_multi_tau/4e58649cfbb24636.json,8,512,hybrid,B
bank,803,0,0.001,0.06,7,soft,0.709738800038704,0.14132411887770005,0.01707317073170732,analytic,011479eda97f04d5,results/raw/crossover_study/revision_multi_tau/011479eda97f04d5.json,8,512,hybrid,B
bank,804,0,0.001,0.0,7,hard,0.6801752736923588,1.0,0.01707317073170732,global,21129f7c26c7c632,results/raw/crossover_study/transition/21129f7c26c7c632.json,8,512,hybrid,B
bank,804,0,0.001,0.015,7,soft,0.6089682195482693,0.5147021905437561,0.01707317073170732,analytic,ca3a010a870aa487,results/raw/crossover_study/revision_multi_tau/ca3a010a870aa487.json,8,512,hybrid,B
bank,804,0,0.001,0.03,7,soft,0.6509844890384827,0.27711358485934323,0.01707317073170732,analytic,81160e700fdd5cde,results/raw/crossover_study/revision_multi_tau/81160e700fdd5cde.json,8,512,hybrid,B
bank,804,0,0.001,0.06,7,soft,0.7027073340567289,0.14132411887770005,0.01707317073170732,analytic,d54c048fbca94704,results/raw/crossover_study/revision_multi_tau/d54c048fbca94704.json,8,512,hybrid,B
bank,805,0,0.001,0.0,7,hard,0.6708483512799955,1.0,0.01707317073170732,global,f5d0ab0060c4d6ad,results/raw/crossover_study/transition/f5d0ab0060c4d6ad.json,8,512,hybrid,B
bank,805,0,0.001,0.015,7,soft,0.615158219755612,0.5147021905437561,0.01707317073170732,analytic,e469fa6636f9ccf1,results/raw/crossover_study/revision_multi_tau/e469fa6636f9ccf1.json,8,512,hybrid,B
bank,805,0,0.001,0.03,7,soft,0.6366470439842973,0.27711358485934323,0.01707317073170732,analytic,ab25c91e2d3f9171,results/raw/crossover_study/revision_multi_tau/ab25c91e2d3f9171.json,8,512,hybrid,B
bank,805,0,0.001,0.06,7,soft,0.7282416302665045,0.14132411887770005,0.01707317073170732,analytic,9e0f7bbe995f652e,results/raw/crossover_study/revision_multi_tau/9e0f7bbe995f652e.json,8,512,hybrid,B
bank,806,0,0.001,0.0,7,hard,0.637032355827712,1.0,0.01707317073170732,global,bda29268ac40ff8f,results/raw/crossover_study/transition/bda29268ac40ff8f.json,8,512,hybrid,B
bank,806,0,0.001,0.015,7,soft,0.6056408876340817,0.5147021905437561,0.01707317073170732,analytic,73eeefcef4f44d82,results/raw/crossover_study/revision_multi_tau/73eeefcef4f44d82.json,8,512,hybrid,B
bank,806,0,0.001,0.03,7,soft,0.6546714309410595,0.27711358485934323,0.01707317073170732,analytic,8ce5eeee877a607d,results/raw/crossover_study/revision_multi_tau/8ce5eeee877a607d.json,8,512,hybrid,B
bank,806,0,0.001,0.06,7,soft,0.7048024456070994,0.14132411887770005,0.01707317073170732,analytic,9b8c8eff1cb085b2,results/raw/crossover_study/revision_multi_tau/9b8c8eff1cb085b2.json,8,512,hybrid,B
bank,807,0,0.001,0.0,7,hard,0.6237327905562313,1.0,0.01707317073170732,global,8828b078a5142ea6,results/raw/crossover_study/transition/8828b078a5142ea6.json,8,512,hybrid,B
bank,807,0,0.001,0.015,7,soft,0.6322218756911423,0.5147021905437561,0.01707317073170732,analytic,576604ea2d1f51dd,results/raw/crossover_study/revision_multi_tau/576604ea2d1f51dd.json,8,512,hybrid,B
bank,807,0,0.001,0.03,7,soft,0.6181894403820635,0.27711358485934323,0.01707317073170732,analytic,583e90ef882c6589,results/raw/crossover_study/revision_multi_tau/583e90ef882c6589.json,8,512,hybrid,B
bank,807,0,0.001,0.06,7,soft,0.6921921652106601,0.14132411887770005,0.01707317073170732,analytic,2fcc18cc0cb79f76,results/raw/crossover_study/revision_multi_tau/2fcc18cc0cb79f76.json,8,512,hybrid,B
bank,808,0,0.001,0.0,7,hard,0.6990144742480371,1.0,0.01707317073170732,global,a50c16874f478fa7,results/raw/crossover_study/transition/a50c16874f478fa7.json,8,512,hybrid,B
bank,808,0,0.001,0.015,7,soft,0.6329984172840871,0.5147021905437561,0.01707317073170732,analytic,e42edc1322d0cc51,results/raw/crossover_study/revision_multi_tau/e42edc1322d0cc51.json,8,512,hybrid,B
bank,808,0,0.001,0.03,7,soft,0.6194919844769434,0.27711358485934323,0.01707317073170732,analytic,e66ad9a42e8a216c,results/raw/crossover_study/revision_multi_tau/e66ad9a42e8a216c.json,8,512,hybrid,B
bank,808,0,0.001,0.06,7,soft,0.7049792916482363,0.14132411887770005,0.01707317073170732,analytic,9ed0634d3eba6b44,results/raw/crossover_study/revision_multi_tau/9ed0634d3eba6b44.json,8,512,hybrid,B
bank,809,0,0.001,0.0,7,hard,0.7434593746544289,1.0,0.01707317073170732,global,3df7ef1cbcd1e623,results/raw/crossover_study/transition/3df7ef1cbcd1e623.json,8,512,hybrid,B
bank,809,0,0.001,0.015,7,soft,0.6944396304462014,0.5147021905437561,0.01707317073170732,analytic,0abec8a7c89dbd96,results/raw/crossover_study/revision_multi_tau/0abec8a7c89dbd96.json,8,512,hybrid,B
bank,809,0,0.001,0.03,7,soft,0.7203978560765232,0.27711358485934323,0.01707317073170732,analytic,b8200f42c91fa8fb,results/raw/crossover_study/revision_multi_tau/b8200f42c91fa8fb.json,8,512,hybrid,B
bank,809,0,0.001,0.06,7,soft,0.7160101822542297,0.14132411887770005,0.01707317073170732,analytic,dd1c110282ee5d15,results/raw/crossover_study/revision_multi_tau/dd1c110282ee5d15.json,8,512,hybrid,B
bank,810,0,0.001,0.0,7,hard,0.7495096345239413,1.0,0.01707317073170732,global,dde8ce1613adbd57,results/raw/crossover_study/transition/dde8ce1613adbd57.json,8,512,hybrid,B
bank,810,0,0.001,0.015,7,soft,0.6033529473764236,0.5147021905437561,0.01707317073170732,analytic,cfed79da124b9321,results/raw/crossover_study/revision_multi_tau/cfed79da124b9321.json,8,512,hybrid,B
bank,810,0,0.001,0.03,7,soft,0.6345718027756277,0.27711358485934323,0.01707317073170732,analytic,39743623fea97fe7,results/raw/crossover_study/revision_multi_tau/39743623fea97fe7.json,8,512,hybrid,B
bank,810,0,0.001,0.06,7,soft,0.7625095895996903,0.14132411887770005,0.01707317073170732,analytic,7f0df9d596e82875,results/raw/crossover_study/revision_multi_tau/7f0df9d596e82875.json,8,512,hybrid,B
bank,811,0,0.001,0.0,7,hard,0.6592169011942941,1.0,0.01707317073170732,global,c9b17135be03378b,results/raw/crossover_study/transition/c9b17135be03378b.json,8,512,hybrid,B
bank,811,0,0.001,0.015,7,soft,0.6051357921873273,0.5147021905437561,0.01707317073170732,analytic,45ff2b7339671645,results/raw/crossover_study/revision_multi_tau/45ff2b7339671645.json,8,512,hybrid,B
bank,811,0,0.001,0.03,7,soft,0.5932417512164105,0.27711358485934323,0.01707317073170732,analytic,5b6e102612c6f60d,results/raw/crossover_study/revision_multi_tau/5b6e102612c6f60d.json,8,512,hybrid,B
bank,811,0,0.001,0.06,7,soft,0.6989359863983192,0.14132411887770005,0.01707317073170732,analytic,a5d0528cfea8b8a7,results/raw/crossover_study/revision_multi_tau/a5d0528cfea8b8a7.json,8,512,hybrid,B
bank,800,0,0.0018,0.0,7,hard,0.5588179824864536,1.0,0.01707317073170732,global,dd17cc69330704df,results/raw/crossover_study/transition/dd17cc69330704df.json,8,512,hybrid,B
bank,800,0,0.0018,0.015,7,soft,0.5929015796057725,0.5147021905437561,0.01707317073170732,analytic,c4e30f948bd482ca,results/raw/crossover_study/revision_multi_tau/c4e30f948bd482ca.json,8,512,hybrid,B
bank,800,0,0.0018,0.03,7,soft,0.605158859062258,0.27711358485934323,0.01707317073170732,analytic,8ca0bb4e3a337042,results/raw/crossover_study/revision_multi_tau/8ca0bb4e3a337042.json,8,512,hybrid,B
bank,800,0,0.0018,0.06,7,soft,0.7639174897019794,0.14132411887770005,0.01707317073170732,analytic,47f9926a647a7c99,results/raw/crossover_study/revision_multi_tau/47f9926a647a7c99.json,8,512,hybrid,B
bank,801,0,0.0018,0.0,7,hard,0.6031342440285303,1.0,0.01707317073170732,global,512711978022de36,results/raw/crossover_study/transition/512711978022de36.json,8,512,hybrid,B
bank,801,0,0.0018,0.015,7,soft,0.584426446906447,0.5147021905437561,0.01707317073170732,analytic,4d39743017210973,results/raw/crossover_study/revision_multi_tau/4d39743017210973.json,8,512,hybrid,B
bank,801,0,0.0018,0.03,7,soft,0.6161751924831361,0.27711358485934323,0.01707317073170732,analytic,3c6cf64b452b5e8c,results/raw/crossover_study/revision_multi_tau/3c6cf64b452b5e8c.json,8,512,hybrid,B
bank,801,0,0.0018,0.06,7,soft,0.7356328358260533,0.14132411887770005,0.01707317073170732,analytic,fcf1a334beaf7e6d,results/raw/crossover_study/revision_multi_tau/fcf1a334beaf7e6d.json,8,512,hybrid,B
bank,802,0,0.0018,0.0,7,hard,0.6030395143342917,1.0,0.01707317073170732,global,5ac60e4d35493741,results/raw/crossover_study/transition/5ac60e4d35493741.json,8,512,hybrid,B
bank,802,0,0.0018,0.015,7,soft,0.5651062544924249,0.5147021905437561,0.01707317073170732,analytic,f81532cb3c7ac4d2,results/raw/crossover_study/revision_multi_tau/f81532cb3c7ac4d2.json,8,512,hybrid,B
bank,802,0,0.0018,0.03,7,soft,0.6389996492452725,0.27711358485934323,0.01707317073170732,analytic,29dd93bfd8147c41,results/raw/crossover_study/revision_multi_tau/29dd93bfd8147c41.json,8,512,hybrid,B
bank,802,0,0.0018,0.06,7,soft,0.6888240558995908,0.14132411887770005,0.01707317073170732,analytic,55d141cbb15d4192,results/raw/crossover_study/revision_multi_tau/55d141cbb15d4192.json,8,512,hybrid,B
bank,803,0,0.0018,0.0,7,hard,0.6545492283395997,1.0,0.01707317073170732,global,7624b79685f499e8,results/raw/crossover_study/transition/7624b79685f499e8.json,8,512,hybrid,B
bank,803,0,0.0018,0.015,7,soft,0.5737655334236426,0.5147021905437561,0.01707317073170732,analytic,b45ebc2fa80f7a25,results/raw/crossover_study/revision_multi_tau/b45ebc2fa80f7a25.json,8,512,hybrid,B
bank,803,0,0.0018,0.03,7,soft,0.6066105603090789,0.27711358485934323,0.01707317073170732,analytic,a0fd83e17e785ab2,results/raw/crossover_study/revision_multi_tau/a0fd83e17e785ab2.json,8,512,hybrid,B
bank,803,0,0.0018,0.06,7,soft,0.772942555706071,0.14132411887770005,0.01707317073170732,analytic,2e311e89ecbf1031,results/raw/crossover_study/revision_multi_tau/2e311e89ecbf1031.json,8,512,hybrid,B
bank,804,0,0.0018,0.0,7,hard,0.5868351210881345,1.0,0.01707317073170732,global,433132cd3199baec,results/raw/crossover_study/transition/433132cd3199baec.json,8,512,hybrid,B
bank,804,0,0.0018,0.015,7,soft,0.6105366806507796,0.5147021905437561,0.01707317073170732,analytic,ef75e7cf8650fb7a,results/raw/crossover_study/revision_multi_tau/ef75e7cf8650fb7a.json,8,512,hybrid,B
bank,804,0,0.0018,0.03,7,soft,0.6180310823979873,0.27711358485934323,0.01707317073170732,analytic,050ecac53e08f0b9,results/raw/crossover_study/revision_multi_tau/050ecac53e08f0b9.json,8,512,hybrid,B
bank,804,0,0.0018,0.06,7,soft,0.6895904031433152,0.14132411887770005,0.01707317073170732,analytic,7668d11c2293a474,results/raw/crossover_study/revision_multi_tau/7668d11c2293a474.json,8,512,hybrid,B
bank,805,0,0.0018,0.0,7,hard,0.596563942759593,1.0,0.01707317073170732,global,a63a27b278bde967,results/raw/crossover_study/transition/a63a27b278bde967.json,8,512,hybrid,B
bank,805,0,0.0018,0.015,7,soft,0.5742315793293156,0.5147021905437561,0.01707317073170732,analytic,4752661f35de9ae5,results/raw/crossover_study/revision_multi_tau/4752661f35de9ae5.json,8,512,hybrid,B
bank,805,0,0.0018,0.03,7,soft,0.639240469147407,0.27711358485934323,0.01707317073170732,analytic,cbc963891b86a46f,results/raw/crossover_study/revision_multi_tau/cbc963891b86a46f.json,8,512,hybrid,B
bank,805,0,0.0018,0.06,7,soft,0.7552658565326772,0.14132411887770005,0.01707317073170732,analytic,c967c67430c7a980,results/raw/crossover_study/revision_multi_tau/c967c67430c7a980.json,8,512,hybrid,B
bank,806,0,0.0018,0.0,7,hard,0.5993498078624351,1.0,0.01707317073170732,global,3231fe4f066d5b7c,results/raw/crossover_study/transition/3231fe4f066d5b7c.json,8,512,hybrid,B
bank,806,0,0.0018,0.015,7,soft,0.5636918749308858,0.5147021905437561,0.01707317073170732,analytic,64dab44dc605aa14,results/raw/crossover_study/revision_multi_tau/64dab44dc605aa14.json,8,512,hybrid,B
bank,806,0,0.0018,0.03,7,soft,0.6438473646743337,0.27711358485934323,0.01707317073170732,analytic,2e9c624dcaeec8eb,results/raw/crossover_study/revision_multi_tau/2e9c624dcaeec8eb.json,8,512,hybrid,B
bank,806,0,0.0018,0.06,7,soft,0.7117954236011279,0.14132411887770005,0.01707317073170732,analytic,8e158ffd86dfbb10,results/raw/crossover_study/revision_multi_tau/8e158ffd86dfbb10.json,8,512,hybrid,B
bank,807,0,0.0018,0.0,7,hard,0.5822580310737587,1.0,0.01707317073170732,global,3e6793376190b433,results/raw/crossover_study/transition/3e6793376190b433.json,8,512,hybrid,B
bank,807,0,0.0018,0.015,7,soft,0.6002019863430277,0.5147021905437561,0.01707317073170732,analytic,86db86234d1c6f54,results/raw/crossover_study/revision_multi_tau/86db86234d1c6f54.json,8,512,hybrid,B
bank,807,0,0.0018,0.03,7,soft,0.6331176825306868,0.27711358485934323,0.01707317073170732,analytic,2faf76f4ce467eeb,results/raw/crossover_study/revision_multi_tau/2faf76f4ce467eeb.json,8,512,hybrid,B
bank,807,0,0.0018,0.06,7,soft,0.6983791416703528,0.14132411887770005,0.01707317073170732,analytic,c7036636b0ea904b,results/raw/crossover_study/revision_multi_tau/c7036636b0ea904b.json,8,512,hybrid,B
bank,808,0,0.0018,0.0,7,hard,0.6394577038178701,1.0,0.01707317073170732,global,b55eb24cf11dcec9,results/raw/crossover_study/transition/b55eb24cf11dcec9.json,8,512,hybrid,B
bank,808,0,0.0018,0.015,7,soft,0.5899185661561429,0.5147021905437561,0.01707317073170732,analytic,d894ac856b3d94fd,results/raw/crossover_study/revision_multi_tau/d894ac856b3d94fd.json,8,512,hybrid,B
bank,808,0,0.0018,0.03,7,soft,0.5961956502958088,0.27711358485934323,0.01707317073170732,analytic,ea7b5a48846e7949,results/raw/crossover_study/revision_multi_tau/ea7b5a48846e7949.json,8,512,hybrid,B
bank,808,0,0.0018,0.06,7,soft,0.7192154843525378,0.14132411887770005,0.01707317073170732,analytic,d7b787d2f3c7bd7c,results/raw/crossover_study/revision_multi_tau/d7b787d2f3c7bd7c.json,8,512,hybrid,B
bank,809,0,0.0018,0.0,7,hard,0.7333115479514541,1.0,0.01707317073170732,global,ef43168e79357dc9,results/raw/crossover_study/transition/ef43168e79357dc9.json,8,512,hybrid,B
bank,809,0,0.0018,0.015,7,soft,0.6522241391822403,0.5147021905437561,0.01707317073170732,analytic,5e1c3202f5a96a0b,results/raw/crossover_study/revision_multi_tau/5e1c3202f5a96a0b.json,8,512,hybrid,B
bank,809,0,0.0018,0.03,7,soft,0.6343395789560986,0.27711358485934323,0.01707317073170732,analytic,6df2916a847616ad,results/raw/crossover_study/revision_multi_tau/6df2916a847616ad.json,8,512,hybrid,B
bank,809,0,0.0018,0.06,7,soft,0.7481957729735706,0.14132411887770005,0.01707317073170732,analytic,a1c36346bcb7cd9c,results/raw/crossover_study/revision_multi_tau/a1c36346bcb7cd9c.json,8,512,hybrid,B
bank,810,0,0.0018,0.0,7,hard,0.5576844226888201,1.0,0.01707317073170732,global,1ddb70a17437ef33,results/raw/crossover_study/transition/1ddb70a17437ef33.json,8,512,hybrid,B
bank,810,0,0.0018,0.015,7,soft,0.5984284719534447,0.5147021905437561,0.01707317073170732,analytic,c1ad7806ee722e00,results/raw/crossover_study/revision_multi_tau/c1ad7806ee722e00.json,8,512,hybrid,B
bank,810,0,0.0018,0.03,7,soft,0.6329280503566295,0.27711358485934323,0.01707317073170732,analytic,d18ab977a5b836ad,results/raw/crossover_study/revision_multi_tau/d18ab977a5b836ad.json,8,512,hybrid,B
bank,810,0,0.0018,0.06,7,soft,0.7078329318948356,0.14132411887770005,0.01707317073170732,analytic,4e5ece1d2270f75a,results/raw/crossover_study/revision_multi_tau/4e5ece1d2270f75a.json,8,512,hybrid,B
bank,811,0,0.0018,0.0,7,hard,0.603826984615172,1.0,0.01707317073170732,global,30266dae577f74fb,results/raw/crossover_study/transition/30266dae577f74fb.json,8,512,hybrid,B
bank,811,0,0.0018,0.015,7,soft,0.572917890564525,0.5147021905437561,0.01707317073170732,analytic,deb4c1e66a1e67e6,results/raw/crossover_study/revision_multi_tau/deb4c1e66a1e67e6.json,8,512,hybrid,B
bank,811,0,0.0018,0.03,7,soft,0.5866216877004312,0.27711358485934323,0.01707317073170732,analytic,edb4b77cc5c690c6,results/raw/crossover_study/revision_multi_tau/edb4b77cc5c690c6.json,8,512,hybrid,B
bank,811,0,0.0018,0.06,7,soft,0.6872490721414353,0.14132411887770005,0.01707317073170732,analytic,84f251c05aba72bf,results/raw/crossover_study/revision_multi_tau/84f251c05aba72bf.json,8,512,hybrid,B
bank,800,0,0.003,0.0,7,hard,0.573931105205684,1.0,0.01707317073170732,global,b650e6ca8e2cc540,results/raw/crossover_study/transition/b650e6ca8e2cc540.json,8,512,hybrid,B
bank,800,0,0.003,0.015,7,soft,0.5324484407829261,0.5147021905437561,0.01707317073170732,analytic,4b9ab405de81d65a,results/raw/crossover_study/revision_multi_tau/4b9ab405de81d65a.json,8,512,hybrid,B
bank,800,0,0.003,0.03,7,soft,0.5585740956402742,0.27711358485934323,0.01707317073170732,analytic,4732555ad234c828,results/raw/crossover_study/revision_multi_tau/4732555ad234c828.json,8,512,hybrid,B
bank,800,0,0.003,0.06,7,soft,0.7164446083987615,0.14132411887770002,0.01707317073170732,analytic,4786b091cdaf44a6,results/raw/crossover_study/revision_multi_tau/4786b091cdaf44a6.json,8,512,hybrid,B
bank,801,0,0.003,0.0,7,hard,0.6013761075555679,1.0,0.01707317073170732,global,78d11290e0bf30dc,results/raw/crossover_study/transition/78d11290e0bf30dc.json,8,512,hybrid,B
bank,801,0,0.003,0.015,7,soft,0.5527234463120646,0.5147021905437561,0.01707317073170732,analytic,1e7ff7de7caa7188,results/raw/crossover_study/revision_multi_tau/1e7ff7de7caa7188.json,8,512,hybrid,B
bank,801,0,0.003,0.03,7,soft,0.6001239736536548,0.27711358485934323,0.01707317073170732,analytic,6c1577aa92dc5a49,results/raw/crossover_study/revision_multi_tau/6c1577aa92dc5a49.json,8,512,hybrid,B
bank,801,0,0.003,0.06,7,soft,0.7435590719340927,0.14132411887770002,0.01707317073170732,analytic,012b094dd3d9269f,results/raw/crossover_study/revision_multi_tau/012b094dd3d9269f.json,8,512,hybrid,B
bank,802,0,0.003,0.0,7,hard,0.5736278233163773,1.0,0.01707317073170732,global,55b66729aa9edcb2,results/raw/crossover_study/transition/55b66729aa9edcb2.json,8,512,hybrid,B
bank,802,0,0.003,0.015,7,soft,0.5453585905534668,0.5147021905437561,0.01707317073170732,analytic,e27769a968432669,results/raw/crossover_study/revision_multi_tau/e27769a968432669.json,8,512,hybrid,B
bank,802,0,0.003,0.03,7,soft,0.5991870870424638,0.27711358485934323,0.01707317073170732,analytic,edb29a70dd0db7a1,results/raw/crossover_study/revision_multi_tau/edb29a70dd0db7a1.json,8,512,hybrid,B
bank,802,0,0.003,0.06,7,soft,0.722863808677983,0.14132411887770002,0.01707317073170732,analytic,7ec2cc53e7920d52,results/raw/crossover_study/revision_multi_tau/7ec2cc53e7920d52.json,8,512,hybrid,B
bank,803,0,0.003,0.0,7,hard,0.556327926296583,1.0,0.01707317073170732,global,909f97373bfefd94,results/raw/crossover_study/transition/909f97373bfefd94.json,8,512,hybrid,B
bank,803,0,0.003,0.015,7,soft,0.5708627356795312,0.5147021905437561,0.01707317073170732,analytic,45b1a48c89728f82,results/raw/crossover_study/revision_multi_tau/45b1a48c89728f82.json,8,512,hybrid,B
bank,803,0,0.003,0.03,7,soft,0.6035198150503152,0.27711358485934323,0.01707317073170732,analytic,96979747045cf265,results/raw/crossover_study/revision_multi_tau/96979747045cf265.json,8,512,hybrid,B
bank,803,0,0.003,0.06,7,soft,0.712608811719009,0.14132411887770002,0.01707317073170732,analytic,fb4860d928a7632a,results/raw/crossover_study/revision_multi_tau/fb4860d928a7632a.json,8,512,hybrid,B
bank,804,0,0.003,0.0,7,hard,0.5758498458752626,1.0,0.01707317073170732,global,f18b9853d6f98211,results/raw/crossover_study/transition/f18b9853d6f98211.json,8,512,hybrid,B
bank,804,0,0.003,0.015,7,soft,0.5855947366056619,0.5147021905437561,0.01707317073170732,analytic,6827dc0847d57ef7,results/raw/crossover_study/revision_multi_tau/6827dc0847d57ef7.json,8,512,hybrid,B
bank,804,0,0.003,0.03,7,soft,0.5756120497207784,0.27711358485934323,0.01707317073170732,analytic,e3f142e39e59a002,results/raw/crossover_study/revision_multi_tau/e3f142e39e59a002.json,8,512,hybrid,B
bank,804,0,0.003,0.06,7,soft,0.7237722720612629,0.14132411887770002,0.01707317073170732,analytic,13d455b2cbe1354f,results/raw/crossover_study/revision_multi_tau/13d455b2cbe1354f.json,8,512,hybrid,B
bank,805,0,0.003,0.0,7,hard,0.5468960798407608,1.0,0.01707317073170732,global,3bf46cc1704e0e01,results/raw/crossover_study/transition/3bf46cc1704e0e01.json,8,512,hybrid,B
bank,805,0,0.003,0.015,7,soft,0.5651603363789672,0.5147021905437561,0.01707317073170732,analytic,9d3e98ecea14254f,results/raw/crossover_study/revision_multi_tau/9d3e98ecea14254f.json,8,512,hybrid,B
bank,805,0,0.003,0.03,7,soft,0.6466296876727855,0.27711358485934323,0.01707317073170732,analytic,636224e9288ebdb7,results/raw/crossover_study/revision_multi_tau/636224e9288ebdb7.json,8,512,hybrid,B
bank,805,0,0.003,0.06,7,soft,0.7036898792574366,0.14132411887770002,0.01707317073170732,analytic,d24a843ea0e5142e,results/raw/crossover_study/revision_multi_tau/d24a843ea0e5142e.json,8,512,hybrid,B
bank,806,0,0.003,0.0,7,hard,0.5770390426296583,1.0,0.01707317073170732,global,97b035557947c3d5,results/raw/crossover_study/transition/97b035557947c3d5.json,8,512,hybrid,B
bank,806,0,0.003,0.015,7,soft,0.5420563989411701,0.5147021905437561,0.01707317073170732,analytic,9b986a69253345c7,results/raw/crossover_study/revision_multi_tau/9b986a69253345c7.json,8,512,hybrid,B
bank,806,0,0.003,0.03,7,soft,0.6025400344188876,0.27711358485934323,0.01707317073170732,analytic,8a8352cff4ac92e7,results/raw/crossover_study/revision_multi_tau/8a8352cff4ac92e7.json,8,512,hybrid,B
bank,806,0,0.003,0.06,7,soft,0.7006412072874046,0.14132411887770002,0.01707317073170732,analytic,722f26651c4744a4,results/raw/crossover_study/revision_multi_tau/722f26651c4744a4.json,8,512,hybrid,B
bank,807,0,0.003,0.0,7,hard,0.5380558944072764,1.0,0.01707317073170732,global,add258666a37cc49,results/raw/crossover_study/transition/add258666a37cc49.json,8,512,hybrid,B
bank,807,0,0.003,0.015,7,soft,0.5459742255750304,0.5147021905437561,0.01707317073170732,analytic,10972184cd409626,results/raw/crossover_study/revision_multi_tau/10972184cd409626.json,8,512,hybrid,B
bank,807,0,0.003,0.03,7,soft,0.6317258514873382,0.27711358485934323,0.01707317073170732,analytic,becc3a9efb230bbd,results/raw/crossover_study/revision_multi_tau/becc3a9efb230bbd.json,8,512,hybrid,B
bank,807,0,0.003,0.06,7,soft,0.7193678380377087,0.14132411887770002,0.01707317073170732,analytic,bc4a48971a689a9a,results/raw/crossover_study/revision_multi_tau/bc4a48971a689a9a.json,8,512,hybrid,B
bank,808,0,0.003,0.0,7,hard,0.5793293586890412,1.0,0.01707317073170732,global,78c852fc1ad4147d,results/raw/crossover_study/transition/78c852fc1ad4147d.json,8,512,hybrid,B
bank,808,0,0.003,0.015,7,soft,0.5495879063916842,0.5147021905437561,0.01707317073170732,analytic,081e11ef9d0f5d72,results/raw/crossover_study/revision_multi_tau/081e11ef9d0f5d72.json,8,512,hybrid,B
bank,808,0,0.003,0.03,7,soft,0.6079868406502267,0.27711358485934323,0.01707317073170732,analytic,e5a2dfd8aaa93989,results/raw/crossover_study/revision_multi_tau/e5a2dfd8aaa93989.json,8,512,hybrid,B
bank,808,0,0.003,0.06,7,soft,0.7584749599137454,0.14132411887770002,0.01707317073170732,analytic,888934b8468b9fa0,results/raw/crossover_study/revision_multi_tau/888934b8468b9fa0.json,8,512,hybrid,B
bank,809,0,0.003,0.0,7,hard,0.6442781623216853,1.0,0.01707317073170732,global,ec2ebacdac6ce8a8,results/raw/crossover_study/transition/ec2ebacdac6ce8a8.json,8,512,hybrid,B
bank,809,0,0.003,0.015,7,soft,0.5936381645333406,0.5147021905437561,0.01707317073170732,analytic,c0f9dc808713193d,results/raw/crossover_study/revision_multi_tau/c0f9dc808713193d.json,8,512,hybrid,B
bank,809,0,0.003,0.03,7,soft,0.6776959734048436,0.27711358485934323,0.01707317073170732,analytic,7df0b482490f1c76,results/raw/crossover_study/revision_multi_tau/7df0b482490f1c76.json,8,512,hybrid,B
bank,809,0,0.003,0.06,7,soft,0.7042865942579897,0.14132411887770002,0.01707317073170732,analytic,341c985cba868b63,results/raw/crossover_study/revision_multi_tau/341c985cba868b63.json,8,512,hybrid,B
bank,810,0,0.003,0.0,7,hard,0.553308368696782,1.0,0.01707317073170732,global,cc4489a72a385584,results/raw/crossover_study/transition/cc4489a72a385584.json,8,512,hybrid,B
bank,810,0,0.003,0.015,7,soft,0.56549657711766,0.5147021905437561,0.01707317073170732,analytic,6770fc1b19d92d6d,results/raw/crossover_study/revision_multi_tau/6770fc1b19d92d6d.json,8,512,hybrid,B
bank,810,0,0.003,0.03,7,soft,0.6413899217626893,0.27711358485934323,0.01707317073170732,analytic,c52a672f78a4034d,results/raw/crossover_study/revision_multi_tau/c52a672f78a4034d.json,8,512,hybrid,B
bank,810,0,0.003,0.06,7,soft,0.7272160182599802,0.14132411887770002,0.01707317073170732,analytic,da060308058ebd52,results/raw/crossover_study/revision_multi_tau/da060308058ebd52.json,8,512,hybrid,B
bank,811,0,0.003,0.0,7,hard,0.5734220356905895,1.0,0.01707317073170732,global,1f23a8ab051bb993,results/raw/crossover_study/transition/1f23a8ab051bb993.json,8,512,hybrid,B
bank,811,0,0.003,0.015,7,soft,0.5354983222520181,0.5147021905437561,0.01707317073170732,analytic,7dcb0b0cc352365b,results/raw/crossover_study/revision_multi_tau/7dcb0b0cc352365b.json,8,512,hybrid,B
bank,811,0,0.003,0.03,7,soft,0.5882573191971691,0.27711358485934323,0.01707317073170732,analytic,8a9d4caabf3c7151,results/raw/crossover_study/revision_multi_tau/8a9d4caabf3c7151.json,8,512,hybrid,B
bank,811,0,0.003,0.06,7,soft,0.6966362967212208,0.14132411887770002,0.01707317073170732,analytic,6c2fcb1441b6fb76,results/raw/crossover_study/revision_multi_tau/6c2fcb1441b6fb76.json,8,512,hybrid,B
bank,800,0,0.01,0.0,7,hard,0.4913499650973129,1.0,0.01707317073170732,global,defedd9c5f5f4c31,results/raw/crossover_study/transition/defedd9c5f5f4c31.json,8,512,hybrid,B
bank,800,0,0.01,0.015,7,soft,0.5402273771840097,0.5147021905437561,0.01707317073170732,analytic,492067031d19cf9b,results/raw/crossover_study/revision_multi_tau/492067031d19cf9b.json,8,512,hybrid,B
bank,800,0,0.01,0.03,7,soft,0.5575637319611855,0.27711358485934323,0.01707317073170732,analytic,aba9776f46360ea5,results/raw/crossover_study/revision_multi_tau/aba9776f46360ea5.json,8,512,hybrid,B
bank,800,0,0.01,0.06,7,soft,0.7441474932268053,0.14132411887770005,0.01707317073170732,analytic,999ebb6f569b99f0,results/raw/crossover_study/revision_multi_tau/999ebb6f569b99f0.json,8,512,hybrid,B
bank,801,0,0.01,0.0,7,hard,0.5527323015730399,1.0,0.01707317073170732,global,1bc55021fc1c8d43,results/raw/crossover_study/transition/1bc55021fc1c8d43.json,8,512,hybrid,B
bank,801,0,0.01,0.015,7,soft,0.5320883556341921,0.5147021905437561,0.01707317073170732,analytic,43c524354cc3da2c,results/raw/crossover_study/revision_multi_tau/43c524354cc3da2c.json,8,512,hybrid,B
bank,801,0,0.01,0.03,7,soft,0.6430616654456485,0.27711358485934323,0.01707317073170732,analytic,302105a004776b67,results/raw/crossover_study/revision_multi_tau/302105a004776b67.json,8,512,hybrid,B
bank,801,0,0.01,0.06,7,soft,0.7628299340650226,0.14132411887770005,0.01707317073170732,analytic,2cd6d31e9a3e3db5,results/raw/crossover_study/revision_multi_tau/2cd6d31e9a3e3db5.json,8,512,hybrid,B
bank,802,0,0.01,0.0,7,hard,0.5364005221580228,1.0,0.01707317073170732,global,6e74e050d57e3e7c,results/raw/crossover_study/transition/6e74e050d57e3e7c.json,8,512,hybrid,B
bank,802,0,0.01,0.015,7,soft,0.5574726307641269,0.5147021905437561,0.01707317073170732,analytic,dd52135220f57dd0,results/raw/crossover_study/revision_multi_tau/dd52135220f57dd0.json,8,512,hybrid,B
bank,802,0,0.01,0.03,7,soft,0.6218011773609422,0.27711358485934323,0.01707317073170732,analytic,c53a88764298816c,results/raw/crossover_study/revision_multi_tau/c53a88764298816c.json,8,512,hybrid,B
bank,802,0,0.01,0.06,7,soft,0.6939157877640164,0.14132411887770005,0.01707317073170732,analytic,2c2d2e825a770ea8,results/raw/crossover_study/revision_multi_tau/2c2d2e825a770ea8.json,8,512,hybrid,B
bank,803,0,0.01,0.0,7,hard,0.4997594824726308,1.0,0.01707317073170732,global,1b55d709da25b1cc,results/raw/crossover_study/transition/1b55d709da25b1cc.json,8,512,hybrid,B
bank,803,0,0.01,0.015,7,soft,0.5494962004450956,0.5147021905437561,0.01707317073170732,analytic,d03e6396570ca228,results/raw/crossover_study/revision_multi_tau/d03e6396570ca228.json,8,512,hybrid,B
bank,803,0,0.01,0.03,7,soft,0.5780313070192415,0.27711358485934323,0.01707317073170732,analytic,076101879299c3dc,results/raw/crossover_study/revision_multi_tau/076101879299c3dc.json,8,512,hybrid,B
bank,803,0,0.01,0.06,7,soft,0.7239432865890745,0.14132411887770005,0.01707317073170732,analytic,e2939c116002b075,results/raw/crossover_study/revision_multi_tau/e2939c116002b075.json,8,512,hybrid,B
bank,804,0,0.01,0.0,7,hard,0.5152492345598807,1.0,0.01707317073170732,global,866b526c1275ad44,results/raw/crossover_study/transition/866b526c1275ad44.json,8,512,hybrid,B
bank,804,0,0.01,0.015,7,soft,0.5327824785054738,0.5147021905437561,0.01707317073170732,analytic,8d83ded50f8c8d68,results/raw/crossover_study/revision_multi_tau/8d83ded50f8c8d68.json,8,512,hybrid,B
bank,804,0,0.01,0.03,7,soft,0.5755843608315825,0.27711358485934323,0.01707317073170732,analytic,04d0aba7a1caee01,results/raw/crossover_study/revision_multi_tau/04d0aba7a1caee01.json,8,512,hybrid,B
bank,804,0,0.01,0.06,7,soft,0.7176381679890522,0.14132411887770005,0.01707317073170732,analytic,61ccc3102e1646af,results/raw/crossover_study/revision_multi_tau/61ccc3102e1646af.json,8,512,hybrid,B
bank,805,0,0.01,0.0,7,hard,0.5013940340594936,1.0,0.01707317073170732,global,74af75b8bafc6afd,results/raw/crossover_study/transition/74af75b8bafc6afd.json,8,512,hybrid,B
bank,805,0,0.01,0.015,7,soft,0.5633052239992258,0.5147021905437561,0.01707317073170732,analytic,3dc27af7d4a8b5d7,results/raw/crossover_study/revision_multi_tau/3dc27af7d4a8b5d7.json,8,512,hybrid,B
bank,805,0,0.01,0.03,7,soft,0.5980529656916953,0.27711358485934323,0.01707317073170732,analytic,d477b7c0a95c619f,results/raw/crossover_study/revision_multi_tau/d477b7c0a95c619f.json,8,512,hybrid,B
bank,805,0,0.01,0.06,7,soft,0.7577565606684729,0.14132411887770005,0.01707317073170732,analytic,15f3f2fdc75a8fcb,results/raw/crossover_study/revision_multi_tau/15f3f2fdc75a8fcb.json,8,512,hybrid,B
bank,806,0,0.01,0.0,7,hard,0.45447462816543194,1.0,0.01707317073170732,global,db2f045c5bb2495d,results/raw/crossover_study/transition/db2f045c5bb2495d.json,8,512,hybrid,B
bank,806,0,0.01,0.015,7,soft,0.5432234359449298,0.5147021905437561,0.01707317073170732,analytic,b5cbae8e504e861e,results/raw/crossover_study/revision_multi_tau/b5cbae8e504e861e.json,8,512,hybrid,B
bank,806,0,0.01,0.03,7,soft,0.6069143173587305,0.27711358485934323,0.01707317073170732,analytic,4afa7e408efbc298,results/raw/crossover_study/revision_multi_tau/4afa7e408efbc298.json,8,512,hybrid,B
bank,806,0,0.01,0.06,7,soft,0.7138116585342253,0.14132411887770005,0.01707317073170732,analytic,d563bfa01a95a38e,results/raw/crossover_study/revision_multi_tau/d563bfa01a95a38e.json,8,512,hybrid,B
bank,807,0,0.01,0.0,7,hard,0.5173363547771757,1.0,0.01707317073170732,global,9a4d3efdb93c4f8c,results/raw/crossover_study/transition/9a4d3efdb93c4f8c.json,8,512,hybrid,B
bank,807,0,0.01,0.015,7,soft,0.5129131735181909,0.5147021905437561,0.01707317073170732,analytic,f70c4fd947e37ecb,results/raw/crossover_study/revision_multi_tau/f70c4fd947e37ecb.json,8,512,hybrid,B
bank,807,0,0.01,0.03,7,soft,0.6153756704080504,0.27711358485934323,0.01707317073170732,analytic,0150eea320d8530a,results/raw/crossover_study/revision_multi_tau/0150eea320d8530a.json,8,512,hybrid,B
bank,807,0,0.01,0.06,7,soft,0.7384187009288953,0.14132411887770005,0.01707317073170732,analytic,c48b771553fee2e3,results/raw/crossover_study/revision_multi_tau/c48b771553fee2e3.json,8,512,hybrid,B
bank,808,0,0.01,0.0,7,hard,0.4457509866056618,1.0,0.01707317073170732,global,d3be8d7cc366a593,results/raw/crossover_study/transition/d3be8d7cc366a593.json,8,512,hybrid,B
bank,808,0,0.01,0.015,7,soft,0.5193255487670021,0.5147021905437561,0.01707317073170732,analytic,5cce31a7af2a63c0,results/raw/crossover_study/revision_multi_tau/5cce31a7af2a63c0.json,8,512,hybrid,B
bank,808,0,0.01,0.03,7,soft,0.6211594517167975,0.27711358485934323,0.01707317073170732,analytic,d368c0f3857f0e41,results/raw/crossover_study/revision_multi_tau/d368c0f3857f0e41.json,8,512,hybrid,B
bank,808,0,0.01,0.06,7,soft,0.7344904207674444,0.14132411887770005,0.01707317073170732,analytic,89e4f721988907eb,results/raw/crossover_study/revision_multi_tau/89e4f721988907eb.json,8,512,hybrid,B
bank,809,0,0.01,0.0,7,hard,0.5609521435779057,1.0,0.01707317073170732,global,dcfdc0abe280a11e,results/raw/crossover_study/transition/dcfdc0abe280a11e.json,8,512,hybrid,B
bank,809,0,0.01,0.015,7,soft,0.5763704920242176,0.5147021905437561,0.01707317073170732,analytic,ed78b0984f9cfc0d,results/raw/crossover_study/revision_multi_tau/ed78b0984f9cfc0d.json,8,512,hybrid,B
bank,809,0,0.01,0.03,7,soft,0.6842012209029082,0.27711358485934323,0.01707317073170732,analytic,5156e6270b9fe783,results/raw/crossover_study/revision_multi_tau/5156e6270b9fe783.json,8,512,hybrid,B
bank,809,0,0.01,0.06,7,soft,0.682395006842309,0.14132411887770005,0.01707317073170732,analytic,16d9397a1b748025,results/raw/crossover_study/revision_multi_tau/16d9397a1b748025.json,8,512,hybrid,B
bank,810,0,0.01,0.0,7,hard,0.46641363658354534,1.0,0.01707317073170732,global,8a5592e1caf7030d,results/raw/crossover_study/transition/8a5592e1caf7030d.json,8,512,hybrid,B
bank,810,0,0.01,0.015,7,soft,0.5176865047550592,0.5147021905437561,0.01707317073170732,analytic,6ee7303b63957030,results/raw/crossover_study/revision_multi_tau/6ee7303b63957030.json,8,512,hybrid,B
bank,810,0,0.01,0.03,7,soft,0.5889710100353865,0.27711358485934323,0.01707317073170732,analytic,a1d9347709a6dd62,results/raw/crossover_study/revision_multi_tau/a1d9347709a6dd62.json,8,512,hybrid,B
bank,810,0,0.01,0.06,7,soft,0.7565218781101404,0.14132411887770005,0.01707317073170732,analytic,e77a5c6e2a8bfe4b,results/raw/crossover_study/revision_multi_tau/e77a5c6e2a8bfe4b.json,8,512,hybrid,B
bank,811,0,0.01,0.0,7,hard,0.4932080148319143,1.0,0.01707317073170732,global,22d024d14af1b189,results/raw/crossover_study/transition/22d024d14af1b189.json,8,512,hybrid,B
bank,811,0,0.01,0.015,7,soft,0.5284516079426075,0.5147021905437561,0.01707317073170732,analytic,98580f8c6f4374e3,results/raw/crossover_study/revision_multi_tau/98580f8c6f4374e3.json,8,512,hybrid,B
bank,811,0,0.01,0.03,7,soft,0.5807371292021453,0.27711358485934323,0.01707317073170732,analytic,74e8a48a7c4bf831,results/raw/crossover_study/revision_multi_tau/74e8a48a7c4bf831.json,8,512,hybrid,B
bank,811,0,0.01,0.06,7,soft,0.6918338079177264,0.14132411887770005,0.01707317073170732,analytic,7a31d9c134e5e3da,results/raw/crossover_study/revision_multi_tau/7a31d9c134e5e3da.json,8,512,hybrid,B
bank,800,0,0.03,0.0,7,hard,0.4402582626064359,1.0,0.01707317073170732,global,3275d2940f617ed3,results/raw/crossover_study/revision_multi_tau/3275d2940f617ed3.json,8,512,hybrid,B
bank,800,0,0.03,0.015,7,soft,0.506617169357514,0.5147021905437562,0.01707317073170732,analytic,ff2270421966b003,results/raw/crossover_study/revision_multi_tau/ff2270421966b003.json,8,512,hybrid,B
bank,800,0,0.03,0.03,7,soft,0.6295115178867633,0.2771135848593433,0.01707317073170732,analytic,a71f3aea939adb43,results/raw/crossover_study/revision_multi_tau/a71f3aea939adb43.json,8,512,hybrid,B
bank,800,0,0.03,0.06,7,soft,0.7116319684424417,0.14132411887770005,0.01707317073170732,analytic,b6ad4c74ed47c133,results/raw/crossover_study/revision_multi_tau/b6ad4c74ed47c133.json,8,512,hybrid,B
bank,801,0,0.03,0.0,7,hard,0.4571461956070994,1.0,0.01707317073170732,global,7c4a497452a3d8e0,results/raw/crossover_study/revision_multi_tau/7c4a497452a3d8e0.json,8,512,hybrid,B
bank,801,0,0.03,0.015,7,soft,0.5134436684452063,0.5147021905437562,0.01707317073170732,analytic,257e0e73b345174f,results/raw/crossover_study/revision_multi_tau/257e0e73b345174f.json,8,512,hybrid,B
bank,801,0,0.03,0.03,7,soft,0.6201464530576136,0.2771135848593433,0.01707317073170732,analytic,571ee73e6f31f761,results/raw/crossover_study/revision_multi_tau/571ee73e6f31f761.json,8,512,hybrid,B
bank,801,0,0.03,0.06,7,soft,0.7819235613872609,0.14132411887770005,0.01707317073170732,analytic,c7397ff79a75aa27,results/raw/crossover_study/revision_multi_tau/c7397ff79a75aa27.json,8,512,hybrid,B
bank,802,0,0.03,0.0,7,hard,0.4891800805871946,1.0,0.01707317073170732,global,a56e60337248130b,results/raw/crossover_study/revision_multi_tau/a56e60337248130b.json,8,512,hybrid,B
bank,802,0,0.03,0.015,7,soft,0.5023501430664602,0.5147021905437562,0.01707317073170732,analytic,a66b70c3dac1eef2,results/raw/crossover_study/revision_multi_tau/a66b70c3dac1eef2.json,8,512,hybrid,B
bank,802,0,0.03,0.03,7,soft,0.6022009427181245,0.2771135848593433,0.01707317073170732,analytic,b0daa1dedfb0a26e,results/raw/crossover_study/revision_multi_tau/b0daa1dedfb0a26e.json,8,512,hybrid,B
bank,802,0,0.03,0.06,7,soft,0.7332339240296362,0.14132411887770005,0.01707317073170732,analytic,a386f0a9d635e266,results/raw/crossover_study/revision_multi_tau/a386f0a9d635e266.json,8,512,hybrid,B
bank,803,0,0.03,0.0,7,hard,0.4150358011721774,1.0,0.01707317073170732,global,86335447423600db,results/raw/crossover_study/revision_multi_tau/86335447423600db.json,8,512,hybrid,B
bank,803,0,0.03,0.015,7,soft,0.5368373241042796,0.5147021905437562,0.01707317073170732,analytic,b4f7d98fda12fde3,results/raw/crossover_study/revision_multi_tau/b4f7d98fda12fde3.json,8,512,hybrid,B
bank,803,0,0.03,0.03,7,soft,0.6103057959194957,0.2771135848593433,0.01707317073170732,analytic,09d71951b98b770d,results/raw/crossover_study/revision_multi_tau/09d71951b98b770d.json,8,512,hybrid,B
bank,803,0,0.03,0.06,7,soft,0.7927472388864316,0.14132411887770005,0.01707317073170732,analytic,4a5c4fe29e0d2e67,results/raw/crossover_study/revision_multi_tau/4a5c4fe29e0d2e67.json,8,512,hybrid,B
bank,804,0,0.03,0.0,7,hard,0.45123563287902246,1.0,0.01707317073170732,global,b3bd60b34866ea46,results/raw/crossover_study/revision_multi_tau/b3bd60b34866ea46.json,8,512,hybrid,B
bank,804,0,0.03,0.015,7,soft,0.4930116872166316,0.5147021905437562,0.01707317073170732,analytic,df3b2722f087c58e,results/raw/crossover_study/revision_multi_tau/df3b2722f087c58e.json,8,512,hybrid,B
bank,804,0,0.03,0.03,7,soft,0.6181090518909654,0.2771135848593433,0.01707317073170732,analytic,7d2ed0ea6fd2a24f,results/raw/crossover_study/revision_multi_tau/7d2ed0ea6fd2a24f.json,8,512,hybrid,B
bank,804,0,0.03,0.06,7,soft,0.7165804178646467,0.14132411887770005,0.01707317073170732,analytic,2610e2674d0bac80,results/raw/crossover_study/revision_multi_tau/2610e2674d0bac80.json,8,512,hybrid,B
bank,805,0,0.03,0.0,7,hard,0.4626736495079067,1.0,0.01707317073170732,global,11181c5f2e58a085,results/raw/crossover_study/revision_multi_tau/11181c5f2e58a085.json,8,512,hybrid,B
bank,805,0,0.03,0.015,7,soft,0.5028484134828044,0.5147021905437562,0.01707317073170732,analytic,da7b70d6d6221a09,results/raw/crossover_study/revision_multi_tau/da7b70d6d6221a09.json,8,512,hybrid,B
bank,805,0,0.03,0.03,7,soft,0.6376504530437908,0.2771135848593433,0.01707317073170732,analytic,edb0a2d87327bf30,results/raw/crossover_study/revision_multi_tau/edb0a2d87327bf30.json,8,512,hybrid,B
bank,805,0,0.03,0.06,7,soft,0.7177479732251465,0.14132411887770005,0.01707317073170732,analytic,d84880e06fe146a8,results/raw/crossover_study/revision_multi_tau/d84880e06fe146a8.json,8,512,hybrid,B
bank,806,0,0.03,0.0,7,hard,0.42082226065741457,1.0,0.01707317073170732,global,fd82e8a13481bb3c,results/raw/crossover_study/revision_multi_tau/fd82e8a13481bb3c.json,8,512,hybrid,B
bank,806,0,0.03,0.015,7,soft,0.5002270834485237,0.5147021905437562,0.01707317073170732,analytic,fce0e780d9540d29,results/raw/crossover_study/revision_multi_tau/fce0e780d9540d29.json,8,512,hybrid,B
bank,806,0,0.03,0.03,7,soft,0.6176804140633639,0.2771135848593433,0.01707317073170732,analytic,5990a3152f99afd3,results/raw/crossover_study/revision_multi_tau/5990a3152f99afd3.json,8,512,hybrid,B
bank,806,0,0.03,0.06,7,soft,0.8342759074698662,0.14132411887770005,0.01707317073170732,analytic,5c264f6adb56143d,results/raw/crossover_study/revision_multi_tau/5c264f6adb56143d.json,8,512,hybrid,B
bank,807,0,0.03,0.0,7,hard,0.4390454806203693,1.0,0.01707317073170732,global,8956ffc83dab16dc,results/raw/crossover_study/revision_multi_tau/8956ffc83dab16dc.json,8,512,hybrid,B
bank,807,0,0.03,0.015,7,soft,0.5508714872691585,0.5147021905437562,0.01707317073170732,analytic,3d5d70b1c3bca761,results/raw/crossover_study/revision_multi_tau/3d5d70b1c3bca761.json,8,512,hybrid,B
bank,807,0,0.03,0.03,7,soft,0.5753514458697335,0.2771135848593433,0.01707317073170732,analytic,94cdb2d5e126f5b0,results/raw/crossover_study/revision_multi_tau/94cdb2d5e126f5b0.json,8,512,hybrid,B
bank,807,0,0.03,0.06,7,soft,0.7908774397323897,0.14132411887770005,0.01707317073170732,analytic,c45d2c5aa1cefd2b,results/raw/crossover_study/revision_multi_tau/c45d2c5aa1cefd2b.json,8,512,hybrid,B
bank,808,0,0.03,0.0,7,hard,0.43320476646301004,1.0,0.01707317073170732,global,d6d1a3927165cea2,results/raw/crossover_study/revision_multi_tau/d6d1a3927165cea2.json,8,512,hybrid,B
bank,808,0,0.03,0.015,7,soft,0.49112581900364916,0.5147021905437562,0.01707317073170732,analytic,73ccecfb5259b360,results/raw/crossover_study/revision_multi_tau/73ccecfb5259b360.json,8,512,hybrid,B
bank,808,0,0.03,0.03,7,soft,0.66393433629603,0.2771135848593433,0.01707317073170732,analytic,90cbd60477ceeb41,results/raw/crossover_study/revision_multi_tau/90cbd60477ceeb41.json,8,512,hybrid,B
bank,808,0,0.03,0.06,7,soft,0.7404960587609201,0.14132411887770005,0.01707317073170732,analytic,dacd973991bb843c,results/raw/crossover_study/revision_multi_tau/dacd973991bb843c.json,8,512,hybrid,B
bank,809,0,0.03,0.0,7,hard,0.5374047951454164,1.0,0.01707317073170732,global,8b213079e773c3b9,results/raw/crossover_study/revision_multi_tau/8b213079e773c3b9.json,8,512,hybrid,B
bank,809,0,0.03,0.015,7,soft,0.5608299841728408,0.5147021905437562,0.01707317073170732,analytic,6047abaa7ffc2d55,results/raw/crossover_study/revision_multi_tau/6047abaa7ffc2d55.json,8,512,hybrid,B
bank,809,0,0.03,0.03,7,soft,0.697344372028088,0.2771135848593433,0.01707317073170732,analytic,80cc303e9d86b51a,results/raw/crossover_study/revision_multi_tau/80cc303e9d86b51a.json,8,512,hybrid,B
bank,809,0,0.03,0.06,7,soft,0.7443984210853698,0.14132411887770005,0.01707317073170732,analytic,a8d7669154f28e91,results/raw/crossover_study/revision_multi_tau/a8d7669154f28e91.json,8,512,hybrid,B
bank,810,0,0.03,0.0,7,hard,0.4104818644255225,1.0,0.01707317073170732,global,9c36c63eb0efec48,results/raw/crossover_study/revision_multi_tau/9c36c63eb0efec48.json,8,512,hybrid,B
bank,810,0,0.03,0.015,7,soft,0.5121707570772973,0.5147021905437562,0.01707317073170732,analytic,c72e1cbe8659bc80,results/raw/crossover_study/revision_multi_tau/c72e1cbe8659bc80.json,8,512,hybrid,B
bank,810,0,0.03,0.03,7,soft,0.6479145644421098,0.2771135848593433,0.01707317073170732,analytic,a91da1c0442fd756,results/raw/crossover_study/revision_multi_tau/a91da1c0442fd756.json,8,512,hybrid,B
bank,810,0,0.03,0.06,7,soft,0.8652992127888975,0.14132411887770005,0.01707317073170732,analytic,aac4a65a972bda38,results/raw/crossover_study/revision_multi_tau/aac4a65a972bda38.json,8,512,hybrid,B
bank,811,0,0.03,0.0,7,hard,0.4226424271535995,1.0,0.01707317073170732,global,2f2516ccf545efd7,results/raw/crossover_study/revision_multi_tau/2f2516ccf545efd7.json,8,512,hybrid,B
bank,811,0,0.03,0.015,7,soft,0.5050314296970032,0.5147021905437562,0.01707317073170732,analytic,a53537444b08adc0,results/raw/crossover_study/revision_multi_tau/a53537444b08adc0.json,8,512,hybrid,B
bank,811,0,0.03,0.03,7,soft,0.6281761013352869,0.2771135848593433,0.01707317073170732,analytic,166bac649831890c,results/raw/crossover_study/revision_multi_tau/166bac649831890c.json,8,512,hybrid,B
bank,811,0,0.03,0.06,7,soft,0.7648490199601901,0.14132411887770005,0.01707317073170732,analytic,7231130ee560cb0f,results/raw/crossover_study/revision_multi_tau/7231130ee560cb0f.json,8,512,hybrid,B
bank,800,0,0.06,0.0,7,hard,0.4065664567897821,1.0,0.01707317073170732,global,03a239d47399dfff,results/raw/crossover_study/revision_multi_tau/03a239d47399dfff.json,8,512,hybrid,B
bank,800,0,0.06,0.015,7,soft,0.5077778564912087,0.5147021905437561,0.01707317073170732,analytic,22c472f7719162e7,results/raw/crossover_study/revision_multi_tau/22c472f7719162e7.json,8,512,hybrid,B
bank,800,0,0.06,0.03,7,soft,0.6620211247650116,0.27711358485934323,0.01707317073170732,analytic,725c597eae5e42ec,results/raw/crossover_study/revision_multi_tau/725c597eae5e42ec.json,8,512,hybrid,B
bank,800,0,0.06,0.06,7,soft,0.8179776052609753,0.14132411887770005,0.01707317073170732,analytic,d37c3093b2582dc8,results/raw/crossover_study/revision_multi_tau/d37c3093b2582dc8.json,8,512,hybrid,B
bank,801,0,0.06,0.0,7,hard,0.42021548089682625,1.0,0.01707317073170732,global,d430e9a0f96b20b3,results/raw/crossover_study/revision_multi_tau/d430e9a0f96b20b3.json,8,512,hybrid,B
bank,801,0,0.06,0.015,7,soft,0.4953345733578458,0.5147021905437561,0.01707317073170732,analytic,c944ad559c478eb7,results/raw/crossover_study/revision_multi_tau/c944ad559c478eb7.json,8,512,hybrid,B
bank,801,0,0.06,0.03,7,soft,0.636563804531129,0.27711358485934323,0.01707317073170732,analytic,beeda4b69451e399,results/raw/crossover_study/revision_multi_tau/beeda4b69451e399.json,8,512,hybrid,B
bank,801,0,0.06,0.06,7,soft,0.7513089803577352,0.14132411887770005,0.01707317073170732,analytic,50a208d8699ebf31,results/raw/crossover_study/revision_multi_tau/50a208d8699ebf31.json,8,512,hybrid,B
bank,802,0,0.06,0.0,7,hard,0.4379203441197612,1.0,0.01707317073170732,global,237e9b74c4fc9ee5,results/raw/crossover_study/revision_multi_tau/237e9b74c4fc9ee5.json,8,512,hybrid,B
bank,802,0,0.06,0.015,7,soft,0.5097754737780604,0.5147021905437561,0.01707317073170732,analytic,0502ed3e52f21d41,results/raw/crossover_study/revision_multi_tau/0502ed3e52f21d41.json,8,512,hybrid,B
bank,802,0,0.06,0.03,7,soft,0.6547623161561429,0.27711358485934323,0.01707317073170732,analytic,7ab66c474a3e1bda,results/raw/crossover_study/revision_multi_tau/7ab66c474a3e1bda.json,8,512,hybrid,B
bank,802,0,0.06,0.06,7,soft,0.7386529117825944,0.14132411887770005,0.01707317073170732,analytic,28f01f47b89e2d30,results/raw/crossover_study/revision_multi_tau/28f01f47b89e2d30.json,8,512,hybrid,B
bank,803,0,0.06,0.0,7,hard,0.4494761573178148,1.0,0.01707317073170732,global,0549831fc29b3578,results/raw/crossover_study/revision_multi_tau/0549831fc29b3578.json,8,512,hybrid,B
bank,803,0,0.06,0.015,7,soft,0.5172241737393564,0.5147021905437561,0.01707317073170732,analytic,c7e08a04c8f479e4,results/raw/crossover_study/revision_multi_tau/c7e08a04c8f479e4.json,8,512,hybrid,B
bank,803,0,0.06,0.03,7,soft,0.6685969983689041,0.27711358485934323,0.01707317073170732,analytic,453089f409c5f320,results/raw/crossover_study/revision_multi_tau/453089f409c5f320.json,8,512,hybrid,B
bank,803,0,0.06,0.06,7,soft,0.7718042875013823,0.14132411887770005,0.01707317073170732,analytic,dc226c11e4707b97,results/raw/crossover_study/revision_multi_tau/dc226c11e4707b97.json,8,512,hybrid,B
bank,804,0,0.06,0.0,7,hard,0.45870204336226916,1.0,0.01707317073170732,global,596a56204625c6ba,results/raw/crossover_study/revision_multi_tau/596a56204625c6ba.json,8,512,hybrid,B
bank,804,0,0.06,0.015,7,soft,0.5044582999281211,0.5147021905437561,0.01707317073170732,analytic,d55171008994811a,results/raw/crossover_study/revision_multi_tau/d55171008994811a.json,8,512,hybrid,B
bank,804,0,0.06,0.03,7,soft,0.6452825217018688,0.27711358485934323,0.01707317073170732,analytic,f0827905967ee208,results/raw/crossover_study/revision_multi_tau/f0827905967ee208.json,8,512,hybrid,B
bank,804,0,0.06,0.06,7,soft,0.7985654477219949,0.14132411887770005,0.01707317073170732,analytic,80209f5e37a41d0e,results/raw/crossover_study/revision_multi_tau/80209f5e37a41d0e.json,8,512,hybrid,B
bank,805,0,0.06,0.0,7,hard,0.4208116775406391,1.0,0.01707317073170732,global,d2c459cacc342034,results/raw/crossover_study/revision_multi_tau/d2c459cacc342034.json,8,512,hybrid,B
bank,805,0,0.06,0.015,7,soft,0.511511666482362,0.5147021905437561,0.01707317073170732,analytic,21a69d91a6462873,results/raw/crossover_study/revision_multi_tau/21a69d91a6462873.json,8,512,hybrid,B
bank,805,0,0.06,0.03,7,soft,0.6412888853947805,0.27711358485934323,0.01707317073170732,analytic,fcf1edf7f075ef14,results/raw/crossover_study/revision_multi_tau/fcf1edf7f075ef14.json,8,512,hybrid,B
bank,805,0,0.06,0.06,7,soft,0.7838654553245604,0.14132411887770005,0.01707317073170732,analytic,ef23c323252c0242,results/raw/crossover_study/revision_multi_tau/ef23c323252c0242.json,8,512,hybrid,B
bank,806,0,0.06,0.0,7,hard,0.3990408672453831,1.0,0.01707317073170732,global,bf50f99b1e5bbaa7,results/raw/crossover_study/revision_multi_tau/bf50f99b1e5bbaa7.json,8,512,hybrid,B
bank,806,0,0.06,0.015,7,soft,0.49318430001105834,0.5147021905437561,0.01707317073170732,analytic,b5da5a7b5c900e5e,results/raw/crossover_study/revision_multi_tau/b5da5a7b5c900e5e.json,8,512,hybrid,B
bank,806,0,0.06,0.03,7,soft,0.5419233972409598,0.27711358485934323,0.01707317073170732,analytic,a45dd9465de2641c,results/raw/crossover_study/revision_multi_tau/a45dd9465de2641c.json,8,512,hybrid,B
bank,806,0,0.06,0.06,7,soft,0.7987118403046555,0.14132411887770005,0.01707317073170732,analytic,79b5a099c04f861c,results/raw/crossover_study/revision_multi_tau/79b5a099c04f861c.json,8,512,hybrid,B
bank,807,0,0.06,0.0,7,hard,0.43145513967986293,1.0,0.01707317073170732,global,a6fc8c392dc0321d,results/raw/crossover_study/revision_multi_tau/a6fc8c392dc0321d.json,8,512,hybrid,B
bank,807,0,0.06,0.015,7,soft,0.5095157338549153,0.5147021905437561,0.01707317073170732,analytic,41497833576e6e4c,results/raw/crossover_study/revision_multi_tau/41497833576e6e4c.json,8,512,hybrid,B
bank,807,0,0.06,0.03,7,soft,0.6070185070634745,0.27711358485934323,0.01707317073170732,analytic,c57f9fad3ac2368b,results/raw/crossover_study/revision_multi_tau/c57f9fad3ac2368b.json,8,512,hybrid,B
bank,807,0,0.06,0.06,7,soft,0.7449731491208669,0.14132411887770005,0.01707317073170732,analytic,4daee69d96bb02f7,results/raw/crossover_study/revision_multi_tau/4daee69d96bb02f7.json,8,512,hybrid,B
bank,808,0,0.06,0.0,7,hard,0.423282943298684,1.0,0.01707317073170732,global,8cab7e2646d76905,results/raw/crossover_study/revision_multi_tau/8cab7e2646d76905.json,8,512,hybrid,B
bank,808,0,0.06,0.015,7,soft,0.4862656198164325,0.5147021905437561,0.01707317073170732,analytic,8f05ea73d43d6e85,results/raw/crossover_study/revision_multi_tau/8f05ea73d43d6e85.json,8,512,hybrid,B
bank,808,0,0.06,0.03,7,soft,0.6053343228187548,0.27711358485934323,0.01707317073170732,analytic,bb379651f6ef8e70,results/raw/crossover_study/revision_multi_tau/bb379651f6ef8e70.json,8,512,hybrid,B
bank,808,0,0.06,0.06,7,soft,0.8166557523775296,0.14132411887770005,0.01707317073170732,analytic,58fe310145cc3b94,results/raw/crossover_study/revision_multi_tau/58fe310145cc3b94.json,8,512,hybrid,B
bank,809,0,0.06,0.0,7,hard,0.5378789619733495,1.0,0.01707317073170732,global,e5fca2e0a4bd058f,results/raw/crossover_study/revision_multi_tau/e5fca2e0a4bd058f.json,8,512,hybrid,B
bank,809,0,0.06,0.015,7,soft,0.5671224030327325,0.5147021905437561,0.01707317073170732,analytic,54bc60c40fa27228,results/raw/crossover_study/revision_multi_tau/54bc60c40fa27228.json,8,512,hybrid,B
bank,809,0,0.06,0.03,7,soft,0.6232472198800176,0.27711358485934323,0.01707317073170732,analytic,53a9b15b4ce271e9,results/raw/crossover_study/revision_multi_tau/53a9b15b4ce271e9.json,8,512,hybrid,B
bank,809,0,0.06,0.06,7,soft,0.7371306708227359,0.14132411887770005,0.01707317073170732,analytic,2c67b81a987d31f2,results/raw/crossover_study/revision_multi_tau/2c67b81a987d31f2.json,8,512,hybrid,B
bank,810,0,0.06,0.0,7,hard,0.3842618254450957,1.0,0.01707317073170732,global,4b2e6d0c6ac12ccf,results/raw/crossover_study/revision_multi_tau/4b2e6d0c6ac12ccf.json,8,512,hybrid,B
bank,810,0,0.06,0.015,7,soft,0.513776496668694,0.5147021905437561,0.01707317073170732,analytic,ccfa4190accdd928,results/raw/crossover_study/revision_multi_tau/ccfa4190accdd928.json,8,512,hybrid,B
bank,810,0,0.06,0.03,7,soft,0.6050188595460577,0.27711358485934323,0.01707317073170732,analytic,68aa2fd8575bdefa,results/raw/crossover_study/revision_multi_tau/68aa2fd8575bdefa.json,8,512,hybrid,B
bank,810,0,0.06,0.06,7,soft,0.7760968428618821,0.14132411887770005,0.01707317073170732,analytic,c0932f918c38488c,results/raw/crossover_study/revision_multi_tau/c0932f918c38488c.json,8,512,hybrid,B
bank,811,0,0.06,0.0,7,hard,0.4179535448689595,1.0,0.01707317073170732,global,7a1e7f822ce50791,results/raw/crossover_study/revision_multi_tau/7a1e7f822ce50791.json,8,512,hybrid,B
bank,811,0,0.06,0.015,7,soft,0.4680611038925136,0.5147021905437561,0.01707317073170732,analytic,8b989968fc36532c,results/raw/crossover_study/revision_multi_tau/8b989968fc36532c.json,8,512,hybrid,B
bank,811,0,0.06,0.03,7,soft,0.6084080055014929,0.27711358485934323,0.01707317073170732,analytic,95d0b87f327b1741,results/raw/crossover_study/revision_multi_tau/95d0b87f327b1741.json,8,512,hybrid,B
bank,811,0,0.06,0.06,7,soft,0.766435277977441,0.14132411887770005,0.01707317073170732,analytic,d37ab43e9317f4ca,results/raw/crossover_study/revision_multi_tau/d37ab43e9317f4ca.json,8,512,hybrid,B
bank,800,0,0.1,0.0,7,hard,0.43680077995410815,1.0,0.01707317073170732,global,1d486f63791107cf,results/raw/crossover_study/transition/1d486f63791107cf.json,8,512,hybrid,B
bank,800,0,0.1,0.015,7,soft,0.5227976749972354,0.5147021905437561,0.01707317073170732,analytic,324f2a05c3c15db3,results/raw/crossover_study/revision_multi_tau/324f2a05c3c15db3.json,8,512,hybrid,B
bank,800,0,0.1,0.03,7,soft,0.6021923466355192,0.27711358485934323,0.01707317073170732,analytic,866349bc58d1acd9,results/raw/crossover_study/revision_multi_tau/866349bc58d1acd9.json,8,512,hybrid,B
bank,800,0,0.1,0.06,7,soft,0.8764426300038703,0.14132411887770005,0.01707317073170732,analytic,e981ade736ce653a,results/raw/crossover_study/revision_multi_tau/e981ade736ce653a.json,8,512,hybrid,B
bank,801,0,0.1,0.0,7,hard,0.45017762357624685,1.0,0.01707317073170732,global,24a022ad343ae7d6,results/raw/crossover_study/transition/24a022ad343ae7d6.json,8,512,hybrid,B
bank,801,0,0.1,0.015,7,soft,0.5018096265758045,0.5147021905437561,0.01707317073170732,analytic,2aa8d23fb3a6ab39,results/raw/crossover_study/revision_multi_tau/2aa8d23fb3a6ab39.json,8,512,hybrid,B
bank,801,0,0.1,0.03,7,soft,0.6347435516421542,0.27711358485934323,0.01707317073170732,analytic,026a6bf5cfa9155f,results/raw/crossover_study/revision_multi_tau/026a6bf5cfa9155f.json,8,512,hybrid,B
bank,801,0,0.1,0.06,7,soft,0.8859090335756938,0.14132411887770005,0.01707317073170732,analytic,3c2415fc14d88ef2,results/raw/crossover_study/revision_multi_tau/3c2415fc14d88ef2.json,8,512,hybrid,B
bank,802,0,0.1,0.0,7,hard,0.3944977295974787,1.0,0.01707317073170732,global,f05e9cab6170fa48,results/raw/crossover_study/transition/f05e9cab6170fa48.json,8,512,hybrid,B
bank,802,0,0.1,0.015,7,soft,0.48092801407165764,0.5147021905437561,0.01707317073170732,analytic,09436d7c77680a91,results/raw/crossover_study/revision_multi_tau/09436d7c77680a91.json,8,512,hybrid,B
bank,802,0,0.1,0.03,7,soft,0.6538364014292822,0.27711358485934323,0.01707317073170732,analytic,76e414e0d55f9f2f,results/raw/crossover_study/revision_multi_tau/76e414e0d55f9f2f.json,8,512,hybrid,B
bank,802,0,0.1,0.06,7,soft,0.7761936891794758,0.14132411887770005,0.01707317073170732,analytic,88b4d6b54756a408,results/raw/crossover_study/revision_multi_tau/88b4d6b54756a408.json,8,512,hybrid,B
bank,803,0,0.1,0.0,7,hard,0.4065281847838108,1.0,0.01707317073170732,global,5996818c19369ee2,results/raw/crossover_study/transition/5996818c19369ee2.json,8,512,hybrid,B
bank,803,0,0.1,0.015,7,soft,0.5082909000746434,0.5147021905437561,0.01707317073170732,analytic,4f6668057b6c58ad,results/raw/crossover_study/revision_multi_tau/4f6668057b6c58ad.json,8,512,hybrid,B
bank,803,0,0.1,0.03,7,soft,0.6339479172426186,0.27711358485934323,0.01707317073170732,analytic,fe3dca6b7d9b6261,results/raw/crossover_study/revision_multi_tau/fe3dca6b7d9b6261.json,8,512,hybrid,B
bank,803,0,0.1,0.06,7,soft,0.7535054306507796,0.14132411887770005,0.01707317073170732,analytic,591a3058dd017d9a,results/raw/crossover_study/revision_multi_tau/591a3058dd017d9a.json,8,512,hybrid,B
bank,804,0,0.1,0.0,7,hard,0.4010421562258101,1.0,0.01707317073170732,global,6c634708ee15e2db,results/raw/crossover_study/transition/6c634708ee15e2db.json,8,512,hybrid,B
bank,804,0,0.1,0.015,7,soft,0.49445306452504695,0.5147021905437561,0.01707317073170732,analytic,7bb5544d7016607e,results/raw/crossover_study/revision_multi_tau/7bb5544d7016607e.json,8,512,hybrid,B
bank,804,0,0.1,0.03,7,soft,0.6228812600215636,0.27711358485934323,0.01707317073170732,analytic,953b8b43c435f911,results/raw/crossover_study/revision_multi_tau/953b8b43c435f911.json,8,512,hybrid,B
bank,804,0,0.1,0.06,7,soft,0.8563140170573924,0.14132411887770005,0.01707317073170732,analytic,f07cd7c46adea69c,results/raw/crossover_study/revision_multi_tau/f07cd7c46adea69c.json,8,512,hybrid,B
bank,805,0,0.1,0.0,7,hard,0.40966363831140107,1.0,0.01707317073170732,global,30a33a2c71d1ec04,results/raw/crossover_study/transition/30a33a2c71d1ec04.json,8,512,hybrid,B
bank,805,0,0.1,0.015,7,soft,0.5121933487918832,0.5147021905437561,0.01707317073170732,analytic,a8fc7e7e0b514613,results/raw/crossover_study/revision_multi_tau/a8fc7e7e0b514613.json,8,512,hybrid,B
bank,805,0,0.1,0.03,7,soft,0.6311023547218843,0.27711358485934323,0.01707317073170732,analytic,080e52786b6ef7cf,results/raw/crossover_study/revision_multi_tau/080e52786b6ef7cf.json,8,512,hybrid,B
bank,805,0,0.1,0.06,7,soft,0.8054276270319585,0.14132411887770005,0.01707317073170732,analytic,858c503249b99a1d,results/raw/crossover_study/revision_multi_tau/858c503249b99a1d.json,8,512,hybrid,B
bank,806,0,0.1,0.0,7,hard,0.39454321540141546,1.0,0.01707317073170732,global,109d3aeb386d4d83,results/raw/crossover_study/transition/109d3aeb386d4d83.json,8,512,hybrid,B
bank,806,0,0.1,0.015,7,soft,0.4888323064110363,0.5147021905437561,0.01707317073170732,analytic,305c45f1065393e8,results/raw/crossover_study/revision_multi_tau/305c45f1065393e8.json,8,512,hybrid,B
bank,806,0,0.1,0.03,7,soft,0.680523263850492,0.27711358485934323,0.01707317073170732,analytic,835dd8f96d75c5a2,results/raw/crossover_study/revision_multi_tau/835dd8f96d75c5a2.json,8,512,hybrid,B
bank,806,0,0.1,0.06,7,soft,0.7821188954854583,0.14132411887770005,0.01707317073170732,analytic,95e0b6b2c8a74e42,results/raw/crossover_study/revision_multi_tau/95e0b6b2c8a74e42.json,8,512,hybrid,B
bank,807,0,0.1,0.0,7,hard,0.46895868178425293,1.0,0.01707317073170732,global,1c3222d656e5ce59,results/raw/crossover_study/transition/1c3222d656e5ce59.json,8,512,hybrid,B
bank,807,0,0.1,0.015,7,soft,0.5172709986315382,0.5147021905437561,0.01707317073170732,analytic,11dc893844e904b9,results/raw/crossover_study/revision_multi_tau/11dc893844e904b9.json,8,512,hybrid,B
bank,807,0,0.1,0.03,7,soft,0.663075332785027,0.27711358485934323,0.01707317073170732,analytic,c2b586bfde223d79,results/raw/crossover_study/revision_multi_tau/c2b586bfde223d79.json,8,512,hybrid,B
bank,807,0,0.1,0.06,7,soft,0.8338180688792436,0.14132411887770005,0.01707317073170732,analytic,a3d11e847c0f262a,results/raw/crossover_study/revision_multi_tau/a3d11e847c0f262a.json,8,512,hybrid,B
bank,808,0,0.1,0.0,7,hard,0.3719838117190092,1.0,0.01707317073170732,global,71da2a46699f5b51,results/raw/crossover_study/transition/71da2a46699f5b51.json,8,512,hybrid,B
bank,808,0,0.1,0.015,7,soft,0.5037937233910206,0.5147021905437561,0.01707317073170732,analytic,47a28f8771c44ed7,results/raw/crossover_study/revision_multi_tau/47a28f8771c44ed7.json,8,512,hybrid,B
bank,808,0,0.1,0.03,7,soft,0.7165643488057061,0.27711358485934323,0.01707317073170732,analytic,a8028578a42b4d48,results/raw/crossover_study/revision_multi_tau/a8028578a42b4d48.json,8,512,hybrid,B
bank,808,0,0.1,0.06,7,soft,0.7504353332688268,0.14132411887770005,0.01707317073170732,analytic,7d8b99f315767f3a,results/raw/crossover_study/revision_multi_tau/7d8b99f315767f3a.json,8,512,hybrid,B
bank,809,0,0.1,0.0,7,hard,0.4379698903848282,1.0,0.01707317073170732,global,c4d5f54f66714a7c,results/raw/crossover_study/transition/c4d5f54f66714a7c.json,8,512,hybrid,B
bank,809,0,0.1,0.015,7,soft,0.5562529805512553,0.5147021905437561,0.01707317073170732,analytic,9f3b421933cba0ac,results/raw/crossover_study/revision_multi_tau/9f3b421933cba0ac.json,8,512,hybrid,B
bank,809,0,0.1,0.03,7,soft,0.6866828969921487,0.27711358485934323,0.01707317073170732,analytic,1316ff724e874495,results/raw/crossover_study/revision_multi_tau/1316ff724e874495.json,8,512,hybrid,B
bank,809,0,0.1,0.06,7,soft,0.6958369042353201,0.14132411887770005,0.01707317073170732,analytic,1c94a5821a896236,results/raw/crossover_study/revision_multi_tau/1c94a5821a896236.json,8,512,hybrid,B
bank,810,0,0.1,0.0,7,hard,0.38207241616443655,1.0,0.01707317073170732,global,380b46cfd51f308f,results/raw/crossover_study/transition/380b46cfd51f308f.json,8,512,hybrid,B
bank,810,0,0.1,0.015,7,soft,0.5056049914298353,0.5147021905437561,0.01707317073170732,analytic,152fcee557738077,results/raw/crossover_study/revision_multi_tau/152fcee557738077.json,8,512,hybrid,B
bank,810,0,0.1,0.03,7,soft,0.6412377408630985,0.27711358485934323,0.01707317073170732,analytic,976c2d8a800c1b3d,results/raw/crossover_study/revision_multi_tau/976c2d8a800c1b3d.json,8,512,hybrid,B
bank,810,0,0.1,0.06,7,soft,0.8564478394891075,0.14132411887770005,0.01707317073170732,analytic,39995a5c535b13df,results/raw/crossover_study/revision_multi_tau/39995a5c535b13df.json,8,512,hybrid,B
bank,811,0,0.1,0.0,7,hard,0.3757983125760257,1.0,0.01707317073170732,global,5c670599ab462c19,results/raw/crossover_study/transition/5c670599ab462c19.json,8,512,hybrid,B
bank,811,0,0.1,0.015,7,soft,0.4844179804130267,0.5147021905437561,0.01707317073170732,analytic,c5f01cb7527000d9,results/raw/crossover_study/revision_multi_tau/c5f01cb7527000d9.json,8,512,hybrid,B
bank,811,0,0.1,0.03,7,soft,0.6199607517555015,0.27711358485934323,0.01707317073170732,analytic,a11d38fc13ce666d,results/raw/crossover_study/revision_multi_tau/a11d38fc13ce666d.json,8,512,hybrid,B
bank,811,0,0.1,0.06,7,soft,0.7292023612877364,0.14132411887770005,0.01707317073170732,analytic,f299a341acdd596c,results/raw/crossover_study/revision_multi_tau/f299a341acdd596c.json,8,512,hybrid,B
bank,800,0,0.1778279410038923,0.0,7,hard,0.41032709174223153,1.0,0.01707317073170732,global,eb5b963f4ffbb9d8,results/raw/crossover_study/revision_multi_tau/eb5b963f4ffbb9d8.json,8,512,hybrid,B
bank,800,0,0.1778279410038923,0.015,7,soft,0.5008809904760588,0.5147021905437561,0.01707317073170732,analytic,29193511fac38617,results/raw/crossover_study/revision_multi_tau/29193511fac38617.json,8,512,hybrid,B
bank,800,0,0.1778279410038923,0.03,7,soft,0.6455621319667146,0.27711358485934323,0.01707317073170732,analytic,34e99b5fbb15a8bc,results/raw/crossover_study/revision_multi_tau/34e99b5fbb15a8bc.json,8,512,hybrid,B
bank,800,0,0.1778279410038923,0.06,7,soft,0.8817055491816876,0.14132411887770005,0.01707317073170732,analytic,746a98ec60c70063,results/raw/crossover_study/revision_multi_tau/746a98ec60c70063.json,8,512,hybrid,B
bank,801,0,0.1778279410038923,0.0,7,hard,0.43167220156474617,1.0,0.01707317073170732,global,1e907697f5d20798,results/raw/crossover_study/revision_multi_tau/1e907697f5d20798.json,8,512,hybrid,B
bank,801,0,0.1778279410038923,0.015,7,soft,0.54934959188046,0.5147021905437561,0.01707317073170732,analytic,c2f211c9dbc9d3d3,results/raw/crossover_study/revision_multi_tau/c2f211c9dbc9d3d3.json,8,512,hybrid,B
bank,801,0,0.1778279410038923,0.03,7,soft,0.6842429054240848,0.27711358485934323,0.01707317073170732,analytic,8325b4636980656d,results/raw/crossover_study/revision_multi_tau/8325b4636980656d.json,8,512,hybrid,B
bank,801,0,0.1778279410038923,0.06,7,soft,0.9195881828486122,0.14132411887770005,0.01707317073170732,analytic,69d8c5e693903876,results/raw/crossover_study/revision_multi_tau/69d8c5e693903876.json,8,512,hybrid,B
bank,802,0,0.1778279410038923,0.0,7,hard,0.40740144310516424,1.0,0.01707317073170732,global,69a58aa8c9751381,results/raw/crossover_study/revision_multi_tau/69a58aa8c9751381.json,8,512,hybrid,B
bank,802,0,0.1778279410038923,0.015,7,soft,0.48234887309244723,0.5147021905437561,0.01707317073170732,analytic,d4b20b7ded87e3de,results/raw/crossover_study/revision_multi_tau/d4b20b7ded87e3de.json,8,512,hybrid,B
bank,802,0,0.1778279410038923,0.03,7,soft,0.6854811300868074,0.27711358485934323,0.01707317073170732,analytic,34bac7f9157d3a0f,results/raw/crossover_study/revision_multi_tau/34bac7f9157d3a0f.json,8,512,hybrid,B
bank,802,0,0.1778279410038923,0.06,7,soft,0.7563090062755723,0.14132411887770005,0.01707317073170732,analytic,8cc9d01e36f52181,results/raw/crossover_study/revision_multi_tau/8cc9d01e36f52181.json,8,512,hybrid,B
bank,803,0,0.1778279410038923,0.0,7,hard,0.40958057164381295,1.0,0.01707317073170732,global,8f41476652f4de5a,results/raw/crossover_study/revision_multi_tau/8f41476652f4de5a.json,8,512,hybrid,B
bank,803,0,0.1778279410038923,0.015,7,soft,0.5555803262882892,0.5147021905437561,0.01707317073170732,analytic,3db5a6639379e0e5,results/raw/crossover_study/revision_multi_tau/3db5a6639379e0e5.json,8,512,hybrid,B
bank,803,0,0.1778279410038923,0.03,7,soft,0.6350043714751743,0.27711358485934323,0.01707317073170732,analytic,c2f8e879d9a9483b,results/raw/crossover_study/revision_multi_tau/c2f8e879d9a9483b.json,8,512,hybrid,B
bank,803,0,0.1778279410038923,0.06,7,soft,0.7894310516421543,0.14132411887770005,0.01707317073170732,analytic,b2cf22b4ce1be084,results/raw/crossover_study/revision_multi_tau/b2cf22b4ce1be084.json,8,512,hybrid,B
bank,804,0,0.1778279410038923,0.0,7,hard,0.4255531730343913,1.0,0.01707317073170732,global,a7a779468129d0e7,results/raw/crossover_study/revision_multi_tau/a7a779468129d0e7.json,8,512,hybrid,B
bank,804,0,0.1778279410038923,0.015,7,soft,0.495493752073427,0.5147021905437561,0.01707317073170732,analytic,4af5accc59c56115,results/raw/crossover_study/revision_multi_tau/4af5accc59c56115.json,8,512,hybrid,B
bank,804,0,0.1778279410038923,0.03,7,soft,0.7248234563336282,0.27711358485934323,0.01707317073170732,analytic,b531f295421d6922,results/raw/crossover_study/revision_multi_tau/b531f295421d6922.json,8,512,hybrid,B
bank,804,0,0.1778279410038923,0.06,7,soft,0.747633917463784,0.14132411887770005,0.01707317073170732,analytic,fb090705bafc511c,results/raw/crossover_study/revision_multi_tau/fb090705bafc511c.json,8,512,hybrid,B
bank,805,0,0.1778279410038923,0.0,7,hard,0.3870790943271038,1.0,0.01707317073170732,global,43ebaf89bc3810c3,results/raw/crossover_study/revision_multi_tau/43ebaf89bc3810c3.json,8,512,hybrid,B
bank,805,0,0.1778279410038923,0.015,7,soft,0.5087396242259206,0.5147021905437561,0.01707317073170732,analytic,88b4ceff32b97b11,results/raw/crossover_study/revision_multi_tau/88b4ceff32b97b11.json,8,512,hybrid,B
bank,805,0,0.1778279410038923,0.03,7,soft,0.6224709806618379,0.27711358485934323,0.01707317073170732,analytic,d8c39508cbdd0134,results/raw/crossover_study/revision_multi_tau/d8c39508cbdd0134.json,8,512,hybrid,B
bank,805,0,0.1778279410038923,0.06,7,soft,0.7691462837277453,0.14132411887770005,0.01707317073170732,analytic,cb9e1ea3e531e0c8,results/raw/crossover_study/revision_multi_tau/cb9e1ea3e531e0c8.json,8,512,hybrid,B
bank,806,0,0.1778279410038923,0.0,7,hard,0.38636890239688154,1.0,0.01707317073170732,global,511f84cb92362916,results/raw/crossover_study/revision_multi_tau/511f84cb92362916.json,8,512,hybrid,B
bank,806,0,0.1778279410038923,0.015,7,soft,0.5339143968400973,0.5147021905437561,0.01707317073170732,analytic,8864173546078214,results/raw/crossover_study/revision_multi_tau/8864173546078214.json,8,512,hybrid,B
bank,806,0,0.1778279410038923,0.03,7,soft,0.6559755301061594,0.27711358485934323,0.01707317073170732,analytic,12bc797a5e3186d4,results/raw/crossover_study/revision_multi_tau/12bc797a5e3186d4.json,8,512,hybrid,B
bank,806,0,0.1778279410038923,0.06,7,soft,0.7477778910483248,0.14132411887770005,0.01707317073170732,analytic,7dd6865e5fad075c,results/raw/crossover_study/revision_multi_tau/7dd6865e5fad075c.json,8,512,hybrid,B
bank,807,0,0.1778279410038923,0.0,7,hard,0.4089102931825722,1.0,0.01707317073170732,global,98967dd33b0da1bc,results/raw/crossover_study/revision_multi_tau/98967dd33b0da1bc.json,8,512,hybrid,B
bank,807,0,0.1778279410038923,0.015,7,soft,0.5133439711655424,0.5147021905437561,0.01707317073170732,analytic,7f3a9fcc8394beea,results/raw/crossover_study/revision_multi_tau/7f3a9fcc8394beea.json,8,512,hybrid,B
bank,807,0,0.1778279410038923,0.03,7,soft,0.6890250919219285,0.27711358485934323,0.01707317073170732,analytic,8ecc5ad355fa8bb9,results/raw/crossover_study/revision_multi_tau/8ecc5ad355fa8bb9.json,8,512,hybrid,B
bank,807,0,0.1778279410038923,0.06,7,soft,0.7700336240738693,0.14132411887770005,0.01707317073170732,analytic,1eb4ad731f43d47f,results/raw/crossover_study/revision_multi_tau/1eb4ad731f43d47f.json,8,512,hybrid,B
bank,808,0,0.1778279410038923,0.0,7,hard,0.36052838694293926,1.0,0.01707317073170732,global,efe675ba76fa7f1c,results/raw/crossover_study/revision_multi_tau/efe675ba76fa7f1c.json,8,512,hybrid,B
bank,808,0,0.1778279410038923,0.015,7,soft,0.5359200054600243,0.5147021905437561,0.01707317073170732,analytic,738d0f0e1902399e,results/raw/crossover_study/revision_multi_tau/738d0f0e1902399e.json,8,512,hybrid,B
bank,808,0,0.1778279410038923,0.03,7,soft,0.5921026622802167,0.27711358485934323,0.01707317073170732,analytic,003ac635bcb2b663,results/raw/crossover_study/revision_multi_tau/003ac635bcb2b663.json,8,512,hybrid,B
bank,808,0,0.1778279410038923,0.06,7,soft,0.8370591375926131,0.14132411887770005,0.01707317073170732,analytic,f0b8f4ef07ab003e,results/raw/crossover_study/revision_multi_tau/f0b8f4ef07ab003e.json,8,512,hybrid,B
bank,809,0,0.1778279410038923,0.0,7,hard,0.4995092025599912,1.0,0.01707317073170732,global,94859403f1ea329c,results/raw/crossover_study/revision_multi_tau/94859403f1ea329c.json,8,512,hybrid,B
bank,809,0,0.1778279410038923,0.015,7,soft,0.5987027258653101,0.5147021905437561,0.01707317073170732,analytic,1ea4bdf7e26cdf40,results/raw/crossover_study/revision_multi_tau/1ea4bdf7e26cdf40.json,8,512,hybrid,B
bank,809,0,0.1778279410038923,0.03,7,soft,0.6194898678535885,0.27711358485934323,0.01707317073170732,analytic,1579b8cc24ee1195,results/raw/crossover_study/revision_multi_tau/1579b8cc24ee1195.json,8,512,hybrid,B
bank,809,0,0.1778279410038923,0.06,7,soft,0.7821992839765566,0.14132411887770005,0.01707317073170732,analytic,758482cd80f09dd1,results/raw/crossover_study/revision_multi_tau/758482cd80f09dd1.json,8,512,hybrid,B
bank,810,0,0.1778279410038923,0.0,7,hard,0.38594415224483025,1.0,0.01707317073170732,global,e305cf3fad3031a1,results/raw/crossover_study/revision_multi_tau/e305cf3fad3031a1.json,8,512,hybrid,B
bank,810,0,0.1778279410038923,0.015,7,soft,0.5278594285635297,0.5147021905437561,0.01707317073170732,analytic,94575ff88e1ad37d,results/raw/crossover_study/revision_multi_tau/94575ff88e1ad37d.json,8,512,hybrid,B
bank,810,0,0.1778279410038923,0.03,7,soft,0.5945206668832246,0.27711358485934323,0.01707317073170732,analytic,b514a858a367a48a,results/raw/crossover_study/revision_multi_tau/b514a858a367a48a.json,8,512,hybrid,B
bank,810,0,0.1778279410038923,0.06,7,soft,0.8403157570081831,0.14132411887770005,0.01707317073170732,analytic,70ad0e475e924e2c,results/raw/crossover_study/revision_multi_tau/70ad0e475e924e2c.json,8,512,hybrid,B
bank,811,0,0.1778279410038923,0.0,7,hard,0.43925956195399757,1.0,0.01707317073170732,global,82afc768cb772a94,results/raw/crossover_study/revision_multi_tau/82afc768cb772a94.json,8,512,hybrid,B
bank,811,0,0.1778279410038923,0.015,7,soft,0.5428055540196837,0.5147021905437561,0.01707317073170732,analytic,e8dbb584cb8f7656,results/raw/crossover_study/revision_multi_tau/e8dbb584cb8f7656.json,8,512,hybrid,B
bank,811,0,0.1778279410038923,0.03,7,soft,0.6546855129658299,0.27711358485934323,0.01707317073170732,analytic,9872011e4258da98,results/raw/crossover_study/revision_multi_tau/9872011e4258da98.json,8,512,hybrid,B
bank,811,0,0.1778279410038923,0.06,7,soft,0.7275153692773416,0.14132411887770005,0.01707317073170732,analytic,a77d5ebad094d471,results/raw/crossover_study/revision_multi_tau/a77d5ebad094d471.json,8,512,hybrid,B
bank,800,0,0.18,0.0,7,hard,0.4323932789865088,1.0,0.01707317073170732,global,66090f6762659596,results/raw/crossover_study/revision_multi_tau/66090f6762659596.json,8,512,hybrid,B
bank,800,0,0.18,0.015,7,soft,0.5158170079757822,0.5147021905437562,0.01707317073170732,analytic,8c1698c9a8010e20,results/raw/crossover_study/revision_multi_tau/8c1698c9a8010e20.json,8,512,hybrid,B
bank,800,0,0.18,0.03,7,soft,0.6992021625843193,0.27711358485934323,0.01707317073170732,analytic,869eeb894862d2ae,results/raw/crossover_study/revision_multi_tau/869eeb894862d2ae.json,8,512,hybrid,B
bank,800,0,0.18,0.06,7,soft,0.8166122968041579,0.14132411887770005,0.01707317073170732,analytic,80b833fbd6d596a2,results/raw/crossover_study/revision_multi_tau/80b833fbd6d596a2.json,8,512,hybrid,B
bank,801,0,0.18,0.0,7,hard,0.3837284363596152,1.0,0.01707317073170732,global,4e828f9a5deb98bd,results/raw/crossover_study/revision_multi_tau/4e828f9a5deb98bd.json,8,512,hybrid,B
bank,801,0,0.18,0.015,7,soft,0.4839857140882451,0.5147021905437562,0.01707317073170732,analytic,624c84644d298183,results/raw/crossover_study/revision_multi_tau/624c84644d298183.json,8,512,hybrid,B
bank,801,0,0.18,0.03,7,soft,0.6393226718870949,0.27711358485934323,0.01707317073170732,analytic,c1845daf78d41cc3,results/raw/crossover_study/revision_multi_tau/c1845daf78d41cc3.json,8,512,hybrid,B
bank,801,0,0.18,0.06,7,soft,0.8295257726971137,0.14132411887770005,0.01707317073170732,analytic,a23baafb423f43f6,results/raw/crossover_study/revision_multi_tau/a23baafb423f43f6.json,8,512,hybrid,B
bank,802,0,0.18,0.0,7,hard,0.43631495009952453,1.0,0.01707317073170732,global,cc21398516c4f25a,results/raw/crossover_study/revision_multi_tau/cc21398516c4f25a.json,8,512,hybrid,B
bank,802,0,0.18,0.015,7,soft,0.5424353177181245,0.5147021905437562,0.01707317073170732,analytic,2a89b44cb56d90a6,results/raw/crossover_study/revision_multi_tau/2a89b44cb56d90a6.json,8,512,hybrid,B
bank,802,0,0.18,0.03,7,soft,0.65651177015371,0.27711358485934323,0.01707317073170732,analytic,9af055804361581b,results/raw/crossover_study/revision_multi_tau/9af055804361581b.json,8,512,hybrid,B
bank,802,0,0.18,0.06,7,soft,0.7970408309604115,0.14132411887770005,0.01707317073170732,analytic,5416bbf9709cb7cf,results/raw/crossover_study/revision_multi_tau/5416bbf9709cb7cf.json,8,512,hybrid,B
bank,803,0,0.18,0.0,7,hard,0.39477077401028426,1.0,0.01707317073170732,global,28fb5101b0d69bbc,results/raw/crossover_study/revision_multi_tau/28fb5101b0d69bbc.json,8,512,hybrid,B
bank,803,0,0.18,0.015,7,soft,0.5402517399507907,0.5147021905437562,0.01707317073170732,analytic,7cc3943aeddbd69e,results/raw/crossover_study/revision_multi_tau/7cc3943aeddbd69e.json,8,512,hybrid,B
bank,803,0,0.18,0.03,7,soft,0.649685055084043,0.27711358485934323,0.01707317073170732,analytic,44cf37d294c1e7f1,results/raw/crossover_study/revision_multi_tau/44cf37d294c1e7f1.json,8,512,hybrid,B
bank,803,0,0.18,0.06,7,soft,0.8187110800481034,0.14132411887770005,0.01707317073170732,analytic,0cf7892d4f6988b3,results/raw/crossover_study/revision_multi_tau/0cf7892d4f6988b3.json,8,512,hybrid,B
bank,804,0,0.18,0.0,7,hard,0.41921302215802275,1.0,0.01707317073170732,global,ee1fc33b0ac3a6f4,results/raw/crossover_study/revision_multi_tau/ee1fc33b0ac3a6f4.json,8,512,hybrid,B
bank,804,0,0.18,0.015,7,soft,0.5055342789312174,0.5147021905437562,0.01707317073170732,analytic,b4f81a3fba50df5e,results/raw/crossover_study/revision_multi_tau/b4f81a3fba50df5e.json,8,512,hybrid,B
bank,804,0,0.18,0.03,7,soft,0.6356741315796749,0.27711358485934323,0.01707317073170732,analytic,6451fb8dbe38b147,results/raw/crossover_study/revision_multi_tau/6451fb8dbe38b147.json,8,512,hybrid,B
bank,804,0,0.18,0.06,7,soft,0.7375863927900034,0.14132411887770005,0.01707317073170732,analytic,6c854814a9485184,results/raw/crossover_study/revision_multi_tau/6c854814a9485184.json,8,512,hybrid,B
bank,805,0,0.18,0.0,7,hard,0.4228858820358289,1.0,0.01707317073170732,global,5bc437fe5d4e09ca,results/raw/crossover_study/revision_multi_tau/5bc437fe5d4e09ca.json,8,512,hybrid,B
bank,805,0,0.18,0.015,7,soft,0.5533021484159019,0.5147021905437562,0.01707317073170732,analytic,af019077f541ada8,results/raw/crossover_study/revision_multi_tau/af019077f541ada8.json,8,512,hybrid,B
bank,805,0,0.18,0.03,7,soft,0.6603007419412805,0.27711358485934323,0.01707317073170732,analytic,4a4c19520309ce06,results/raw/crossover_study/revision_multi_tau/4a4c19520309ce06.json,8,512,hybrid,B
bank,805,0,0.18,0.06,7,soft,0.7349978920159239,0.14132411887770005,0.01707317073170732,analytic,96720663bf1d5e04,results/raw/crossover_study/revision_multi_tau/96720663bf1d5e04.json,8,512,hybrid,B
bank,806,0,0.18,0.0,7,hard,0.39119471725367694,1.0,0.01707317073170732,global,0c53a48e51dd5d92,results/raw/crossover_study/revision_multi_tau/0c53a48e51dd5d92.json,8,512,hybrid,B
bank,806,0,0.18,0.015,7,soft,0.48535495341700763,0.5147021905437562,0.01707317073170732,analytic,033d09b1c8ce6f1c,results/raw/crossover_study/revision_multi_tau/033d09b1c8ce6f1c.json,8,512,hybrid,B
bank,806,0,0.18,0.03,7,soft,0.6367712768163221,0.27711358485934323,0.01707317073170732,analytic,302cc051a407dc39,results/raw/crossover_study/revision_multi_tau/302cc051a407dc39.json,8,512,hybrid,B
bank,806,0,0.18,0.06,7,soft,0.7449888294122525,0.14132411887770005,0.01707317073170732,analytic,3e6a2dc478401056,results/raw/crossover_study/revision_multi_tau/3e6a2dc478401056.json,8,512,hybrid,B
bank,807,0,0.18,0.0,7,hard,0.42754094154318256,1.0,0.01707317073170732,global,ebc7b2036e80ca6e,results/raw/crossover_study/revision_multi_tau/ebc7b2036e80ca6e.json,8,512,hybrid,B
bank,807,0,0.18,0.015,7,soft,0.4781158855606546,0.5147021905437562,0.01707317073170732,analytic,015613d191691003,results/raw/crossover_study/revision_multi_tau/015613d191691003.json,8,512,hybrid,B
bank,807,0,0.18,0.03,7,soft,0.6960425190755279,0.27711358485934323,0.01707317073170732,analytic,bf338f50709fff84,results/raw/crossover_study/revision_multi_tau/bf338f50709fff84.json,8,512,hybrid,B
bank,807,0,0.18,0.06,7,soft,0.7779881538206348,0.14132411887770005,0.01707317073170732,analytic,7b865c0a9eb914c4,results/raw/crossover_study/revision_multi_tau/7b865c0a9eb914c4.json,8,512,hybrid,B
bank,808,0,0.18,0.0,7,hard,0.3786124281211988,1.0,0.01707317073170732,global,905ca4f8fcf8eabb,results/raw/crossover_study/revision_multi_tau/905ca4f8fcf8eabb.json,8,512,hybrid,B
bank,808,0,0.18,0.015,7,soft,0.5697997587913303,0.5147021905437562,0.01707317073170732,analytic,4abba65309aa5da2,results/raw/crossover_study/revision_multi_tau/4abba65309aa5da2.json,8,512,hybrid,B
bank,808,0,0.18,0.03,7,soft,0.5783455607928784,0.27711358485934323,0.01707317073170732,analytic,a0ec447dea47ecd4,results/raw/crossover_study/revision_multi_tau/a0ec447dea47ecd4.json,8,512,hybrid,B
bank,808,0,0.18,0.06,7,soft,0.7933483167228795,0.14132411887770005,0.01707317073170732,analytic,0b43974df7f5f793,results/raw/crossover_study/revision_multi_tau/0b43974df7f5f793.json,8,512,hybrid,B
bank,809,0,0.18,0.0,7,hard,0.5157338117190091,1.0,0.01707317073170732,global,76b647f955ba5431,results/raw/crossover_study/revision_multi_tau/76b647f955ba5431.json,8,512,hybrid,B
bank,809,0,0.18,0.015,7,soft,0.5749706264513988,0.5147021905437562,0.01707317073170732,analytic,d9c4e09f26807a92,results/raw/crossover_study/revision_multi_tau/d9c4e09f26807a92.json,8,512,hybrid,B
bank,809,0,0.18,0.03,7,soft,0.6113660946312065,0.27711358485934323,0.01707317073170732,analytic,fd1e846305e136e8,results/raw/crossover_study/revision_multi_tau/fd1e846305e136e8.json,8,512,hybrid,B
bank,809,0,0.18,0.06,7,soft,0.7306046890550703,0.14132411887770005,0.01707317073170732,analytic,b91981b2bf19c32e,results/raw/crossover_study/revision_multi_tau/b91981b2bf19c32e.json,8,512,hybrid,B
bank,810,0,0.18,0.0,7,hard,0.3845192759593056,1.0,0.01707317073170732,global,801068586e020aa1,results/raw/crossover_study/revision_multi_tau/801068586e020aa1.json,8,512,hybrid,B
bank,810,0,0.18,0.015,7,soft,0.5214797529857347,0.5147021905437562,0.01707317073170732,analytic,c74dd68ca1f76418,results/raw/crossover_study/revision_multi_tau/c74dd68ca1f76418.json,8,512,hybrid,B
bank,810,0,0.18,0.03,7,soft,0.6081604469617383,0.27711358485934323,0.01707317073170732,analytic,fe87b0e0aaab5b0f,results/raw/crossover_study/revision_multi_tau/fe87b0e0aaab5b0f.json,8,512,hybrid,B
bank,810,0,0.18,0.06,7,soft,0.8951136237974122,0.14132411887770005,0.01707317073170732,analytic,fae3d8c423729b05,results/raw/crossover_study/revision_multi_tau/fae3d8c423729b05.json,8,512,hybrid,B
bank,811,0,0.18,0.0,7,hard,0.4120211247650117,1.0,0.01707317073170732,global,79b85f318f267797,results/raw/crossover_study/revision_multi_tau/79b85f318f267797.json,8,512,hybrid,B
bank,811,0,0.18,0.015,7,soft,0.5100366391822404,0.5147021905437562,0.01707317073170732,analytic,457a8b9191f54150,results/raw/crossover_study/revision_multi_tau/457a8b9191f54150.json,8,512,hybrid,B
bank,811,0,0.18,0.03,7,soft,0.6394952846815216,0.27711358485934323,0.01707317073170732,analytic,e718e9747744059a,results/raw/crossover_study/revision_multi_tau/e718e9747744059a.json,8,512,hybrid,B
bank,811,0,0.18,0.06,7,soft,0.7896924762247043,0.14132411887770005,0.01707317073170732,analytic,63764110a80ccc5b,results/raw/crossover_study/revision_multi_tau/63764110a80ccc5b.json,8,512,hybrid,B
bank,800,0,0.3,0.0,7,hard,0.3882378376230234,1.0,0.01707317073170732,global,eb991dc817318ef5,results/raw/crossover_study/revision_multi_tau/eb991dc817318ef5.json,8,512,hybrid,B
bank,800,0,0.3,0.015,7,soft,0.536168168749309,0.5147021905437561,0.01707317073170732,analytic,c0f4f43d6b589be7,results/raw/crossover_study/revision_multi_tau/c0f4f43d6b589be7.json,8,512,hybrid,B
bank,800,0,0.3,0.03,7,soft,0.6854819076219175,0.27711358485934323,0.01707317073170732,analytic,38f07821ccbe9166,results/raw/crossover_study/revision_multi_tau/38f07821ccbe9166.json,8,512,hybrid,B
bank,800,0,0.3,0.06,7,soft,0.8790851694680969,0.14132411887770005,0.01707317073170732,analytic,4b39976c602413f1,results/raw/crossover_study/revision_multi_tau/4b39976c602413f1.json,8,512,hybrid,B
bank,801,0,0.3,0.0,7,hard,0.41002856145637506,1.0,0.01707317073170732,global,8495afb71d0b9172,results/raw/crossover_study/revision_multi_tau/8495afb71d0b9172.json,8,512,hybrid,B
bank,801,0,0.3,0.015,7,soft,0.5180584689124184,0.5147021905437561,0.01707317073170732,analytic,47a185c34db1ef78,results/raw/crossover_study/revision_multi_tau/47a185c34db1ef78.json,8,512,hybrid,B
bank,801,0,0.3,0.03,7,soft,0.6712614384053965,0.27711358485934323,0.01707317073170732,analytic,80b9f32e3b019b82,results/raw/crossover_study/revision_multi_tau/80b9f32e3b019b82.json,8,512,hybrid,B
bank,801,0,0.3,0.06,7,soft,0.9220285631842309,0.14132411887770005,0.01707317073170732,analytic,8b81d921d6a304da,results/raw/crossover_study/revision_multi_tau/8b81d921d6a304da.json,8,512,hybrid,B
bank,802,0,0.3,0.0,7,hard,0.41000458745714924,1.0,0.01707317073170732,global,339ab5797e251d42,results/raw/crossover_study/revision_multi_tau/339ab5797e251d42.json,8,512,hybrid,B
bank,802,0,0.3,0.015,7,soft,0.5530879374930885,0.5147021905437561,0.01707317073170732,analytic,a355746739ffb190,results/raw/crossover_study/revision_multi_tau/a355746739ffb190.json,8,512,hybrid,B
bank,802,0,0.3,0.03,7,soft,0.5962655852593166,0.27711358485934323,0.01707317073170732,analytic,636581b94f90b589,results/raw/crossover_study/revision_multi_tau/636581b94f90b589.json,8,512,hybrid,B
bank,802,0,0.3,0.06,7,soft,0.7806061577325003,0.14132411887770005,0.01707317073170732,analytic,25dd9f2ad86e42b3,results/raw/crossover_study/revision_multi_tau/25dd9f2ad86e42b3.json,8,512,hybrid,B
bank,803,0,0.3,0.0,7,hard,0.42125206478768107,1.0,0.01707317073170732,global,4969053147f6263b,results/raw/crossover_study/revision_multi_tau/4969053147f6263b.json,8,512,hybrid,B
bank,803,0,0.3,0.015,7,soft,0.5576160427955326,0.5147021905437561,0.01707317073170732,analytic,3a14e1193f8645bd,results/raw/crossover_study/revision_multi_tau/3a14e1193f8645bd.json,8,512,hybrid,B
bank,803,0,0.3,0.03,7,soft,0.7631305377778392,0.27711358485934323,0.01707317073170732,analytic,4f001acb1f8edfd5,results/raw/crossover_study/revision_multi_tau/4f001acb1f8edfd5.json,8,512,hybrid,B
bank,803,0,0.3,0.06,7,soft,0.7538147600353865,0.14132411887770005,0.01707317073170732,analytic,cc996a8bdd05ce95,results/raw/crossover_study/revision_multi_tau/cc996a8bdd05ce95.json,8,512,hybrid,B
bank,804,0,0.3,0.0,7,hard,0.4086056722050205,1.0,0.01707317073170732,global,96dbbf27f11c99c0,results/raw/crossover_study/revision_multi_tau/96dbbf27f11c99c0.json,8,512,hybrid,B
bank,804,0,0.3,0.015,7,soft,0.5917555792463782,0.5147021905437561,0.01707317073170732,analytic,f98bd50ac8a6e927,results/raw/crossover_study/revision_multi_tau/f98bd50ac8a6e927.json,8,512,hybrid,B
bank,804,0,0.3,0.03,7,soft,0.604269445289174,0.27711358485934323,0.01707317073170732,analytic,513bf281cebe6409,results/raw/crossover_study/revision_multi_tau/513bf281cebe6409.json,8,512,hybrid,B
bank,804,0,0.3,0.06,7,soft,0.8234661824062812,0.14132411887770005,0.01707317073170732,analytic,2b7564069b22088c,results/raw/crossover_study/revision_multi_tau/2b7564069b22088c.json,8,512,hybrid,B
bank,805,0,0.3,0.0,7,hard,0.40999551621419883,1.0,0.01707317073170732,global,14220345716de79b,results/raw/crossover_study/revision_multi_tau/14220345716de79b.json,8,512,hybrid,B
bank,805,0,0.3,0.015,7,soft,0.5265771435779055,0.5147021905437561,0.01707317073170732,analytic,ac37d54f667e88e9,results/raw/crossover_study/revision_multi_tau/ac37d54f667e88e9.json,8,512,hybrid,B
bank,805,0,0.3,0.03,7,soft,0.5988247988775849,0.27711358485934323,0.01707317073170732,analytic,63f42c3d769fb41b,results/raw/crossover_study/revision_multi_tau/63f42c3d769fb41b.json,8,512,hybrid,B
bank,805,0,0.3,0.06,7,soft,0.8062182506496738,0.14132411887770005,0.01707317073170732,analytic,204c42a0c9d69c30,results/raw/crossover_study/revision_multi_tau/204c42a0c9d69c30.json,8,512,hybrid,B
bank,806,0,0.3,0.0,7,hard,0.405834364287294,1.0,0.01707317073170732,global,d110a1e8f9b39e20,results/raw/crossover_study/revision_multi_tau/d110a1e8f9b39e20.json,8,512,hybrid,B
bank,806,0,0.3,0.015,7,soft,0.5558395478546941,0.5147021905437561,0.01707317073170732,analytic,60ef6bce1957d3cf,results/raw/crossover_study/revision_multi_tau/60ef6bce1957d3cf.json,8,512,hybrid,B
bank,806,0,0.3,0.03,7,soft,0.6722071370811676,0.27711358485934323,0.01707317073170732,analytic,c8ad4f7c818a4ec1,results/raw/crossover_study/revision_multi_tau/c8ad4f7c818a4ec1.json,8,512,hybrid,B
bank,806,0,0.3,0.06,7,soft,0.8045635695427402,0.14132411887770005,0.01707317073170732,analytic,3c38b4a0a5e76521,results/raw/crossover_study/revision_multi_tau/3c38b4a0a5e76521.json,8,512,hybrid,B
bank,807,0,0.3,0.0,7,hard,0.440186211019573,1.0,0.01707317073170732,global,2f680f932a872a93,results/raw/crossover_study/revision_multi_tau/2f680f932a872a93.json,8,512,hybrid,B
bank,807,0,0.3,0.015,7,soft,0.5346295995521398,0.5147021905437561,0.01707317073170732,analytic,1411933f339957b1,results/raw/crossover_study/revision_multi_tau/1411933f339957b1.json,8,512,hybrid,B
bank,807,0,0.3,0.03,7,soft,0.6993721403986509,0.27711358485934323,0.01707317073170732,analytic,93b249a0187b9cdd,results/raw/crossover_study/revision_multi_tau/93b249a0187b9cdd.json,8,512,hybrid,B
bank,807,0,0.3,0.06,7,soft,0.7980701578569059,0.14132411887770005,0.01707317073170732,analytic,a409386b81711123,results/raw/crossover_study/revision_multi_tau/a409386b81711123.json,8,512,hybrid,B
bank,808,0,0.3,0.0,7,hard,0.35957188916841754,1.0,0.01707317073170732,global,6f770a1b618b45ab,results/raw/crossover_study/revision_multi_tau/6f770a1b618b45ab.json,8,512,hybrid,B
bank,808,0,0.3,0.015,7,soft,0.5746511459139666,0.5147021905437561,0.01707317073170732,analytic,496134ab4b7e75c3,results/raw/crossover_study/revision_multi_tau/496134ab4b7e75c3.json,8,512,hybrid,B
bank,808,0,0.3,0.03,7,soft,0.7176395502736923,0.27711358485934323,0.01707317073170732,analytic,71cfe2cf3be0ff62,results/raw/crossover_study/revision_multi_tau/71cfe2cf3be0ff62.json,8,512,hybrid,B
bank,808,0,0.3,0.06,7,soft,0.7461591493420325,0.14132411887770005,0.01707317073170732,analytic,7826a0b8de438279,results/raw/crossover_study/revision_multi_tau/7826a0b8de438279.json,8,512,hybrid,B
bank,809,0,0.3,0.0,7,hard,0.4666062925052527,1.0,0.01707317073170732,global,705308869df07148,results/raw/crossover_study/revision_multi_tau/705308869df07148.json,8,512,hybrid,B
bank,809,0,0.3,0.015,7,soft,0.5720947832577684,0.5147021905437561,0.01707317073170732,analytic,c4cda2e475f78c74,results/raw/crossover_study/revision_multi_tau/c4cda2e475f78c74.json,8,512,hybrid,B
bank,809,0,0.3,0.03,7,soft,0.6240522710936636,0.27711358485934323,0.01707317073170732,analytic,f833c3873498de6b,results/raw/crossover_study/revision_multi_tau/f833c3873498de6b.json,8,512,hybrid,B
bank,809,0,0.3,0.06,7,soft,0.7765583531460797,0.14132411887770005,0.01707317073170732,analytic,aea02f406f067043,results/raw/crossover_study/revision_multi_tau/aea02f406f067043.json,8,512,hybrid,B
bank,810,0,0.3,0.0,7,hard,0.3894454792380847,1.0,0.01707317073170732,global,b48774d47e337d7b,results/raw/crossover_study/revision_multi_tau/b48774d47e337d7b.json,8,512,hybrid,B
bank,810,0,0.3,0.015,7,soft,0.5450455894752847,0.5147021905437561,0.01707317073170732,analytic,e893137539c764dc,results/raw/crossover_study/revision_multi_tau/e893137539c764dc.json,8,512,hybrid,B
bank,810,0,0.3,0.03,7,soft,0.6502530876783147,0.27711358485934323,0.01707317073170732,analytic,2e431cfe7127d32a,results/raw/crossover_study/revision_multi_tau/2e431cfe7127d32a.json,8,512,hybrid,B
bank,810,0,0.3,0.06,7,soft,0.8809779923006748,0.14132411887770005,0.01707317073170732,analytic,8bb31e072a36bf36,results/raw/crossover_study/revision_multi_tau/8bb31e072a36bf36.json,8,512,hybrid,B
bank,811,0,0.3,0.0,7,hard,0.37089707681355744,1.0,0.01707317073170732,global,ca90fe0e21cd2153,results/raw/crossover_study/revision_multi_tau/ca90fe0e21cd2153.json,8,512,hybrid,B
bank,811,0,0.3,0.015,7,soft,0.49244711033395994,0.5147021905437561,0.01707317073170732,analytic,0b6c7b37c1bf41f4,results/raw/crossover_study/revision_multi_tau/0b6c7b37c1bf41f4.json,8,512,hybrid,B
bank,811,0,0.3,0.03,7,soft,0.6506621575389804,0.27711358485934323,0.01707317073170732,analytic,0eeb355e8a1662e9,results/raw/crossover_study/revision_multi_tau/0eeb355e8a1662e9.json,8,512,hybrid,B
bank,811,0,0.3,0.06,7,soft,0.7523741602620811,0.14132411887770005,0.01707317073170732,analytic,99a701214e336c01,results/raw/crossover_study/revision_multi_tau/99a701214e336c01.json,8,512,hybrid,B
bank,800,0,0.31622776601683794,0.0,7,hard,0.4136167995963729,1.0,0.01707317073170732,global,b6512634be84906f,results/raw/crossover_study/revision_multi_tau/b6512634be84906f.json,8,512,hybrid,B
bank,800,0,0.31622776601683794,0.015,7,soft,0.5111388815934977,0.5147021905437561,0.01707317073170732,analytic,ccb25e0cb963f1b6,results/raw/crossover_study/revision_multi_tau/ccb25e0cb963f1b6.json,8,512,hybrid,B
bank,800,0,0.31622776601683794,0.03,7,soft,0.6687981639804269,0.27711358485934323,0.01707317073170732,analytic,8d7a74d7c3d570af,results/raw/crossover_study/revision_multi_tau/8d7a74d7c3d570af.json,8,512,hybrid,B
bank,800,0,0.31622776601683794,0.06,7,soft,0.844840061027867,0.14132411887770005,0.01707317073170732,analytic,6ac302d375495919,results/raw/crossover_study/revision_multi_tau/6ac302d375495919.json,8,512,hybrid,B
bank,801,0,0.31622776601683794,0.0,7,hard,0.3908645240102842,1.0,0.01707317073170732,global,f0c733f745231cfa,results/raw/crossover_study/revision_multi_tau/f0c733f745231cfa.json,8,512,hybrid,B
bank,801,0,0.31622776601683794,0.015,7,soft,0.5298759658713922,0.5147021905437561,0.01707317073170732,analytic,0b08357c6b49ef54,results/raw/crossover_study/revision_multi_tau/0b08357c6b49ef54.json,8,512,hybrid,B
bank,801,0,0.31622776601683794,0.03,7,soft,0.7274677668500498,0.27711358485934323,0.01707317073170732,analytic,b42f5c34c772a0ea,results/raw/crossover_study/revision_multi_tau/b42f5c34c772a0ea.json,8,512,hybrid,B
bank,801,0,0.31622776601683794,0.06,7,soft,0.8627311439096539,0.14132411887770005,0.01707317073170732,analytic,25ffdbfa790512fe,results/raw/crossover_study/revision_multi_tau/25ffdbfa790512fe.json,8,512,hybrid,B
bank,802,0,0.31622776601683794,0.0,7,hard,0.40703176835674004,1.0,0.01707317073170732,global,07308a5f9d8e5856,results/raw/crossover_study/revision_multi_tau/07308a5f9d8e5856.json,8,512,hybrid,B
bank,802,0,0.31622776601683794,0.015,7,soft,0.5762494557254231,0.5147021905437561,0.01707317073170732,analytic,4863ab9bd1dc0e44,results/raw/crossover_study/revision_multi_tau/4863ab9bd1dc0e44.json,8,512,hybrid,B
bank,802,0,0.31622776601683794,0.03,7,soft,0.6689282715221718,0.27711358485934323,0.01707317073170732,analytic,6d08f6c961841af7,results/raw/crossover_study/revision_multi_tau/6d08f6c961841af7.json,8,512,hybrid,B
bank,802,0,0.31622776601683794,0.06,7,soft,0.7237035465968151,0.14132411887770005,0.01707317073170732,analytic,532b235b240f6b95,results/raw/crossover_study/revision_multi_tau/532b235b240f6b95.json,8,512,hybrid,B
bank,803,0,0.31622776601683794,0.0,7,hard,0.39672027051310405,1.0,0.01707317073170732,global,e8cf88e8e30d86de,results/raw/crossover_study/revision_multi_tau/e8cf88e8e30d86de.json,8,512,hybrid,B
bank,803,0,0.31622776601683794,0.015,7,soft,0.5758134745106713,0.5147021905437561,0.01707317073170732,analytic,b4b52763f1579651,results/raw/crossover_study/revision_multi_tau/b4b52763f1579651.json,8,512,hybrid,B
bank,803,0,0.31622776601683794,0.03,7,soft,0.6945928480592723,0.27711358485934323,0.01707317073170732,analytic,ffb444ff478b0ebc,results/raw/crossover_study/revision_multi_tau/ffb444ff478b0ebc.json,8,512,hybrid,B
bank,803,0,0.31622776601683794,0.06,7,soft,0.8432538462070109,0.14132411887770005,0.01707317073170732,analytic,e9141ac67b41dc78,results/raw/crossover_study/revision_multi_tau/e9141ac67b41dc78.json,8,512,hybrid,B
bank,804,0,0.31622776601683794,0.0,7,hard,0.406536046527701,1.0,0.01707317073170732,global,78c9c76e3b327327,results/raw/crossover_study/revision_multi_tau/78c9c76e3b327327.json,8,512,hybrid,B
bank,804,0,0.31622776601683794,0.015,7,soft,0.5763647901000774,0.5147021905437561,0.01707317073170732,analytic,0e39e04d5fc28258,results/raw/crossover_study/revision_multi_tau/0e39e04d5fc28258.json,8,512,hybrid,B
bank,804,0,0.31622776601683794,0.03,7,soft,0.6093562527645693,0.27711358485934323,0.01707317073170732,analytic,f52e38bb909ff44e,results/raw/crossover_study/revision_multi_tau/f52e38bb909ff44e.json,8,512,hybrid,B
bank,804,0,0.31622776601683794,0.06,7,soft,0.7831187192441669,0.14132411887770005,0.01707317073170732,analytic,e84a83cd747832ef,results/raw/crossover_study/revision_multi_tau/e84a83cd747832ef.json,8,512,hybrid,B
bank,805,0,0.31622776601683794,0.0,7,hard,0.38924167864646686,1.0,0.01707317073170732,global,0780ce5aa5a86732,results/raw/crossover_study/revision_multi_tau/0780ce5aa5a86732.json,8,512,hybrid,B
bank,805,0,0.31622776601683794,0.015,7,soft,0.4616978861412142,0.5147021905437561,0.01707317073170732,analytic,bdf5f40fcc94f1f3,results/raw/crossover_study/revision_multi_tau/bdf5f40fcc94f1f3.json,8,512,hybrid,B
bank,805,0,0.31622776601683794,0.03,7,soft,0.6311563070192414,0.27711358485934323,0.01707317073170732,analytic,967a9a9a1539ba92,results/raw/crossover_study/revision_multi_tau/967a9a9a1539ba92.json,8,512,hybrid,B
bank,805,0,0.31622776601683794,0.06,7,soft,0.8197609684286189,0.14132411887770005,0.01707317073170732,analytic,71ad1b912019bb79,results/raw/crossover_study/revision_multi_tau/71ad1b912019bb79.json,8,512,hybrid,B
bank,806,0,0.31622776601683794,0.0,7,hard,0.3812534989079951,1.0,0.01707317073170732,global,d4659010df216205,results/raw/crossover_study/revision_multi_tau/d4659010df216205.json,8,512,hybrid,B
bank,806,0,0.31622776601683794,0.015,7,soft,0.5171657722133142,0.5147021905437561,0.01707317073170732,analytic,c81c3439aea9f0eb,results/raw/crossover_study/revision_multi_tau/c81c3439aea9f0eb.json,8,512,hybrid,B
bank,806,0,0.31622776601683794,0.03,7,soft,0.7176871958973792,0.27711358485934323,0.01707317073170732,analytic,c8719fcf27f80510,results/raw/crossover_study/revision_multi_tau/c8719fcf27f80510.json,8,512,hybrid,B
bank,806,0,0.31622776601683794,0.06,7,soft,0.9169197687437798,0.14132411887770005,0.01707317073170732,analytic,f5d8e897480df83b,results/raw/crossover_study/revision_multi_tau/f5d8e897480df83b.json,8,512,hybrid,B
bank,807,0,0.31622776601683794,0.0,7,hard,0.40240141718732725,1.0,0.01707317073170732,global,83411be617c81594,results/raw/crossover_study/revision_multi_tau/83411be617c81594.json,8,512,hybrid,B
bank,807,0,0.31622776601683794,0.015,7,soft,0.5298419703085259,0.5147021905437561,0.01707317073170732,analytic,9fa175b33f29def9,results/raw/crossover_study/revision_multi_tau/9fa175b33f29def9.json,8,512,hybrid,B
bank,807,0,0.31622776601683794,0.03,7,soft,0.7335456292159682,0.27711358485934323,0.01707317073170732,analytic,e11f0424d94e8534,results/raw/crossover_study/revision_multi_tau/e11f0424d94e8534.json,8,512,hybrid,B
bank,807,0,0.31622776601683794,0.06,7,soft,0.7918701360859228,0.14132411887770005,0.01707317073170732,analytic,db67327461c6e682,results/raw/crossover_study/revision_multi_tau/db67327461c6e682.json,8,512,hybrid,B
bank,808,0,0.31622776601683794,0.0,7,hard,0.3642314411008515,1.0,0.01707317073170732,global,2519bd6562be5c14,results/raw/crossover_study/revision_multi_tau/2519bd6562be5c14.json,8,512,hybrid,B
bank,808,0,0.31622776601683794,0.015,7,soft,0.5430529829702533,0.5147021905437561,0.01707317073170732,analytic,a7273c22511ceb6d,results/raw/crossover_study/revision_multi_tau/a7273c22511ceb6d.json,8,512,hybrid,B
bank,808,0,0.31622776601683794,0.03,7,soft,0.6634712277452173,0.27711358485934323,0.01707317073170732,analytic,23a0364684fb32c2,results/raw/crossover_study/revision_multi_tau/23a0364684fb32c2.json,8,512,hybrid,B
bank,808,0,0.31622776601683794,0.06,7,soft,0.8723777628414242,0.14132411887770005,0.01707317073170732,analytic,2f0f9bfd94068008,results/raw/crossover_study/revision_multi_tau/2f0f9bfd94068008.json,8,512,hybrid,B
bank,809,0,0.31622776601683794,0.0,7,hard,0.47331758680747543,1.0,0.01707317073170732,global,a44cc2749596d054,results/raw/crossover_study/revision_multi_tau/a44cc2749596d054.json,8,512,hybrid,B
bank,809,0,0.31622776601683794,0.015,7,soft,0.5829434282732501,0.5147021905437561,0.01707317073170732,analytic,3a70c38017c3ca5f,results/raw/crossover_study/revision_multi_tau/3a70c38017c3ca5f.json,8,512,hybrid,B
bank,809,0,0.31622776601683794,0.03,7,soft,0.6627375369761141,0.27711358485934323,0.01707317073170732,analytic,c325f9bea825408c,results/raw/crossover_study/revision_multi_tau/c325f9bea825408c.json,8,512,hybrid,B
bank,809,0,0.31622776601683794,0.06,7,soft,0.8107444121143426,0.14132411887770005,0.01707317073170732,analytic,9f974531f958166a,results/raw/crossover_study/revision_multi_tau/9f974531f958166a.json,8,512,hybrid,B
bank,810,0,0.31622776601683794,0.0,7,hard,0.40430832204467543,1.0,0.01707317073170732,global,f1e399d94be50127,results/raw/crossover_study/revision_multi_tau/f1e399d94be50127.json,8,512,hybrid,B
bank,810,0,0.31622776601683794,0.015,7,soft,0.5320977724483026,0.5147021905437561,0.01707317073170732,analytic,cba29ec7c352ee7b,results/raw/crossover_study/revision_multi_tau/cba29ec7c352ee7b.json,8,512,hybrid,B
bank,810,0,0.31622776601683794,0.03,7,soft,0.6345236387952006,0.27711358485934323,0.01707317073170732,analytic,ccabdde96d432f3d,results/raw/crossover_study/revision_multi_tau/ccabdde96d432f3d.json,8,512,hybrid,B
bank,810,0,0.31622776601683794,0.06,7,soft,0.8743098080006636,0.14132411887770005,0.01707317073170732,analytic,07c6b517f706eb0c,results/raw/crossover_study/revision_multi_tau/07c6b517f706eb0c.json,8,512,hybrid,B
bank,811,0,0.31622776601683794,0.0,7,hard,0.3484485582771204,1.0,0.01707317073170732,global,cd5b44c09a7d6653,results/raw/crossover_study/revision_multi_tau/cd5b44c09a7d6653.json,8,512,hybrid,B
bank,811,0,0.31622776601683794,0.015,7,soft,0.5495656170518634,0.5147021905437561,0.01707317073170732,analytic,c2fb2c902d742f8f,results/raw/crossover_study/revision_multi_tau/c2fb2c902d742f8f.json,8,512,hybrid,B
bank,811,0,0.31622776601683794,0.03,7,soft,0.6074283544592503,0.27711358485934323,0.01707317073170732,analytic,e63d8d74b14fe722,results/raw/crossover_study/revision_multi_tau/e63d8d74b14fe722.json,8,512,hybrid,B
bank,811,0,0.31622776601683794,0.06,7,soft,0.7834430809742343,0.14132411887770005,0.01707317073170732,analytic,3fc6862613c2792b,results/raw/crossover_study/revision_multi_tau/3fc6862613c2792b.json,8,512,hybrid,B
bank,800,0,0.5623413251903491,0.0,7,hard,0.3842808318588964,1.0,0.01707317073170732,global,c1d55082e944f7b8,results/raw/crossover_study/revision_multi_tau/c1d55082e944f7b8.json,8,512,hybrid,B
bank,800,0,0.5623413251903491,0.015,7,soft,0.4812765225865309,0.5147021905437561,0.01707317073170732,analytic,fd7cf5213ffcc585,results/raw/crossover_study/revision_multi_tau/fd7cf5213ffcc585.json,8,512,hybrid,B
bank,800,0,0.5623413251903491,0.03,7,soft,0.6778458648954991,0.27711358485934323,0.01707317073170732,analytic,581366412fb78654,results/raw/crossover_study/revision_multi_tau/581366412fb78654.json,8,512,hybrid,B
bank,800,0,0.5623413251903491,0.06,7,soft,0.8824462377667809,0.14132411887770005,0.01707317073170732,analytic,83761e13fb29788f,results/raw/crossover_study/revision_multi_tau/83761e13fb29788f.json,8,512,hybrid,B
bank,801,0,0.5623413251903491,0.0,7,hard,0.3974443284861218,1.0,0.01707317073170732,global,c563c3c54285cc6d,results/raw/crossover_study/revision_multi_tau/c563c3c54285cc6d.json,8,512,hybrid,B
bank,801,0,0.5623413251903491,0.015,7,soft,0.5244842350436801,0.5147021905437561,0.01707317073170732,analytic,2c10aaa6fa1d0842,results/raw/crossover_study/revision_multi_tau/2c10aaa6fa1d0842.json,8,512,hybrid,B
bank,801,0,0.5623413251903491,0.03,7,soft,0.786273524756718,0.27711358485934323,0.01707317073170732,analytic,dcd0d9521c889abd,results/raw/crossover_study/revision_multi_tau/dcd0d9521c889abd.json,8,512,hybrid,B
bank,801,0,0.5623413251903491,0.06,7,soft,0.8303998949463672,0.14132411887770005,0.01707317073170732,analytic,3ae23c63525afaf5,results/raw/crossover_study/revision_multi_tau/3ae23c63525afaf5.json,8,512,hybrid,B
bank,802,0,0.5623413251903491,0.0,7,hard,0.39547353616056624,1.0,0.01707317073170732,global,ba9b987abdfb0c4e,results/raw/crossover_study/revision_multi_tau/ba9b987abdfb0c4e.json,8,512,hybrid,B
bank,802,0,0.5623413251903491,0.015,7,soft,0.5838496886403848,0.5147021905437561,0.01707317073170732,analytic,7a87ae16eb3cbfc5,results/raw/crossover_study/revision_multi_tau/7a87ae16eb3cbfc5.json,8,512,hybrid,B
bank,802,0,0.5623413251903491,0.03,7,soft,0.6649341168583434,0.27711358485934323,0.01707317073170732,analytic,ff8cd4aa55133e48,results/raw/crossover_study/revision_multi_tau/ff8cd4aa55133e48.json,8,512,hybrid,B
bank,802,0,0.5623413251903491,0.06,7,soft,0.8058004119208227,0.14132411887770005,0.01707317073170732,analytic,9631edfdb89b6767,results/raw/crossover_study/revision_multi_tau/9631edfdb89b6767.json,8,512,hybrid,B
bank,803,0,0.5623413251903491,0.0,7,hard,0.38047198972962515,1.0,0.01707317073170732,global,1d742e6f38c9ad28,results/raw/crossover_study/revision_multi_tau/1d742e6f38c9ad28.json,8,512,hybrid,B
bank,803,0,0.5623413251903491,0.015,7,soft,0.5083302519904899,0.5147021905437561,0.01707317073170732,analytic,cae4f172d5d390cc,results/raw/crossover_study/revision_multi_tau/cae4f172d5d390cc.json,8,512,hybrid,B
bank,803,0,0.5623413251903491,0.03,7,soft,0.729450826951786,0.27711358485934323,0.01707317073170732,analytic,8b112c5cbff833ba,results/raw/crossover_study/revision_multi_tau/8b112c5cbff833ba.json,8,512,hybrid,B
bank,803,0,0.5623413251903491,0.06,7,soft,0.7166640460853699,0.14132411887770005,0.01707317073170732,analytic,c795afb47642accf,results/raw/crossover_study/revision_multi_tau/c795afb47642accf.json,8,512,hybrid,B
bank,804,0,0.5623413251903491,0.0,7,hard,0.4102041979984518,1.0,0.01707317073170732,global,d1222d981957cf57,results/raw/crossover_study/revision_multi_tau/d1222d981957cf57.json,8,512,hybrid,B
bank,804,0,0.5623413251903491,0.015,7,soft,0.5678442579896053,0.5147021905437561,0.01707317073170732,analytic,826ef6e1a1358053,results/raw/crossover_study/revision_multi_tau/826ef6e1a1358053.json,8,512,hybrid,B
bank,804,0,0.5623413251903491,0.03,7,soft,0.7061027434894394,0.27711358485934323,0.01707317073170732,analytic,f9c782cb26e7021b,results/raw/crossover_study/revision_multi_tau/f9c782cb26e7021b.json,8,512,hybrid,B
bank,804,0,0.5623413251903491,0.06,7,soft,0.8610014306646023,0.14132411887770005,0.01707317073170732,analytic,750b886e31fa0ac7,results/raw/crossover_study/revision_multi_tau/750b886e31fa0ac7.json,8,512,hybrid,B
bank,805,0,0.5623413251903491,0.0,7,hard,0.41878429793763133,1.0,0.01707317073170732,global,e709e54ca729b766,results/raw/crossover_study/revision_multi_tau/e709e54ca729b766.json,8,512,hybrid,B
bank,805,0,0.5623413251903491,0.015,7,soft,0.5652198178148844,0.5147021905437561,0.01707317073170732,analytic,8ca72ff3f0a41799,results/raw/crossover_study/revision_multi_tau/8ca72ff3f0a41799.json,8,512,hybrid,B
bank,805,0,0.5623413251903491,0.03,7,soft,0.6347825147904457,0.27711358485934323,0.01707317073170732,analytic,fdc83927974e98e3,results/raw/crossover_study/revision_multi_tau/fdc83927974e98e3.json,8,512,hybrid,B
bank,805,0,0.5623413251903491,0.06,7,soft,0.8908624073869291,0.14132411887770005,0.01707317073170732,analytic,f50e74d05dbf8762,results/raw/crossover_study/revision_multi_tau/f50e74d05dbf8762.json,8,512,hybrid,B
bank,806,0,0.5623413251903491,0.0,7,hard,0.40625803452947035,1.0,0.01707317073170732,global,67e0643b76d0965f,results/raw/crossover_study/revision_multi_tau/67e0643b76d0965f.json,8,512,hybrid,B
bank,806,0,0.5623413251903491,0.015,7,soft,0.5243906716521065,0.5147021905437561,0.01707317073170732,analytic,340eff83d2ff95d2,results/raw/crossover_study/revision_multi_tau/340eff83d2ff95d2.json,8,512,hybrid,B
bank,806,0,0.5623413251903491,0.03,7,soft,0.6294529867715359,0.27711358485934323,0.01707317073170732,analytic,a43519bdb53fcd36,results/raw/crossover_study/revision_multi_tau/a43519bdb53fcd36.json,8,512,hybrid,B
bank,806,0,0.5623413251903491,0.06,7,soft,0.9052478868323565,0.14132411887770005,0.01707317073170732,analytic,9e2d6d30e6651f36,results/raw/crossover_study/revision_multi_tau/9e2d6d30e6651f36.json,8,512,hybrid,B
bank,807,0,0.5623413251903491,0.0,7,hard,0.4294729435060268,1.0,0.01707317073170732,global,0cafac8e632244a5,results/raw/crossover_study/revision_multi_tau/0cafac8e632244a5.json,8,512,hybrid,B
bank,807,0,0.5623413251903491,0.015,7,soft,0.535312966521066,0.5147021905437561,0.01707317073170732,analytic,8edae867ee8f6b95,results/raw/crossover_study/revision_multi_tau/8edae867ee8f6b95.json,8,512,hybrid,B
bank,807,0,0.5623413251903491,0.03,7,soft,0.6412428380377088,0.27711358485934323,0.01707317073170732,analytic,b3c9812c1ed7e9c5,results/raw/crossover_study/revision_multi_tau/b3c9812c1ed7e9c5.json,8,512,hybrid,B
bank,807,0,0.5623413251903491,0.06,7,soft,0.8529778298822295,0.14132411887770005,0.01707317073170732,analytic,2a65487f3136cc81,results/raw/crossover_study/revision_multi_tau/2a65487f3136cc81.json,8,512,hybrid,B
bank,808,0,0.5623413251903491,0.0,7,hard,0.37951829972077855,1.0,0.01707317073170732,global,3859bf9a06c0cddd,results/raw/crossover_study/revision_multi_tau/3859bf9a06c0cddd.json,8,512,hybrid,B
bank,808,0,0.5623413251903491,0.015,7,soft,0.5666657307447749,0.5147021905437561,0.01707317073170732,analytic,b64ac176a3fa59f3,results/raw/crossover_study/revision_multi_tau/b64ac176a3fa59f3.json,8,512,hybrid,B
bank,808,0,0.5623413251903491,0.03,7,soft,0.7295608913662501,0.27711358485934323,0.01707317073170732,analytic,75ca3b33e6045b84,results/raw/crossover_study/revision_multi_tau/75ca3b33e6045b84.json,8,512,hybrid,B
bank,808,0,0.5623413251903491,0.06,7,soft,0.8528723874820303,0.14132411887770005,0.01707317073170732,analytic,c6b8b253061d0b77,results/raw/crossover_study/revision_multi_tau/c6b8b253061d0b77.json,8,512,hybrid,B
bank,809,0,0.5623413251903491,0.0,7,hard,0.41235041088410923,1.0,0.01707317073170732,global,6b317dc729e7035c,results/raw/crossover_study/revision_multi_tau/6b317dc729e7035c.json,8,512,hybrid,B
bank,809,0,0.5623413251903491,0.015,7,soft,0.6645010729984518,0.5147021905437561,0.01707317073170732,analytic,a18ca83fdcb31742,results/raw/crossover_study/revision_multi_tau/a18ca83fdcb31742.json,8,512,hybrid,B
bank,809,0,0.5623413251903491,0.03,7,soft,0.7069483561179919,0.27711358485934323,0.01707317073170732,analytic,789a5e1dedcdc631,results/raw/crossover_study/revision_multi_tau/789a5e1dedcdc631.json,8,512,hybrid,B
bank,809,0,0.5623413251903491,0.06,7,soft,0.7378098477413468,0.14132411887770005,0.01707317073170732,analytic,d355bbc813dc79a1,results/raw/crossover_study/revision_multi_tau/d355bbc813dc79a1.json,8,512,hybrid,B
bank,810,0,0.5623413251903491,0.0,7,hard,0.3817417477606989,1.0,0.01707317073170732,global,c0a04cd6aa31f5b5,results/raw/crossover_study/revision_multi_tau/c0a04cd6aa31f5b5.json,8,512,hybrid,B
bank,810,0,0.5623413251903491,0.015,7,soft,0.5413523408990378,0.5147021905437561,0.01707317073170732,analytic,41bab43dfd9bb0a2,results/raw/crossover_study/revision_multi_tau/41bab43dfd9bb0a2.json,8,512,hybrid,B
bank,810,0,0.5623413251903491,0.03,7,soft,0.7121195693492204,0.27711358485934323,0.01707317073170732,analytic,54102a8e317c00bf,results/raw/crossover_study/revision_multi_tau/54102a8e317c00bf.json,8,512,hybrid,B
bank,810,0,0.5623413251903491,0.06,7,soft,0.8435992013850493,0.14132411887770005,0.01707317073170732,analytic,3a190a53599e43d7,results/raw/crossover_study/revision_multi_tau/3a190a53599e43d7.json,8,512,hybrid,B
bank,811,0,0.5623413251903491,0.0,7,hard,0.33682324207950903,1.0,0.01707317073170732,global,5b216ef5d3ac0fc6,results/raw/crossover_study/revision_multi_tau/5b216ef5d3ac0fc6.json,8,512,hybrid,B
bank,811,0,0.5623413251903491,0.015,7,soft,0.5692530220197943,0.5147021905437561,0.01707317073170732,analytic,2e22d8123abb7817,results/raw/crossover_study/revision_multi_tau/2e22d8123abb7817.json,8,512,hybrid,B
bank,811,0,0.5623413251903491,0.03,7,soft,0.6341965556922481,0.27711358485934323,0.01707317073170732,analytic,0798b28987cf1e13,results/raw/crossover_study/revision_multi_tau/0798b28987cf1e13.json,8,512,hybrid,B
bank,811,0,0.5623413251903491,0.06,7,soft,0.8022262990019906,0.14132411887770005,0.01707317073170732,analytic,73529047a08ef3fa,results/raw/crossover_study/revision_multi_tau/73529047a08ef3fa.json,8,512,hybrid,B
bank,800,0,1.0,0.0,7,hard,0.4016871215995798,1.0,0.01707317073170732,global,46ccbb128598142c,results/raw/crossover_study/revision_multi_tau/46ccbb128598142c.json,8,512,hybrid,B
bank,800,0,1.0,0.015,7,soft,0.5297837847644586,0.5147021905437561,0.01707317073170732,analytic,4e54ac8bf6d9f2c2,results/raw/crossover_study/revision_multi_tau/4e54ac8bf6d9f2c2.json,8,512,hybrid,B
bank,800,0,1.0,0.03,7,soft,0.6353045864204356,0.27711358485934323,0.01707317073170732,analytic,4e56e05104795490,results/raw/crossover_study/revision_multi_tau/4e56e05104795490.json,8,512,hybrid,B
bank,800,0,1.0,0.06,7,soft,0.8468859286879356,0.14132411887770005,0.01707317073170732,analytic,0e976200ca9d082e,results/raw/crossover_study/revision_multi_tau/0e976200ca9d082e.json,8,512,hybrid,B
bank,801,0,1.0,0.0,7,hard,0.39101579778558004,1.0,0.01707317073170732,global,17d6b0f6764868c8,results/raw/crossover_study/revision_multi_tau/17d6b0f6764868c8.json,8,512,hybrid,B
bank,801,0,1.0,0.015,7,soft,0.5126347727524052,0.5147021905437561,0.01707317073170732,analytic,99f3931cc5551053,results/raw/crossover_study/revision_multi_tau/99f3931cc5551053.json,8,512,hybrid,B
bank,801,0,1.0,0.03,7,soft,0.740337959955214,0.27711358485934323,0.01707317073170732,analytic,c1ab732dd8377c63,results/raw/crossover_study/revision_multi_tau/c1ab732dd8377c63.json,8,512,hybrid,B
bank,801,0,1.0,0.06,7,soft,0.900522805968705,0.14132411887770005,0.01707317073170732,analytic,baf40d1cd1bfc5e5,results/raw/crossover_study/revision_multi_tau/baf40d1cd1bfc5e5.json,8,512,hybrid,B
bank,802,0,1.0,0.0,7,hard,0.40022107914961846,1.0,0.01707317073170732,global,a45e2c52946a80f5,results/raw/crossover_study/revision_multi_tau/a45e2c52946a80f5.json,8,512,hybrid,B
bank,802,0,1.0,0.015,7,soft,0.5419473280437908,0.5147021905437561,0.01707317073170732,analytic,7d4a487d9c8858e9,results/raw/crossover_study/revision_multi_tau/7d4a487d9c8858e9.json,8,512,hybrid,B
bank,802,0,1.0,0.03,7,soft,0.6704582446367358,0.27711358485934323,0.01707317073170732,analytic,6f4af971148ee48f,results/raw/crossover_study/revision_multi_tau/6f4af971148ee48f.json,8,512,hybrid,B
bank,802,0,1.0,0.06,7,soft,0.7708768177043017,0.14132411887770005,0.01707317073170732,analytic,14e0934f876fb99b,results/raw/crossover_study/revision_multi_tau/14e0934f876fb99b.json,8,512,hybrid,B
bank,803,0,1.0,0.0,7,hard,0.4003083790639169,1.0,0.01707317073170732,global,9295b03e93076014,results/raw/crossover_study/revision_multi_tau/9295b03e93076014.json,8,512,hybrid,B
bank,803,0,1.0,0.015,7,soft,0.4940757008183125,0.5147021905437561,0.01707317073170732,analytic,793a5bc97619a7d2,results/raw/crossover_study/revision_multi_tau/793a5bc97619a7d2.json,8,512,hybrid,B
bank,803,0,1.0,0.03,7,soft,0.7322582902521286,0.27711358485934323,0.01707317073170732,analytic,0f42b718ff300215,results/raw/crossover_study/revision_multi_tau/0f42b718ff300215.json,8,512,hybrid,B
bank,803,0,1.0,0.06,7,soft,0.821305671513878,0.14132411887770005,0.01707317073170732,analytic,c80fa88ccc6b4aa6,results/raw/crossover_study/revision_multi_tau/c80fa88ccc6b4aa6.json,8,512,hybrid,B
bank,804,0,1.0,0.0,7,hard,0.3912176977358178,1.0,0.01707317073170732,global,157b2d9cd6af8140,results/raw/crossover_study/revision_multi_tau/157b2d9cd6af8140.json,8,512,hybrid,B
bank,804,0,1.0,0.015,7,soft,0.4817499550757492,0.5147021905437561,0.01707317073170732,analytic,a253416bee005901,results/raw/crossover_study/revision_multi_tau/a253416bee005901.json,8,512,hybrid,B
bank,804,0,1.0,0.03,7,soft,0.6451317230869181,0.27711358485934323,0.01707317073170732,analytic,1122c5d6eeeb4cac,results/raw/crossover_study/revision_multi_tau/1122c5d6eeeb4cac.json,8,512,hybrid,B
bank,804,0,1.0,0.06,7,soft,0.824432528958863,0.14132411887770005,0.01707317073170732,analytic,e6d440349336f006,results/raw/crossover_study/revision_multi_tau/e6d440349336f006.json,8,512,hybrid,B
bank,805,0,1.0,0.0,7,hard,0.3954671862905009,1.0,0.01707317073170732,global,393f882c4c19aa2d,results/raw/crossover_study/revision_multi_tau/393f882c4c19aa2d.json,8,512,hybrid,B
bank,805,0,1.0,0.015,7,soft,0.5508533015868627,0.5147021905437561,0.01707317073170732,analytic,32a23a586f4036a1,results/raw/crossover_study/revision_multi_tau/32a23a586f4036a1.json,8,512,hybrid,B
bank,805,0,1.0,0.03,7,soft,0.6676105222962512,0.27711358485934323,0.01707317073170732,analytic,34e3d15943d57eec,results/raw/crossover_study/revision_multi_tau/34e3d15943d57eec.json,8,512,hybrid,B
bank,805,0,1.0,0.06,7,soft,0.8899199484407829,0.14132411887770005,0.01707317073170732,analytic,855e306c466002d8,results/raw/crossover_study/revision_multi_tau/855e306c466002d8.json,8,512,hybrid,B
bank,806,0,1.0,0.0,7,hard,0.406042138947252,1.0,0.01707317073170732,global,4d318758b44eaf8f,results/raw/crossover_study/revision_multi_tau/4d318758b44eaf8f.json,8,512,hybrid,B
bank,806,0,1.0,0.015,7,soft,0.49910592101625567,0.5147021905437561,0.01707317073170732,analytic,eefb862885fadfd2,results/raw/crossover_study/revision_multi_tau/eefb862885fadfd2.json,8,512,hybrid,B
bank,806,0,1.0,0.03,7,soft,0.6231560322901692,0.27711358485934323,0.01707317073170732,analytic,496dd4d53aad4125,results/raw/crossover_study/revision_multi_tau/496dd4d53aad4125.json,8,512,hybrid,B
bank,806,0,1.0,0.06,7,soft,0.793621533921265,0.14132411887770005,0.01707317073170732,analytic,8272768f9a786a24,results/raw/crossover_study/revision_multi_tau/8272768f9a786a24.json,8,512,hybrid,B
bank,807,0,1.0,0.0,7,hard,0.451279563612739,1.0,0.01707317073170732,global,78cdf524046fbb7d,results/raw/crossover_study/revision_multi_tau/78cdf524046fbb7d.json,8,512,hybrid,B
bank,807,0,1.0,0.015,7,soft,0.5262636241429834,0.5147021905437561,0.01707317073170732,analytic,663bfebd496707d1,results/raw/crossover_study/revision_multi_tau/663bfebd496707d1.json,8,512,hybrid,B
bank,807,0,1.0,0.03,7,soft,0.7426740209969036,0.27711358485934323,0.01707317073170732,analytic,3534276ab46b853e,results/raw/crossover_study/revision_multi_tau/3534276ab46b853e.json,8,512,hybrid,B
bank,807,0,1.0,0.06,7,soft,0.7474314991568065,0.14132411887770005,0.01707317073170732,analytic,da46d1eb4afd306d,results/raw/crossover_study/revision_multi_tau/da46d1eb4afd306d.json,8,512,hybrid,B
bank,808,0,1.0,0.0,7,hard,0.37437646003815106,1.0,0.01707317073170732,global,e5ac8fa4490a0c6a,results/raw/crossover_study/revision_multi_tau/e5ac8fa4490a0c6a.json,8,512,hybrid,B
bank,808,0,1.0,0.015,7,soft,0.5178087937493089,0.5147021905437561,0.01707317073170732,analytic,245428225b439227,results/raw/crossover_study/revision_multi_tau/245428225b439227.json,8,512,hybrid,B
bank,808,0,1.0,0.03,7,soft,0.7237870020319584,0.27711358485934323,0.01707317073170732,analytic,ff8ca602cc19360c,results/raw/crossover_study/revision_multi_tau/ff8ca602cc19360c.json,8,512,hybrid,B
bank,808,0,1.0,0.06,7,soft,0.8987045401139003,0.14132411887770005,0.01707317073170732,analytic,8353dd6a02c34957,results/raw/crossover_study/revision_multi_tau/8353dd6a02c34957.json,8,512,hybrid,B
bank,809,0,1.0,0.0,7,hard,0.4157478505473847,1.0,0.01707317073170732,global,7b362621d019f369,results/raw/crossover_study/revision_multi_tau/7b362621d019f369.json,8,512,hybrid,B
bank,809,0,1.0,0.015,7,soft,0.5924867646245715,0.5147021905437561,0.01707317073170732,analytic,38280c93ec983658,results/raw/crossover_study/revision_multi_tau/38280c93ec983658.json,8,512,hybrid,B
bank,809,0,1.0,0.03,7,soft,0.7199899093221276,0.27711358485934323,0.01707317073170732,analytic,909f7eee900c9aae,results/raw/crossover_study/revision_multi_tau/909f7eee900c9aae.json,8,512,hybrid,B
bank,809,0,1.0,0.06,7,soft,0.8034561435640827,0.14132411887770005,0.01707317073170732,analytic,6a88e628c820b182,results/raw/crossover_study/revision_multi_tau/6a88e628c820b182.json,8,512,hybrid,B
bank,810,0,1.0,0.0,7,hard,0.37171698758708394,1.0,0.01707317073170732,global,4f504650b40a0f90,results/raw/crossover_study/revision_multi_tau/4f504650b40a0f90.json,8,512,hybrid,B
bank,810,0,1.0,0.015,7,soft,0.584190810571713,0.5147021905437561,0.01707317073170732,analytic,f10bc6cc769d0b9a,results/raw/crossover_study/revision_multi_tau/f10bc6cc769d0b9a.json,8,512,hybrid,B
bank,810,0,1.0,0.03,7,soft,0.7311681860278668,0.27711358485934323,0.01707317073170732,analytic,3ad4bbd3f8c3ddbe,results/raw/crossover_study/revision_multi_tau/3ad4bbd3f8c3ddbe.json,8,512,hybrid,B
bank,810,0,1.0,0.06,7,soft,0.8916411087996241,0.14132411887770005,0.01707317073170732,analytic,cb3faab84f73e0c8,results/raw/crossover_study/revision_multi_tau/cb3faab84f73e0c8.json,8,512,hybrid,B
bank,811,0,1.0,0.0,7,hard,0.39619249695897374,1.0,0.01707317073170732,global,7c1720d4e31c95a6,results/raw/crossover_study/revision_multi_tau/7c1720d4e31c95a6.json,8,512,hybrid,B
bank,811,0,1.0,0.015,7,soft,0.5686393740324008,0.5147021905437561,0.01707317073170732,analytic,0cba01027a766fc1,results/raw/crossover_study/revision_multi_tau/0cba01027a766fc1.json,8,512,hybrid,B
bank,811,0,1.0,0.03,7,soft,0.6162076329757823,0.27711358485934323,0.01707317073170732,analytic,db55be8f7114bd8a,results/raw/crossover_study/revision_multi_tau/db55be8f7114bd8a.json,8,512,hybrid,B
bank,811,0,1.0,0.06,7,soft,0.7700213994940838,0.14132411887770005,0.01707317073170732,analytic,6cc5d1772d318f82,results/raw/crossover_study/revision_multi_tau/6cc5d1772d318f82.json,8,512,hybrid,B
xor3,800,40,1e-05,0.0,1,hard,1.01171875,1.0,0.03571428571428571,global,b356f8a7a7bafb33,results/raw/crossover_study/transition/b356f8a7a7bafb33.json,8,512,hybrid,B
xor3,800,40,1e-05,0.015,1,soft,0.79296875,0.8307264952547538,0.03571428571428571,analytic,e5522a1d8bc32c08,results/raw/crossover_study/revision_multi_tau/e5522a1d8bc32c08.json,8,512,hybrid,B
xor3,800,40,1e-05,0.03,1,soft,0.828125,0.5336524393969088,0.03571428571428571,analytic,ec565e93798560f1,results/raw/crossover_study/revision_multi_tau/ec565e93798560f1.json,8,512,hybrid,B
xor3,800,40,1e-05,0.06,1,soft,0.7734375,0.28913220671102186,0.03571428571428571,analytic,86dc787fc2f7752c,results/raw/crossover_study/revision_multi_tau/86dc787fc2f7752c.json,8,512,hybrid,B
xor3,801,41,1e-05,0.0,1,hard,0.9296875,1.0,0.03571428571428571,global,357adf8751883123,results/raw/crossover_study/transition/357adf8751883123.json,8,512,hybrid,B
xor3,801,41,1e-05,0.015,1,soft,0.87890625,0.8307264952547538,0.03571428571428571,analytic,e984d8c34d415f33,results/raw/crossover_study/revision_multi_tau/e984d8c34d415f33.json,8,512,hybrid,B
xor3,801,41,1e-05,0.03,1,soft,0.95703125,0.5336524393969088,0.03571428571428571,analytic,ba56adf658654a43,results/raw/crossover_study/revision_multi_tau/ba56adf658654a43.json,8,512,hybrid,B
xor3,801,41,1e-05,0.06,1,soft,0.9296875,0.28913220671102186,0.03571428571428571,analytic,ff7cfdc8cc10fede,results/raw/crossover_study/revision_multi_tau/ff7cfdc8cc10fede.json,8,512,hybrid,B
xor3,802,42,1e-05,0.0,1,hard,0.9921875,1.0,0.03571428571428571,global,0dadb1a9078a84ef,results/raw/crossover_study/transition/0dadb1a9078a84ef.json,8,512,hybrid,B
xor3,802,42,1e-05,0.015,1,soft,0.84375,0.8307264952547538,0.03571428571428571,analytic,f2f4e4306cff9499,results/raw/crossover_study/revision_multi_tau/f2f4e4306cff9499.json,8,512,hybrid,B
xor3,802,42,1e-05,0.03,1,soft,0.98046875,0.5336524393969088,0.03571428571428571,analytic,bb65e4aba71f7249,results/raw/crossover_study/revision_multi_tau/bb65e4aba71f7249.json,8,512,hybrid,B
xor3,802,42,1e-05,0.06,1,soft,0.9140625,0.28913220671102186,0.03571428571428571,analytic,c56826cc27edf794,results/raw/crossover_study/revision_multi_tau/c56826cc27edf794.json,8,512,hybrid,B
xor3,803,40,1e-05,0.0,1,hard,1.0042,1.0,0.03571428571428571,global,5d8aea1d22aa201e,results/raw/crossover_study/transition/5d8aea1d22aa201e.json,8,512,hybrid,B
xor3,803,40,1e-05,0.015,1,soft,0.95703125,0.8307264952547538,0.03571428571428571,analytic,d2b4c68a61eb03bd,results/raw/crossover_study/revision_multi_tau/d2b4c68a61eb03bd.json,8,512,hybrid,B
xor3,803,40,1e-05,0.03,1,soft,1.03125,0.5336524393969088,0.03571428571428571,analytic,d769187e7734ff8e,results/raw/crossover_study/revision_multi_tau/d769187e7734ff8e.json,8,512,hybrid,B
xor3,803,40,1e-05,0.06,1,soft,1.109375,0.28913220671102186,0.03571428571428571,analytic,6eb3a5dfefc1884c,results/raw/crossover_study/revision_multi_tau/6eb3a5dfefc1884c.json,8,512,hybrid,B
xor3,804,41,1e-05,0.0,1,hard,0.984375,1.0,0.03571428571428571,global,d24fa1e385256a59,results/raw/crossover_study/transition/d24fa1e385256a59.json,8,512,hybrid,B
xor3,804,41,1e-05,0.015,1,soft,0.96484375,0.8307264952547538,0.03571428571428571,analytic,0650320ad0b1f194,results/raw/crossover_study/revision_multi_tau/0650320ad0b1f194.json,8,512,hybrid,B
xor3,804,41,1e-05,0.03,1,soft,0.99609375,0.5336524393969088,0.03571428571428571,analytic,fc14acc917778b22,results/raw/crossover_study/revision_multi_tau/fc14acc917778b22.json,8,512,hybrid,B
xor3,804,41,1e-05,0.06,1,soft,0.91796875,0.28913220671102186,0.03571428571428571,analytic,ccf2c04ad2d9aca7,results/raw/crossover_study/revision_multi_tau/ccf2c04ad2d9aca7.json,8,512,hybrid,B
xor3,805,42,1e-05,0.0,1,hard,0.9921875,1.0,0.03571428571428571,global,94b2f36e8bf86901,results/raw/crossover_study/transition/94b2f36e8bf86901.json,8,512,hybrid,B
xor3,805,42,1e-05,0.015,1,soft,0.98046875,0.8307264952547538,0.03571428571428571,analytic,1afd9cb8083b3c4e,results/raw/crossover_study/revision_multi_tau/1afd9cb8083b3c4e.json,8,512,hybrid,B
xor3,805,42,1e-05,0.03,1,soft,0.9140625,0.5336524393969088,0.03571428571428571,analytic,66dd893f018771ae,results/raw/crossover_study/revision_multi_tau/66dd893f018771ae.json,8,512,hybrid,B
xor3,805,42,1e-05,0.06,1,soft,0.9921875,0.28913220671102186,0.03571428571428571,analytic,e781867b039ec6e0,results/raw/crossover_study/revision_multi_tau/e781867b039ec6e0.json,8,512,hybrid,B
xor3,806,40,1e-05,0.0,1,hard,0.93359375,1.0,0.03571428571428571,global,f80348fdcdbe1380,results/raw/crossover_study/transition/f80348fdcdbe1380.json,8,512,hybrid,B
xor3,806,40,1e-05,0.015,1,soft,0.9765625,0.8307264952547538,0.03571428571428571,analytic,2598c1da129eafd7,results/raw/crossover_study/revision_multi_tau/2598c1da129eafd7.json,8,512,hybrid,B
xor3,806,40,1e-05,0.03,1,soft,0.8359375,0.5336524393969088,0.03571428571428571,analytic,fde3cd6beeecaeb2,results/raw/crossover_study/revision_multi_tau/fde3cd6beeecaeb2.json,8,512,hybrid,B
xor3,806,40,1e-05,0.06,1,soft,0.9453125,0.28913220671102186,0.03571428571428571,analytic,981e4d4aa11488c9,results/raw/crossover_study/revision_multi_tau/981e4d4aa11488c9.json,8,512,hybrid,B
xor3,807,41,1e-05,0.0,1,hard,0.8671875,1.0,0.03571428571428571,global,0c2ab2dcb57caba2,results/raw/crossover_study/transition/0c2ab2dcb57caba2.json,8,512,hybrid,B
xor3,807,41,1e-05,0.015,1,soft,0.9921875,0.8307264952547538,0.03571428571428571,analytic,73e5d3fb2e6a4fbd,results/raw/crossover_study/revision_multi_tau/73e5d3fb2e6a4fbd.json,8,512,hybrid,B
xor3,807,41,1e-05,0.03,1,soft,0.96875,0.5336524393969088,0.03571428571428571,analytic,5d2a638d7d164533,results/raw/crossover_study/revision_multi_tau/5d2a638d7d164533.json,8,512,hybrid,B
xor3,807,41,1e-05,0.06,1,soft,0.984375,0.28913220671102186,0.03571428571428571,analytic,847d36a57a76afe4,results/raw/crossover_study/revision_multi_tau/847d36a57a76afe4.json,8,512,hybrid,B
xor3,808,42,1e-05,0.0,1,hard,0.89453125,1.0,0.03571428571428571,global,78b1131d9578f99d,results/raw/crossover_study/transition/78b1131d9578f99d.json,8,512,hybrid,B
xor3,808,42,1e-05,0.015,1,soft,0.91796875,0.8307264952547538,0.03571428571428571,analytic,87dcb637e369aa98,results/raw/crossover_study/revision_multi_tau/87dcb637e369aa98.json,8,512,hybrid,B
xor3,808,42,1e-05,0.03,1,soft,0.99609375,0.5336524393969088,0.03571428571428571,analytic,103eaf52298708f5,results/raw/crossover_study/revision_multi_tau/103eaf52298708f5.json,8,512,hybrid,B
xor3,808,42,1e-05,0.06,1,soft,1.0703125,0.28913220671102186,0.03571428571428571,analytic,c89fda31fb8c2c36,results/raw/crossover_study/revision_multi_tau/c89fda31fb8c2c36.json,8,512,hybrid,B
xor3,809,40,1e-05,0.0,1,hard,0.98046875,1.0,0.03571428571428571,global,abb8374768b6d280,results/raw/crossover_study/transition/abb8374768b6d280.json,8,512,hybrid,B
xor3,809,40,1e-05,0.015,1,soft,0.859375,0.8307264952547538,0.03571428571428571,analytic,47dc3ff3ec605d05,results/raw/crossover_study/revision_multi_tau/47dc3ff3ec605d05.json,8,512,hybrid,B
xor3,809,40,1e-05,0.03,1,soft,0.8359375,0.5336524393969088,0.03571428571428571,analytic,81928bc27f0c0871,results/raw/crossover_study/revision_multi_tau/81928bc27f0c0871.json,8,512,hybrid,B
xor3,809,40,1e-05,0.06,1,soft,0.90234375,0.28913220671102186,0.03571428571428571,analytic,41d2347e655e2d45,results/raw/crossover_study/revision_multi_tau/41d2347e655e2d45.json,8,512,hybrid,B
xor3,810,41,1e-05,0.0,1,hard,0.8984375,1.0,0.03571428571428571,global,2832cc5b856651f4,results/raw/crossover_study/transition/2832cc5b856651f4.json,8,512,hybrid,B
xor3,810,41,1e-05,0.015,1,soft,0.82080625,0.8307264952547538,0.03571428571428571,analytic,e0e0eef031372009,results/raw/crossover_study/revision_multi_tau/e0e0eef031372009.json,8,512,hybrid,B
xor3,810,41,1e-05,0.03,1,soft,0.9421,0.5336524393969088,0.03571428571428571,analytic,74f8bfd7d5f7267d,results/raw/crossover_study/revision_multi_tau/74f8bfd7d5f7267d.json,8,512,hybrid,B
xor3,810,41,1e-05,0.06,1,soft,0.91015625,0.28913220671102186,0.03571428571428571,analytic,535e22ef75b57959,results/raw/crossover_study/revision_multi_tau/535e22ef75b57959.json,8,512,hybrid,B
xor3,811,42,1e-05,0.0,1,hard,1.12890625,1.0,0.03571428571428571,global,d350e5a5c2e0cdcd,results/raw/crossover_study/transition/d350e5a5c2e0cdcd.json,8,512,hybrid,B
xor3,811,42,1e-05,0.015,1,soft,0.87109375,0.8307264952547538,0.03571428571428571,analytic,5f488d36b041da63,results/raw/crossover_study/revision_multi_tau/5f488d36b041da63.json,8,512,hybrid,B
xor3,811,42,1e-05,0.03,1,soft,0.75,0.5336524393969088,0.03571428571428571,analytic,fe7c543952e55dec,results/raw/crossover_study/revision_multi_tau/fe7c543952e55dec.json,8,512,hybrid,B
xor3,811,42,1e-05,0.06,1,soft,0.984375,0.28913220671102186,0.03571428571428571,analytic,ede4d53aa8d867ae,results/raw/crossover_study/revision_multi_tau/ede4d53aa8d867ae.json,8,512,hybrid,B
xor3,800,40,0.0001,0.0,1,hard,0.84375,1.0,0.03571428571428571,global,1583c07d2a843c07,results/raw/crossover_study/transition/1583c07d2a843c07.json,8,512,hybrid,B
xor3,800,40,0.0001,0.015,1,soft,0.88671875,0.830726495254754,0.03571428571428571,analytic,2e695718c469f034,results/raw/crossover_study/revision_multi_tau/2e695718c469f034.json,8,512,hybrid,B
xor3,800,40,0.0001,0.03,1,soft,0.9453125,0.5336524393969088,0.03571428571428571,analytic,a499a6f43ac6c891,results/raw/crossover_study/revision_multi_tau/a499a6f43ac6c891.json,8,512,hybrid,B
xor3,800,40,0.0001,0.06,1,soft,0.88671875,0.28913220671102186,0.03571428571428571,analytic,267ed717070335ca,results/raw/crossover_study/revision_multi_tau/267ed717070335ca.json,8,512,hybrid,B
xor3,801,41,0.0001,0.0,1,hard,0.88671875,1.0,0.03571428571428571,global,e33221f8973aa6a6,results/raw/crossover_study/transition/e33221f8973aa6a6.json,8,512,hybrid,B
xor3,801,41,0.0001,0.015,1,soft,0.78125,0.830726495254754,0.03571428571428571,analytic,5c695c113bad8d1f,results/raw/crossover_study/revision_multi_tau/5c695c113bad8d1f.json,8,512,hybrid,B
xor3,801,41,0.0001,0.03,1,soft,0.765625,0.5336524393969088,0.03571428571428571,analytic,b7af26997d941ce5,results/raw/crossover_study/revision_multi_tau/b7af26997d941ce5.json,8,512,hybrid,B
xor3,801,41,0.0001,0.06,1,soft,0.93359375,0.28913220671102186,0.03571428571428571,analytic,0b8d153704df149d,results/raw/crossover_study/revision_multi_tau/0b8d153704df149d.json,8,512,hybrid,B
xor3,802,42,0.0001,0.0,1,hard,0.7734375,1.0,0.03571428571428571,global,57a56ed0debdfea0,results/raw/crossover_study/transition/57a56ed0debdfea0.json,8,512,hybrid,B
xor3,802,42,0.0001,0.015,1,soft,0.81640625,0.830726495254754,0.03571428571428571,analytic,e36f14a1474db10f,results/raw/crossover_study/revision_multi_tau/e36f14a1474db10f.json,8,512,hybrid,B
xor3,802,42,0.0001,0.03,1,soft,0.81640625,0.5336524393969088,0.03571428571428571,analytic,5e5715969f44726c,results/raw/crossover_study/revision_multi_tau/5e5715969f44726c.json,8,512,hybrid,B
xor3,802,42,0.0001,0.06,1,soft,0.8515625,0.28913220671102186,0.03571428571428571,analytic,af3cd63a1dab8c0d,results/raw/crossover_study/revision_multi_tau/af3cd63a1dab8c0d.json,8,512,hybrid,B
xor3,803,40,0.0001,0.0,1,hard,1.0390625,1.0,0.03571428571428571,global,1f380bb21b4eedee,results/raw/crossover_study/transition/1f380bb21b4eedee.json,8,512,hybrid,B
xor3,803,40,0.0001,0.015,1,soft,0.859375,0.830726495254754,0.03571428571428571,analytic,7ad5713017de3e3c,results/raw/crossover_study/revision_multi_tau/7ad5713017de3e3c.json,8,512,hybrid,B
xor3,803,40,0.0001,0.03,1,soft,0.9765625000000001,0.5336524393969088,0.03571428571428571,analytic,3b64019560ccc6b9,results/raw/crossover_study/revision_multi_tau/3b64019560ccc6b9.json,8,512,hybrid,B
xor3,803,40,0.0001,0.06,1,soft,0.80859375,0.28913220671102186,0.03571428571428571,analytic,d09911c2aea608e7,results/raw/crossover_study/revision_multi_tau/d09911c2aea608e7.json,8,512,hybrid,B
xor3,804,41,0.0001,0.0,1,hard,1.02734375,1.0,0.03571428571428571,global,4b2e80a830c9f46f,results/raw/crossover_study/transition/4b2e80a830c9f46f.json,8,512,hybrid,B
xor3,804,41,0.0001,0.015,1,soft,0.88671875,0.830726495254754,0.03571428571428571,analytic,f472d57c46701484,results/raw/crossover_study/revision_multi_tau/f472d57c46701484.json,8,512,hybrid,B
xor3,804,41,0.0001,0.03,1,soft,0.94140625,0.5336524393969088,0.03571428571428571,analytic,b261efa9cd200e79,results/raw/crossover_study/revision_multi_tau/b261efa9cd200e79.json,8,512,hybrid,B
xor3,804,41,0.0001,0.06,1,soft,0.8833187499999999,0.28913220671102186,0.03571428571428571,analytic,a364d91091af2993,results/raw/crossover_study/revision_multi_tau/a364d91091af2993.json,8,512,hybrid,B
xor3,805,42,0.0001,0.0,1,hard,0.9140625,1.0,0.03571428571428571,global,9b5e957e9448c812,results/raw/crossover_study/transition/9b5e957e9448c812.json,8,512,hybrid,B
xor3,805,42,0.0001,0.015,1,soft,0.883625,0.830726495254754,0.03571428571428571,analytic,d2e97218488ac283,results/raw/crossover_study/revision_multi_tau/d2e97218488ac283.json,8,512,hybrid,B
xor3,805,42,0.0001,0.03,1,soft,0.82421875,0.5336524393969088,0.03571428571428571,analytic,28749d086a1ab848,results/raw/crossover_study/revision_multi_tau/28749d086a1ab848.json,8,512,hybrid,B
xor3,805,42,0.0001,0.06,1,soft,0.8515625,0.28913220671102186,0.03571428571428571,analytic,261aaa4ceb739f99,results/raw/crossover_study/revision_multi_tau/261aaa4ceb739f99.json,8,512,hybrid,B
xor3,806,40,0.0001,0.0,1,hard,0.8073,1.0,0.03571428571428571,global,f1e6d95abf143f8b,results/raw/crossover_study/transition/f1e6d95abf143f8b.json,8,512,hybrid,B
xor3,806,40,0.0001,0.015,1,soft,0.8515625,0.830726495254754,0.03571428571428571,analytic,d8c98df35ee66bc4,results/raw/crossover_study/revision_multi_tau/d8c98df35ee66bc4.json,8,512,hybrid,B
xor3,806,40,0.0001,0.03,1,soft,0.70703125,0.5336524393969088,0.03571428571428571,analytic,3b2fb9489f00a929,results/raw/crossover_study/revision_multi_tau/3b2fb9489f00a929.json,8,512,hybrid,B
xor3,806,40,0.0001,0.06,1,soft,0.76953125,0.28913220671102186,0.03571428571428571,analytic,40b93a3f717ec355,results/raw/crossover_study/revision_multi_tau/40b93a3f717ec355.json,8,512,hybrid,B
xor3,807,41,0.0001,0.0,1,hard,0.88671875,1.0,0.03571428571428571,global,e08df245aacc6b56,results/raw/crossover_study/transition/e08df245aacc6b56.json,8,512,hybrid,B
xor3,807,41,0.0001,0.015,1,soft,0.83984375,0.830726495254754,0.03571428571428571,analytic,2f95ae02e46d0d76,results/raw/crossover_study/revision_multi_tau/2f95ae02e46d0d76.json,8,512,hybrid,B
xor3,807,41,0.0001,0.03,1,soft,0.7221625,0.5336524393969088,0.03571428571428571,analytic,f52303c5c884843b,results/raw/crossover_study/revision_multi_tau/f52303c5c884843b.json,8,512,hybrid,B
xor3,807,41,0.0001,0.06,1,soft,0.78125,0.28913220671102186,0.03571428571428571,analytic,8046a1746e0e5ccb,results/raw/crossover_study/revision_multi_tau/8046a1746e0e5ccb.json,8,512,hybrid,B
xor3,808,42,0.0001,0.0,1,hard,0.91796875,1.0,0.03571428571428571,global,54a3d65083f4b5ab,results/raw/crossover_study/transition/54a3d65083f4b5ab.json,8,512,hybrid,B
xor3,808,42,0.0001,0.015,1,soft,0.83203125,0.830726495254754,0.03571428571428571,analytic,b1ed1ef2452d2642,results/raw/crossover_study/revision_multi_tau/b1ed1ef2452d2642.json,8,512,hybrid,B
xor3,808,42,0.0001,0.03,1,soft,0.75390625,0.5336524393969088,0.03571428571428571,analytic,84bd18fb11e4e0af,results/raw/crossover_study/revision_multi_tau/84bd18fb11e4e0af.json,8,512,hybrid,B
xor3,808,42,0.0001,0.06,1,soft,0.94921875,0.28913220671102186,0.03571428571428571,analytic,1d03c76869bec1a3,results/raw/crossover_study/revision_multi_tau/1d03c76869bec1a3.json,8,512,hybrid,B
xor3,809,40,0.0001,0.0,1,hard,0.7890625,1.0,0.03571428571428571,global,66da7de138cb18cc,results/raw/crossover_study/transition/66da7de138cb18cc.json,8,512,hybrid,B
xor3,809,40,0.0001,0.015,1,soft,0.7734375,0.830726495254754,0.03571428571428571,analytic,9a1170fed37bf9e3,results/raw/crossover_study/revision_multi_tau/9a1170fed37bf9e3.json,8,512,hybrid,B
xor3,809,40,0.0001,0.03,1,soft,0.765625,0.5336524393969088,0.03571428571428571,analytic,a449f208f020c07e,results/raw/crossover_study/revision_multi_tau/a449f208f020c07e.json,8,512,hybrid,B
xor3,809,40,0.0001,0.06,1,soft,0.9570312499999999,0.28913220671102186,0.03571428571428571,analytic,a3fc767a1dcf8458,results/raw/crossover_study/revision_multi_tau/a3fc767a1dcf8458.json,8,512,hybrid,B
xor3,810,41,0.0001,0.0,1,hard,0.7890625,1.0,0.03571428571428571,global,91222363a66d5a09,results/raw/crossover_study/transition/91222363a66d5a09.json,8,512,hybrid,B
xor3,810,41,0.0001,0.015,1,soft,0.765625,0.830726495254754,0.03571428571428571,analytic,781f1101e33b62bb,results/raw/crossover_study/revision_multi_tau/781f1101e33b62bb.json,8,512,hybrid,B
xor3,810,41,0.0001,0.03,1,soft,0.93359375,0.5336524393969088,0.03571428571428571,analytic,9c91ee6b3f06ed4f,results/raw/crossover_study/revision_multi_tau/9c91ee6b3f06ed4f.json,8,512,hybrid,B
xor3,810,41,0.0001,0.06,1,soft,0.78125,0.28913220671102186,0.03571428571428571,analytic,cbd1a80065f92403,results/raw/crossover_study/revision_multi_tau/cbd1a80065f92403.json,8,512,hybrid,B
xor3,811,42,0.0001,0.0,1,hard,0.90625,1.0,0.03571428571428571,global,2fa4603a25641357,results/raw/crossover_study/transition/2fa4603a25641357.json,8,512,hybrid,B
xor3,811,42,0.0001,0.015,1,soft,0.85546875,0.830726495254754,0.03571428571428571,analytic,13acec110c36afd7,results/raw/crossover_study/revision_multi_tau/13acec110c36afd7.json,8,512,hybrid,B
xor3,811,42,0.0001,0.03,1,soft,0.765625,0.5336524393969088,0.03571428571428571,analytic,c048437d9256f136,results/raw/crossover_study/revision_multi_tau/c048437d9256f136.json,8,512,hybrid,B
xor3,811,42,0.0001,0.06,1,soft,0.9921875,0.28913220671102186,0.03571428571428571,analytic,9e3c8bd433d8fee3,results/raw/crossover_study/revision_multi_tau/9e3c8bd433d8fee3.json,8,512,hybrid,B
xor3,800,40,0.0003,0.0,1,hard,0.640625,1.0,0.03571428571428571,global,8e7b40d61dd454a2,results/raw/crossover_study/transition/8e7b40d61dd454a2.json,8,512,hybrid,B
xor3,800,40,0.0003,0.015,1,soft,0.67578125,0.830726495254754,0.03571428571428571,analytic,5e20d324544d853b,results/raw/crossover_study/revision_multi_tau/5e20d324544d853b.json,8,512,hybrid,B
xor3,800,40,0.0003,0.03,1,soft,0.73046875,0.5336524393969088,0.03571428571428571,analytic,a32cd51f953aab59,results/raw/crossover_study/revision_multi_tau/a32cd51f953aab59.json,8,512,hybrid,B
xor3,800,40,0.0003,0.06,1,soft,0.6654625000000001,0.2891322067110218,0.03571428571428571,analytic,dcd501d365318bfd,results/raw/crossover_study/revision_multi_tau/dcd501d365318bfd.json,8,512,hybrid,B
xor3,801,41,0.0003,0.0,1,hard,0.7109375,1.0,0.03571428571428571,global,9fbc8b3f689d01d1,results/raw/crossover_study/transition/9fbc8b3f689d01d1.json,8,512,hybrid,B
xor3,801,41,0.0003,0.015,1,soft,0.734575,0.830726495254754,0.03571428571428571,analytic,87c5bbd9b494f811,results/raw/crossover_study/revision_multi_tau/87c5bbd9b494f811.json,8,512,hybrid,B
xor3,801,41,0.0003,0.03,1,soft,0.7109375,0.5336524393969088,0.03571428571428571,analytic,ccffce04b5409d9c,results/raw/crossover_study/revision_multi_tau/ccffce04b5409d9c.json,8,512,hybrid,B
xor3,801,41,0.0003,0.06,1,soft,0.75,0.2891322067110218,0.03571428571428571,analytic,dbc541744be43dda,results/raw/crossover_study/revision_multi_tau/dbc541744be43dda.json,8,512,hybrid,B
xor3,802,42,0.0003,0.0,1,hard,0.5703125,1.0,0.03571428571428571,global,7dac91a5f2a3d7c1,results/raw/crossover_study/transition/7dac91a5f2a3d7c1.json,8,512,hybrid,B
xor3,802,42,0.0003,0.015,1,soft,0.65234375,0.830726495254754,0.03571428571428571,analytic,628d86c86321f820,results/raw/crossover_study/revision_multi_tau/628d86c86321f820.json,8,512,hybrid,B
xor3,802,42,0.0003,0.03,1,soft,0.70703125,0.5336524393969088,0.03571428571428571,analytic,fdd00d9714c8ce46,results/raw/crossover_study/revision_multi_tau/fdd00d9714c8ce46.json,8,512,hybrid,B
xor3,802,42,0.0003,0.06,1,soft,0.734375,0.2891322067110218,0.03571428571428571,analytic,7351ddfabc052dc3,results/raw/crossover_study/revision_multi_tau/7351ddfabc052dc3.json,8,512,hybrid,B
xor3,803,40,0.0003,0.0,1,hard,0.69140625,1.0,0.03571428571428571,global,3f019e40c37afc56,results/raw/crossover_study/transition/3f019e40c37afc56.json,8,512,hybrid,B
xor3,803,40,0.0003,0.015,1,soft,0.7265625,0.830726495254754,0.03571428571428571,analytic,1e13e94545ec8f65,results/raw/crossover_study/revision_multi_tau/1e13e94545ec8f65.json,8,512,hybrid,B
xor3,803,40,0.0003,0.03,1,soft,0.71484375,0.5336524393969088,0.03571428571428571,analytic,75322cec53efe749,results/raw/crossover_study/revision_multi_tau/75322cec53efe749.json,8,512,hybrid,B
xor3,803,40,0.0003,0.06,1,soft,0.796875,0.2891322067110218,0.03571428571428571,analytic,007a98f3f06d4e3c,results/raw/crossover_study/revision_multi_tau/007a98f3f06d4e3c.json,8,512,hybrid,B
xor3,804,41,0.0003,0.0,1,hard,0.6953125,1.0,0.03571428571428571,global,3b897b3140d1b4eb,results/raw/crossover_study/transition/3b897b3140d1b4eb.json,8,512,hybrid,B
xor3,804,41,0.0003,0.015,1,soft,0.80078125,0.830726495254754,0.03571428571428571,analytic,7638e7784f075854,results/raw/crossover_study/revision_multi_tau/7638e7784f075854.json,8,512,hybrid,B
xor3,804,41,0.0003,0.03,1,soft,0.64893125,0.5336524393969088,0.03571428571428571,analytic,6bb5dd4ae0263791,results/raw/crossover_study/revision_multi_tau/6bb5dd4ae0263791.json,8,512,hybrid,B
xor3,804,41,0.0003,0.06,1,soft,0.7265625,0.2891322067110218,0.03571428571428571,analytic,371448d6c0954e08,results/raw/crossover_study/revision_multi_tau/371448d6c0954e08.json,8,512,hybrid,B
xor3,805,42,0.0003,0.0,1,hard,0.80859375,1.0,0.03571428571428571,global,78789b997fb7f112,results/raw/crossover_study/transition/78789b997fb7f112.json,8,512,hybrid,B
xor3,805,42,0.0003,0.015,1,soft,0.539875,0.830726495254754,0.03571428571428571,analytic,026636e21941d9d8,results/raw/crossover_study/revision_multi_tau/026636e21941d9d8.json,8,512,hybrid,B
xor3,805,42,0.0003,0.03,1,soft,0.66015625,0.5336524393969088,0.03571428571428571,analytic,780411da7b7b5219,results/raw/crossover_study/revision_multi_tau/780411da7b7b5219.json,8,512,hybrid,B
xor3,805,42,0.0003,0.06,1,soft,0.81640625,0.2891322067110218,0.03571428571428571,analytic,ec77de6114d09d05,results/raw/crossover_study/revision_multi_tau/ec77de6114d09d05.json,8,512,hybrid,B
xor3,806,40,0.0003,0.0,1,hard,0.70703125,1.0,0.03571428571428571,global,0134c60252804be8,results/raw/crossover_study/transition/0134c60252804be8.json,8,512,hybrid,B
xor3,806,40,0.0003,0.015,1,soft,0.66796875,0.830726495254754,0.03571428571428571,analytic,c542e1bf24c1e65e,results/raw/crossover_study/revision_multi_tau/c542e1bf24c1e65e.json,8,512,hybrid,B
xor3,806,40,0.0003,0.03,1,soft,0.67738125,0.5336524393969088,0.03571428571428571,analytic,8f3356bc98370024,results/raw/crossover_study/revision_multi_tau/8f3356bc98370024.json,8,512,hybrid,B
xor3,806,40,0.0003,0.06,1,soft,0.71904375,0.2891322067110218,0.03571428571428571,analytic,b410c821cc6072b7,results/raw/crossover_study/revision_multi_tau/b410c821cc6072b7.json,8,512,hybrid,B
xor3,807,41,0.0003,0.0,1,hard,0.737975,1.0,0.03571428571428571,global,86d9200193e3fd0a,results/raw/crossover_study/transition/86d9200193e3fd0a.json,8,512,hybrid,B
xor3,807,41,0.0003,0.015,1,soft,0.6171875,0.830726495254754,0.03571428571428571,analytic,721cb47a8505d09d,results/raw/crossover_study/revision_multi_tau/721cb47a8505d09d.json,8,512,hybrid,B
xor3,807,41,0.0003,0.03,1,soft,0.6640625,0.5336524393969088,0.03571428571428571,analytic,11b90a6c49ac408a,results/raw/crossover_study/revision_multi_tau/11b90a6c49ac408a.json,8,512,hybrid,B
xor3,807,41,0.0003,0.06,1,soft,0.6953125,0.2891322067110218,0.03571428571428571,analytic,4f1d9234514c6d95,results/raw/crossover_study/revision_multi_tau/4f1d9234514c6d95.json,8,512,hybrid,B
xor3,808,42,0.0003,0.0,1,hard,0.63671875,1.0,0.03571428571428571,global,0ab6569585fd33ad,results/raw/crossover_study/transition/0ab6569585fd33ad.json,8,512,hybrid,B
xor3,808,42,0.0003,0.015,1,soft,0.625,0.830726495254754,0.03571428571428571,analytic,78274e85ad5e3d7e,results/raw/crossover_study/revision_multi_tau/78274e85ad5e3d7e.json,8,512,hybrid,B
xor3,808,42,0.0003,0.03,1,soft,0.70703125,0.5336524393969088,0.03571428571428571,analytic,9b88ffa17545e8ad,results/raw/crossover_study/revision_multi_tau/9b88ffa17545e8ad.json,8,512,hybrid,B
xor3,808,42,0.0003,0.06,1,soft,0.80078125,0.2891322067110218,0.03571428571428571,analytic,536092cfc1238c81,results/raw/crossover_study/revision_multi_tau/536092cfc1238c81.json,8,512,hybrid,B
xor3,809,40,0.0003,0.0,1,hard,0.7953812499999999,1.0,0.03571428571428571,global,c0c90e9d6acd548f,results/raw/crossover_study/transition/c0c90e9d6acd548f.json,8,512,hybrid,B
xor3,809,40,0.0003,0.015,1,soft,0.5588875,0.830726495254754,0.03571428571428571,analytic,4613df0bdea1369a,results/raw/crossover_study/revision_multi_tau/4613df0bdea1369a.json,8,512,hybrid,B
xor3,809,40,0.0003,0.03,1,soft,0.66045,0.5336524393969088,0.03571428571428571,analytic,6387d7dd815dd24e,results/raw/crossover_study/revision_multi_tau/6387d7dd815dd24e.json,8,512,hybrid,B
xor3,809,40,0.0003,0.06,1,soft,0.65234375,0.2891322067110218,0.03571428571428571,analytic,99e9404a3a3625a2,results/raw/crossover_study/revision_multi_tau/99e9404a3a3625a2.json,8,512,hybrid,B
xor3,810,41,0.0003,0.0,1,hard,0.6215875,1.0,0.03571428571428571,global,cefcefe508b15d5b,results/raw/crossover_study/transition/cefcefe508b15d5b.json,8,512,hybrid,B
xor3,810,41,0.0003,0.015,1,soft,0.80078125,0.830726495254754,0.03571428571428571,analytic,c3662301945fc558,results/raw/crossover_study/revision_multi_tau/c3662301945fc558.json,8,512,hybrid,B
xor3,810,41,0.0003,0.03,1,soft,0.56199375,0.5336524393969088,0.03571428571428571,analytic,0395c7f7764a7533,results/raw/crossover_study/revision_multi_tau/0395c7f7764a7533.json,8,512,hybrid,B
xor3,810,41,0.0003,0.06,1,soft,0.71875,0.2891322067110218,0.03571428571428571,analytic,b56a39ba0a161530,results/raw/crossover_study/revision_multi_tau/b56a39ba0a161530.json,8,512,hybrid,B
xor3,811,42,0.0003,0.0,1,hard,0.7421875,1.0,0.03571428571428571,global,de808a9d5b533627,results/raw/crossover_study/transition/de808a9d5b533627.json,8,512,hybrid,B
xor3,811,42,0.0003,0.015,1,soft,0.765625,0.830726495254754,0.03571428571428571,analytic,9f4b3f653dd56b72,results/raw/crossover_study/revision_multi_tau/9f4b3f653dd56b72.json,8,512,hybrid,B
xor3,811,42,0.0003,0.03,1,soft,0.76953125,0.5336524393969088,0.03571428571428571,analytic,30cbb451cb96d3e3,results/raw/crossover_study/revision_multi_tau/30cbb451cb96d3e3.json,8,512,hybrid,B
xor3,811,42,0.0003,0.06,1,soft,0.80859375,0.2891322067110218,0.03571428571428571,analytic,12f21bcedc2b5c5a,results/raw/crossover_study/revision_multi_tau/12f21bcedc2b5c5a.json,8,512,hybrid,B
xor3,800,40,0.0006,0.0,1,hard,0.6640625,1.0,0.03571428571428571,global,4a455c8b7a37ff5d,results/raw/crossover_study/transition/4a455c8b7a37ff5d.json,8,512,hybrid,B
xor3,800,40,0.0006,0.015,1,soft,0.66796875,0.8307264952547538,0.03571428571428571,analytic,ec367a727fab9f95,results/raw/crossover_study/revision_multi_tau/ec367a727fab9f95.json,8,512,hybrid,B
xor3,800,40,0.0006,0.03,1,soft,0.421875,0.5336524393969088,0.03571428571428571,analytic,2ad9798dc1f88bd7,results/raw/crossover_study/revision_multi_tau/2ad9798dc1f88bd7.json,8,512,hybrid,B
xor3,800,40,0.0006,0.06,1,soft,0.5234375,0.2891322067110218,0.03571428571428571,analytic,fec640b4a0f2044f,results/raw/crossover_study/revision_multi_tau/fec640b4a0f2044f.json,8,512,hybrid,B
xor3,801,41,0.0006,0.0,1,hard,0.55078125,1.0,0.03571428571428571,global,bf5bb28b3921bd6c,results/raw/crossover_study/transition/bf5bb28b3921bd6c.json,8,512,hybrid,B
xor3,801,41,0.0006,0.015,1,soft,0.70864375,0.8307264952547538,0.03571428571428571,analytic,63e4f9a70668a88d,results/raw/crossover_study/revision_multi_tau/63e4f9a70668a88d.json,8,512,hybrid,B
xor3,801,41,0.0006,0.03,1,soft,0.4278875,0.5336524393969088,0.03571428571428571,analytic,2548318e79e84ffa,results/raw/crossover_study/revision_multi_tau/2548318e79e84ffa.json,8,512,hybrid,B
xor3,801,41,0.0006,0.06,1,soft,0.7578125,0.2891322067110218,0.03571428571428571,analytic,e4cc3a6c79002863,results/raw/crossover_study/revision_multi_tau/e4cc3a6c79002863.json,8,512,hybrid,B
xor3,802,42,0.0006,0.0,1,hard,0.66015625,1.0,0.03571428571428571,global,b0023b6c0b59a3a4,results/raw/crossover_study/transition/b0023b6c0b59a3a4.json,8,512,hybrid,B
xor3,802,42,0.0006,0.015,1,soft,0.578125,0.8307264952547538,0.03571428571428571,analytic,442450bf1231e117,results/raw/crossover_study/revision_multi_tau/442450bf1231e117.json,8,512,hybrid,B
xor3,802,42,0.0006,0.03,1,soft,0.57421875,0.5336524393969088,0.03571428571428571,analytic,aa097480956106b7,results/raw/crossover_study/revision_multi_tau/aa097480956106b7.json,8,512,hybrid,B
xor3,802,42,0.0006,0.06,1,soft,0.640625,0.2891322067110218,0.03571428571428571,analytic,053f565986715812,results/raw/crossover_study/revision_multi_tau/053f565986715812.json,8,512,hybrid,B
xor3,803,40,0.0006,0.0,1,hard,0.7265625,1.0,0.03571428571428571,global,9d41aac4e2affd7f,results/raw/crossover_study/transition/9d41aac4e2affd7f.json,8,512,hybrid,B
xor3,803,40,0.0006,0.015,1,soft,0.5234375,0.8307264952547538,0.03571428571428571,analytic,52ca45218d0a4781,results/raw/crossover_study/revision_multi_tau/52ca45218d0a4781.json,8,512,hybrid,B
xor3,803,40,0.0006,0.03,1,soft,0.55498125,0.5336524393969088,0.03571428571428571,analytic,18cd8cbb386bca89,results/raw/crossover_study/revision_multi_tau/18cd8cbb386bca89.json,8,512,hybrid,B
xor3,803,40,0.0006,0.06,1,soft,0.6119874999999999,0.2891322067110218,0.03571428571428571,analytic,190447d86e7e0fbd,results/raw/crossover_study/revision_multi_tau/190447d86e7e0fbd.json,8,512,hybrid,B
xor3,804,41,0.0006,0.0,1,hard,0.57763125,1.0,0.03571428571428571,global,6522dec9d482347c,results/raw/crossover_study/transition/6522dec9d482347c.json,8,512,hybrid,B
xor3,804,41,0.0006,0.015,1,soft,0.625,0.8307264952547538,0.03571428571428571,analytic,1fa6f70756f963f4,results/raw/crossover_study/revision_multi_tau/1fa6f70756f963f4.json,8,512,hybrid,B
xor3,804,41,0.0006,0.03,1,soft,0.66015625,0.5336524393969088,0.03571428571428571,analytic,a1957d50862130a8,results/raw/crossover_study/revision_multi_tau/a1957d50862130a8.json,8,512,hybrid,B
xor3,804,41,0.0006,0.06,1,soft,0.5859375,0.2891322067110218,0.03571428571428571,analytic,437eaa63bbf34892,results/raw/crossover_study/revision_multi_tau/437eaa63bbf34892.json,8,512,hybrid,B
xor3,805,42,0.0006,0.0,1,hard,0.68359375,1.0,0.03571428571428571,global,f0da7c32df15d9aa,results/raw/crossover_study/transition/f0da7c32df15d9aa.json,8,512,hybrid,B
xor3,805,42,0.0006,0.015,1,soft,0.5669,0.8307264952547538,0.03571428571428571,analytic,789651a72271fffe,results/raw/crossover_study/revision_multi_tau/789651a72271fffe.json,8,512,hybrid,B
xor3,805,42,0.0006,0.03,1,soft,0.63671875,0.5336524393969088,0.03571428571428571,analytic,147f2c9e4fe87eb2,results/raw/crossover_study/revision_multi_tau/147f2c9e4fe87eb2.json,8,512,hybrid,B
xor3,805,42,0.0006,0.06,1,soft,0.765625,0.2891322067110218,0.03571428571428571,analytic,d35aecb393389103,results/raw/crossover_study/revision_multi_tau/d35aecb393389103.json,8,512,hybrid,B
xor3,806,40,0.0006,0.0,1,hard,0.671875,1.0,0.03571428571428571,global,956e1933580b3ac1,results/raw/crossover_study/transition/956e1933580b3ac1.json,8,512,hybrid,B
xor3,806,40,0.0006,0.015,1,soft,0.59375,0.8307264952547538,0.03571428571428571,analytic,577cdc89f0dea9a7,results/raw/crossover_study/revision_multi_tau/577cdc89f0dea9a7.json,8,512,hybrid,B
xor3,806,40,0.0006,0.03,1,soft,0.51171875,0.5336524393969088,0.03571428571428571,analytic,9ab7ac7138400f95,results/raw/crossover_study/revision_multi_tau/9ab7ac7138400f95.json,8,512,hybrid,B
xor3,806,40,0.0006,0.06,1,soft,0.80078125,0.2891322067110218,0.03571428571428571,analytic,4bc3dbe776382c90,results/raw/crossover_study/revision_multi_tau/4bc3dbe776382c90.json,8,512,hybrid,B
xor3,807,41,0.0006,0.0,1,hard,0.58203125,1.0,0.03571428571428571,global,75037d9c19d64606,results/raw/crossover_study/transition/75037d9c19d64606.json,8,512,hybrid,B
xor3,807,41,0.0006,0.015,1,soft,0.56640625,0.8307264952547538,0.03571428571428571,analytic,4e1f49c030ea11c3,results/raw/crossover_study/revision_multi_tau/4e1f49c030ea11c3.json,8,512,hybrid,B
xor3,807,41,0.0006,0.03,1,soft,0.6171875,0.5336524393969088,0.03571428571428571,analytic,7ad1f346bca22e92,results/raw/crossover_study/revision_multi_tau/7ad1f346bca22e92.json,8,512,hybrid,B
xor3,807,41,0.0006,0.06,1,soft,0.62109375,0.2891322067110218,0.03571428571428571,analytic,aca061ba8f153432,results/raw/crossover_study/revision_multi_tau/aca061ba8f153432.json,8,512,hybrid,B
xor3,808,42,0.0006,0.0,1,hard,0.52734375,1.0,0.03571428571428571,global,16c38305ad4cc9d1,results/raw/crossover_study/transition/16c38305ad4cc9d1.json,8,512,hybrid,B
xor3,808,42,0.0006,0.015,1,soft,0.8125,0.8307264952547538,0.03571428571428571,analytic,9e988b97bfe08ae1,results/raw/crossover_study/revision_multi_tau/9e988b97bfe08ae1.json,8,512,hybrid,B
xor3,808,42,0.0006,0.03,1,soft,0.60546875,0.5336524393969088,0.03571428571428571,analytic,7cd81b9310172010,results/raw/crossover_study/revision_multi_tau/7cd81b9310172010.json,8,512,hybrid,B
xor3,808,42,0.0006,0.06,1,soft,0.65625,0.2891322067110218,0.03571428571428571,analytic,fb32113dd484bb20,results/raw/crossover_study/revision_multi_tau/fb32113dd484bb20.json,8,512,hybrid,B
xor3,809,40,0.0006,0.0,1,hard,0.671875,1.0,0.03571428571428571,global,01dc98e80b81f74f,results/raw/crossover_study/transition/01dc98e80b81f74f.json,8,512,hybrid,B
xor3,809,40,0.0006,0.015,1,soft,0.44921875,0.8307264952547538,0.03571428571428571,analytic,409d0afdbd188243,results/raw/crossover_study/revision_multi_tau/409d0afdbd188243.json,8,512,hybrid,B
xor3,809,40,0.0006,0.03,1,soft,0.5651124999999999,0.5336524393969088,0.03571428571428571,analytic,3f3bc8a845985496,results/raw/crossover_study/revision_multi_tau/3f3bc8a845985496.json,8,512,hybrid,B
xor3,809,40,0.0006,0.06,1,soft,0.625,0.2891322067110218,0.03571428571428571,analytic,d250a62064592b4e,results/raw/crossover_study/revision_multi_tau/d250a62064592b4e.json,8,512,hybrid,B
xor3,810,41,0.0006,0.0,1,hard,0.53515625,1.0,0.03571428571428571,global,e9c63e55ca3ebe06,results/raw/crossover_study/transition/e9c63e55ca3ebe06.json,8,512,hybrid,B
xor3,810,41,0.0006,0.015,1,soft,0.5703125,0.8307264952547538,0.03571428571428571,analytic,7aa6dd911122c289,results/raw/crossover_study/revision_multi_tau/7aa6dd911122c289.json,8,512,hybrid,B
xor3,810,41,0.0006,0.03,1,soft,0.56640625,0.5336524393969088,0.03571428571428571,analytic,33134ed298a96940,results/raw/crossover_study/revision_multi_tau/33134ed298a96940.json,8,512,hybrid,B
xor3,810,41,0.0006,0.06,1,soft,0.61328125,0.2891322067110218,0.03571428571428571,analytic,01d1695b4cb9488d,results/raw/crossover_study/revision_multi_tau/01d1695b4cb9488d.json,8,512,hybrid,B
xor3,811,42,0.0006,0.0,1,hard,0.68359375,1.0,0.03571428571428571,global,072a9f1b1ab1fd63,results/raw/crossover_study/transition/072a9f1b1ab1fd63.json,8,512,hybrid,B
xor3,811,42,0.0006,0.015,1,soft,0.69140625,0.8307264952547538,0.03571428571428571,analytic,1033e34a760475d2,results/raw/crossover_study/revision_multi_tau/1033e34a760475d2.json,8,512,hybrid,B
xor3,811,42,0.0006,0.03,1,soft,0.5546875,0.5336524393969088,0.03571428571428571,analytic,4393d510207863e7,results/raw/crossover_study/revision_multi_tau/4393d510207863e7.json,8,512,hybrid,B
xor3,811,42,0.0006,0.06,1,soft,0.8125,0.2891322067110218,0.03571428571428571,analytic,33ff5dd9301fb94a,results/raw/crossover_study/revision_multi_tau/33ff5dd9301fb94a.json,8,512,hybrid,B
xor3,800,40,0.001,0.0,1,hard,0.55918125,1.0,0.03571428571428571,global,36a8b42f061886cb,results/raw/crossover_study/transition/36a8b42f061886cb.json,8,512,hybrid,B
xor3,800,40,0.001,0.015,1,soft,0.63671875,0.8307264952547538,0.03571428571428571,analytic,4209633cf3619027,results/raw/crossover_study/revision_multi_tau/4209633cf3619027.json,8,512,hybrid,B
xor3,800,40,0.001,0.03,1,soft,0.3619875,0.5336524393969088,0.03571428571428571,analytic,de6a0362349796de,results/raw/crossover_study/revision_multi_tau/de6a0362349796de.json,8,512,hybrid,B
xor3,800,40,0.001,0.06,1,soft,0.65234375,0.2891322067110218,0.03571428571428571,analytic,34892a4060e17de7,results/raw/crossover_study/revision_multi_tau/34892a4060e17de7.json,8,512,hybrid,B
xor3,801,41,0.001,0.0,1,hard,0.53975625,1.0,0.03571428571428571,global,b3997fca00b350ac,results/raw/crossover_study/transition/b3997fca00b350ac.json,8,512,hybrid,B
xor3,801,41,0.001,0.015,1,soft,0.49609375,0.8307264952547538,0.03571428571428571,analytic,d83f36ddec228f2d,results/raw/crossover_study/revision_multi_tau/d83f36ddec228f2d.json,8,512,hybrid,B
xor3,801,41,0.001,0.03,1,soft,0.35988125000000004,0.5336524393969088,0.03571428571428571,analytic,422f9f6289581b70,results/raw/crossover_study/revision_multi_tau/422f9f6289581b70.json,8,512,hybrid,B
xor3,801,41,0.001,0.06,1,soft,0.6953125,0.2891322067110218,0.03571428571428571,analytic,3b5bafc37696cb77,results/raw/crossover_study/revision_multi_tau/3b5bafc37696cb77.json,8,512,hybrid,B
xor3,802,42,0.001,0.0,1,hard,0.6171875,1.0,0.03571428571428571,global,80c1e98dcf7febdb,results/raw/crossover_study/transition/80c1e98dcf7febdb.json,8,512,hybrid,B
xor3,802,42,0.001,0.015,1,soft,0.52734375,0.8307264952547538,0.03571428571428571,analytic,2671f2fa557a5dd0,results/raw/crossover_study/revision_multi_tau/2671f2fa557a5dd0.json,8,512,hybrid,B
xor3,802,42,0.001,0.03,1,soft,0.5546875,0.5336524393969088,0.03571428571428571,analytic,6254daf70cda3d07,results/raw/crossover_study/revision_multi_tau/6254daf70cda3d07.json,8,512,hybrid,B
xor3,802,42,0.001,0.06,1,soft,0.6484375,0.2891322067110218,0.03571428571428571,analytic,c6ecac6f4f11b292,results/raw/crossover_study/revision_multi_tau/c6ecac6f4f11b292.json,8,512,hybrid,B
xor3,803,40,0.001,0.0,1,hard,0.56279375,1.0,0.03571428571428571,global,e204d2202b975669,results/raw/crossover_study/transition/e204d2202b975669.json,8,512,hybrid,B
xor3,803,40,0.001,0.015,1,soft,0.4765625,0.8307264952547538,0.03571428571428571,analytic,890ab9bbbe542542,results/raw/crossover_study/revision_multi_tau/890ab9bbbe542542.json,8,512,hybrid,B
xor3,803,40,0.001,0.03,1,soft,0.54296875,0.5336524393969088,0.03571428571428571,analytic,659fd2405892bf9f,results/raw/crossover_study/revision_multi_tau/659fd2405892bf9f.json,8,512,hybrid,B
xor3,803,40,0.001,0.06,1,soft,0.59765625,0.2891322067110218,0.03571428571428571,analytic,3ab6c37260e9b74d,results/raw/crossover_study/revision_multi_tau/3ab6c37260e9b74d.json,8,512,hybrid,B
xor3,804,41,0.001,0.0,1,hard,0.56640625,1.0,0.03571428571428571,global,b105aefa436b130f,results/raw/crossover_study/transition/b105aefa436b130f.json,8,512,hybrid,B
xor3,804,41,0.001,0.015,1,soft,0.54296875,0.8307264952547538,0.03571428571428571,analytic,de9fc72266696a80,results/raw/crossover_study/revision_multi_tau/de9fc72266696a80.json,8,512,hybrid,B
xor3,804,41,0.001,0.03,1,soft,0.4599375,0.5336524393969088,0.03571428571428571,analytic,1c0a35a3983868dc,results/raw/crossover_study/revision_multi_tau/1c0a35a3983868dc.json,8,512,hybrid,B
xor3,804,41,0.001,0.06,1,soft,0.63671875,0.2891322067110218,0.03571428571428571,analytic,f6b56b9c2d481d84,results/raw/crossover_study/revision_multi_tau/f6b56b9c2d481d84.json,8,512,hybrid,B
xor3,805,42,0.001,0.0,1,hard,0.42578125,1.0,0.03571428571428571,global,7ff6d1a6fa18e685,results/raw/crossover_study/transition/7ff6d1a6fa18e685.json,8,512,hybrid,B
xor3,805,42,0.001,0.015,1,soft,0.54296875,0.8307264952547538,0.03571428571428571,analytic,36f52e95aa347db8,results/raw/crossover_study/revision_multi_tau/36f52e95aa347db8.json,8,512,hybrid,B
xor3,805,42,0.001,0.03,1,soft,0.40625,0.5336524393969088,0.03571428571428571,analytic,20023bc8d93e755b,results/raw/crossover_study/revision_multi_tau/20023bc8d93e755b.json,8,512,hybrid,B
xor3,805,42,0.001,0.06,1,soft,0.65114375,0.2891322067110218,0.03571428571428571,analytic,8362b27ec68ad192,results/raw/crossover_study/revision_multi_tau/8362b27ec68ad192.json,8,512,hybrid,B
xor3,806,40,0.001,0.0,1,hard,0.6334,1.0,0.03571428571428571,global,3d3ba26947b8ad7d,results/raw/crossover_study/transition/3d3ba26947b8ad7d.json,8,512,hybrid,B
xor3,806,40,0.001,0.015,1,soft,0.49248125,0.8307264952547538,0.03571428571428571,analytic,2de70a156734a3fa,results/raw/crossover_study/revision_multi_tau/2de70a156734a3fa.json,8,512,hybrid,B
xor3,806,40,0.001,0.03,1,soft,0.36748125,0.5336524393969088,0.03571428571428571,analytic,201cbdb988ce77b9,results/raw/crossover_study/revision_multi_tau/201cbdb988ce77b9.json,8,512,hybrid,B
xor3,806,40,0.001,0.06,1,soft,0.77734375,0.2891322067110218,0.03571428571428571,analytic,0ed472bb85af31cd,results/raw/crossover_study/revision_multi_tau/0ed472bb85af31cd.json,8,512,hybrid,B
xor3,807,41,0.001,0.0,1,hard,0.5625,1.0,0.03571428571428571,global,8419b8feb1d0e8b4,results/raw/crossover_study/transition/8419b8feb1d0e8b4.json,8,512,hybrid,B
xor3,807,41,0.001,0.015,1,soft,0.4765625,0.8307264952547538,0.03571428571428571,analytic,abb0a416ebd8a833,results/raw/crossover_study/revision_multi_tau/abb0a416ebd8a833.json,8,512,hybrid,B
xor3,807,41,0.001,0.03,1,soft,0.43359375,0.5336524393969088,0.03571428571428571,analytic,322454587ea9215a,results/raw/crossover_study/revision_multi_tau/322454587ea9215a.json,8,512,hybrid,B
xor3,807,41,0.001,0.06,1,soft,0.65234375,0.2891322067110218,0.03571428571428571,analytic,ff0a4224e6315b9f,results/raw/crossover_study/revision_multi_tau/ff0a4224e6315b9f.json,8,512,hybrid,B
xor3,808,42,0.001,0.0,1,hard,0.64453125,1.0,0.03571428571428571,global,b2359ea7332ecef7,results/raw/crossover_study/transition/b2359ea7332ecef7.json,8,512,hybrid,B
xor3,808,42,0.001,0.015,1,soft,0.5625,0.8307264952547538,0.03571428571428571,analytic,3d2b42b611f535fd,results/raw/crossover_study/revision_multi_tau/3d2b42b611f535fd.json,8,512,hybrid,B
xor3,808,42,0.001,0.03,1,soft,0.53445,0.5336524393969088,0.03571428571428571,analytic,d8121fe23288b87e,results/raw/crossover_study/revision_multi_tau/d8121fe23288b87e.json,8,512,hybrid,B
xor3,808,42,0.001,0.06,1,soft,0.70703125,0.2891322067110218,0.03571428571428571,analytic,d73beda872da98a9,results/raw/crossover_study/revision_multi_tau/d73beda872da98a9.json,8,512,hybrid,B
xor3,809,40,0.001,0.0,1,hard,0.65234375,1.0,0.03571428571428571,global,ed3792468983d3ca,results/raw/crossover_study/transition/ed3792468983d3ca.json,8,512,hybrid,B
xor3,809,40,0.001,0.015,1,soft,0.421875,0.8307264952547538,0.03571428571428571,analytic,620a5ea408cb6eef,results/raw/crossover_study/revision_multi_tau/620a5ea408cb6eef.json,8,512,hybrid,B
xor3,809,40,0.001,0.03,1,soft,0.5546875,0.5336524393969088,0.03571428571428571,analytic,4ce9d71d3b7b9be6,results/raw/crossover_study/revision_multi_tau/4ce9d71d3b7b9be6.json,8,512,hybrid,B
xor3,809,40,0.001,0.06,1,soft,0.640625,0.2891322067110218,0.03571428571428571,analytic,9e2b9cd33a668030,results/raw/crossover_study/revision_multi_tau/9e2b9cd33a668030.json,8,512,hybrid,B
xor3,810,41,0.001,0.0,1,hard,0.5703125,1.0,0.03571428571428571,global,52f68aed3ca597c8,results/raw/crossover_study/transition/52f68aed3ca597c8.json,8,512,hybrid,B
xor3,810,41,0.001,0.015,1,soft,0.51953125,0.8307264952547538,0.03571428571428571,analytic,b2870800839697fe,results/raw/crossover_study/revision_multi_tau/b2870800839697fe.json,8,512,hybrid,B
xor3,810,41,0.001,0.03,1,soft,0.63671875,0.5336524393969088,0.03571428571428571,analytic,165161ec4c61fcc6,results/raw/crossover_study/revision_multi_tau/165161ec4c61fcc6.json,8,512,hybrid,B
xor3,810,41,0.001,0.06,1,soft,0.40625,0.2891322067110218,0.03571428571428571,analytic,841e7a8a96cf02b0,results/raw/crossover_study/revision_multi_tau/841e7a8a96cf02b0.json,8,512,hybrid,B
xor3,811,42,0.001,0.0,1,hard,0.62429375,1.0,0.03571428571428571,global,b585ad11d4a1062b,results/raw/crossover_study/transition/b585ad11d4a1062b.json,8,512,hybrid,B
xor3,811,42,0.001,0.015,1,soft,0.4921875,0.8307264952547538,0.03571428571428571,analytic,43bdcb359196087f,results/raw/crossover_study/revision_multi_tau/43bdcb359196087f.json,8,512,hybrid,B
xor3,811,42,0.001,0.03,1,soft,0.45703125,0.5336524393969088,0.03571428571428571,analytic,1296872c480353c6,results/raw/crossover_study/revision_multi_tau/1296872c480353c6.json,8,512,hybrid,B
xor3,811,42,0.001,0.06,1,soft,0.54296875,0.2891322067110218,0.03571428571428571,analytic,df28074cef17da34,results/raw/crossover_study/revision_multi_tau/df28074cef17da34.json,8,512,hybrid,B
xor3,800,40,0.0018,0.0,1,hard,0.42578125,1.0,0.03571428571428571,global,de1641c9b8a24e27,results/raw/crossover_study/revision_multi_tau/de1641c9b8a24e27.json,8,512,hybrid,B
xor3,800,40,0.0018,0.015,1,soft,0.3824125,0.8307264952547538,0.03571428571428571,analytic,a6f75603dda57922,results/raw/crossover_study/revision_multi_tau/a6f75603dda57922.json,8,512,hybrid,B
xor3,800,40,0.0018,0.03,1,soft,0.3792,0.5336524393969088,0.03571428571428571,analytic,348bc08c0ac5200c,results/raw/crossover_study/revision_multi_tau/348bc08c0ac5200c.json,8,512,hybrid,B
xor3,800,40,0.0018,0.06,1,soft,0.52734375,0.2891322067110218,0.03571428571428571,analytic,ef81f67b7c7b9a20,results/raw/crossover_study/revision_multi_tau/ef81f67b7c7b9a20.json,8,512,hybrid,B
xor3,801,41,0.0018,0.0,1,hard,0.45703125,1.0,0.03571428571428571,global,608fefad47092a44,results/raw/crossover_study/revision_multi_tau/608fefad47092a44.json,8,512,hybrid,B
xor3,801,41,0.0018,0.015,1,soft,0.40915625000000005,0.8307264952547538,0.03571428571428571,analytic,27561904d27d8dcb,results/raw/crossover_study/revision_multi_tau/27561904d27d8dcb.json,8,512,hybrid,B
xor3,801,41,0.0018,0.03,1,soft,0.4453125,0.5336524393969088,0.03571428571428571,analytic,f1ddacb04a298f72,results/raw/crossover_study/revision_multi_tau/f1ddacb04a298f72.json,8,512,hybrid,B
xor3,801,41,0.0018,0.06,1,soft,0.546875,0.2891322067110218,0.03571428571428571,analytic,7cb40efcefb7a27a,results/raw/crossover_study/revision_multi_tau/7cb40efcefb7a27a.json,8,512,hybrid,B
xor3,802,42,0.0018,0.0,1,hard,0.4244875,1.0,0.03571428571428571,global,db6fc4783137ec79,results/raw/crossover_study/revision_multi_tau/db6fc4783137ec79.json,8,512,hybrid,B
xor3,802,42,0.0018,0.015,1,soft,0.36328125,0.8307264952547538,0.03571428571428571,analytic,1fe3c9831fccc417,results/raw/crossover_study/revision_multi_tau/1fe3c9831fccc417.json,8,512,hybrid,B
xor3,802,42,0.0018,0.03,1,soft,0.268825,0.5336524393969088,0.03571428571428571,analytic,183cea33595a143a,results/raw/crossover_study/revision_multi_tau/183cea33595a143a.json,8,512,hybrid,B
xor3,802,42,0.0018,0.06,1,soft,0.55078125,0.2891322067110218,0.03571428571428571,analytic,c8b9b73fbb03724f,results/raw/crossover_study/revision_multi_tau/c8b9b73fbb03724f.json,8,512,hybrid,B
xor3,803,40,0.0018,0.0,1,hard,0.4807625,1.0,0.03571428571428571,global,54c6637538463afe,results/raw/crossover_study/revision_multi_tau/54c6637538463afe.json,8,512,hybrid,B
xor3,803,40,0.0018,0.015,1,soft,0.52734375,0.8307264952547538,0.03571428571428571,analytic,993f45d6946e084a,results/raw/crossover_study/revision_multi_tau/993f45d6946e084a.json,8,512,hybrid,B
xor3,803,40,0.0018,0.03,1,soft,0.34795,0.5336524393969088,0.03571428571428571,analytic,a82774d6c120c7a1,results/raw/crossover_study/revision_multi_tau/a82774d6c120c7a1.json,8,512,hybrid,B
xor3,803,40,0.0018,0.06,1,soft,0.4807625,0.2891322067110218,0.03571428571428571,analytic,674ecccadfabcd2b,results/raw/crossover_study/revision_multi_tau/674ecccadfabcd2b.json,8,512,hybrid,B
xor3,804,41,0.0018,0.0,1,hard,0.50390625,1.0,0.03571428571428571,global,6e237acc6a9a2f24,results/raw/crossover_study/revision_multi_tau/6e237acc6a9a2f24.json,8,512,hybrid,B
xor3,804,41,0.0018,0.015,1,soft,0.38671875,0.8307264952547538,0.03571428571428571,analytic,420798f45434671c,results/raw/crossover_study/revision_multi_tau/420798f45434671c.json,8,512,hybrid,B
xor3,804,41,0.0018,0.03,1,soft,0.2890625,0.5336524393969088,0.03571428571428571,analytic,a338d2894d7350cc,results/raw/crossover_study/revision_multi_tau/a338d2894d7350cc.json,8,512,hybrid,B
xor3,804,41,0.0018,0.06,1,soft,0.49609375,0.2891322067110218,0.03571428571428571,analytic,1ded13be851a504d,results/raw/crossover_study/revision_multi_tau/1ded13be851a504d.json,8,512,hybrid,B
xor3,805,42,0.0018,0.0,1,hard,0.48486875,1.0,0.03571428571428571,global,c5769526da7d73ac,results/raw/crossover_study/revision_multi_tau/c5769526da7d73ac.json,8,512,hybrid,B
xor3,805,42,0.0018,0.015,1,soft,0.41796875,0.8307264952547538,0.03571428571428571,analytic,dfb7fde686e60e8a,results/raw/crossover_study/revision_multi_tau/dfb7fde686e60e8a.json,8,512,hybrid,B
xor3,805,42,0.0018,0.03,1,soft,0.3671875,0.5336524393969088,0.03571428571428571,analytic,47821450333eb6ee,results/raw/crossover_study/revision_multi_tau/47821450333eb6ee.json,8,512,hybrid,B
xor3,805,42,0.0018,0.06,1,soft,0.6065625,0.2891322067110218,0.03571428571428571,analytic,70f47eaadd14607d,results/raw/crossover_study/revision_multi_tau/70f47eaadd14607d.json,8,512,hybrid,B
xor3,806,40,0.0018,0.0,1,hard,0.46875,1.0,0.03571428571428571,global,e1fe6d13b9d22f1c,results/raw/crossover_study/revision_multi_tau/e1fe6d13b9d22f1c.json,8,512,hybrid,B
xor3,806,40,0.0018,0.015,1,soft,0.453125,0.8307264952547538,0.03571428571428571,analytic,5aca7512ace5a12e,results/raw/crossover_study/revision_multi_tau/5aca7512ace5a12e.json,8,512,hybrid,B
xor3,806,40,0.0018,0.03,1,soft,0.296875,0.5336524393969088,0.03571428571428571,analytic,8866c7354f6f7857,results/raw/crossover_study/revision_multi_tau/8866c7354f6f7857.json,8,512,hybrid,B
xor3,806,40,0.0018,0.06,1,soft,0.3984375,0.2891322067110218,0.03571428571428571,analytic,4ed005e27c14cc3b,results/raw/crossover_study/revision_multi_tau/4ed005e27c14cc3b.json,8,512,hybrid,B
xor3,807,41,0.0018,0.0,1,hard,0.5004937500000001,1.0,0.03571428571428571,global,db52f031b6551d2c,results/raw/crossover_study/revision_multi_tau/db52f031b6551d2c.json,8,512,hybrid,B
xor3,807,41,0.0018,0.015,1,soft,0.38722500000000004,0.8307264952547538,0.03571428571428571,analytic,5a44ea2ac0d69d3f,results/raw/crossover_study/revision_multi_tau/5a44ea2ac0d69d3f.json,8,512,hybrid,B
xor3,807,41,0.0018,0.03,1,soft,0.390625,0.5336524393969088,0.03571428571428571,analytic,b6caffeb8ec8ae03,results/raw/crossover_study/revision_multi_tau/b6caffeb8ec8ae03.json,8,512,hybrid,B
xor3,807,41,0.0018,0.06,1,soft,0.46875,0.2891322067110218,0.03571428571428571,analytic,318a205770edc048,results/raw/crossover_study/revision_multi_tau/318a205770edc048.json,8,512,hybrid,B
xor3,808,42,0.0018,0.0,1,hard,0.43279375,1.0,0.03571428571428571,global,3081bdf598bb39f8,results/raw/crossover_study/revision_multi_tau/3081bdf598bb39f8.json,8,512,hybrid,B
xor3,808,42,0.0018,0.015,1,soft,0.38871875,0.8307264952547538,0.03571428571428571,analytic,9bfeec0c21e7e5ab,results/raw/crossover_study/revision_multi_tau/9bfeec0c21e7e5ab.json,8,512,hybrid,B
xor3,808,42,0.0018,0.03,1,soft,0.39453125,0.5336524393969088,0.03571428571428571,analytic,a559645be51cc6bb,results/raw/crossover_study/revision_multi_tau/a559645be51cc6bb.json,8,512,hybrid,B
xor3,808,42,0.0018,0.06,1,soft,0.51171875,0.2891322067110218,0.03571428571428571,analytic,6264c0270c920066,results/raw/crossover_study/revision_multi_tau/6264c0270c920066.json,8,512,hybrid,B
xor3,809,40,0.0018,0.0,1,hard,0.48046875,1.0,0.03571428571428571,global,85eb9d5ecd76d31b,results/raw/crossover_study/revision_multi_tau/85eb9d5ecd76d31b.json,8,512,hybrid,B
xor3,809,40,0.0018,0.015,1,soft,0.5071187500000001,0.8307264952547538,0.03571428571428571,analytic,f654cdc996f41ef9,results/raw/crossover_study/revision_multi_tau/f654cdc996f41ef9.json,8,512,hybrid,B
xor3,809,40,0.0018,0.03,1,soft,0.40625,0.5336524393969088,0.03571428571428571,analytic,60d76b3e3f75983e,results/raw/crossover_study/revision_multi_tau/60d76b3e3f75983e.json,8,512,hybrid,B
xor3,809,40,0.0018,0.06,1,soft,0.51171875,0.2891322067110218,0.03571428571428571,analytic,5adf52bb35ec243f,results/raw/crossover_study/revision_multi_tau/5adf52bb35ec243f.json,8,512,hybrid,B
xor3,810,41,0.0018,0.0,1,hard,0.36297500000000005,1.0,0.03571428571428571,global,b07453b1fca494a6,results/raw/crossover_study/revision_multi_tau/b07453b1fca494a6.json,8,512,hybrid,B
xor3,810,41,0.0018,0.015,1,soft,0.4355,0.8307264952547538,0.03571428571428571,analytic,8be1bbcdfaf6517a,results/raw/crossover_study/revision_multi_tau/8be1bbcdfaf6517a.json,8,512,hybrid,B
xor3,810,41,0.0018,0.03,1,soft,0.36377500000000007,0.5336524393969088,0.03571428571428571,analytic,da7dfa90f737299f,results/raw/crossover_study/revision_multi_tau/da7dfa90f737299f.json,8,512,hybrid,B
xor3,810,41,0.0018,0.06,1,soft,0.4375,0.2891322067110218,0.03571428571428571,analytic,31dae96da071b111,results/raw/crossover_study/revision_multi_tau/31dae96da071b111.json,8,512,hybrid,B
xor3,811,42,0.0018,0.0,1,hard,0.44300625,1.0,0.03571428571428571,global,6b26f80a95ac1c0d,results/raw/crossover_study/revision_multi_tau/6b26f80a95ac1c0d.json,8,512,hybrid,B
xor3,811,42,0.0018,0.015,1,soft,0.4140625,0.8307264952547538,0.03571428571428571,analytic,c84c0eef2361c1dd,results/raw/crossover_study/revision_multi_tau/c84c0eef2361c1dd.json,8,512,hybrid,B
xor3,811,42,0.0018,0.03,1,soft,0.40234375,0.5336524393969088,0.03571428571428571,analytic,70781f54d4a01eed,results/raw/crossover_study/revision_multi_tau/70781f54d4a01eed.json,8,512,hybrid,B
xor3,811,42,0.0018,0.06,1,soft,0.515625,0.2891322067110218,0.03571428571428571,analytic,879e7fc2fa408a0d,results/raw/crossover_study/revision_multi_tau/879e7fc2fa408a0d.json,8,512,hybrid,B
xor3,800,40,0.003,0.0,1,hard,0.4453125,1.0,0.03571428571428571,global,f43ae3a6eb83346d,results/raw/crossover_study/transition/f43ae3a6eb83346d.json,8,512,hybrid,B
xor3,800,40,0.003,0.015,1,soft,0.34124375,0.830726495254754,0.03571428571428571,analytic,61eb1a9bdb2d606a,results/raw/crossover_study/revision_multi_tau/61eb1a9bdb2d606a.json,8,512,hybrid,B
xor3,800,40,0.003,0.03,1,soft,0.27793124999999996,0.5336524393969088,0.03571428571428571,analytic,51df5db743587a25,results/raw/crossover_study/revision_multi_tau/51df5db743587a25.json,8,512,hybrid,B
xor3,800,40,0.003,0.06,1,soft,0.58203125,0.2891322067110218,0.03571428571428571,analytic,4be4d0cec5da4547,results/raw/crossover_study/revision_multi_tau/4be4d0cec5da4547.json,8,512,hybrid,B
xor3,801,41,0.003,0.0,1,hard,0.42578125,1.0,0.03571428571428571,global,12ba639860008355,results/raw/crossover_study/transition/12ba639860008355.json,8,512,hybrid,B
xor3,801,41,0.003,0.015,1,soft,0.33833750000000007,0.830726495254754,0.03571428571428571,analytic,d85e8ad785168b9f,results/raw/crossover_study/revision_multi_tau/d85e8ad785168b9f.json,8,512,hybrid,B
xor3,801,41,0.003,0.03,1,soft,0.263625,0.5336524393969088,0.03571428571428571,analytic,6682c6e017c124ea,results/raw/crossover_study/revision_multi_tau/6682c6e017c124ea.json,8,512,hybrid,B
xor3,801,41,0.003,0.06,1,soft,0.45703125,0.2891322067110218,0.03571428571428571,analytic,389d6fb9188bfc3c,results/raw/crossover_study/revision_multi_tau/389d6fb9188bfc3c.json,8,512,hybrid,B
xor3,802,42,0.003,0.0,1,hard,0.45703125,1.0,0.03571428571428571,global,ad41978ad4a20e01,results/raw/crossover_study/transition/ad41978ad4a20e01.json,8,512,hybrid,B
xor3,802,42,0.003,0.015,1,soft,0.33643125,0.830726495254754,0.03571428571428571,analytic,61172e4b4e3859e7,results/raw/crossover_study/revision_multi_tau/61172e4b4e3859e7.json,8,512,hybrid,B
xor3,802,42,0.003,0.03,1,soft,0.3363375,0.5336524393969088,0.03571428571428571,analytic,1df0eaac1d25214b,results/raw/crossover_study/revision_multi_tau/1df0eaac1d25214b.json,8,512,hybrid,B
xor3,802,42,0.003,0.06,1,soft,0.53515625,0.2891322067110218,0.03571428571428571,analytic,e267261b2c5c365f,results/raw/crossover_study/revision_multi_tau/e267261b2c5c365f.json,8,512,hybrid,B
xor3,803,40,0.003,0.0,1,hard,0.43779375,1.0,0.03571428571428571,global,be0b2f9fa5cc4357,results/raw/crossover_study/transition/be0b2f9fa5cc4357.json,8,512,hybrid,B
xor3,803,40,0.003,0.015,1,soft,0.3671875,0.830726495254754,0.03571428571428571,analytic,c39c76bca83152e3,results/raw/crossover_study/revision_multi_tau/c39c76bca83152e3.json,8,512,hybrid,B
xor3,803,40,0.003,0.03,1,soft,0.38050625,0.5336524393969088,0.03571428571428571,analytic,f98fbbb6b385a5c4,results/raw/crossover_study/revision_multi_tau/f98fbbb6b385a5c4.json,8,512,hybrid,B
xor3,803,40,0.003,0.06,1,soft,0.33203125,0.2891322067110218,0.03571428571428571,analytic,3c17ee91d2ed1964,results/raw/crossover_study/revision_multi_tau/3c17ee91d2ed1964.json,8,512,hybrid,B
xor3,804,41,0.003,0.0,1,hard,0.38231875000000004,1.0,0.03571428571428571,global,e8d5a94ed518249c,results/raw/crossover_study/transition/e8d5a94ed518249c.json,8,512,hybrid,B
xor3,804,41,0.003,0.015,1,soft,0.25551875,0.830726495254754,0.03571428571428571,analytic,015248086618a36e,results/raw/crossover_study/revision_multi_tau/015248086618a36e.json,8,512,hybrid,B
xor3,804,41,0.003,0.03,1,soft,0.295075,0.5336524393969088,0.03571428571428571,analytic,4ddaa13b25b9e6a9,results/raw/crossover_study/revision_multi_tau/4ddaa13b25b9e6a9.json,8,512,hybrid,B
xor3,804,41,0.003,0.06,1,soft,0.453125,0.2891322067110218,0.03571428571428571,analytic,a1ef572c15a574e4,results/raw/crossover_study/revision_multi_tau/a1ef572c15a574e4.json,8,512,hybrid,B
xor3,805,42,0.003,0.0,1,hard,0.4601375,1.0,0.03571428571428571,global,74721e2cc027564d,results/raw/crossover_study/transition/74721e2cc027564d.json,8,512,hybrid,B
xor3,805,42,0.003,0.015,1,soft,0.2578125,0.830726495254754,0.03571428571428571,analytic,27ea59f10aeb9f39,results/raw/crossover_study/revision_multi_tau/27ea59f10aeb9f39.json,8,512,hybrid,B
xor3,805,42,0.003,0.03,1,soft,0.3203125,0.5336524393969088,0.03571428571428571,analytic,da2891c302387257,results/raw/crossover_study/revision_multi_tau/da2891c302387257.json,8,512,hybrid,B
xor3,805,42,0.003,0.06,1,soft,0.41796875,0.2891322067110218,0.03571428571428571,analytic,881bec2b98bfaea5,results/raw/crossover_study/revision_multi_tau/881bec2b98bfaea5.json,8,512,hybrid,B
xor3,806,40,0.003,0.0,1,hard,0.5078125,1.0,0.03571428571428571,global,0388716c4cd605d6,results/raw/crossover_study/transition/0388716c4cd605d6.json,8,512,hybrid,B
xor3,806,40,0.003,0.015,1,soft,0.2932625,0.830726495254754,0.03571428571428571,analytic,466f775f048d6f7c,results/raw/crossover_study/revision_multi_tau/466f775f048d6f7c.json,8,512,hybrid,B
xor3,806,40,0.003,0.03,1,soft,0.28125,0.5336524393969088,0.03571428571428571,analytic,f0d88110e0144954,results/raw/crossover_study/revision_multi_tau/f0d88110e0144954.json,8,512,hybrid,B
xor3,806,40,0.003,0.06,1,soft,0.35706875,0.2891322067110218,0.03571428571428571,analytic,d0fb61ca52719c7f,results/raw/crossover_study/revision_multi_tau/d0fb61ca52719c7f.json,8,512,hybrid,B
xor3,807,41,0.003,0.0,1,hard,0.30078125,1.0,0.03571428571428571,global,713e3b60dcbdbc1d,results/raw/crossover_study/transition/713e3b60dcbdbc1d.json,8,512,hybrid,B
xor3,807,41,0.003,0.015,1,soft,0.29736875000000007,0.830726495254754,0.03571428571428571,analytic,aefdab9b67d9cdda,results/raw/crossover_study/revision_multi_tau/aefdab9b67d9cdda.json,8,512,hybrid,B
xor3,807,41,0.003,0.03,1,soft,0.23897500000000005,0.5336524393969088,0.03571428571428571,analytic,686a4b4321a58504,results/raw/crossover_study/revision_multi_tau/686a4b4321a58504.json,8,512,hybrid,B
xor3,807,41,0.003,0.06,1,soft,0.37109375,0.2891322067110218,0.03571428571428571,analytic,3ee487a363fc4559,results/raw/crossover_study/revision_multi_tau/3ee487a363fc4559.json,8,512,hybrid,B
xor3,808,42,0.003,0.0,1,hard,0.4190625,1.0,0.03571428571428571,global,1ac1de8865baf94d,results/raw/crossover_study/transition/1ac1de8865baf94d.json,8,512,hybrid,B
xor3,808,42,0.003,0.015,1,soft,0.4765625,0.830726495254754,0.03571428571428571,analytic,60783c6d0cc9b2a7,results/raw/crossover_study/revision_multi_tau/60783c6d0cc9b2a7.json,8,512,hybrid,B
xor3,808,42,0.003,0.03,1,soft,0.30116875,0.5336524393969088,0.03571428571428571,analytic,78a665ca00f2c415,results/raw/crossover_study/revision_multi_tau/78a665ca00f2c415.json,8,512,hybrid,B
xor3,808,42,0.003,0.06,1,soft,0.51171875,0.2891322067110218,0.03571428571428571,analytic,23c2b0752c055898,results/raw/crossover_study/revision_multi_tau/23c2b0752c055898.json,8,512,hybrid,B
xor3,809,40,0.003,0.0,1,hard,0.4140625,1.0,0.03571428571428571,global,85e983b162cc0d8f,results/raw/crossover_study/transition/85e983b162cc0d8f.json,8,512,hybrid,B
xor3,809,40,0.003,0.015,1,soft,0.3203125,0.830726495254754,0.03571428571428571,analytic,7c42c47c25cefead,results/raw/crossover_study/revision_multi_tau/7c42c47c25cefead.json,8,512,hybrid,B
xor3,809,40,0.003,0.03,1,soft,0.28445,0.5336524393969088,0.03571428571428571,analytic,7922c0137ffb8415,results/raw/crossover_study/revision_multi_tau/7922c0137ffb8415.json,8,512,hybrid,B
xor3,809,40,0.003,0.06,1,soft,0.484375,0.2891322067110218,0.03571428571428571,analytic,b8b0184d96fb9143,results/raw/crossover_study/revision_multi_tau/b8b0184d96fb9143.json,8,512,hybrid,B
xor3,810,41,0.003,0.0,1,hard,0.29296875,1.0,0.03571428571428571,global,c7821baf208ad431,results/raw/crossover_study/transition/c7821baf208ad431.json,8,512,hybrid,B
xor3,810,41,0.003,0.015,1,soft,0.35986875000000007,0.830726495254754,0.03571428571428571,analytic,b3baac15bbc68895,results/raw/crossover_study/revision_multi_tau/b3baac15bbc68895.json,8,512,hybrid,B
xor3,810,41,0.003,0.03,1,soft,0.27734375,0.5336524393969088,0.03571428571428571,analytic,03b6c8385d279b28,results/raw/crossover_study/revision_multi_tau/03b6c8385d279b28.json,8,512,hybrid,B
xor3,810,41,0.003,0.06,1,soft,0.34375,0.2891322067110218,0.03571428571428571,analytic,8251cf7b88a8a132,results/raw/crossover_study/revision_multi_tau/8251cf7b88a8a132.json,8,512,hybrid,B
xor3,811,42,0.003,0.0,1,hard,0.3758125,1.0,0.03571428571428571,global,a604413255c7b0ed,results/raw/crossover_study/transition/a604413255c7b0ed.json,8,512,hybrid,B
xor3,811,42,0.003,0.015,1,soft,0.26051875,0.830726495254754,0.03571428571428571,analytic,dd63de7376fadd0d,results/raw/crossover_study/revision_multi_tau/dd63de7376fadd0d.json,8,512,hybrid,B
xor3,811,42,0.003,0.03,1,soft,0.2890625,0.5336524393969088,0.03571428571428571,analytic,a77ef95df97225f6,results/raw/crossover_study/revision_multi_tau/a77ef95df97225f6.json,8,512,hybrid,B
xor3,811,42,0.003,0.06,1,soft,0.42578125,0.2891322067110218,0.03571428571428571,analytic,b265224b468a628c,results/raw/crossover_study/revision_multi_tau/b265224b468a628c.json,8,512,hybrid,B
xor3,800,40,0.01,0.0,1,hard,0.22455,1.0,0.03571428571428571,global,0b3636ef155f0e84,results/raw/crossover_study/transition/0b3636ef155f0e84.json,8,512,hybrid,B
xor3,800,40,0.01,0.015,1,soft,0.12850625000000002,0.830726495254754,0.03571428571428571,analytic,fded2a19e901df45,results/raw/crossover_study/revision_multi_tau/fded2a19e901df45.json,8,512,hybrid,B
xor3,800,40,0.01,0.03,1,soft,0.1376,0.5336524393969088,0.03571428571428571,analytic,e978d86e525475b1,results/raw/crossover_study/revision_multi_tau/e978d86e525475b1.json,8,512,hybrid,B
xor3,800,40,0.01,0.06,1,soft,0.31279375,0.2891322067110218,0.03571428571428571,analytic,ffb183538a294284,results/raw/crossover_study/revision_multi_tau/ffb183538a294284.json,8,512,hybrid,B
xor3,801,41,0.01,0.0,1,hard,0.28585000000000005,1.0,0.03571428571428571,global,4b08c930e01c33dd,results/raw/crossover_study/transition/4b08c930e01c33dd.json,8,512,hybrid,B
xor3,801,41,0.01,0.015,1,soft,0.16445000000000004,0.830726495254754,0.03571428571428571,analytic,9169c2a7819605cb,results/raw/crossover_study/revision_multi_tau/9169c2a7819605cb.json,8,512,hybrid,B
xor3,801,41,0.01,0.03,1,soft,0.09084375000000001,0.5336524393969088,0.03571428571428571,analytic,3b56bbd4a4559005,results/raw/crossover_study/revision_multi_tau/3b56bbd4a4559005.json,8,512,hybrid,B
xor3,801,41,0.01,0.06,1,soft,0.3349375,0.2891322067110218,0.03571428571428571,analytic,e9d4008ab94e1c0a,results/raw/crossover_study/revision_multi_tau/e9d4008ab94e1c0a.json,8,512,hybrid,B
xor3,802,42,0.01,0.0,1,hard,0.25690625,1.0,0.03571428571428571,global,5268c3bb24e8712e,results/raw/crossover_study/transition/5268c3bb24e8712e.json,8,512,hybrid,B
xor3,802,42,0.01,0.015,1,soft,0.23969375000000004,0.830726495254754,0.03571428571428571,analytic,dea6e2a44af028c6,results/raw/crossover_study/revision_multi_tau/dea6e2a44af028c6.json,8,512,hybrid,B
xor3,802,42,0.01,0.03,1,soft,0.13261250000000002,0.5336524393969088,0.03571428571428571,analytic,fc2febbc92161a9c,results/raw/crossover_study/revision_multi_tau/fc2febbc92161a9c.json,8,512,hybrid,B
xor3,802,42,0.01,0.06,1,soft,0.23757499999999998,0.2891322067110218,0.03571428571428571,analytic,09534521281db424,results/raw/crossover_study/revision_multi_tau/09534521281db424.json,8,512,hybrid,B
xor3,803,40,0.01,0.0,1,hard,0.237575,1.0,0.03571428571428571,global,3a8bc14b03984178,results/raw/crossover_study/transition/3a8bc14b03984178.json,8,512,hybrid,B
xor3,803,40,0.01,0.015,1,soft,0.14093125,0.830726495254754,0.03571428571428571,analytic,ca9898c91acdb237,results/raw/crossover_study/revision_multi_tau/ca9898c91acdb237.json,8,512,hybrid,B
xor3,803,40,0.01,0.03,1,soft,0.21524375000000004,0.5336524393969088,0.03571428571428571,analytic,97a6327b73bbfcff,results/raw/crossover_study/revision_multi_tau/97a6327b73bbfcff.json,8,512,hybrid,B
xor3,803,40,0.01,0.06,1,soft,0.301075,0.2891322067110218,0.03571428571428571,analytic,4237913dd7e6072b,results/raw/crossover_study/revision_multi_tau/4237913dd7e6072b.json,8,512,hybrid,B
xor3,804,41,0.01,0.0,1,hard,0.26122500000000004,1.0,0.03571428571428571,global,664bab56c0ccf8ad,results/raw/crossover_study/transition/664bab56c0ccf8ad.json,8,512,hybrid,B
xor3,804,41,0.01,0.015,1,soft,0.12901250000000003,0.830726495254754,0.03571428571428571,analytic,0d622aa976ee7fcd,results/raw/crossover_study/revision_multi_tau/0d622aa976ee7fcd.json,8,512,hybrid,B
xor3,804,41,0.01,0.03,1,soft,0.14113125000000004,0.5336524393969088,0.03571428571428571,analytic,c92e819122922851,results/raw/crossover_study/revision_multi_tau/c92e819122922851.json,8,512,hybrid,B
xor3,804,41,0.01,0.06,1,soft,0.28635625000000003,0.2891322067110218,0.03571428571428571,analytic,89febd79db2f2300,results/raw/crossover_study/revision_multi_tau/89febd79db2f2300.json,8,512,hybrid,B
xor3,805,42,0.01,0.0,1,hard,0.26021249999999996,1.0,0.03571428571428571,global,9e6d706ba9736120,results/raw/crossover_study/transition/9e6d706ba9736120.json,8,512,hybrid,B
xor3,805,42,0.01,0.015,1,soft,0.16727499999999998,0.830726495254754,0.03571428571428571,analytic,3890b72c362e630b,results/raw/crossover_study/revision_multi_tau/3890b72c362e630b.json,8,512,hybrid,B
xor3,805,42,0.01,0.03,1,soft,0.11628125000000003,0.5336524393969088,0.03571428571428571,analytic,9b1509365a9d59e0,results/raw/crossover_study/revision_multi_tau/9b1509365a9d59e0.json,8,512,hybrid,B
xor3,805,42,0.01,0.06,1,soft,0.3125,0.2891322067110218,0.03571428571428571,analytic,540c16ebf041b291,results/raw/crossover_study/revision_multi_tau/540c16ebf041b291.json,8,512,hybrid,B
xor3,806,40,0.01,0.0,1,hard,0.2375875,1.0,0.03571428571428571,global,13a450d2fbef7024,results/raw/crossover_study/transition/13a450d2fbef7024.json,8,512,hybrid,B
xor3,806,40,0.01,0.015,1,soft,0.17395624999999998,0.830726495254754,0.03571428571428571,analytic,f72274f8ccba0426,results/raw/crossover_study/revision_multi_tau/f72274f8ccba0426.json,8,512,hybrid,B
xor3,806,40,0.01,0.03,1,soft,0.1628625,0.5336524393969088,0.03571428571428571,analytic,d72685b18d170932,results/raw/crossover_study/revision_multi_tau/d72685b18d170932.json,8,512,hybrid,B
xor3,806,40,0.01,0.06,1,soft,0.25,0.2891322067110218,0.03571428571428571,analytic,872a2466662cae4e,results/raw/crossover_study/revision_multi_tau/872a2466662cae4e.json,8,512,hybrid,B
xor3,807,41,0.01,0.0,1,hard,0.14955625,1.0,0.03571428571428571,global,84aa5527f95469ef,results/raw/crossover_study/transition/84aa5527f95469ef.json,8,512,hybrid,B
xor3,807,41,0.01,0.015,1,soft,0.14813125000000005,0.830726495254754,0.03571428571428571,analytic,6274b996e78aed78,results/raw/crossover_study/revision_multi_tau/6274b996e78aed78.json,8,512,hybrid,B
xor3,807,41,0.01,0.03,1,soft,0.09816250000000003,0.5336524393969088,0.03571428571428571,analytic,ab8263e4f77e0710,results/raw/crossover_study/revision_multi_tau/ab8263e4f77e0710.json,8,512,hybrid,B
xor3,807,41,0.01,0.06,1,soft,0.15594375000000005,0.2891322067110218,0.03571428571428571,analytic,fa0d31f428e06f5c,results/raw/crossover_study/revision_multi_tau/fa0d31f428e06f5c.json,8,512,hybrid,B
xor3,808,42,0.01,0.0,1,hard,0.26671875,1.0,0.03571428571428571,global,8f31b5f7ffd80149,results/raw/crossover_study/transition/8f31b5f7ffd80149.json,8,512,hybrid,B
xor3,808,42,0.01,0.015,1,soft,0.13370625,0.830726495254754,0.03571428571428571,analytic,0b6e71a23a6f8bc3,results/raw/crossover_study/revision_multi_tau/0b6e71a23a6f8bc3.json,8,512,hybrid,B
xor3,808,42,0.01,0.03,1,soft,0.16835625,0.5336524393969088,0.03571428571428571,analytic,2f5e4bcf041eeeb7,results/raw/crossover_study/revision_multi_tau/2f5e4bcf041eeeb7.json,8,512,hybrid,B
xor3,808,42,0.01,0.06,1,soft,0.32080625,0.2891322067110218,0.03571428571428571,analytic,c2adfd612ecba057,results/raw/crossover_study/revision_multi_tau/c2adfd612ecba057.json,8,512,hybrid,B
xor3,809,40,0.01,0.0,1,hard,0.28836875,1.0,0.03571428571428571,global,8d2f8c2e3c2b26da,results/raw/crossover_study/transition/8d2f8c2e3c2b26da.json,8,512,hybrid,B
xor3,809,40,0.01,0.015,1,soft,0.1889125,0.830726495254754,0.03571428571428571,analytic,59d6507d70d1f807,results/raw/crossover_study/revision_multi_tau/59d6507d70d1f807.json,8,512,hybrid,B
xor3,809,40,0.01,0.03,1,soft,0.1656625,0.5336524393969088,0.03571428571428571,analytic,30e20c7a38567213,results/raw/crossover_study/revision_multi_tau/30e20c7a38567213.json,8,512,hybrid,B
xor3,809,40,0.01,0.06,1,soft,0.260225,0.2891322067110218,0.03571428571428571,analytic,1cc1b496706c19df,results/raw/crossover_study/revision_multi_tau/1cc1b496706c19df.json,8,512,hybrid,B
xor3,810,41,0.01,0.0,1,hard,0.23648125,1.0,0.03571428571428571,global,aee1e4adbcf787ab,results/raw/crossover_study/transition/aee1e4adbcf787ab.json,8,512,hybrid,B
xor3,810,41,0.01,0.015,1,soft,0.13931875,0.830726495254754,0.03571428571428571,analytic,c0d16bf7c21588c1,results/raw/crossover_study/revision_multi_tau/c0d16bf7c21588c1.json,8,512,hybrid,B
xor3,810,41,0.01,0.03,1,soft,0.15674375000000002,0.5336524393969088,0.03571428571428571,analytic,e9a91b9a80de5b38,results/raw/crossover_study/revision_multi_tau/e9a91b9a80de5b38.json,8,512,hybrid,B
xor3,810,41,0.01,0.06,1,soft,0.23797500000000002,0.2891322067110218,0.03571428571428571,analytic,7a8e879639d241fc,results/raw/crossover_study/revision_multi_tau/7a8e879639d241fc.json,8,512,hybrid,B
xor3,811,42,0.01,0.0,1,hard,0.27534375,1.0,0.03571428571428571,global,a622d7e00362ea81,results/raw/crossover_study/transition/a622d7e00362ea81.json,8,512,hybrid,B
xor3,811,42,0.01,0.015,1,soft,0.22045624999999996,0.830726495254754,0.03571428571428571,analytic,995043e83de37f53,results/raw/crossover_study/revision_multi_tau/995043e83de37f53.json,8,512,hybrid,B
xor3,811,42,0.01,0.03,1,soft,0.1370125,0.5336524393969088,0.03571428571428571,analytic,f9c587863970dd34,results/raw/crossover_study/revision_multi_tau/f9c587863970dd34.json,8,512,hybrid,B
xor3,811,42,0.01,0.06,1,soft,0.30078125,0.2891322067110218,0.03571428571428571,analytic,7f9315636e6c04a5,results/raw/crossover_study/revision_multi_tau/7f9315636e6c04a5.json,8,512,hybrid,B
xor3,800,40,0.03,0.0,1,hard,0.2009375,1.0,0.03571428571428571,global,74077314900535dc,results/raw/crossover_study/transition/74077314900535dc.json,8,512,hybrid,B
xor3,800,40,0.03,0.015,1,soft,0.09603125000000001,0.830726495254754,0.03571428571428571,analytic,c1d91f38e28280ef,results/raw/crossover_study/revision_multi_tau/c1d91f38e28280ef.json,8,512,hybrid,B
xor3,800,40,0.03,0.03,1,soft,0.10244375,0.5336524393969089,0.03571428571428571,analytic,34839294c7d9dad7,results/raw/crossover_study/revision_multi_tau/34839294c7d9dad7.json,8,512,hybrid,B
xor3,800,40,0.03,0.06,1,soft,0.11398750000000002,0.28913220671102186,0.03571428571428571,analytic,70a385d5fa3e64b6,results/raw/crossover_study/revision_multi_tau/70a385d5fa3e64b6.json,8,512,hybrid,B
xor3,801,41,0.03,0.0,1,hard,0.13330625000000002,1.0,0.03571428571428571,global,776df55ce441bd7e,results/raw/crossover_study/transition/776df55ce441bd7e.json,8,512,hybrid,B
xor3,801,41,0.03,0.015,1,soft,0.10336250000000001,0.830726495254754,0.03571428571428571,analytic,cc9f9d11ed5f4098,results/raw/crossover_study/revision_multi_tau/cc9f9d11ed5f4098.json,8,512,hybrid,B
xor3,801,41,0.03,0.03,1,soft,0.12250625000000002,0.5336524393969089,0.03571428571428571,analytic,60b43dac5bc81178,results/raw/crossover_study/revision_multi_tau/60b43dac5bc81178.json,8,512,hybrid,B
xor3,801,41,0.03,0.06,1,soft,0.11568125000000003,0.28913220671102186,0.03571428571428571,analytic,cc3a2788f6f43dee,results/raw/crossover_study/revision_multi_tau/cc3a2788f6f43dee.json,8,512,hybrid,B
xor3,802,42,0.03,0.0,1,hard,0.180075,1.0,0.03571428571428571,global,9be9791279b81d22,results/raw/crossover_study/transition/9be9791279b81d22.json,8,512,hybrid,B
xor3,802,42,0.03,0.015,1,soft,0.0438625,0.830726495254754,0.03571428571428571,analytic,c47f8b3d1ecd782c,results/raw/crossover_study/revision_multi_tau/c47f8b3d1ecd782c.json,8,512,hybrid,B
xor3,802,42,0.03,0.03,1,soft,0.10776250000000001,0.5336524393969089,0.03571428571428571,analytic,bd7b52fb016f98c1,results/raw/crossover_study/revision_multi_tau/bd7b52fb016f98c1.json,8,512,hybrid,B
xor3,802,42,0.03,0.06,1,soft,0.206325,0.28913220671102186,0.03571428571428571,analytic,dfd869da32418d59,results/raw/crossover_study/revision_multi_tau/dfd869da32418d59.json,8,512,hybrid,B
xor3,803,40,0.03,0.0,1,hard,0.18740625,1.0,0.03571428571428571,global,0b3bf09ef1723370,results/raw/crossover_study/transition/0b3bf09ef1723370.json,8,512,hybrid,B
xor3,803,40,0.03,0.015,1,soft,0.1322,0.830726495254754,0.03571428571428571,analytic,7e8a2c1f103ebbc9,results/raw/crossover_study/revision_multi_tau/7e8a2c1f103ebbc9.json,8,512,hybrid,B
xor3,803,40,0.03,0.03,1,soft,0.07341875,0.5336524393969089,0.03571428571428571,analytic,354c477d964e3f81,results/raw/crossover_study/revision_multi_tau/354c477d964e3f81.json,8,512,hybrid,B
xor3,803,40,0.03,0.06,1,soft,0.16506250000000003,0.28913220671102186,0.03571428571428571,analytic,24082e44cd4918af,results/raw/crossover_study/revision_multi_tau/24082e44cd4918af.json,8,512,hybrid,B
xor3,804,41,0.03,0.0,1,hard,0.09826875,1.0,0.03571428571428571,global,6dd7e9644173d473,results/raw/crossover_study/transition/6dd7e9644173d473.json,8,512,hybrid,B
xor3,804,41,0.03,0.015,1,soft,0.0797375,0.830726495254754,0.03571428571428571,analytic,401f6c99c5cb937c,results/raw/crossover_study/revision_multi_tau/401f6c99c5cb937c.json,8,512,hybrid,B
xor3,804,41,0.03,0.03,1,soft,0.0641,0.5336524393969089,0.03571428571428571,analytic,5ad4aa3f86db1956,results/raw/crossover_study/revision_multi_tau/5ad4aa3f86db1956.json,8,512,hybrid,B
xor3,804,41,0.03,0.06,1,soft,0.17428750000000004,0.28913220671102186,0.03571428571428571,analytic,cf48b963b44468ce,results/raw/crossover_study/revision_multi_tau/cf48b963b44468ce.json,8,512,hybrid,B
xor3,805,42,0.03,0.0,1,hard,0.15253125,1.0,0.03571428571428571,global,54738ac269377bc3,results/raw/crossover_study/transition/54738ac269377bc3.json,8,512,hybrid,B
xor3,805,42,0.03,0.015,1,soft,0.12809375000000003,0.830726495254754,0.03571428571428571,analytic,fed2892397cb4fbd,results/raw/crossover_study/revision_multi_tau/fed2892397cb4fbd.json,8,512,hybrid,B
xor3,805,42,0.03,0.03,1,soft,0.08783125,0.5336524393969089,0.03571428571428571,analytic,506d43a5935009d0,results/raw/crossover_study/revision_multi_tau/506d43a5935009d0.json,8,512,hybrid,B
xor3,805,42,0.03,0.06,1,soft,0.16676875000000002,0.28913220671102186,0.03571428571428571,analytic,eb77ba45bbb09563,results/raw/crossover_study/revision_multi_tau/eb77ba45bbb09563.json,8,512,hybrid,B
xor3,806,40,0.03,0.0,1,hard,0.17478125000000003,1.0,0.03571428571428571,global,0bc27f301d5ad1a1,results/raw/crossover_study/transition/0bc27f301d5ad1a1.json,8,512,hybrid,B
xor3,806,40,0.03,0.015,1,soft,0.079325,0.830726495254754,0.03571428571428571,analytic,bede5dbba2cd33a2,results/raw/crossover_study/revision_multi_tau/bede5dbba2cd33a2.json,8,512,hybrid,B
xor3,806,40,0.03,0.03,1,soft,0.08633750000000004,0.5336524393969089,0.03571428571428571,analytic,9bfd44270797ecfa,results/raw/crossover_study/revision_multi_tau/9bfd44270797ecfa.json,8,512,hybrid,B
xor3,806,40,0.03,0.06,1,soft,0.18780625,0.28913220671102186,0.03571428571428571,analytic,1bfc0c4f352c6a5d,results/raw/crossover_study/revision_multi_tau/1bfc0c4f352c6a5d.json,8,512,hybrid,B
xor3,807,41,0.03,0.0,1,hard,0.17347500000000005,1.0,0.03571428571428571,global,51f994f32fe6d5db,results/raw/crossover_study/transition/51f994f32fe6d5db.json,8,512,hybrid,B
xor3,807,41,0.03,0.015,1,soft,0.07792500000000001,0.830726495254754,0.03571428571428571,analytic,6ca3f3af2ddb19ce,results/raw/crossover_study/revision_multi_tau/6ca3f3af2ddb19ce.json,8,512,hybrid,B
xor3,807,41,0.03,0.03,1,soft,0.07861875000000003,0.5336524393969089,0.03571428571428571,analytic,05b2d5ce75784c8a,results/raw/crossover_study/revision_multi_tau/05b2d5ce75784c8a.json,8,512,hybrid,B
xor3,807,41,0.03,0.06,1,soft,0.1508375,0.28913220671102186,0.03571428571428571,analytic,05959d3faee11019,results/raw/crossover_study/revision_multi_tau/05959d3faee11019.json,8,512,hybrid,B
xor3,808,42,0.03,0.0,1,hard,0.168275,1.0,0.03571428571428571,global,541c0b6a02727e31,results/raw/crossover_study/transition/541c0b6a02727e31.json,8,512,hybrid,B
xor3,808,42,0.03,0.015,1,soft,0.08321874999999998,0.830726495254754,0.03571428571428571,analytic,59c99eab2c0bea46,results/raw/crossover_study/revision_multi_tau/59c99eab2c0bea46.json,8,512,hybrid,B
xor3,808,42,0.03,0.03,1,soft,0.08060624999999999,0.5336524393969089,0.03571428571428571,analytic,49c02b5393923c76,results/raw/crossover_study/revision_multi_tau/49c02b5393923c76.json,8,512,hybrid,B
xor3,808,42,0.03,0.06,1,soft,0.2602125,0.28913220671102186,0.03571428571428571,analytic,0232490c68e43c2c,results/raw/crossover_study/revision_multi_tau/0232490c68e43c2c.json,8,512,hybrid,B
xor3,809,40,0.03,0.0,1,hard,0.21475,1.0,0.03571428571428571,global,4d3521e5c241126c,results/raw/crossover_study/transition/4d3521e5c241126c.json,8,512,hybrid,B
xor3,809,40,0.03,0.015,1,soft,0.10145625,0.830726495254754,0.03571428571428571,analytic,1f5b865239b019e6,results/raw/crossover_study/revision_multi_tau/1f5b865239b019e6.json,8,512,hybrid,B
xor3,809,40,0.03,0.03,1,soft,0.12369375000000002,0.5336524393969089,0.03571428571428571,analytic,06d7afe5cd7a2d79,results/raw/crossover_study/revision_multi_tau/06d7afe5cd7a2d79.json,8,512,hybrid,B
xor3,809,40,0.03,0.06,1,soft,0.1983125,0.28913220671102186,0.03571428571428571,analytic,82c3c905ddf1d5ba,results/raw/crossover_study/revision_multi_tau/82c3c905ddf1d5ba.json,8,512,hybrid,B
xor3,810,41,0.03,0.0,1,hard,0.15574375000000001,1.0,0.03571428571428571,global,c5a16738fe489c63,results/raw/crossover_study/transition/c5a16738fe489c63.json,8,512,hybrid,B
xor3,810,41,0.03,0.015,1,soft,0.0765125,0.830726495254754,0.03571428571428571,analytic,0f29737cc5ae9794,results/raw/crossover_study/revision_multi_tau/0f29737cc5ae9794.json,8,512,hybrid,B
xor3,810,41,0.03,0.03,1,soft,0.06319375,0.5336524393969089,0.03571428571428571,analytic,2beb53c368166032,results/raw/crossover_study/revision_multi_tau/2beb53c368166032.json,8,512,hybrid,B
xor3,810,41,0.03,0.06,1,soft,0.14322500000000005,0.28913220671102186,0.03571428571428571,analytic,09bafabf6c412124,results/raw/crossover_study/revision_multi_tau/09bafabf6c412124.json,8,512,hybrid,B
xor3,811,42,0.03,0.0,1,hard,0.21175,1.0,0.03571428571428571,global,b7b8b75fd8b89c87,results/raw/crossover_study/transition/b7b8b75fd8b89c87.json,8,512,hybrid,B
xor3,811,42,0.03,0.015,1,soft,0.11797499999999997,0.830726495254754,0.03571428571428571,analytic,087a8457b77f8966,results/raw/crossover_study/revision_multi_tau/087a8457b77f8966.json,8,512,hybrid,B
xor3,811,42,0.03,0.03,1,soft,0.04847499999999999,0.5336524393969089,0.03571428571428571,analytic,371840e45d848cbb,results/raw/crossover_study/revision_multi_tau/371840e45d848cbb.json,8,512,hybrid,B
xor3,811,42,0.03,0.06,1,soft,0.19461874999999998,0.28913220671102186,0.03571428571428571,analytic,97a7c19f8f7572ff,results/raw/crossover_study/revision_multi_tau/97a7c19f8f7572ff.json,8,512,hybrid,B
xor3,800,40,0.06,0.0,1,hard,0.1083625,1.0,0.03571428571428571,global,32acc390627ed809,results/raw/crossover_study/transition/32acc390627ed809.json,8,512,hybrid,B
xor3,800,40,0.06,0.015,1,soft,0.08824375000000001,0.830726495254754,0.03571428571428571,analytic,cc95fab15d6b5ef2,results/raw/crossover_study/revision_multi_tau/cc95fab15d6b5ef2.json,8,512,hybrid,B
xor3,800,40,0.06,0.03,1,soft,0.04596875,0.5336524393969088,0.03571428571428571,analytic,6d59a296efd0695c,results/raw/crossover_study/revision_multi_tau/6d59a296efd0695c.json,8,512,hybrid,B
xor3,800,40,0.06,0.06,1,soft,0.17909999999999998,0.2891322067110218,0.03571428571428571,analytic,ffe1485e7527d2eb,results/raw/crossover_study/revision_multi_tau/ffe1485e7527d2eb.json,8,512,hybrid,B
xor3,801,41,0.06,0.0,1,hard,0.11909375000000001,1.0,0.03571428571428571,global,53458ca47b2d4073,results/raw/crossover_study/transition/53458ca47b2d4073.json,8,512,hybrid,B
xor3,801,41,0.06,0.015,1,soft,0.03194375000000001,0.830726495254754,0.03571428571428571,analytic,621fa6aced0f4bb9,results/raw/crossover_study/revision_multi_tau/621fa6aced0f4bb9.json,8,512,hybrid,B
xor3,801,41,0.06,0.03,1,soft,0.05458125000000001,0.5336524393969088,0.03571428571428571,analytic,27d0abd34de83de0,results/raw/crossover_study/revision_multi_tau/27d0abd34de83de0.json,8,512,hybrid,B
xor3,801,41,0.06,0.06,1,soft,0.15463749999999998,0.2891322067110218,0.03571428571428571,analytic,8a6c89c071a62348,results/raw/crossover_study/revision_multi_tau/8a6c89c071a62348.json,8,512,hybrid,B
xor3,802,42,0.06,0.0,1,hard,0.082925,1.0,0.03571428571428571,global,cd86df418b2a030d,results/raw/crossover_study/transition/cd86df418b2a030d.json,8,512,hybrid,B
xor3,802,42,0.06,0.015,1,soft,0.06888749999999999,0.830726495254754,0.03571428571428571,analytic,b4d9d842b02c30ba,results/raw/crossover_study/revision_multi_tau/b4d9d842b02c30ba.json,8,512,hybrid,B
xor3,802,42,0.06,0.03,1,soft,0.08132499999999998,0.5336524393969088,0.03571428571428571,analytic,baf22bef3c10cc0c,results/raw/crossover_study/revision_multi_tau/baf22bef3c10cc0c.json,8,512,hybrid,B
xor3,802,42,0.06,0.06,1,soft,0.11008125000000005,0.2891322067110218,0.03571428571428571,analytic,de2ee50f712310ef,results/raw/crossover_study/revision_multi_tau/de2ee50f712310ef.json,8,512,hybrid,B
xor3,803,40,0.06,0.0,1,hard,0.13542500000000002,1.0,0.03571428571428571,global,b12a9c81b2be4a6e,results/raw/crossover_study/transition/b12a9c81b2be4a6e.json,8,512,hybrid,B
xor3,803,40,0.06,0.015,1,soft,0.06379375000000001,0.830726495254754,0.03571428571428571,analytic,77a0665bf236ab51,results/raw/crossover_study/revision_multi_tau/77a0665bf236ab51.json,8,512,hybrid,B
xor3,803,40,0.06,0.03,1,soft,0.10175000000000001,0.5336524393969088,0.03571428571428571,analytic,53f56a78f98f2ed1,results/raw/crossover_study/revision_multi_tau/53f56a78f98f2ed1.json,8,512,hybrid,B
xor3,803,40,0.06,0.06,1,soft,0.1342125,0.2891322067110218,0.03571428571428571,analytic,a4e4431cda5c9301,results/raw/crossover_study/revision_multi_tau/a4e4431cda5c9301.json,8,512,hybrid,B
xor3,804,41,0.06,0.0,1,hard,0.07981875000000001,1.0,0.03571428571428571,global,a492ef604fce6c0f,results/raw/crossover_study/transition/a492ef604fce6c0f.json,8,512,hybrid,B
xor3,804,41,0.06,0.015,1,soft,0.05399374999999999,0.830726495254754,0.03571428571428571,analytic,8af76f5fc7d629b8,results/raw/crossover_study/revision_multi_tau/8af76f5fc7d629b8.json,8,512,hybrid,B
xor3,804,41,0.06,0.03,1,soft,0.057299999999999976,0.5336524393969088,0.03571428571428571,analytic,8737f36addaba29b,results/raw/crossover_study/revision_multi_tau/8737f36addaba29b.json,8,512,hybrid,B
xor3,804,41,0.06,0.06,1,soft,0.23308125000000002,0.2891322067110218,0.03571428571428571,analytic,6e0590021139d038,results/raw/crossover_study/revision_multi_tau/6e0590021139d038.json,8,512,hybrid,B
xor3,805,42,0.06,0.0,1,hard,0.13179999999999997,1.0,0.03571428571428571,global,a52f29547ed34c9e,results/raw/crossover_study/transition/a52f29547ed34c9e.json,8,512,hybrid,B
xor3,805,42,0.06,0.015,1,soft,0.06839375,0.830726495254754,0.03571428571428571,analytic,b28ef05c0e256d71,results/raw/crossover_study/revision_multi_tau/b28ef05c0e256d71.json,8,512,hybrid,B
xor3,805,42,0.06,0.03,1,soft,0.10406875000000004,0.5336524393969088,0.03571428571428571,analytic,1a31cf09af52d08b,results/raw/crossover_study/revision_multi_tau/1a31cf09af52d08b.json,8,512,hybrid,B
xor3,805,42,0.06,0.06,1,soft,0.267425,0.2891322067110218,0.03571428571428571,analytic,1bb78e967052d911,results/raw/crossover_study/revision_multi_tau/1bb78e967052d911.json,8,512,hybrid,B
xor3,806,40,0.06,0.0,1,hard,0.13210625,1.0,0.03571428571428571,global,370b6575778306b8,results/raw/crossover_study/transition/370b6575778306b8.json,8,512,hybrid,B
xor3,806,40,0.06,0.015,1,soft,0.08040625000000001,0.830726495254754,0.03571428571428571,analytic,bcee189b28da7960,results/raw/crossover_study/revision_multi_tau/bcee189b28da7960.json,8,512,hybrid,B
xor3,806,40,0.06,0.03,1,soft,0.08795,0.5336524393969088,0.03571428571428571,analytic,34aea65571a66f4d,results/raw/crossover_study/revision_multi_tau/34aea65571a66f4d.json,8,512,hybrid,B
xor3,806,40,0.06,0.06,1,soft,0.24609374999999997,0.2891322067110218,0.03571428571428571,analytic,5e3509742b493282,results/raw/crossover_study/revision_multi_tau/5e3509742b493282.json,8,512,hybrid,B
xor3,807,41,0.06,0.0,1,hard,0.20132500000000003,1.0,0.03571428571428571,global,d8dd9f5ca979765f,results/raw/crossover_study/transition/d8dd9f5ca979765f.json,8,512,hybrid,B
xor3,807,41,0.06,0.015,1,soft,0.10466875000000002,0.830726495254754,0.03571428571428571,analytic,a06eac86eb0a9ce5,results/raw/crossover_study/revision_multi_tau/a06eac86eb0a9ce5.json,8,512,hybrid,B
xor3,807,41,0.06,0.03,1,soft,0.06199375000000003,0.5336524393969088,0.03571428571428571,analytic,77a0f170be737ead,results/raw/crossover_study/revision_multi_tau/77a0f170be737ead.json,8,512,hybrid,B
xor3,807,41,0.06,0.06,1,soft,0.22526875000000002,0.2891322067110218,0.03571428571428571,analytic,ea8b61f3ab4b6f2e,results/raw/crossover_study/revision_multi_tau/ea8b61f3ab4b6f2e.json,8,512,hybrid,B
xor3,808,42,0.06,0.0,1,hard,0.14413125000000002,1.0,0.03571428571428571,global,6ff74bf5e47f19ed,results/raw/crossover_study/transition/6ff74bf5e47f19ed.json,8,512,hybrid,B
xor3,808,42,0.06,0.015,1,soft,0.06700624999999999,0.830726495254754,0.03571428571428571,analytic,be6bad26f92a063b,results/raw/crossover_study/revision_multi_tau/be6bad26f92a063b.json,8,512,hybrid,B
xor3,808,42,0.06,0.03,1,soft,0.05276875,0.5336524393969088,0.03571428571428571,analytic,eccdddf406ceeb86,results/raw/crossover_study/revision_multi_tau/eccdddf406ceeb86.json,8,512,hybrid,B
xor3,808,42,0.06,0.06,1,soft,0.20441874999999995,0.2891322067110218,0.03571428571428571,analytic,51114d9ae3f99bd5,results/raw/crossover_study/revision_multi_tau/51114d9ae3f99bd5.json,8,512,hybrid,B
xor3,809,40,0.06,0.0,1,hard,0.18820625000000002,1.0,0.03571428571428571,global,3a8f13aa86948115,results/raw/crossover_study/transition/3a8f13aa86948115.json,8,512,hybrid,B
xor3,809,40,0.06,0.015,1,soft,0.0642875,0.830726495254754,0.03571428571428571,analytic,d9ea3be9ce3c479f,results/raw/crossover_study/revision_multi_tau/d9ea3be9ce3c479f.json,8,512,hybrid,B
xor3,809,40,0.06,0.03,1,soft,0.06638125,0.5336524393969088,0.03571428571428571,analytic,1866af0ebdd0ff26,results/raw/crossover_study/revision_multi_tau/1866af0ebdd0ff26.json,8,512,hybrid,B
xor3,809,40,0.06,0.06,1,soft,0.25040000000000007,0.2891322067110218,0.03571428571428571,analytic,d15cbfa53742fdff,results/raw/crossover_study/revision_multi_tau/d15cbfa53742fdff.json,8,512,hybrid,B
xor3,810,41,0.06,0.0,1,hard,0.11898750000000001,1.0,0.03571428571428571,global,78fe194543b567e2,results/raw/crossover_study/transition/78fe194543b567e2.json,8,512,hybrid,B
xor3,810,41,0.06,0.015,1,soft,0.07831250000000002,0.830726495254754,0.03571428571428571,analytic,d2c773bdc9284fd8,results/raw/crossover_study/revision_multi_tau/d2c773bdc9284fd8.json,8,512,hybrid,B
xor3,810,41,0.06,0.03,1,soft,0.07341874999999999,0.5336524393969088,0.03571428571428571,analytic,739162e36835e6c5,results/raw/crossover_study/revision_multi_tau/739162e36835e6c5.json,8,512,hybrid,B
xor3,810,41,0.06,0.06,1,soft,0.3177,0.2891322067110218,0.03571428571428571,analytic,b6cd21e7ba0c0d65,results/raw/crossover_study/revision_multi_tau/b6cd21e7ba0c0d65.json,8,512,hybrid,B
xor3,811,42,0.06,0.0,1,hard,0.16095625,1.0,0.03571428571428571,global,bac8b69dc921a581,results/raw/crossover_study/transition/bac8b69dc921a581.json,8,512,hybrid,B
xor3,811,42,0.06,0.015,1,soft,0.052168749999999986,0.830726495254754,0.03571428571428571,analytic,317f4e1e42d9bb73,results/raw/crossover_study/revision_multi_tau/317f4e1e42d9bb73.json,8,512,hybrid,B
xor3,811,42,0.06,0.03,1,soft,0.03996874999999997,0.5336524393969088,0.03571428571428571,analytic,981a0944b569feaf,results/raw/crossover_study/revision_multi_tau/981a0944b569feaf.json,8,512,hybrid,B
xor3,811,42,0.06,0.06,1,soft,0.22445625000000005,0.2891322067110218,0.03571428571428571,analytic,30291fb75b818312,results/raw/crossover_study/revision_multi_tau/30291fb75b818312.json,8,512,hybrid,B
xor3,800,40,0.1,0.0,1,hard,0.09423124999999999,1.0,0.03571428571428571,global,72bf916cd5879419,results/raw/crossover_study/transition/72bf916cd5879419.json,8,512,hybrid,B
xor3,800,40,0.1,0.015,1,soft,0.08121875,0.830726495254754,0.03571428571428571,analytic,9354c9c3579460f2,results/raw/crossover_study/revision_multi_tau/9354c9c3579460f2.json,8,512,hybrid,B
xor3,800,40,0.1,0.03,1,soft,0.10485625000000001,0.5336524393969089,0.03571428571428571,analytic,a7d0f20f36a21291,results/raw/crossover_study/revision_multi_tau/a7d0f20f36a21291.json,8,512,hybrid,B
xor3,800,40,0.1,0.06,1,soft,0.3125,0.28913220671102186,0.03571428571428571,analytic,4e5e80513ecc6264,results/raw/crossover_study/revision_multi_tau/4e5e80513ecc6264.json,8,512,hybrid,B
xor3,801,41,0.1,0.0,1,hard,0.06900625000000003,1.0,0.03571428571428571,global,ce125cf1f93205d2,results/raw/crossover_study/transition/ce125cf1f93205d2.json,8,512,hybrid,B
xor3,801,41,0.1,0.015,1,soft,0.07432499999999999,0.830726495254754,0.03571428571428571,analytic,fcafa545a07eb759,results/raw/crossover_study/revision_multi_tau/fcafa545a07eb759.json,8,512,hybrid,B
xor3,801,41,0.1,0.03,1,soft,0.05270000000000001,0.5336524393969089,0.03571428571428571,analytic,4f12cda233c59ef9,results/raw/crossover_study/revision_multi_tau/4f12cda233c59ef9.json,8,512,hybrid,B
xor3,801,41,0.1,0.06,1,soft,0.30339375,0.28913220671102186,0.03571428571428571,analytic,c94ce7d134bdfe96,results/raw/crossover_study/revision_multi_tau/c94ce7d134bdfe96.json,8,512,hybrid,B
xor3,802,42,0.1,0.0,1,hard,0.13790624999999998,1.0,0.03571428571428571,global,5428e9ec8782fa48,results/raw/crossover_study/transition/5428e9ec8782fa48.json,8,512,hybrid,B
xor3,802,42,0.1,0.015,1,soft,0.07300625,0.830726495254754,0.03571428571428571,analytic,15510180636f834f,results/raw/crossover_study/revision_multi_tau/15510180636f834f.json,8,512,hybrid,B
xor3,802,42,0.1,0.03,1,soft,0.08304375000000003,0.5336524393969089,0.03571428571428571,analytic,beb4f60e51d73d11,results/raw/crossover_study/revision_multi_tau/beb4f60e51d73d11.json,8,512,hybrid,B
xor3,802,42,0.1,0.06,1,soft,0.298675,0.28913220671102186,0.03571428571428571,analytic,113465a1ea630983,results/raw/crossover_study/revision_multi_tau/113465a1ea630983.json,8,512,hybrid,B
xor3,803,40,0.1,0.0,1,hard,0.12030625,1.0,0.03571428571428571,global,a574d84b8507c21f,results/raw/crossover_study/transition/a574d84b8507c21f.json,8,512,hybrid,B
xor3,803,40,0.1,0.015,1,soft,0.06508750000000002,0.830726495254754,0.03571428571428571,analytic,1b66f614dec807b2,results/raw/crossover_study/revision_multi_tau/1b66f614dec807b2.json,8,512,hybrid,B
xor3,803,40,0.1,0.03,1,soft,0.11348125,0.5336524393969089,0.03571428571428571,analytic,ef78881e490a001c,results/raw/crossover_study/revision_multi_tau/ef78881e490a001c.json,8,512,hybrid,B
xor3,803,40,0.1,0.06,1,soft,0.208525,0.28913220671102186,0.03571428571428571,analytic,d9f98cab70c390ac,results/raw/crossover_study/revision_multi_tau/d9f98cab70c390ac.json,8,512,hybrid,B
xor3,804,41,0.1,0.0,1,hard,0.1233875,1.0,0.03571428571428571,global,c212f5213852aef5,results/raw/crossover_study/transition/c212f5213852aef5.json,8,512,hybrid,B
xor3,804,41,0.1,0.015,1,soft,0.06919375000000001,0.830726495254754,0.03571428571428571,analytic,4bd85c8f1ee5d013,results/raw/crossover_study/revision_multi_tau/4bd85c8f1ee5d013.json,8,512,hybrid,B
xor3,804,41,0.1,0.03,1,soft,0.1224,0.5336524393969089,0.03571428571428571,analytic,de0d59bf1a12b27b,results/raw/crossover_study/revision_multi_tau/de0d59bf1a12b27b.json,8,512,hybrid,B
xor3,804,41,0.1,0.06,1,soft,0.3723875,0.28913220671102186,0.03571428571428571,analytic,45bbcdf4f0a1ffd6,results/raw/crossover_study/revision_multi_tau/45bbcdf4f0a1ffd6.json,8,512,hybrid,B
xor3,805,42,0.1,0.0,1,hard,0.10397499999999998,1.0,0.03571428571428571,global,b74803b88bd9f316,results/raw/crossover_study/transition/b74803b88bd9f316.json,8,512,hybrid,B
xor3,805,42,0.1,0.015,1,soft,0.05918124999999996,0.830726495254754,0.03571428571428571,analytic,5a9da2327dd6b7e8,results/raw/crossover_study/revision_multi_tau/5a9da2327dd6b7e8.json,8,512,hybrid,B
xor3,805,42,0.1,0.03,1,soft,0.11797500000000002,0.5336524393969089,0.03571428571428571,analytic,0f18c5d8d5f67f28,results/raw/crossover_study/revision_multi_tau/0f18c5d8d5f67f28.json,8,512,hybrid,B
xor3,805,42,0.1,0.06,1,soft,0.30629999999999996,0.28913220671102186,0.03571428571428571,analytic,161427d331bfd640,results/raw/crossover_study/revision_multi_tau/161427d331bfd640.json,8,512,hybrid,B
xor3,806,40,0.1,0.0,1,hard,0.1514375,1.0,0.03571428571428571,global,9a156c7670e78571,results/raw/crossover_study/transition/9a156c7670e78571.json,8,512,hybrid,B
xor3,806,40,0.1,0.015,1,soft,0.09795000000000004,0.830726495254754,0.03571428571428571,analytic,57bc935a2ce8fa95,results/raw/crossover_study/revision_multi_tau/57bc935a2ce8fa95.json,8,512,hybrid,B
xor3,806,40,0.1,0.03,1,soft,0.09825625000000002,0.5336524393969089,0.03571428571428571,analytic,c804733a13781ce3,results/raw/crossover_study/revision_multi_tau/c804733a13781ce3.json,8,512,hybrid,B
xor3,806,40,0.1,0.06,1,soft,0.14522500000000002,0.28913220671102186,0.03571428571428571,analytic,8e9a036d1a0064af,results/raw/crossover_study/revision_multi_tau/8e9a036d1a0064af.json,8,512,hybrid,B
xor3,807,41,0.1,0.0,1,hard,0.09885625000000002,1.0,0.03571428571428571,global,3efecef94ba9fd41,results/raw/crossover_study/transition/3efecef94ba9fd41.json,8,512,hybrid,B
xor3,807,41,0.1,0.015,1,soft,0.08943124999999998,0.830726495254754,0.03571428571428571,analytic,bd0d1cf5cd79b3fd,results/raw/crossover_study/revision_multi_tau/bd0d1cf5cd79b3fd.json,8,512,hybrid,B
xor3,807,41,0.1,0.03,1,soft,0.06039375000000001,0.5336524393969089,0.03571428571428571,analytic,703e221c1f7592fd,results/raw/crossover_study/revision_multi_tau/703e221c1f7592fd.json,8,512,hybrid,B
xor3,807,41,0.1,0.06,1,soft,0.37710625,0.28913220671102186,0.03571428571428571,analytic,73287bafeebd41e2,results/raw/crossover_study/revision_multi_tau/73287bafeebd41e2.json,8,512,hybrid,B
xor3,808,42,0.1,0.0,1,hard,0.12460000000000002,1.0,0.03571428571428571,global,68528244f67907a9,results/raw/crossover_study/transition/68528244f67907a9.json,8,512,hybrid,B
xor3,808,42,0.1,0.015,1,soft,0.043062500000000004,0.830726495254754,0.03571428571428571,analytic,0bf65290b8d304bd,results/raw/crossover_study/revision_multi_tau/0bf65290b8d304bd.json,8,512,hybrid,B
xor3,808,42,0.1,0.03,1,soft,0.11166875000000001,0.5336524393969089,0.03571428571428571,analytic,61a0e91a4d554687,results/raw/crossover_study/revision_multi_tau/61a0e91a4d554687.json,8,512,hybrid,B
xor3,808,42,0.1,0.06,1,soft,0.28335625,0.28913220671102186,0.03571428571428571,analytic,fe0e7f7ed0cd8f95,results/raw/crossover_study/revision_multi_tau/fe0e7f7ed0cd8f95.json,8,512,hybrid,B
xor3,809,40,0.1,0.0,1,hard,0.12037500000000001,1.0,0.03571428571428571,global,31c8118bb5f8a554,results/raw/crossover_study/transition/31c8118bb5f8a554.json,8,512,hybrid,B
xor3,809,40,0.1,0.015,1,soft,0.039862499999999995,0.830726495254754,0.03571428571428571,analytic,a6c117e6372a02af,results/raw/crossover_study/revision_multi_tau/a6c117e6372a02af.json,8,512,hybrid,B
xor3,809,40,0.1,0.03,1,soft,0.09665625000000003,0.5336524393969089,0.03571428571428571,analytic,e0ee00750506e3ab,results/raw/crossover_study/revision_multi_tau/e0ee00750506e3ab.json,8,512,hybrid,B
xor3,809,40,0.1,0.06,1,soft,0.359375,0.28913220671102186,0.03571428571428571,analytic,27e31ce714827f0f,results/raw/crossover_study/revision_multi_tau/27e31ce714827f0f.json,8,512,hybrid,B
xor3,810,41,0.1,0.0,1,hard,0.111975,1.0,0.03571428571428571,global,79a1f668a88a356a,results/raw/crossover_study/transition/79a1f668a88a356a.json,8,512,hybrid,B
xor3,810,41,0.1,0.015,1,soft,0.045581250000000004,0.830726495254754,0.03571428571428571,analytic,61cd0c45a6325f62,results/raw/crossover_study/revision_multi_tau/61cd0c45a6325f62.json,8,512,hybrid,B
xor3,810,41,0.1,0.03,1,soft,0.10505624999999998,0.5336524393969089,0.03571428571428571,analytic,4512a97e9ad2b49a,results/raw/crossover_study/revision_multi_tau/4512a97e9ad2b49a.json,8,512,hybrid,B
xor3,810,41,0.1,0.06,1,soft,0.33723125,0.28913220671102186,0.03571428571428571,analytic,87562a92de9e8a4f,results/raw/crossover_study/revision_multi_tau/87562a92de9e8a4f.json,8,512,hybrid,B
xor3,811,42,0.1,0.0,1,hard,0.12729375,1.0,0.03571428571428571,global,ce4a84f7f82b404f,results/raw/crossover_study/transition/ce4a84f7f82b404f.json,8,512,hybrid,B
xor3,811,42,0.1,0.015,1,soft,0.056687499999999974,0.830726495254754,0.03571428571428571,analytic,2b35518178e3e890,results/raw/crossover_study/revision_multi_tau/2b35518178e3e890.json,8,512,hybrid,B
xor3,811,42,0.1,0.03,1,soft,0.0527,0.5336524393969089,0.03571428571428571,analytic,da3347bc40f592e3,results/raw/crossover_study/revision_multi_tau/da3347bc40f592e3.json,8,512,hybrid,B
xor3,811,42,0.1,0.06,1,soft,0.393625,0.28913220671102186,0.03571428571428571,analytic,a42433cc75dce675,results/raw/crossover_study/revision_multi_tau/a42433cc75dce675.json,8,512,hybrid,B
xor3,800,40,0.1778279410038923,0.0,1,hard,0.12228125000000001,1.0,0.03571428571428571,global,42f0baf56335db3a,results/raw/crossover_study/revision_multi_tau/42f0baf56335db3a.json,8,512,hybrid,B
xor3,800,40,0.1778279410038923,0.015,1,soft,0.14953125,0.8307264952547538,0.03571428571428571,analytic,3e122a87c914d56a,results/raw/crossover_study/revision_multi_tau/3e122a87c914d56a.json,8,512,hybrid,B
xor3,800,40,0.1778279410038923,0.03,1,soft,0.19190000000000002,0.5336524393969088,0.03571428571428571,analytic,e63999a21bf21525,results/raw/crossover_study/revision_multi_tau/e63999a21bf21525.json,8,512,hybrid,B
xor3,800,40,0.1778279410038923,0.06,1,soft,0.5456749999999999,0.2891322067110218,0.03571428571428571,analytic,98330480eb010ee2,results/raw/crossover_study/revision_multi_tau/98330480eb010ee2.json,8,512,hybrid,B
xor3,801,41,0.1778279410038923,0.0,1,hard,0.23276249999999998,1.0,0.03571428571428571,global,675176a65e01f84a,results/raw/crossover_study/revision_multi_tau/675176a65e01f84a.json,8,512,hybrid,B
xor3,801,41,0.1778279410038923,0.015,1,soft,0.0669125,0.8307264952547538,0.03571428571428571,analytic,1eaa13f99659f95d,results/raw/crossover_study/revision_multi_tau/1eaa13f99659f95d.json,8,512,hybrid,B
xor3,801,41,0.1778279410038923,0.03,1,soft,0.17448750000000002,0.5336524393969088,0.03571428571428571,analytic,e155cec4763e683f,results/raw/crossover_study/revision_multi_tau/e155cec4763e683f.json,8,512,hybrid,B
xor3,801,41,0.1778279410038923,0.06,1,soft,0.38411874999999995,0.2891322067110218,0.03571428571428571,analytic,5c73a5b7d9266fb2,results/raw/crossover_study/revision_multi_tau/5c73a5b7d9266fb2.json,8,512,hybrid,B
xor3,802,42,0.1778279410038923,0.0,1,hard,0.110575,1.0,0.03571428571428571,global,58a6ab3d354b9854,results/raw/crossover_study/revision_multi_tau/58a6ab3d354b9854.json,8,512,hybrid,B
xor3,802,42,0.1778279410038923,0.015,1,soft,0.06989999999999999,0.8307264952547538,0.03571428571428571,analytic,ae8c31eba589a6d5,results/raw/crossover_study/revision_multi_tau/ae8c31eba589a6d5.json,8,512,hybrid,B
xor3,802,42,0.1778279410038923,0.03,1,soft,0.12038749999999995,0.5336524393969088,0.03571428571428571,analytic,139fa1591950bcd7,results/raw/crossover_study/revision_multi_tau/139fa1591950bcd7.json,8,512,hybrid,B
xor3,802,42,0.1778279410038923,0.06,1,soft,0.44090000000000007,0.2891322067110218,0.03571428571428571,analytic,46f14b6e9b4a1268,results/raw/crossover_study/revision_multi_tau/46f14b6e9b4a1268.json,8,512,hybrid,B
xor3,803,40,0.1778279410038923,0.0,1,hard,0.12671875,1.0,0.03571428571428571,global,2f47a6ad43d3a29b,results/raw/crossover_study/revision_multi_tau/2f47a6ad43d3a29b.json,8,512,hybrid,B
xor3,803,40,0.1778279410038923,0.015,1,soft,0.07911250000000003,0.8307264952547538,0.03571428571428571,analytic,6de9f2404af88eb6,results/raw/crossover_study/revision_multi_tau/6de9f2404af88eb6.json,8,512,hybrid,B
xor3,803,40,0.1778279410038923,0.03,1,soft,0.21233749999999998,0.5336524393969088,0.03571428571428571,analytic,4aecfbef4d9be458,results/raw/crossover_study/revision_multi_tau/4aecfbef4d9be458.json,8,512,hybrid,B
xor3,803,40,0.1778279410038923,0.06,1,soft,0.4867625,0.2891322067110218,0.03571428571428571,analytic,47e7b072953257b7,results/raw/crossover_study/revision_multi_tau/47e7b072953257b7.json,8,512,hybrid,B
xor3,804,41,0.1778279410038923,0.0,1,hard,0.09293750000000002,1.0,0.03571428571428571,global,e69272f830adf0b2,results/raw/crossover_study/revision_multi_tau/e69272f830adf0b2.json,8,512,hybrid,B
xor3,804,41,0.1778279410038923,0.015,1,soft,0.06139374999999998,0.8307264952547538,0.03571428571428571,analytic,b80af442752226ad,results/raw/crossover_study/revision_multi_tau/b80af442752226ad.json,8,512,hybrid,B
xor3,804,41,0.1778279410038923,0.03,1,soft,0.24348124999999998,0.5336524393969088,0.03571428571428571,analytic,7b54ec6ff7916d18,results/raw/crossover_study/revision_multi_tau/7b54ec6ff7916d18.json,8,512,hybrid,B
xor3,804,41,0.1778279410038923,0.06,1,soft,0.41276875,0.2891322067110218,0.03571428571428571,analytic,7984f373be02615b,results/raw/crossover_study/revision_multi_tau/7984f373be02615b.json,8,512,hybrid,B
xor3,805,42,0.1778279410038923,0.0,1,hard,0.12117499999999998,1.0,0.03571428571428571,global,67f803b0e3ab5d91,results/raw/crossover_study/revision_multi_tau/67f803b0e3ab5d91.json,8,512,hybrid,B
xor3,805,42,0.1778279410038923,0.015,1,soft,0.058993749999999984,0.8307264952547538,0.03571428571428571,analytic,072771cc73cb369e,results/raw/crossover_study/revision_multi_tau/072771cc73cb369e.json,8,512,hybrid,B
xor3,805,42,0.1778279410038923,0.03,1,soft,0.17536875000000002,0.5336524393969088,0.03571428571428571,analytic,2b159ae4a3415cc0,results/raw/crossover_study/revision_multi_tau/2b159ae4a3415cc0.json,8,512,hybrid,B
xor3,805,42,0.1778279410038923,0.06,1,soft,0.26813125000000004,0.2891322067110218,0.03571428571428571,analytic,a0fc5f88db7d23ad,results/raw/crossover_study/revision_multi_tau/a0fc5f88db7d23ad.json,8,512,hybrid,B
xor3,806,40,0.1778279410038923,0.0,1,hard,0.10198750000000001,1.0,0.03571428571428571,global,6bbcca26eea02161,results/raw/crossover_study/revision_multi_tau/6bbcca26eea02161.json,8,512,hybrid,B
xor3,806,40,0.1778279410038923,0.015,1,soft,0.06980625000000001,0.8307264952547538,0.03571428571428571,analytic,21f62a87a6af0c3b,results/raw/crossover_study/revision_multi_tau/21f62a87a6af0c3b.json,8,512,hybrid,B
xor3,806,40,0.1778279410038923,0.03,1,soft,0.1640375,0.5336524393969088,0.03571428571428571,analytic,f6c0ff68e696d845,results/raw/crossover_study/revision_multi_tau/f6c0ff68e696d845.json,8,512,hybrid,B
xor3,806,40,0.1778279410038923,0.06,1,soft,0.37569374999999994,0.2891322067110218,0.03571428571428571,analytic,60719a52729d9185,results/raw/crossover_study/revision_multi_tau/60719a52729d9185.json,8,512,hybrid,B
xor3,807,41,0.1778279410038923,0.0,1,hard,0.10316250000000003,1.0,0.03571428571428571,global,baa93786ac9717ac,results/raw/crossover_study/revision_multi_tau/baa93786ac9717ac.json,8,512,hybrid,B
xor3,807,41,0.1778279410038923,0.015,1,soft,0.062193750000000006,0.8307264952547538,0.03571428571428571,analytic,a3e837921726a937,results/raw/crossover_study/revision_multi_tau/a3e837921726a937.json,8,512,hybrid,B
xor3,807,41,0.1778279410038923,0.03,1,soft,0.18138125,0.5336524393969088,0.03571428571428571,analytic,eece33e89eb2af50,results/raw/crossover_study/revision_multi_tau/eece33e89eb2af50.json,8,512,hybrid,B
xor3,807,41,0.1778279410038923,0.06,1,soft,0.41207499999999997,0.2891322067110218,0.03571428571428571,analytic,9429f15132904162,results/raw/crossover_study/revision_multi_tau/9429f15132904162.json,8,512,hybrid,B
xor3,808,42,0.1778279410038923,0.0,1,hard,0.1254,1.0,0.03571428571428571,global,d356b1b7e5382817,results/raw/crossover_study/revision_multi_tau/d356b1b7e5382817.json,8,512,hybrid,B
xor3,808,42,0.1778279410038923,0.015,1,soft,0.04806249999999998,0.8307264952547538,0.03571428571428571,analytic,8b228da22daf937f,results/raw/crossover_study/revision_multi_tau/8b228da22daf937f.json,8,512,hybrid,B
xor3,808,42,0.1778279410038923,0.03,1,soft,0.18239374999999997,0.5336524393969088,0.03571428571428571,analytic,b969bb06846a4607,results/raw/crossover_study/revision_multi_tau/b969bb06846a4607.json,8,512,hybrid,B
xor3,808,42,0.1778279410038923,0.06,1,soft,0.31460625,0.2891322067110218,0.03571428571428571,analytic,4641e5210005a0ae,results/raw/crossover_study/revision_multi_tau/4641e5210005a0ae.json,8,512,hybrid,B
xor3,809,40,0.1778279410038923,0.0,1,hard,0.08474999999999999,1.0,0.03571428571428571,global,a5ce4aea9d29eae0,results/raw/crossover_study/revision_multi_tau/a5ce4aea9d29eae0.json,8,512,hybrid,B
xor3,809,40,0.1778279410038923,0.015,1,soft,0.06861875000000003,0.8307264952547538,0.03571428571428571,analytic,8bf629a1da58aa13,results/raw/crossover_study/revision_multi_tau/8bf629a1da58aa13.json,8,512,hybrid,B
xor3,809,40,0.1778279410038923,0.03,1,soft,0.11068125000000001,0.5336524393969088,0.03571428571428571,analytic,9e0d68278bf287d6,results/raw/crossover_study/revision_multi_tau/9e0d68278bf287d6.json,8,512,hybrid,B
xor3,809,40,0.1778279410038923,0.06,1,soft,0.48497500000000004,0.2891322067110218,0.03571428571428571,analytic,13f09e215aded37c,results/raw/crossover_study/revision_multi_tau/13f09e215aded37c.json,8,512,hybrid,B
xor3,810,41,0.1778279410038923,0.0,1,hard,0.08632500000000003,1.0,0.03571428571428571,global,820dba07dcf3d03c,results/raw/crossover_study/revision_multi_tau/820dba07dcf3d03c.json,8,512,hybrid,B
xor3,810,41,0.1778279410038923,0.015,1,soft,0.08823125,0.8307264952547538,0.03571428571428571,analytic,be4d264e23d33684,results/raw/crossover_study/revision_multi_tau/be4d264e23d33684.json,8,512,hybrid,B
xor3,810,41,0.1778279410038923,0.03,1,soft,0.16976874999999997,0.5336524393969088,0.03571428571428571,analytic,7cb71c245691de40,results/raw/crossover_study/revision_multi_tau/7cb71c245691de40.json,8,512,hybrid,B
xor3,810,41,0.1778279410038923,0.06,1,soft,0.42808749999999995,0.2891322067110218,0.03571428571428571,analytic,445593bf0665c0b8,results/raw/crossover_study/revision_multi_tau/445593bf0665c0b8.json,8,512,hybrid,B
xor3,811,42,0.1778279410038923,0.0,1,hard,0.08683125,1.0,0.03571428571428571,global,b310fbf1e362813c,results/raw/crossover_study/revision_multi_tau/b310fbf1e362813c.json,8,512,hybrid,B
xor3,811,42,0.1778279410038923,0.015,1,soft,0.07040625,0.8307264952547538,0.03571428571428571,analytic,f61071d55a13ce33,results/raw/crossover_study/revision_multi_tau/f61071d55a13ce33.json,8,512,hybrid,B
xor3,811,42,0.1778279410038923,0.03,1,soft,0.14143749999999997,0.5336524393969088,0.03571428571428571,analytic,0f0dad02b3d498b6,results/raw/crossover_study/revision_multi_tau/0f0dad02b3d498b6.json,8,512,hybrid,B
xor3,811,42,0.1778279410038923,0.06,1,soft,0.3653875,0.2891322067110218,0.03571428571428571,analytic,bdcd6327a22ee329,results/raw/crossover_study/revision_multi_tau/bdcd6327a22ee329.json,8,512,hybrid,B
xor3,800,40,0.18,0.0,1,hard,0.15464999999999998,1.0,0.03571428571428571,global,0df1672248ca2bcb,results/raw/crossover_study/transition/0df1672248ca2bcb.json,8,512,hybrid,B
xor3,800,40,0.18,0.015,1,soft,0.093725,0.830726495254754,0.03571428571428571,analytic,19114d48f7a90931,results/raw/crossover_study/revision_multi_tau/19114d48f7a90931.json,8,512,hybrid,B
xor3,800,40,0.18,0.03,1,soft,0.1723,0.5336524393969089,0.03571428571428571,analytic,a83c41a057da49df,results/raw/crossover_study/revision_multi_tau/a83c41a057da49df.json,8,512,hybrid,B
xor3,800,40,0.18,0.06,1,soft,0.45003125,0.28913220671102186,0.03571428571428571,analytic,25d16ec77bf4e152,results/raw/crossover_study/revision_multi_tau/25d16ec77bf4e152.json,8,512,hybrid,B
xor3,801,41,0.18,0.0,1,hard,0.10125625,1.0,0.03571428571428571,global,f81737db6ebcf73e,results/raw/crossover_study/transition/f81737db6ebcf73e.json,8,512,hybrid,B
xor3,801,41,0.18,0.015,1,soft,0.06479375,0.830726495254754,0.03571428571428571,analytic,ecd025e78518000c,results/raw/crossover_study/revision_multi_tau/ecd025e78518000c.json,8,512,hybrid,B
xor3,801,41,0.18,0.03,1,soft,0.10726874999999998,0.5336524393969089,0.03571428571428571,analytic,2efce5f5e0fa89db,results/raw/crossover_study/revision_multi_tau/2efce5f5e0fa89db.json,8,512,hybrid,B
xor3,801,41,0.18,0.06,1,soft,0.29676874999999997,0.28913220671102186,0.03571428571428571,analytic,797a05448c80fbdc,results/raw/crossover_study/revision_multi_tau/797a05448c80fbdc.json,8,512,hybrid,B
xor3,802,42,0.18,0.0,1,hard,0.09575000000000003,1.0,0.03571428571428571,global,5c431d30c6f908ca,results/raw/crossover_study/transition/5c431d30c6f908ca.json,8,512,hybrid,B
xor3,802,42,0.18,0.015,1,soft,0.04415624999999998,0.830726495254754,0.03571428571428571,analytic,4ac30fa61b2707a9,results/raw/crossover_study/revision_multi_tau/4ac30fa61b2707a9.json,8,512,hybrid,B
xor3,802,42,0.18,0.03,1,soft,0.20652500000000001,0.5336524393969089,0.03571428571428571,analytic,b67d9c4ad6fe24f7,results/raw/crossover_study/revision_multi_tau/b67d9c4ad6fe24f7.json,8,512,hybrid,B
xor3,802,42,0.18,0.06,1,soft,0.42958125,0.28913220671102186,0.03571428571428571,analytic,b9796cc2abca4e03,results/raw/crossover_study/revision_multi_tau/b9796cc2abca4e03.json,8,512,hybrid,B
xor3,803,40,0.18,0.0,1,hard,0.13222500000000004,1.0,0.03571428571428571,global,92a1f8fc3cdc7075,results/raw/crossover_study/transition/92a1f8fc3cdc7075.json,8,512,hybrid,B
xor3,803,40,0.18,0.015,1,soft,0.07971250000000002,0.830726495254754,0.03571428571428571,analytic,eb4c4bc90a7738aa,results/raw/crossover_study/revision_multi_tau/eb4c4bc90a7738aa.json,8,512,hybrid,B
xor3,803,40,0.18,0.03,1,soft,0.16876875,0.5336524393969089,0.03571428571428571,analytic,bb086449c89a8026,results/raw/crossover_study/revision_multi_tau/bb086449c89a8026.json,8,512,hybrid,B
xor3,803,40,0.18,0.06,1,soft,0.41025,0.28913220671102186,0.03571428571428571,analytic,7e0cdf1fcf8e500e,results/raw/crossover_study/revision_multi_tau/7e0cdf1fcf8e500e.json,8,512,hybrid,B
xor3,804,41,0.18,0.0,1,hard,0.09284374999999999,1.0,0.03571428571428571,global,389586beb7f6de57,results/raw/crossover_study/transition/389586beb7f6de57.json,8,512,hybrid,B
xor3,804,41,0.18,0.015,1,soft,0.0951375,0.830726495254754,0.03571428571428571,analytic,fafa9d6c690f7364,results/raw/crossover_study/revision_multi_tau/fafa9d6c690f7364.json,8,512,hybrid,B
xor3,804,41,0.18,0.03,1,soft,0.1829,0.5336524393969089,0.03571428571428571,analytic,aea01f9828088a19,results/raw/crossover_study/revision_multi_tau/aea01f9828088a19.json,8,512,hybrid,B
xor3,804,41,0.18,0.06,1,soft,0.4851875,0.28913220671102186,0.03571428571428571,analytic,eebd5326a83bd2b7,results/raw/crossover_study/revision_multi_tau/eebd5326a83bd2b7.json,8,512,hybrid,B
xor3,805,42,0.18,0.0,1,hard,0.07711249999999997,1.0,0.03571428571428571,global,3d7255a5e6b261b4,results/raw/crossover_study/transition/3d7255a5e6b261b4.json,8,512,hybrid,B
xor3,805,42,0.18,0.015,1,soft,0.04527500000000001,0.830726495254754,0.03571428571428571,analytic,9149f08c4e456fe0,results/raw/crossover_study/revision_multi_tau/9149f08c4e456fe0.json,8,512,hybrid,B
xor3,805,42,0.18,0.03,1,soft,0.19391250000000004,0.5336524393969089,0.03571428571428571,analytic,512e2c915e24748f,results/raw/crossover_study/revision_multi_tau/512e2c915e24748f.json,8,512,hybrid,B
xor3,805,42,0.18,0.06,1,soft,0.35708125,0.28913220671102186,0.03571428571428571,analytic,6ea728be067b8add,results/raw/crossover_study/revision_multi_tau/6ea728be067b8add.json,8,512,hybrid,B
xor3,806,40,0.18,0.0,1,hard,0.08435000000000001,1.0,0.03571428571428571,global,7c95105a0efee9d2,results/raw/crossover_study/transition/7c95105a0efee9d2.json,8,512,hybrid,B
xor3,806,40,0.18,0.015,1,soft,0.0799125,0.830726495254754,0.03571428571428571,analytic,6cc63b36fe6545e4,results/raw/crossover_study/revision_multi_tau/6cc63b36fe6545e4.json,8,512,hybrid,B
xor3,806,40,0.18,0.03,1,soft,0.19080624999999998,0.5336524393969089,0.03571428571428571,analytic,19c04a341ce0075a,results/raw/crossover_study/revision_multi_tau/19c04a341ce0075a.json,8,512,hybrid,B
xor3,806,40,0.18,0.06,1,soft,0.3329375,0.28913220671102186,0.03571428571428571,analytic,7cee95a00005f63b,results/raw/crossover_study/revision_multi_tau/7cee95a00005f63b.json,8,512,hybrid,B
xor3,807,41,0.18,0.0,1,hard,0.14222500000000005,1.0,0.03571428571428571,global,579c1ad207820a25,results/raw/crossover_study/transition/579c1ad207820a25.json,8,512,hybrid,B
xor3,807,41,0.18,0.015,1,soft,0.08743124999999997,0.830726495254754,0.03571428571428571,analytic,9063f567f238ac79,results/raw/crossover_study/revision_multi_tau/9063f567f238ac79.json,8,512,hybrid,B
xor3,807,41,0.18,0.03,1,soft,0.16015625,0.5336524393969089,0.03571428571428571,analytic,513fc5e899bd9b97,results/raw/crossover_study/revision_multi_tau/513fc5e899bd9b97.json,8,512,hybrid,B
xor3,807,41,0.18,0.06,1,soft,0.39714375,0.28913220671102186,0.03571428571428571,analytic,e2b5d0cf2489f162,results/raw/crossover_study/revision_multi_tau/e2b5d0cf2489f162.json,8,512,hybrid,B
xor3,808,42,0.18,0.0,1,hard,0.13442499999999996,1.0,0.03571428571428571,global,0ea6a862f7306de7,results/raw/crossover_study/transition/0ea6a862f7306de7.json,8,512,hybrid,B
xor3,808,42,0.18,0.015,1,soft,0.06419375,0.830726495254754,0.03571428571428571,analytic,e94fe1b6da5f6067,results/raw/crossover_study/revision_multi_tau/e94fe1b6da5f6067.json,8,512,hybrid,B
xor3,808,42,0.18,0.03,1,soft,0.14943750000000003,0.5336524393969089,0.03571428571428571,analytic,114beae3c8481ebd,results/raw/crossover_study/revision_multi_tau/114beae3c8481ebd.json,8,512,hybrid,B
xor3,808,42,0.18,0.06,1,soft,0.43079375,0.28913220671102186,0.03571428571428571,analytic,c3b155cc08f91761,results/raw/crossover_study/revision_multi_tau/c3b155cc08f91761.json,8,512,hybrid,B
xor3,809,40,0.18,0.0,1,hard,0.0682875,1.0,0.03571428571428571,global,c5fe20191399cbe9,results/raw/crossover_study/transition/c5fe20191399cbe9.json,8,512,hybrid,B
xor3,809,40,0.18,0.015,1,soft,0.06770000000000001,0.830726495254754,0.03571428571428571,analytic,d8ae7455c8314afd,results/raw/crossover_study/revision_multi_tau/d8ae7455c8314afd.json,8,512,hybrid,B
xor3,809,40,0.18,0.03,1,soft,0.21684375000000003,0.5336524393969089,0.03571428571428571,analytic,ea5849b2979f4d82,results/raw/crossover_study/revision_multi_tau/ea5849b2979f4d82.json,8,512,hybrid,B
xor3,809,40,0.18,0.06,1,soft,0.389425,0.28913220671102186,0.03571428571428571,analytic,9908e2e2e86b611a,results/raw/crossover_study/revision_multi_tau/9908e2e2e86b611a.json,8,512,hybrid,B
xor3,810,41,0.18,0.0,1,hard,0.107775,1.0,0.03571428571428571,global,25ff08e7c0c289b3,results/raw/crossover_study/transition/25ff08e7c0c289b3.json,8,512,hybrid,B
xor3,810,41,0.18,0.015,1,soft,0.0961625,0.830726495254754,0.03571428571428571,analytic,beaead8a64913c8c,results/raw/crossover_study/revision_multi_tau/beaead8a64913c8c.json,8,512,hybrid,B
xor3,810,41,0.18,0.03,1,soft,0.17838125,0.5336524393969089,0.03571428571428571,analytic,7a8cea79e3c069cd,results/raw/crossover_study/revision_multi_tau/7a8cea79e3c069cd.json,8,512,hybrid,B
xor3,810,41,0.18,0.06,1,soft,0.462925,0.28913220671102186,0.03571428571428571,analytic,cac061bdea569714,results/raw/crossover_study/revision_multi_tau/cac061bdea569714.json,8,512,hybrid,B
xor3,811,42,0.18,0.0,1,hard,0.07740624999999998,1.0,0.03571428571428571,global,b3b4d2582eacbbea,results/raw/crossover_study/transition/b3b4d2582eacbbea.json,8,512,hybrid,B
xor3,811,42,0.18,0.015,1,soft,0.08561875000000002,0.830726495254754,0.03571428571428571,analytic,b0c06c42aa1dfac8,results/raw/crossover_study/revision_multi_tau/b0c06c42aa1dfac8.json,8,512,hybrid,B
xor3,811,42,0.18,0.03,1,soft,0.235375,0.5336524393969089,0.03571428571428571,analytic,ab6d52a26628e6e9,results/raw/crossover_study/revision_multi_tau/ab6d52a26628e6e9.json,8,512,hybrid,B
xor3,811,42,0.18,0.06,1,soft,0.21273750000000005,0.28913220671102186,0.03571428571428571,analytic,cf2a4f35a17f6e26,results/raw/crossover_study/revision_multi_tau/cf2a4f35a17f6e26.json,8,512,hybrid,B
xor3,800,40,0.3,0.0,1,hard,0.09694999999999998,1.0,0.03571428571428571,global,3f1d639f1d6db4da,results/raw/crossover_study/transition/3f1d639f1d6db4da.json,8,512,hybrid,B
xor3,800,40,0.3,0.015,1,soft,0.08301875000000003,0.8307264952547538,0.03571428571428571,analytic,52aefc2beb715e9e,results/raw/crossover_study/revision_multi_tau/52aefc2beb715e9e.json,8,512,hybrid,B
xor3,800,40,0.3,0.03,1,soft,0.29066250000000005,0.5336524393969088,0.03571428571428571,analytic,00bd304c6cee3fe8,results/raw/crossover_study/revision_multi_tau/00bd304c6cee3fe8.json,8,512,hybrid,B
xor3,800,40,0.3,0.06,1,soft,0.453325,0.2891322067110218,0.03571428571428571,analytic,df725dcd1cfd192f,results/raw/crossover_study/revision_multi_tau/df725dcd1cfd192f.json,8,512,hybrid,B
xor3,801,41,0.3,0.0,1,hard,0.06751249999999999,1.0,0.03571428571428571,global,2dd79df71ee9db6e,results/raw/crossover_study/transition/2dd79df71ee9db6e.json,8,512,hybrid,B
xor3,801,41,0.3,0.015,1,soft,0.06560624999999999,0.8307264952547538,0.03571428571428571,analytic,a23dbfaa76ba298d,results/raw/crossover_study/revision_multi_tau/a23dbfaa76ba298d.json,8,512,hybrid,B
xor3,801,41,0.3,0.03,1,soft,0.20883125,0.5336524393969088,0.03571428571428571,analytic,06a0f0b1db3283c2,results/raw/crossover_study/revision_multi_tau/06a0f0b1db3283c2.json,8,512,hybrid,B
xor3,801,41,0.3,0.06,1,soft,0.5963499999999999,0.2891322067110218,0.03571428571428571,analytic,90aa1ef96f6d7932,results/raw/crossover_study/revision_multi_tau/90aa1ef96f6d7932.json,8,512,hybrid,B
xor3,802,42,0.3,0.0,1,hard,0.14651875,1.0,0.03571428571428571,global,b78ea1e254e4ad09,results/raw/crossover_study/transition/b78ea1e254e4ad09.json,8,512,hybrid,B
xor3,802,42,0.3,0.015,1,soft,0.10826875,0.8307264952547538,0.03571428571428571,analytic,8e0c1a4a6834d00a,results/raw/crossover_study/revision_multi_tau/8e0c1a4a6834d00a.json,8,512,hybrid,B
xor3,802,42,0.3,0.03,1,soft,0.19531249999999997,0.5336524393969088,0.03571428571428571,analytic,7373424fbb131216,results/raw/crossover_study/revision_multi_tau/7373424fbb131216.json,8,512,hybrid,B
xor3,802,42,0.3,0.06,1,soft,0.50250625,0.2891322067110218,0.03571428571428571,analytic,ac776e17a68ff354,results/raw/crossover_study/revision_multi_tau/ac776e17a68ff354.json,8,512,hybrid,B
xor3,803,40,0.3,0.0,1,hard,0.11176249999999999,1.0,0.03571428571428571,global,506445935434f7e7,results/raw/crossover_study/transition/506445935434f7e7.json,8,512,hybrid,B
xor3,803,40,0.3,0.015,1,soft,0.1307875,0.8307264952547538,0.03571428571428571,analytic,cbcf574ac5641465,results/raw/crossover_study/revision_multi_tau/cbcf574ac5641465.json,8,512,hybrid,B
xor3,803,40,0.3,0.03,1,soft,0.1739,0.5336524393969088,0.03571428571428571,analytic,0c670d0055894c04,results/raw/crossover_study/revision_multi_tau/0c670d0055894c04.json,8,512,hybrid,B
xor3,803,40,0.3,0.06,1,soft,0.3932375,0.2891322067110218,0.03571428571428571,analytic,152f481838376a94,results/raw/crossover_study/revision_multi_tau/152f481838376a94.json,8,512,hybrid,B
xor3,804,41,0.3,0.0,1,hard,0.08252500000000003,1.0,0.03571428571428571,global,8e3c877cb5c3d09c,results/raw/crossover_study/transition/8e3c877cb5c3d09c.json,8,512,hybrid,B
xor3,804,41,0.3,0.015,1,soft,0.07601874999999998,0.8307264952547538,0.03571428571428571,analytic,432cff4bc311f7ce,results/raw/crossover_study/revision_multi_tau/432cff4bc311f7ce.json,8,512,hybrid,B
xor3,804,41,0.3,0.03,1,soft,0.15755625,0.5336524393969088,0.03571428571428571,analytic,a23bbd1d607ef594,results/raw/crossover_study/revision_multi_tau/a23bbd1d607ef594.json,8,512,hybrid,B
xor3,804,41,0.3,0.06,1,soft,0.4270875,0.2891322067110218,0.03571428571428571,analytic,4efbd75a2ebae090,results/raw/crossover_study/revision_multi_tau/4efbd75a2ebae090.json,8,512,hybrid,B
xor3,805,42,0.3,0.0,1,hard,0.10116250000000002,1.0,0.03571428571428571,global,823d930209df2006,results/raw/crossover_study/transition/823d930209df2006.json,8,512,hybrid,B
xor3,805,42,0.3,0.015,1,soft,0.12308125,0.8307264952547538,0.03571428571428571,analytic,d128842c5ca8e91e,results/raw/crossover_study/revision_multi_tau/d128842c5ca8e91e.json,8,512,hybrid,B
xor3,805,42,0.3,0.03,1,soft,0.18900625000000004,0.5336524393969088,0.03571428571428571,analytic,aa87db1418d9242b,results/raw/crossover_study/revision_multi_tau/aa87db1418d9242b.json,8,512,hybrid,B
xor3,805,42,0.3,0.06,1,soft,0.3461375,0.2891322067110218,0.03571428571428571,analytic,f6732275aff2330c,results/raw/crossover_study/revision_multi_tau/f6732275aff2330c.json,8,512,hybrid,B
xor3,806,40,0.3,0.0,1,hard,0.09053749999999997,1.0,0.03571428571428571,global,d49b691db8533a74,results/raw/crossover_study/transition/d49b691db8533a74.json,8,512,hybrid,B
xor3,806,40,0.3,0.015,1,soft,0.10356250000000003,0.8307264952547538,0.03571428571428571,analytic,20e245a78c65d7ed,results/raw/crossover_study/revision_multi_tau/20e245a78c65d7ed.json,8,512,hybrid,B
xor3,806,40,0.3,0.03,1,soft,0.21933749999999996,0.5336524393969088,0.03571428571428571,analytic,a781ed43f099cf33,results/raw/crossover_study/revision_multi_tau/a781ed43f099cf33.json,8,512,hybrid,B
xor3,806,40,0.3,0.06,1,soft,0.43639375,0.2891322067110218,0.03571428571428571,analytic,0ebde2e2e237465f,results/raw/crossover_study/revision_multi_tau/0ebde2e2e237465f.json,8,512,hybrid,B
xor3,807,41,0.3,0.0,1,hard,0.11077500000000003,1.0,0.03571428571428571,global,450c974dd206c3b9,results/raw/crossover_study/transition/450c974dd206c3b9.json,8,512,hybrid,B
xor3,807,41,0.3,0.015,1,soft,0.09535000000000003,0.8307264952547538,0.03571428571428571,analytic,5860ccf787c78fca,results/raw/crossover_study/revision_multi_tau/5860ccf787c78fca.json,8,512,hybrid,B
xor3,807,41,0.3,0.03,1,soft,0.29115625,0.5336524393969088,0.03571428571428571,analytic,4a67498424acb03e,results/raw/crossover_study/revision_multi_tau/4a67498424acb03e.json,8,512,hybrid,B
xor3,807,41,0.3,0.06,1,soft,0.33252499999999996,0.2891322067110218,0.03571428571428571,analytic,e7707fe823e92aba,results/raw/crossover_study/revision_multi_tau/e7707fe823e92aba.json,8,512,hybrid,B
xor3,808,42,0.3,0.0,1,hard,0.1470125,1.0,0.03571428571428571,global,922cc26e805e7273,results/raw/crossover_study/transition/922cc26e805e7273.json,8,512,hybrid,B
xor3,808,42,0.3,0.015,1,soft,0.11137499999999997,0.8307264952547538,0.03571428571428571,analytic,802e3f74951ada9b,results/raw/crossover_study/revision_multi_tau/802e3f74951ada9b.json,8,512,hybrid,B
xor3,808,42,0.3,0.03,1,soft,0.30418125,0.5336524393969088,0.03571428571428571,analytic,1d279aadd4c81059,results/raw/crossover_study/revision_multi_tau/1d279aadd4c81059.json,8,512,hybrid,B
xor3,808,42,0.3,0.06,1,soft,0.50331875,0.2891322067110218,0.03571428571428571,analytic,5115c22763c8c79a,results/raw/crossover_study/revision_multi_tau/5115c22763c8c79a.json,8,512,hybrid,B
xor3,809,40,0.3,0.0,1,hard,0.10485624999999998,1.0,0.03571428571428571,global,1462e18c63db4232,results/raw/crossover_study/transition/1462e18c63db4232.json,8,512,hybrid,B
xor3,809,40,0.3,0.015,1,soft,0.09024375000000004,0.8307264952547538,0.03571428571428571,analytic,fd8d7df538ef0d1a,results/raw/crossover_study/revision_multi_tau/fd8d7df538ef0d1a.json,8,512,hybrid,B
xor3,809,40,0.3,0.03,1,soft,0.36426875000000003,0.5336524393969088,0.03571428571428571,analytic,da59a51cb2d508a2,results/raw/crossover_study/revision_multi_tau/da59a51cb2d508a2.json,8,512,hybrid,B
xor3,809,40,0.3,0.06,1,soft,0.44491249999999993,0.2891322067110218,0.03571428571428571,analytic,266498a4ff0c35db,results/raw/crossover_study/revision_multi_tau/266498a4ff0c35db.json,8,512,hybrid,B
xor3,810,41,0.3,0.0,1,hard,0.1155875,1.0,0.03571428571428571,global,0994da8cf36f4ccf,results/raw/crossover_study/transition/0994da8cf36f4ccf.json,8,512,hybrid,B
xor3,810,41,0.3,0.015,1,soft,0.11649375,0.8307264952547538,0.03571428571428571,analytic,271ac5d81b8ce667,results/raw/crossover_study/revision_multi_tau/271ac5d81b8ce667.json,8,512,hybrid,B
xor3,810,41,0.3,0.03,1,soft,0.21954999999999997,0.5336524393969088,0.03571428571428571,analytic,ce2bf78078518e62,results/raw/crossover_study/revision_multi_tau/ce2bf78078518e62.json,8,512,hybrid,B
xor3,810,41,0.3,0.06,1,soft,0.51673125,0.2891322067110218,0.03571428571428571,analytic,c5e36660864a847c,results/raw/crossover_study/revision_multi_tau/c5e36660864a847c.json,8,512,hybrid,B
xor3,811,42,0.3,0.0,1,hard,0.10625625000000002,1.0,0.03571428571428571,global,ca4786df87ba4081,results/raw/crossover_study/transition/ca4786df87ba4081.json,8,512,hybrid,B
xor3,811,42,0.3,0.015,1,soft,0.05458125,0.8307264952547538,0.03571428571428571,analytic,ac9f1fc696d1a0cb,results/raw/crossover_study/revision_multi_tau/ac9f1fc696d1a0cb.json,8,512,hybrid,B
xor3,811,42,0.3,0.03,1,soft,0.24888125,0.5336524393969088,0.03571428571428571,analytic,c5cbb9c00b088915,results/raw/crossover_study/revision_multi_tau/c5cbb9c00b088915.json,8,512,hybrid,B
xor3,811,42,0.3,0.06,1,soft,0.5420625,0.2891322067110218,0.03571428571428571,analytic,48ad80de06aa52e1,results/raw/crossover_study/revision_multi_tau/48ad80de06aa52e1.json,8,512,hybrid,B
xor3,800,40,0.31622776601683794,0.0,1,hard,0.08141875000000001,1.0,0.03571428571428571,global,cc517fe85288c29a,results/raw/crossover_study/revision_multi_tau/cc517fe85288c29a.json,8,512,hybrid,B
xor3,800,40,0.31622776601683794,0.015,1,soft,0.09844375,0.830726495254754,0.03571428571428571,analytic,d1e65e6b93b4865c,results/raw/crossover_study/revision_multi_tau/d1e65e6b93b4865c.json,8,512,hybrid,B
xor3,800,40,0.31622776601683794,0.03,1,soft,0.2987,0.5336524393969088,0.03571428571428571,analytic,b4ecd98c0e0835e4,results/raw/crossover_study/revision_multi_tau/b4ecd98c0e0835e4.json,8,512,hybrid,B
xor3,800,40,0.31622776601683794,0.06,1,soft,0.3894375,0.2891322067110218,0.03571428571428571,analytic,9c3928c85b19dbee,results/raw/crossover_study/revision_multi_tau/9c3928c85b19dbee.json,8,512,hybrid,B
xor3,801,41,0.31622776601683794,0.0,1,hard,0.08644375000000003,1.0,0.03571428571428571,global,4cc2eaecacab8239,results/raw/crossover_study/revision_multi_tau/4cc2eaecacab8239.json,8,512,hybrid,B
xor3,801,41,0.31622776601683794,0.015,1,soft,0.07460625,0.830726495254754,0.03571428571428571,analytic,e50a6bc48963dcad,results/raw/crossover_study/revision_multi_tau/e50a6bc48963dcad.json,8,512,hybrid,B
xor3,801,41,0.31622776601683794,0.03,1,soft,0.18551250000000002,0.5336524393969088,0.03571428571428571,analytic,cbf055c3bd86e4ec,results/raw/crossover_study/revision_multi_tau/cbf055c3bd86e4ec.json,8,512,hybrid,B
xor3,801,41,0.31622776601683794,0.06,1,soft,0.6452249999999999,0.2891322067110218,0.03571428571428571,analytic,79099152e65cee5b,results/raw/crossover_study/revision_multi_tau/79099152e65cee5b.json,8,512,hybrid,B
xor3,802,42,0.31622776601683794,0.0,1,hard,0.1312125,1.0,0.03571428571428571,global,016105078c458447,results/raw/crossover_study/revision_multi_tau/016105078c458447.json,8,512,hybrid,B
xor3,802,42,0.31622776601683794,0.015,1,soft,0.08453749999999999,0.830726495254754,0.03571428571428571,analytic,c7bf5ccfc18f00b7,results/raw/crossover_study/revision_multi_tau/c7bf5ccfc18f00b7.json,8,512,hybrid,B
xor3,802,42,0.31622776601683794,0.03,1,soft,0.26473125,0.5336524393969088,0.03571428571428571,analytic,e103aabc11d99dd4,results/raw/crossover_study/revision_multi_tau/e103aabc11d99dd4.json,8,512,hybrid,B
xor3,802,42,0.31622776601683794,0.06,1,soft,0.358375,0.2891322067110218,0.03571428571428571,analytic,3215b92acdc2765d,results/raw/crossover_study/revision_multi_tau/3215b92acdc2765d.json,8,512,hybrid,B
xor3,803,40,0.31622776601683794,0.0,1,hard,0.07261874999999998,1.0,0.03571428571428571,global,592fbcb9c6ab0f57,results/raw/crossover_study/revision_multi_tau/592fbcb9c6ab0f57.json,8,512,hybrid,B
xor3,803,40,0.31622776601683794,0.015,1,soft,0.08033750000000003,0.830726495254754,0.03571428571428571,analytic,27633adf7ace09c1,results/raw/crossover_study/revision_multi_tau/27633adf7ace09c1.json,8,512,hybrid,B
xor3,803,40,0.31622776601683794,0.03,1,soft,0.23089375,0.5336524393969088,0.03571428571428571,analytic,558a7b8f44d43a46,results/raw/crossover_study/revision_multi_tau/558a7b8f44d43a46.json,8,512,hybrid,B
xor3,803,40,0.31622776601683794,0.06,1,soft,0.39334375,0.2891322067110218,0.03571428571428571,analytic,3be7080964c47610,results/raw/crossover_study/revision_multi_tau/3be7080964c47610.json,8,512,hybrid,B
xor3,804,41,0.31622776601683794,0.0,1,hard,0.09214999999999997,1.0,0.03571428571428571,global,977d4b6405eca931,results/raw/crossover_study/revision_multi_tau/977d4b6405eca931.json,8,512,hybrid,B
xor3,804,41,0.31622776601683794,0.015,1,soft,0.1187875,0.830726495254754,0.03571428571428571,analytic,aed9c873e62b698e,results/raw/crossover_study/revision_multi_tau/aed9c873e62b698e.json,8,512,hybrid,B
xor3,804,41,0.31622776601683794,0.03,1,soft,0.206125,0.5336524393969088,0.03571428571428571,analytic,c690b7ddc3a39987,results/raw/crossover_study/revision_multi_tau/c690b7ddc3a39987.json,8,512,hybrid,B
xor3,804,41,0.31622776601683794,0.06,1,soft,0.5218250000000001,0.2891322067110218,0.03571428571428571,analytic,ce11d6beb56c32c4,results/raw/crossover_study/revision_multi_tau/ce11d6beb56c32c4.json,8,512,hybrid,B
xor3,805,42,0.31622776601683794,0.0,1,hard,0.10124375000000002,1.0,0.03571428571428571,global,c4b14a2848771f05,results/raw/crossover_study/revision_multi_tau/c4b14a2848771f05.json,8,512,hybrid,B
xor3,805,42,0.31622776601683794,0.015,1,soft,0.09313749999999998,0.830726495254754,0.03571428571428571,analytic,20a6f68de8245652,results/raw/crossover_study/revision_multi_tau/20a6f68de8245652.json,8,512,hybrid,B
xor3,805,42,0.31622776601683794,0.03,1,soft,0.27854375000000003,0.5336524393969088,0.03571428571428571,analytic,afb3ba9078cb1f89,results/raw/crossover_study/revision_multi_tau/afb3ba9078cb1f89.json,8,512,hybrid,B
xor3,805,42,0.31622776601683794,0.06,1,soft,0.6042562499999999,0.2891322067110218,0.03571428571428571,analytic,ff375238f892fa98,results/raw/crossover_study/revision_multi_tau/ff375238f892fa98.json,8,512,hybrid,B
xor3,806,40,0.31622776601683794,0.0,1,hard,0.10084374999999998,1.0,0.03571428571428571,global,12c54450fa836be9,results/raw/crossover_study/revision_multi_tau/12c54450fa836be9.json,8,512,hybrid,B
xor3,806,40,0.31622776601683794,0.015,1,soft,0.06880625000000001,0.830726495254754,0.03571428571428571,analytic,59e146b429f7cc43,results/raw/crossover_study/revision_multi_tau/59e146b429f7cc43.json,8,512,hybrid,B
xor3,806,40,0.31622776601683794,0.03,1,soft,0.295875,0.5336524393969088,0.03571428571428571,analytic,f07730710015a676,results/raw/crossover_study/revision_multi_tau/f07730710015a676.json,8,512,hybrid,B
xor3,806,40,0.31622776601683794,0.06,1,soft,0.34866875,0.2891322067110218,0.03571428571428571,analytic,d8b51a7c9558d56f,results/raw/crossover_study/revision_multi_tau/d8b51a7c9558d56f.json,8,512,hybrid,B
xor3,807,41,0.31622776601683794,0.0,1,hard,0.08803125000000002,1.0,0.03571428571428571,global,c65bafcfb3af7094,results/raw/crossover_study/revision_multi_tau/c65bafcfb3af7094.json,8,512,hybrid,B
xor3,807,41,0.31622776601683794,0.015,1,soft,0.16294375,0.830726495254754,0.03571428571428571,analytic,a145352b3797acf1,results/raw/crossover_study/revision_multi_tau/a145352b3797acf1.json,8,512,hybrid,B
xor3,807,41,0.31622776601683794,0.03,1,soft,0.29598125,0.5336524393969088,0.03571428571428571,analytic,9eb19a618792e720,results/raw/crossover_study/revision_multi_tau/9eb19a618792e720.json,8,512,hybrid,B
xor3,807,41,0.31622776601683794,0.06,1,soft,0.52213125,0.2891322067110218,0.03571428571428571,analytic,042f15774efa6ab8,results/raw/crossover_study/revision_multi_tau/042f15774efa6ab8.json,8,512,hybrid,B
xor3,808,42,0.31622776601683794,0.0,1,hard,0.14531875000000002,1.0,0.03571428571428571,global,e10cebbc2f46853f,results/raw/crossover_study/revision_multi_tau/e10cebbc2f46853f.json,8,512,hybrid,B
xor3,808,42,0.31622776601683794,0.015,1,soft,0.08952500000000002,0.830726495254754,0.03571428571428571,analytic,2dd440ed0b3f40bd,results/raw/crossover_study/revision_multi_tau/2dd440ed0b3f40bd.json,8,512,hybrid,B
xor3,808,42,0.31622776601683794,0.03,1,soft,0.205925,0.5336524393969088,0.03571428571428571,analytic,8076b42b6b90269e,results/raw/crossover_study/revision_multi_tau/8076b42b6b90269e.json,8,512,hybrid,B
xor3,808,42,0.31622776601683794,0.06,1,soft,0.6474375,0.2891322067110218,0.03571428571428571,analytic,61ede0f5c7a9acc9,results/raw/crossover_study/revision_multi_tau/61ede0f5c7a9acc9.json,8,512,hybrid,B
xor3,809,40,0.31622776601683794,0.0,1,hard,0.0781,1.0,0.03571428571428571,global,e15233bacf76adc3,results/raw/crossover_study/revision_multi_tau/e15233bacf76adc3.json,8,512,hybrid,B
xor3,809,40,0.31622776601683794,0.015,1,soft,0.09475000000000003,0.830726495254754,0.03571428571428571,analytic,f1a42babfd4387e5,results/raw/crossover_study/revision_multi_tau/f1a42babfd4387e5.json,8,512,hybrid,B
xor3,809,40,0.31622776601683794,0.03,1,soft,0.22554999999999997,0.5336524393969088,0.03571428571428571,analytic,51aa25878fb451ee,results/raw/crossover_study/revision_multi_tau/51aa25878fb451ee.json,8,512,hybrid,B
xor3,809,40,0.31622776601683794,0.06,1,soft,0.49117500000000003,0.2891322067110218,0.03571428571428571,analytic,9ec3fe2385e069d3,results/raw/crossover_study/revision_multi_tau/9ec3fe2385e069d3.json,8,512,hybrid,B
xor3,810,41,0.31622776601683794,0.0,1,hard,0.08283125000000001,1.0,0.03571428571428571,global,2d9110d7035d4264,results/raw/crossover_study/revision_multi_tau/2d9110d7035d4264.json,8,512,hybrid,B
xor3,810,41,0.31622776601683794,0.015,1,soft,0.07131249999999999,0.830726495254754,0.03571428571428571,analytic,e1fe8cce2c6d0308,results/raw/crossover_study/revision_multi_tau/e1fe8cce2c6d0308.json,8,512,hybrid,B
xor3,810,41,0.31622776601683794,0.03,1,soft,0.16886250000000003,0.5336524393969088,0.03571428571428571,analytic,975a12290e9bffd5,results/raw/crossover_study/revision_multi_tau/975a12290e9bffd5.json,8,512,hybrid,B
xor3,810,41,0.31622776601683794,0.06,1,soft,0.549475,0.2891322067110218,0.03571428571428571,analytic,8fb1dee4a67a049d,results/raw/crossover_study/revision_multi_tau/8fb1dee4a67a049d.json,8,512,hybrid,B
xor3,811,42,0.31622776601683794,0.0,1,hard,0.11798749999999997,1.0,0.03571428571428571,global,955977cdc8d4a96e,results/raw/crossover_study/revision_multi_tau/955977cdc8d4a96e.json,8,512,hybrid,B
xor3,811,42,0.31622776601683794,0.015,1,soft,0.07981875,0.830726495254754,0.03571428571428571,analytic,b0f48fee5b80d69d,results/raw/crossover_study/revision_multi_tau/b0f48fee5b80d69d.json,8,512,hybrid,B
xor3,811,42,0.31622776601683794,0.03,1,soft,0.30919375,0.5336524393969088,0.03571428571428571,analytic,7d181cadcfd8e3db,results/raw/crossover_study/revision_multi_tau/7d181cadcfd8e3db.json,8,512,hybrid,B
xor3,811,42,0.31622776601683794,0.06,1,soft,0.4324875,0.2891322067110218,0.03571428571428571,analytic,d3c5e469b8b4b324,results/raw/crossover_study/revision_multi_tau/d3c5e469b8b4b324.json,8,512,hybrid,B
xor3,800,40,0.5623413251903491,0.0,1,hard,0.10356250000000003,1.0,0.03571428571428571,global,9250ab4e4c6bc4fe,results/raw/crossover_study/revision_multi_tau/9250ab4e4c6bc4fe.json,8,512,hybrid,B
xor3,800,40,0.5623413251903491,0.015,1,soft,0.09925624999999999,0.830726495254754,0.03571428571428571,analytic,ae262eb5fb854b96,results/raw/crossover_study/revision_multi_tau/ae262eb5fb854b96.json,8,512,hybrid,B
xor3,800,40,0.5623413251903491,0.03,1,soft,0.17838124999999996,0.5336524393969088,0.03571428571428571,analytic,c43da23aff3b9384,results/raw/crossover_study/revision_multi_tau/c43da23aff3b9384.json,8,512,hybrid,B
xor3,800,40,0.5623413251903491,0.06,1,soft,0.62310625,0.2891322067110218,0.03571428571428571,analytic,eb999e2c57bc3d8f,results/raw/crossover_study/revision_multi_tau/eb999e2c57bc3d8f.json,8,512,hybrid,B
xor3,801,41,0.5623413251903491,0.0,1,hard,0.09585624999999999,1.0,0.03571428571428571,global,7742fddc7d472cb0,results/raw/crossover_study/revision_multi_tau/7742fddc7d472cb0.json,8,512,hybrid,B
xor3,801,41,0.5623413251903491,0.015,1,soft,0.105775,0.830726495254754,0.03571428571428571,analytic,4708b7dd60504569,results/raw/crossover_study/revision_multi_tau/4708b7dd60504569.json,8,512,hybrid,B
xor3,801,41,0.5623413251903491,0.03,1,soft,0.31920625,0.5336524393969088,0.03571428571428571,analytic,a273015c7030df80,results/raw/crossover_study/revision_multi_tau/a273015c7030df80.json,8,512,hybrid,B
xor3,801,41,0.5623413251903491,0.06,1,soft,0.76551875,0.2891322067110218,0.03571428571428571,analytic,ffefd293294700a0,results/raw/crossover_study/revision_multi_tau/ffefd293294700a0.json,8,512,hybrid,B
xor3,802,42,0.5623413251903491,0.0,1,hard,0.11168124999999998,1.0,0.03571428571428571,global,ba4fb173d336a02b,results/raw/crossover_study/revision_multi_tau/ba4fb173d336a02b.json,8,512,hybrid,B
xor3,802,42,0.5623413251903491,0.015,1,soft,0.10276250000000003,0.830726495254754,0.03571428571428571,analytic,f2a8546a4ceff487,results/raw/crossover_study/revision_multi_tau/f2a8546a4ceff487.json,8,512,hybrid,B
xor3,802,42,0.5623413251903491,0.03,1,soft,0.28847500000000004,0.5336524393969088,0.03571428571428571,analytic,1096a112e9204782,results/raw/crossover_study/revision_multi_tau/1096a112e9204782.json,8,512,hybrid,B
xor3,802,42,0.5623413251903491,0.06,1,soft,0.59025625,0.2891322067110218,0.03571428571428571,analytic,198a63cd186360a1,results/raw/crossover_study/revision_multi_tau/198a63cd186360a1.json,8,512,hybrid,B
xor3,803,40,0.5623413251903491,0.0,1,hard,0.13682499999999997,1.0,0.03571428571428571,global,4619aeae5f1d0774,results/raw/crossover_study/revision_multi_tau/4619aeae5f1d0774.json,8,512,hybrid,B
xor3,803,40,0.5623413251903491,0.015,1,soft,0.15193125000000002,0.830726495254754,0.03571428571428571,analytic,01b18149f8bc3ac4,results/raw/crossover_study/revision_multi_tau/01b18149f8bc3ac4.json,8,512,hybrid,B
xor3,803,40,0.5623413251903491,0.03,1,soft,0.293075,0.5336524393969088,0.03571428571428571,analytic,48a86fbf0d50bb7b,results/raw/crossover_study/revision_multi_tau/48a86fbf0d50bb7b.json,8,512,hybrid,B
xor3,803,40,0.5623413251903491,0.06,1,soft,0.3457625,0.2891322067110218,0.03571428571428571,analytic,35a22debd2fbaa4f,results/raw/crossover_study/revision_multi_tau/35a22debd2fbaa4f.json,8,512,hybrid,B
xor3,804,41,0.5623413251903491,0.0,1,hard,0.13250625,1.0,0.03571428571428571,global,3854d2dac699548a,results/raw/crossover_study/revision_multi_tau/3854d2dac699548a.json,8,512,hybrid,B
xor3,804,41,0.5623413251903491,0.015,1,soft,0.1223875,0.830726495254754,0.03571428571428571,analytic,e50a6c093eedd3f0,results/raw/crossover_study/revision_multi_tau/e50a6c093eedd3f0.json,8,512,hybrid,B
xor3,804,41,0.5623413251903491,0.03,1,soft,0.28285,0.5336524393969088,0.03571428571428571,analytic,e54721b1cf6dd58e,results/raw/crossover_study/revision_multi_tau/e54721b1cf6dd58e.json,8,512,hybrid,B
xor3,804,41,0.5623413251903491,0.06,1,soft,0.5116125,0.2891322067110218,0.03571428571428571,analytic,05c8fdf3a6f85241,results/raw/crossover_study/revision_multi_tau/05c8fdf3a6f85241.json,8,512,hybrid,B
xor3,805,42,0.5623413251903491,0.0,1,hard,0.09614999999999999,1.0,0.03571428571428571,global,32acd79b0203f177,results/raw/crossover_study/revision_multi_tau/32acd79b0203f177.json,8,512,hybrid,B
xor3,805,42,0.5623413251903491,0.015,1,soft,0.10115000000000002,0.830726495254754,0.03571428571428571,analytic,d83a6449b0eecb75,results/raw/crossover_study/revision_multi_tau/d83a6449b0eecb75.json,8,512,hybrid,B
xor3,805,42,0.5623413251903491,0.03,1,soft,0.2894625,0.5336524393969088,0.03571428571428571,analytic,8f7baed7a6467f58,results/raw/crossover_study/revision_multi_tau/8f7baed7a6467f58.json,8,512,hybrid,B
xor3,805,42,0.5623413251903491,0.06,1,soft,0.5038125,0.2891322067110218,0.03571428571428571,analytic,b902d4a566623f9a,results/raw/crossover_study/revision_multi_tau/b902d4a566623f9a.json,8,512,hybrid,B
xor3,806,40,0.5623413251903491,0.0,1,hard,0.0917375,1.0,0.03571428571428571,global,0859eff17f3b9354,results/raw/crossover_study/revision_multi_tau/0859eff17f3b9354.json,8,512,hybrid,B
xor3,806,40,0.5623413251903491,0.015,1,soft,0.10356250000000003,0.830726495254754,0.03571428571428571,analytic,3c9efb2708043d90,results/raw/crossover_study/revision_multi_tau/3c9efb2708043d90.json,8,512,hybrid,B
xor3,806,40,0.5623413251903491,0.03,1,soft,0.33781875,0.5336524393969088,0.03571428571428571,analytic,54b7f6154a105e5b,results/raw/crossover_study/revision_multi_tau/54b7f6154a105e5b.json,8,512,hybrid,B
xor3,806,40,0.5623413251903491,0.06,1,soft,0.6240937499999999,0.2891322067110218,0.03571428571428571,analytic,2413f2b8d6289b26,results/raw/crossover_study/revision_multi_tau/2413f2b8d6289b26.json,8,512,hybrid,B
xor3,807,41,0.5623413251903491,0.0,1,hard,0.11236249999999999,1.0,0.03571428571428571,global,02f5e0ef364721db,results/raw/crossover_study/revision_multi_tau/02f5e0ef364721db.json,8,512,hybrid,B
xor3,807,41,0.5623413251903491,0.015,1,soft,0.09144375,0.830726495254754,0.03571428571428571,analytic,229d48b3a0df3849,results/raw/crossover_study/revision_multi_tau/229d48b3a0df3849.json,8,512,hybrid,B
xor3,807,41,0.5623413251903491,0.03,1,soft,0.13931875,0.5336524393969088,0.03571428571428571,analytic,d641ae36c72e0d1c,results/raw/crossover_study/revision_multi_tau/d641ae36c72e0d1c.json,8,512,hybrid,B
xor3,807,41,0.5623413251903491,0.06,1,soft,0.6013625,0.2891322067110218,0.03571428571428571,analytic,3997f15a17f78d9c,results/raw/crossover_study/revision_multi_tau/3997f15a17f78d9c.json,8,512,hybrid,B
xor3,808,42,0.5623413251903491,0.0,1,hard,0.06691250000000001,1.0,0.03571428571428571,global,98dda9cc7c7196ed,results/raw/crossover_study/revision_multi_tau/98dda9cc7c7196ed.json,8,512,hybrid,B
xor3,808,42,0.5623413251903491,0.015,1,soft,0.14422500000000002,0.830726495254754,0.03571428571428571,analytic,c3ae88246a664665,results/raw/crossover_study/revision_multi_tau/c3ae88246a664665.json,8,512,hybrid,B
xor3,808,42,0.5623413251903491,0.03,1,soft,0.2502,0.5336524393969088,0.03571428571428571,analytic,8321692df31976bd,results/raw/crossover_study/revision_multi_tau/8321692df31976bd.json,8,512,hybrid,B
xor3,808,42,0.5623413251903491,0.06,1,soft,0.6855,0.2891322067110218,0.03571428571428571,analytic,1d7060b482c88384,results/raw/crossover_study/revision_multi_tau/1d7060b482c88384.json,8,512,hybrid,B
xor3,809,40,0.5623413251903491,0.0,1,hard,0.06501875000000001,1.0,0.03571428571428571,global,7bce16b67fdfb088,results/raw/crossover_study/revision_multi_tau/7bce16b67fdfb088.json,8,512,hybrid,B
xor3,809,40,0.5623413251903491,0.015,1,soft,0.13850625,0.830726495254754,0.03571428571428571,analytic,4729dca3f2a17925,results/raw/crossover_study/revision_multi_tau/4729dca3f2a17925.json,8,512,hybrid,B
xor3,809,40,0.5623413251903491,0.03,1,soft,0.13230625000000001,0.5336524393969088,0.03571428571428571,analytic,5b30edc080cddedf,results/raw/crossover_study/revision_multi_tau/5b30edc080cddedf.json,8,512,hybrid,B
xor3,809,40,0.5623413251903491,0.06,1,soft,0.69560625,0.2891322067110218,0.03571428571428571,analytic,e7f71f6b7530d1de,results/raw/crossover_study/revision_multi_tau/e7f71f6b7530d1de.json,8,512,hybrid,B
xor3,810,41,0.5623413251903491,0.0,1,hard,0.0775125,1.0,0.03571428571428571,global,50f104ab7938e446,results/raw/crossover_study/revision_multi_tau/50f104ab7938e446.json,8,512,hybrid,B
xor3,810,41,0.5623413251903491,0.015,1,soft,0.11738749999999999,0.830726495254754,0.03571428571428571,analytic,484cd085f334f0d9,results/raw/crossover_study/revision_multi_tau/484cd085f334f0d9.json,8,512,hybrid,B
xor3,810,41,0.5623413251903491,0.03,1,soft,0.20813750000000003,0.5336524393969088,0.03571428571428571,analytic,a78ad8ec820fc512,results/raw/crossover_study/revision_multi_tau/a78ad8ec820fc512.json,8,512,hybrid,B
xor3,810,41,0.5623413251903491,0.06,1,soft,0.670075,0.2891322067110218,0.03571428571428571,analytic,07aba2bc4e256b61,results/raw/crossover_study/revision_multi_tau/07aba2bc4e256b61.json,8,512,hybrid,B
xor3,811,42,0.5623413251903491,0.0,1,hard,0.12881250000000002,1.0,0.03571428571428571,global,7a27385e9d44a798,results/raw/crossover_study/revision_multi_tau/7a27385e9d44a798.json,8,512,hybrid,B
xor3,811,42,0.5623413251903491,0.015,1,soft,0.13961249999999997,0.830726495254754,0.03571428571428571,analytic,ca6240f2c7176582,results/raw/crossover_study/revision_multi_tau/ca6240f2c7176582.json,8,512,hybrid,B
xor3,811,42,0.5623413251903491,0.03,1,soft,0.24168125000000001,0.5336524393969088,0.03571428571428571,analytic,8b8e0844810a6dd4,results/raw/crossover_study/revision_multi_tau/8b8e0844810a6dd4.json,8,512,hybrid,B
xor3,811,42,0.5623413251903491,0.06,1,soft,0.57821875,0.2891322067110218,0.03571428571428571,analytic,10d8a3236745a3a5,results/raw/crossover_study/revision_multi_tau/10d8a3236745a3a5.json,8,512,hybrid,B
xor3,800,40,1.0,0.0,1,hard,0.11937499999999998,1.0,0.03571428571428571,global,18ee13e3100801f7,results/raw/crossover_study/transition/18ee13e3100801f7.json,8,512,hybrid,B
xor3,800,40,1.0,0.015,1,soft,0.12240000000000001,0.830726495254754,0.03571428571428571,analytic,616db626b3e1c9d7,results/raw/crossover_study/revision_multi_tau/616db626b3e1c9d7.json,8,512,hybrid,B
xor3,800,40,1.0,0.03,1,soft,0.3405625,0.5336524393969088,0.03571428571428571,analytic,f6ae9cbe37714165,results/raw/crossover_study/revision_multi_tau/f6ae9cbe37714165.json,8,512,hybrid,B
xor3,800,40,1.0,0.06,1,soft,0.9312750000000001,0.2891322067110218,0.03571428571428571,analytic,a19eb4f2b4307c56,results/raw/crossover_study/revision_multi_tau/a19eb4f2b4307c56.json,8,512,hybrid,B
xor3,801,41,1.0,0.0,1,hard,0.14222500000000005,1.0,0.03571428571428571,global,28120b3005a3fb8b,results/raw/crossover_study/transition/28120b3005a3fb8b.json,8,512,hybrid,B
xor3,801,41,1.0,0.015,1,soft,0.16736874999999996,0.830726495254754,0.03571428571428571,analytic,4d65fd7d584a10ed,results/raw/crossover_study/revision_multi_tau/4d65fd7d584a10ed.json,8,512,hybrid,B
xor3,801,41,1.0,0.03,1,soft,0.2630125,0.5336524393969088,0.03571428571428571,analytic,d141eb14fe90d030,results/raw/crossover_study/revision_multi_tau/d141eb14fe90d030.json,8,512,hybrid,B
xor3,801,41,1.0,0.06,1,soft,0.60266875,0.2891322067110218,0.03571428571428571,analytic,614e0886c7b420ae,results/raw/crossover_study/revision_multi_tau/614e0886c7b420ae.json,8,512,hybrid,B
xor3,802,42,1.0,0.0,1,hard,0.06439374999999997,1.0,0.03571428571428571,global,f45cbd42486a49e8,results/raw/crossover_study/transition/f45cbd42486a49e8.json,8,512,hybrid,B
xor3,802,42,1.0,0.015,1,soft,0.17538125000000002,0.830726495254754,0.03571428571428571,analytic,7696ed55e6ce3983,results/raw/crossover_study/revision_multi_tau/7696ed55e6ce3983.json,8,512,hybrid,B
xor3,802,42,1.0,0.03,1,soft,0.33914999999999995,0.5336524393969088,0.03571428571428571,analytic,ed46539a56c6a382,results/raw/crossover_study/revision_multi_tau/ed46539a56c6a382.json,8,512,hybrid,B
xor3,802,42,1.0,0.06,1,soft,0.61066875,0.2891322067110218,0.03571428571428571,analytic,debb6b782d5daccc,results/raw/crossover_study/revision_multi_tau/debb6b782d5daccc.json,8,512,hybrid,B
xor3,803,40,1.0,0.0,1,hard,0.11298750000000005,1.0,0.03571428571428571,global,5ed5870368acec25,results/raw/crossover_study/transition/5ed5870368acec25.json,8,512,hybrid,B
xor3,803,40,1.0,0.015,1,soft,0.18859374999999998,0.830726495254754,0.03571428571428571,analytic,15ea172b3fa1da86,results/raw/crossover_study/revision_multi_tau/15ea172b3fa1da86.json,8,512,hybrid,B
xor3,803,40,1.0,0.03,1,soft,0.2982625,0.5336524393969088,0.03571428571428571,analytic,2dd64198e9b8c7f4,results/raw/crossover_study/revision_multi_tau/2dd64198e9b8c7f4.json,8,512,hybrid,B
xor3,803,40,1.0,0.06,1,soft,0.7475999999999999,0.2891322067110218,0.03571428571428571,analytic,585d8d86e4563497,results/raw/crossover_study/revision_multi_tau/585d8d86e4563497.json,8,512,hybrid,B
xor3,804,41,1.0,0.0,1,hard,0.10565625000000002,1.0,0.03571428571428571,global,c72ae4f5002d268c,results/raw/crossover_study/transition/c72ae4f5002d268c.json,8,512,hybrid,B
xor3,804,41,1.0,0.015,1,soft,0.10657500000000002,0.830726495254754,0.03571428571428571,analytic,3962492e33bdd06f,results/raw/crossover_study/revision_multi_tau/3962492e33bdd06f.json,8,512,hybrid,B
xor3,804,41,1.0,0.03,1,soft,0.32101875,0.5336524393969088,0.03571428571428571,analytic,4f325d4fd001c81b,results/raw/crossover_study/revision_multi_tau/4f325d4fd001c81b.json,8,512,hybrid,B
xor3,804,41,1.0,0.06,1,soft,0.49739999999999995,0.2891322067110218,0.03571428571428571,analytic,0d086280567221b1,results/raw/crossover_study/revision_multi_tau/0d086280567221b1.json,8,512,hybrid,B
xor3,805,42,1.0,0.0,1,hard,0.11480000000000004,1.0,0.03571428571428571,global,428b7e5ed3e0ad30,results/raw/crossover_study/transition/428b7e5ed3e0ad30.json,8,512,hybrid,B
xor3,805,42,1.0,0.015,1,soft,0.21803125,0.830726495254754,0.03571428571428571,analytic,ced5258babcada9f,results/raw/crossover_study/revision_multi_tau/ced5258babcada9f.json,8,512,hybrid,B
xor3,805,42,1.0,0.03,1,soft,0.20564375000000001,0.5336524393969088,0.03571428571428571,analytic,3f9683b183442b74,results/raw/crossover_study/revision_multi_tau/3f9683b183442b74.json,8,512,hybrid,B
xor3,805,42,1.0,0.06,1,soft,0.61989375,0.2891322067110218,0.03571428571428571,analytic,084dd95a8576f87a,results/raw/crossover_study/revision_multi_tau/084dd95a8576f87a.json,8,512,hybrid,B
xor3,806,40,1.0,0.0,1,hard,0.09825625000000002,1.0,0.03571428571428571,global,2d3a3fef80f58fe7,results/raw/crossover_study/transition/2d3a3fef80f58fe7.json,8,512,hybrid,B
xor3,806,40,1.0,0.015,1,soft,0.23165625,0.830726495254754,0.03571428571428571,analytic,2c8e0b6347bd3879,results/raw/crossover_study/revision_multi_tau/2c8e0b6347bd3879.json,8,512,hybrid,B
xor3,806,40,1.0,0.03,1,soft,0.44300625000000005,0.5336524393969088,0.03571428571428571,analytic,445766cbd86703b1,results/raw/crossover_study/revision_multi_tau/445766cbd86703b1.json,8,512,hybrid,B
xor3,806,40,1.0,0.06,1,soft,0.7134437499999999,0.2891322067110218,0.03571428571428571,analytic,8d08957d8e5669bd,results/raw/crossover_study/revision_multi_tau/8d08957d8e5669bd.json,8,512,hybrid,B
xor3,807,41,1.0,0.0,1,hard,0.11928125000000002,1.0,0.03571428571428571,global,4da94a3f081b31d3,results/raw/crossover_study/transition/4da94a3f081b31d3.json,8,512,hybrid,B
xor3,807,41,1.0,0.015,1,soft,0.11438750000000002,0.830726495254754,0.03571428571428571,analytic,e25e1d0785ba7139,results/raw/crossover_study/revision_multi_tau/e25e1d0785ba7139.json,8,512,hybrid,B
xor3,807,41,1.0,0.03,1,soft,0.5479812500000001,0.5336524393969088,0.03571428571428571,analytic,4f0dd78619cfb4e5,results/raw/crossover_study/revision_multi_tau/4f0dd78619cfb4e5.json,8,512,hybrid,B
xor3,807,41,1.0,0.06,1,soft,0.82563125,0.2891322067110218,0.03571428571428571,analytic,f18e9203ede877ca,results/raw/crossover_study/revision_multi_tau/f18e9203ede877ca.json,8,512,hybrid,B
xor3,808,42,1.0,0.0,1,hard,0.14602500000000002,1.0,0.03571428571428571,global,817751fbc8d325f9,results/raw/crossover_study/transition/817751fbc8d325f9.json,8,512,hybrid,B
xor3,808,42,1.0,0.015,1,soft,0.21084375000000002,0.830726495254754,0.03571428571428571,analytic,f811549afb9e560d,results/raw/crossover_study/revision_multi_tau/f811549afb9e560d.json,8,512,hybrid,B
xor3,808,42,1.0,0.03,1,soft,0.27305,0.5336524393969088,0.03571428571428571,analytic,0af8783d512391b6,results/raw/crossover_study/revision_multi_tau/0af8783d512391b6.json,8,512,hybrid,B
xor3,808,42,1.0,0.06,1,soft,0.44960625000000004,0.2891322067110218,0.03571428571428571,analytic,1f8ac39e0e786a77,results/raw/crossover_study/revision_multi_tau/1f8ac39e0e786a77.json,8,512,hybrid,B
xor3,809,40,1.0,0.0,1,hard,0.05499375000000001,1.0,0.03571428571428571,global,d19b6861780b5bb9,results/raw/crossover_study/transition/d19b6861780b5bb9.json,8,512,hybrid,B
xor3,809,40,1.0,0.015,1,soft,0.12658750000000002,0.830726495254754,0.03571428571428571,analytic,bac7bd15de3b0884,results/raw/crossover_study/revision_multi_tau/bac7bd15de3b0884.json,8,512,hybrid,B
xor3,809,40,1.0,0.03,1,soft,0.29827499999999996,0.5336524393969088,0.03571428571428571,analytic,e5214558fb141c72,results/raw/crossover_study/revision_multi_tau/e5214558fb141c72.json,8,512,hybrid,B
xor3,809,40,1.0,0.06,1,soft,0.5616875,0.2891322067110218,0.03571428571428571,analytic,a42fbd2a83c0fb10,results/raw/crossover_study/revision_multi_tau/a42fbd2a83c0fb10.json,8,512,hybrid,B
xor3,810,41,1.0,0.0,1,hard,0.07360625,1.0,0.03571428571428571,global,6e2d5cb43cc31c8c,results/raw/crossover_study/transition/6e2d5cb43cc31c8c.json,8,512,hybrid,B
xor3,810,41,1.0,0.015,1,soft,0.18448749999999997,0.830726495254754,0.03571428571428571,analytic,bc8d3a3dd841df43,results/raw/crossover_study/revision_multi_tau/bc8d3a3dd841df43.json,8,512,hybrid,B
xor3,810,41,1.0,0.03,1,soft,0.39533125,0.5336524393969088,0.03571428571428571,analytic,5a51f760f1604699,results/raw/crossover_study/revision_multi_tau/5a51f760f1604699.json,8,512,hybrid,B
xor3,810,41,1.0,0.06,1,soft,0.6622625,0.2891322067110218,0.03571428571428571,analytic,b68bb34efd20e6db,results/raw/crossover_study/revision_multi_tau/b68bb34efd20e6db.json,8,512,hybrid,B
xor3,811,42,1.0,0.0,1,hard,0.1249875,1.0,0.03571428571428571,global,fe73229b89f74c66,results/raw/crossover_study/transition/fe73229b89f74c66.json,8,512,hybrid,B
xor3,811,42,1.0,0.015,1,soft,0.25120000000000003,0.830726495254754,0.03571428571428571,analytic,bd031207e0cb6d3c,results/raw/crossover_study/revision_multi_tau/bd031207e0cb6d3c.json,8,512,hybrid,B
xor3,811,42,1.0,0.03,1,soft,0.41496875,0.5336524393969088,0.03571428571428571,analytic,9356d77dd572567f,results/raw/crossover_study/revision_multi_tau/9356d77dd572567f.json,8,512,hybrid,B
xor3,811,42,1.0,0.06,1,soft,0.43419374999999993,0.2891322067110218,0.03571428571428571,analytic,e413d2a565a1ab44,results/raw/crossover_study/revision_multi_tau/e413d2a565a1ab44.json,8,512,hybrid,B
