dataset,phase,seed,data_seed,n,nout,rounds,expansion,tau,rho,policy,theta,theta2,adjacency,calibration,selection,squared,family,target_rho,backend,id,error,wall_s,q,train_n,target_n,certified
xor3,transfer_target,915,72,0,512,8,2,0.0005,0.18,age,0.0,,B,analytic,hybrid,False,budget,0.18,cuda,000df03eefbc1f87,0.17035625000000001,0.6390085000020918,0.0,12000,12000,
xor3,transfer_target,912,72,0,512,8,2,0.01,1.0,age,3.0,,B,analytic,hybrid,False,budget,1.0,cuda,007284726bba83ca,0.11790624999999999,0.7810525000095367,0.9999555506739739,12000,12000,
xor3,transfer_target,911,71,0,512,8,2,0.02,1.0,age,1.0,,B,analytic,hybrid,False,budget,1.0,cuda,00915f780b53e2ae,0.20715,0.9466945000458509,0.7128020625030799,12000,12000,
xor3,transfer_target,914,71,0,512,8,2,0.02,1.0,age,0.0,,B,analytic,hybrid,False,budget,1.0,cuda,011d397c00b0c4a1,0.41365,0.5833459000277799,0.0,12000,12000,
xor3,transfer_target,915,72,0,512,8,2,0.0015,0.18,age,2.0,,B,analytic,hybrid,False,budget,0.18,cuda,015dd3c3b3b3eb2c,0.04114375000000001,0.6115985000215005,1.0,12000,12000,
xor3,transfer_target,911,71,0,512,8,2,0.04,1.0,age,4.0,,B,analytic,hybrid,False,budget,1.0,cuda,01982d21a632457f,0.25771875,0.9342885999940336,0.9453064264076342,12000,12000,
xor3,transfer_target,910,70,0,512,8,2,0.01,0.18,age,1.0,,B,analytic,hybrid,False,budget,0.18,cuda,01d4cdb780034dd3,0.07299375,0.7099643999245018,0.9453064264076342,12000,12000,
xor3,transfer_target,910,70,0,512,8,2,0.004,1.0,age,2.0,,B,analytic,hybrid,False,budget,1.0,cuda,01db9b22dd6db126,0.09744374999999997,0.5715703000023495,0.9999999648624576,12000,12000,
xor3,transfer_target,910,70,0,512,8,2,0.04,0.18,age,2.0,,B,analytic,hybrid,False,budget,0.18,cuda,01e1eda796dbc648,0.08399375,0.8152213001158088,0.7128020625030799,12000,12000,
xor3,transfer_target,910,70,0,512,8,2,0.01,0.18,age,0.0,,B,analytic,hybrid,False,budget,0.18,cuda,02300c3f31bf5067,0.1910875,0.5807752000109758,0.0,12000,12000,
xor3,transfer_target,913,70,0,512,8,2,0.02,0.03,age,2.0,,B,analytic,hybrid,False,budget,0.03,cuda,028937094161fc9c,0.13771874999999997,0.5894540001172572,0.9453064264076342,12000,12000,
xor3,transfer_target,914,71,0,512,8,2,0.01,0.03,age,0.0,,B,analytic,hybrid,False,budget,0.03,cuda,02e045394c597dde,0.11996249999999999,0.5627737000177149,0.0,12000,12000,
xor3,transfer_target,913,70,0,512,8,2,0.04,0.03,age,3.0,,B,analytic,hybrid,False,budget,0.03,cuda,03323c5b5f6a5af9,0.17335624999999996,0.5712417000904679,0.8715005778382128,12000,12000,
xor3,transfer_target,911,71,0,512,8,2,0.00025,0.18,age,3.0,,B,analytic,hybrid,False,budget,0.18,cuda,033f4e073c47eb1a,0.09123125,0.641429799987236,1.0,12000,12000,
xor3,transfer_target,910,70,0,512,8,2,0.02,1.0,age,1.0,,B,analytic,hybrid,False,budget,1.0,cuda,03542380a109b8a6,0.1853,0.5684339001309127,0.7128020625030799,12000,12000,
xor3,transfer_target,911,71,0,512,8,2,0.0015,1.0,age,0.0,,B,analytic,hybrid,False,budget,1.0,cuda,0379b57141f81c73,0.23506875,0.5908505000115838,0.0,12000,12000,
xor3,transfer_target,912,72,0,512,8,2,0.001,0.03,age,1.0,,B,analytic,hybrid,False,budget,0.03,cuda,03b07f95e3b2318d,0.11357500000000001,0.6490980999951717,0.9999999999999993,12000,12000,
xor3,transfer_target,913,70,0,512,8,2,0.0005,1.0,age,1.0,,B,analytic,hybrid,False,budget,1.0,cuda,03bdb3ec0dec58cf,0.08081875000000002,0.6357385000155773,1.0,12000,12000,
xor3,transfer_target,910,70,0,512,8,2,0.08,1.0,age,4.0,,B,analytic,hybrid,False,budget,1.0,cuda,0418381b13f77263,0.44572500000000004,0.5716134998947382,0.7128020625030799,12000,12000,
xor3,transfer_target,911,71,0,512,8,2,0.00025,1.0,age,2.0,,B,analytic,hybrid,False,budget,1.0,cuda,045716c11534a5df,0.051674999999999985,0.6473392000189051,1.0,12000,12000,
xor3,transfer_target,914,71,0,512,8,2,0.00025,1.0,age,1.0,,B,analytic,hybrid,False,budget,1.0,cuda,049ecc01c20a081f,0.08993749999999999,0.6684641000174452,1.0,12000,12000,
xor3,transfer_target,914,71,0,512,8,2,0.02,1.0,age,1.0,,B,analytic,hybrid,False,budget,1.0,cuda,04d6987102f4b0df,0.22943124999999998,0.6705126999877393,0.7128020625030799,12000,12000,
xor3,transfer_target,912,72,0,512,8,2,0.003,1.0,age,0.0,,B,analytic,hybrid,False,budget,1.0,cuda,052b075df13a7a56,0.24358749999999996,0.6092087000142783,0.0,12000,12000,
xor3,transfer_target,914,71,0,512,8,2,0.0015,0.03,age,0.0,,B,analytic,hybrid,False,budget,0.03,cuda,05981c31a3192be3,0.1303875,0.6121840999985579,0.0,12000,12000,
xor3,transfer_target,912,72,0,512,8,2,0.001,0.03,age,0.0,,B,analytic,hybrid,False,budget,0.03,cuda,059f4b9b628923ed,0.23345624999999998,0.6371733999985736,0.0,12000,12000,
xor3,transfer_target,911,71,0,512,8,2,0.0005,0.18,age,3.0,,B,analytic,hybrid,False,budget,0.18,cuda,05a9569f2a912599,0.09123125,0.6735590000171214,1.0,12000,12000,
xor3,transfer_target,914,71,0,512,8,2,0.0015,1.0,age,4.0,,B,analytic,hybrid,False,budget,1.0,cuda,05b5a281ee76b61d,0.08993749999999999,0.6057346000161488,1.0,12000,12000,
xor3,transfer_target,915,72,0,512,8,2,0.02,0.18,age,0.0,,B,analytic,hybrid,False,budget,0.18,cuda,05bfae8204c905ec,0.22796249999999996,0.5774464999849442,0.0,12000,12000,
xor3,transfer_target,914,71,0,512,8,2,0.00025,0.18,age,1.0,,B,analytic,hybrid,False,budget,0.18,cuda,066518e4f248642f,0.08658125000000001,0.6560616999922786,1.0,12000,12000,
xor3,transfer_target,911,71,0,512,8,2,0.04,0.03,age,4.0,,B,analytic,hybrid,False,budget,0.03,cuda,0667d0067ca149e8,0.24328125,0.8197312001138926,0.9453064264076342,12000,12000,
xor3,transfer_target,911,71,0,512,8,2,0.0005,0.03,age,1.0,,B,analytic,hybrid,False,budget,0.03,cuda,06759c5485aaf86b,0.17173125,0.6377624000015203,1.0,12000,12000,
xor3,transfer_target,914,71,0,512,8,2,0.005,1.0,age,3.0,,B,analytic,hybrid,False,budget,1.0,cuda,06a6f8e7ab158efa,0.047049999999999995,0.6908559000585228,0.9999999990120848,12000,12000,
xor3,transfer_target,912,72,0,512,8,2,0.003,0.03,age,0.0,,B,analytic,hybrid,False,budget,0.03,cuda,06d0795c150d963d,0.24358749999999996,0.5903251999989152,0.0,12000,12000,
xor3,transfer_target,910,70,0,512,8,2,0.0015,1.0,age,1.0,,B,analytic,hybrid,False,budget,1.0,cuda,07145db86cb6b2cc,0.14709375,0.584118300001137,0.999999999908655,12000,12000,
xor3,transfer_target,915,72,0,512,8,2,0.0,0.18,age,1.0,,B,global,hybrid,False,budget,0.18,cuda,072c4163f71fdad1,0.13470625000000003,0.47635019989684224,1.0,12000,12000,True
xor3,transfer_target,911,71,0,512,8,2,0.002,1.0,age,0.0,,B,analytic,hybrid,False,budget,1.0,cuda,07410ad72f43e95c,0.23506875,0.5821320999821182,0.0,12000,12000,
xor3,transfer_target,915,72,0,512,8,2,0.004,0.03,age,4.0,,B,analytic,hybrid,False,budget,0.03,cuda,0786d6d317e206f6,0.09555000000000002,0.5747283000091556,0.9999999999999993,12000,12000,
xor3,transfer_target,913,70,0,512,8,2,0.08,0.18,age,4.0,,B,analytic,hybrid,False,budget,0.18,cuda,07a3067301cece00,0.44579375,0.6631901999935508,0.7128020625030799,12000,12000,
xor3,transfer_target,913,70,0,512,8,2,0.00025,0.18,age,3.0,,B,analytic,hybrid,False,budget,0.18,cuda,07a6eb0bad5399f1,0.05468750000000003,0.6319083000125829,1.0,12000,12000,
xor3,transfer_target,915,72,0,512,8,2,0.0015,1.0,age,2.0,,B,analytic,hybrid,False,budget,1.0,cuda,07b78ee574e5d3e6,0.09104375,0.7406098000064958,1.0,12000,12000,
xor3,transfer_target,915,72,0,512,8,2,0.002,1.0,age,4.0,,B,analytic,hybrid,False,budget,1.0,cuda,07d8e579f0681bdf,0.09104375,0.7123215000028722,1.0,12000,12000,
xor3,transfer_target,910,70,0,512,8,2,0.0005,0.18,age,0.0,,B,analytic,hybrid,False,budget,0.18,cuda,087d1517a43b2bbc,0.2525625,0.6316216999839526,0.0,12000,12000,
xor3,transfer_target,911,71,0,512,8,2,0.005,0.03,age,3.0,,B,analytic,hybrid,False,budget,0.03,cuda,08915a181e240fed,0.13971875,0.8397804999258369,0.9999999990120848,12000,12000,
xor3,transfer_target,913,70,0,512,8,2,0.004,0.18,age,2.0,,B,analytic,hybrid,False,budget,0.18,cuda,08fc48a870d26414,0.09681874999999998,0.589531999983592,0.9999999648624576,12000,12000,
xor3,transfer_target,910,70,0,512,8,2,0.003,0.03,age,0.0,,B,analytic,hybrid,False,budget,0.03,cuda,08fee45e9e5e6fa0,0.16665,0.5681852999841794,0.0,12000,12000,
xor3,transfer_target,913,70,0,512,8,2,0.005,0.18,age,4.0,,B,analytic,hybrid,False,budget,0.18,cuda,09250409d2603c9e,0.06749999999999998,0.579603899968788,0.9999999999992191,12000,12000,
xor3,transfer_target,912,72,0,512,8,2,0.02,0.03,age,1.0,,B,analytic,hybrid,False,budget,0.03,cuda,09c85bf9b1a0d3db,0.07280625000000002,0.6378624001517892,0.7128020625030799,12000,12000,
xor3,transfer_target,913,70,0,512,8,2,0.0,0.18,age,1.0,,B,global,hybrid,False,budget,0.18,cuda,09dd5d6e03d0647e,0.10545625,0.4631018000654876,1.0,12000,12000,True
xor3,transfer_target,913,70,0,512,8,2,0.0,0.03,age,1.0,,B,global,hybrid,False,budget,0.03,cuda,09ecd44f25dc8f74,0.1013375,0.4655475001782179,1.0,12000,12000,True
xor3,transfer_target,910,70,0,512,8,2,0.00025,1.0,age,4.0,,B,analytic,hybrid,False,budget,1.0,cuda,09f120ca54f78f6d,0.14709375,0.6300373999984004,1.0,12000,12000,
xor3,transfer_target,914,71,0,512,8,2,0.02,0.18,age,4.0,,B,analytic,hybrid,False,budget,0.18,cuda,0a0c8d67eba1b98d,0.1235875,0.7543648001737893,0.9984202681165271,12000,12000,
xor3,transfer_target,915,72,0,512,8,2,0.002,0.18,age,4.0,,B,analytic,hybrid,False,budget,0.18,cuda,0a40949aa500617e,0.04114375000000001,0.5733159999945201,1.0,12000,12000,
xor3,transfer_target,915,72,0,512,8,2,0.003,0.18,age,0.0,,B,analytic,hybrid,False,budget,0.18,cuda,0a48ceeb2c393e61,0.0925375,0.5623449999839067,0.0,12000,12000,
xor3,transfer_target,910,70,0,512,8,2,0.04,1.0,age,1.0,,B,analytic,hybrid,False,budget,1.0,cuda,0abd8eb22945bede,0.6406125,0.5649592999834567,0.41895886892929807,12000,12000,
xor3,transfer_target,914,71,0,512,8,2,0.002,1.0,age,4.0,,B,analytic,hybrid,False,budget,1.0,cuda,0ac64d8c90c1d377,0.08993749999999999,0.6022960999980569,1.0,12000,12000,
xor3,transfer_target,912,72,0,512,8,2,0.004,0.03,age,0.0,,B,analytic,hybrid,False,budget,0.03,cuda,0acd83705ee0cb28,0.08412499999999998,0.5698323000106029,0.0,12000,12000,
xor3,transfer_target,915,72,0,512,8,2,0.0005,1.0,age,1.0,,B,analytic,hybrid,False,budget,1.0,cuda,0bac38f7136230d8,0.09104375,0.6902005999872927,1.0,12000,12000,
xor3,transfer_target,913,70,0,512,8,2,0.01,0.18,age,1.0,,B,analytic,hybrid,False,budget,0.18,cuda,0bc0b11728758f91,0.11757500000000001,0.6031860001385212,0.9453064264076342,12000,12000,
xor3,transfer_target,911,71,0,512,8,2,0.003,0.03,age,1.0,,B,analytic,hybrid,False,budget,0.03,cuda,0bf852bfbc969d1a,0.11438750000000002,0.6204425999894738,0.9999864837985184,12000,12000,
xor3,transfer_target,914,71,0,512,8,2,0.001,1.0,age,3.0,,B,analytic,hybrid,False,budget,1.0,cuda,0c045d4453486881,0.08993749999999999,0.6027155999909155,1.0,12000,12000,
xor3,transfer_target,911,71,0,512,8,2,0.002,0.18,age,2.0,,B,analytic,hybrid,False,budget,0.18,cuda,0c2f520593ad0a3b,0.0962,0.5940855999942869,0.9999999999999993,12000,12000,
xor3,transfer_target,911,71,0,512,8,2,0.003,1.0,age,1.0,,B,analytic,hybrid,False,budget,1.0,cuda,0c40a91b232b9088,0.08393749999999998,0.591850600001635,0.9999864837985184,12000,12000,
xor3,transfer_target,914,71,0,512,8,2,0.01,0.18,age,3.0,,B,analytic,hybrid,False,budget,0.18,cuda,0ca1008e53048948,0.05778124999999999,0.7581958000082523,0.9999555506739739,12000,12000,
xor3,transfer_target,913,70,0,512,8,2,0.0005,0.03,age,4.0,,B,analytic,hybrid,False,budget,0.03,cuda,0ca481f7c0bd2728,0.08991249999999998,0.6516726000118069,1.0,12000,12000,
xor3,transfer_target,911,71,0,512,8,2,0.002,0.18,age,0.0,,B,analytic,hybrid,False,budget,0.18,cuda,0cf2ea5f36b465e1,0.23506875,0.5820579999999609,0.0,12000,12000,
xor3,transfer_target,914,71,0,512,8,2,0.0015,0.18,age,0.0,,B,analytic,hybrid,False,budget,0.18,cuda,0d003892e681ed54,0.1303875,0.5864882000023499,0.0,12000,12000,
xor3,transfer_target,912,72,0,512,8,2,0.004,0.03,age,2.0,,B,analytic,hybrid,False,budget,0.03,cuda,0d5e9e427cda3ace,0.1123625,0.5574958999932278,0.9999999648624576,12000,12000,
xor3,transfer_target,915,72,0,512,8,2,0.02,0.18,age,4.0,,B,analytic,hybrid,False,budget,0.18,cuda,0da6468597f57ef5,0.08953749999999999,0.8493352001532912,0.9984202681165271,12000,12000,
xor3,transfer_target,913,70,0,512,8,2,0.01,1.0,age,0.0,,B,analytic,hybrid,False,budget,1.0,cuda,0e5e6248cddd2b0e,0.25680000000000003,0.5854943000013009,0.0,12000,12000,
xor3,transfer_target,915,72,0,512,8,2,0.01,0.03,age,3.0,,B,analytic,hybrid,False,budget,0.03,cuda,0e7ebbcee6d9f54c,0.12138749999999998,0.7988096999470145,0.9999555506739739,12000,12000,
xor3,transfer_target,914,71,0,512,8,2,0.02,0.18,age,2.0,,B,analytic,hybrid,False,budget,0.18,cuda,0e9062e0f06b63ed,0.06623125,0.7249073998536915,0.9453064264076342,12000,12000,
xor3,transfer_target,914,71,0,512,8,2,0.0015,0.18,age,4.0,,B,analytic,hybrid,False,budget,0.18,cuda,0ec2ac9b15454809,0.08658125000000001,0.5753738000057638,1.0,12000,12000,
xor3,transfer_target,911,71,0,512,8,2,0.004,0.03,age,2.0,,B,analytic,hybrid,False,budget,0.03,cuda,0efc47da84fc22ee,0.10143124999999999,0.5796132999821566,0.9999999648624576,12000,12000,
xor3,transfer_target,914,71,0,512,8,2,0.00025,1.0,age,0.0,,B,analytic,hybrid,False,budget,1.0,cuda,0f84514fabafe22c,0.22584375,0.6620484000013676,0.0,12000,12000,
xor3,transfer_target,914,71,0,512,8,2,0.0015,1.0,age,0.0,,B,analytic,hybrid,False,budget,1.0,cuda,102559ba9ad5536d,0.1303875,0.5985524000134319,0.0,12000,12000,
xor3,transfer_target,913,70,0,512,8,2,0.00025,0.18,age,4.0,,B,analytic,hybrid,False,budget,0.18,cuda,104bf771b820f053,0.05468750000000003,0.652339899999788,1.0,12000,12000,
xor3,transfer_target,914,71,0,512,8,2,0.08,1.0,age,3.0,,B,analytic,hybrid,False,budget,1.0,cuda,105c137bf4401a94,0.5052125,0.7675860000308603,0.5847449057501767,12000,12000,
xor3,transfer_target,912,72,0,512,8,2,0.0005,0.18,age,2.0,,B,analytic,hybrid,False,budget,0.18,cuda,105e2e24934f7c5e,0.04828750000000001,0.646334899996873,1.0,12000,12000,
xor3,transfer_target,910,70,0,512,8,2,0.001,0.03,age,1.0,,B,analytic,hybrid,False,budget,0.03,cuda,10c9329bf44a7be9,0.13329374999999996,0.6384159000008367,0.9999999999999993,12000,12000,
xor3,transfer_target,911,71,0,512,8,2,0.0005,0.18,age,2.0,,B,analytic,hybrid,False,budget,0.18,cuda,10e03c81b8069659,0.09123125,0.6530834000150207,1.0,12000,12000,
xor3,transfer_target,914,71,0,512,8,2,0.001,0.03,age,2.0,,B,analytic,hybrid,False,budget,0.03,cuda,10eaa34fc70bcc56,0.12590625,0.6193874999880791,1.0,12000,12000,
xor3,transfer_target,914,71,0,512,8,2,0.08,0.03,age,0.0,,B,analytic,hybrid,False,budget,0.03,cuda,10fc8682192d6690,0.8076749999999999,0.6009705000033136,0.0,12000,12000,
xor3,transfer_target,910,70,0,512,8,2,0.01,0.18,age,3.0,,B,analytic,hybrid,False,budget,0.18,cuda,113fab6b9a4e7c91,0.043756250000000024,0.7860533001367003,0.9999555506739739,12000,12000,
xor3,transfer_target,910,70,0,512,8,2,0.01,0.18,age,4.0,,B,analytic,hybrid,False,budget,0.18,cuda,11466edc0fab2ee4,0.12128124999999998,0.8591764001175761,0.999998750250879,12000,12000,
xor3,transfer_target,912,72,0,512,8,2,0.001,0.03,age,4.0,,B,analytic,hybrid,False,budget,0.03,cuda,1164e422296eb472,0.11357500000000001,0.5981024000211619,1.0,12000,12000,
xor3,transfer_target,914,71,0,512,8,2,0.02,1.0,age,4.0,,B,analytic,hybrid,False,budget,1.0,cuda,11abb4361790398f,0.13605,0.8536865001078695,0.9984202681165271,12000,12000,
xor3,transfer_target,910,70,0,512,8,2,0.005,0.03,age,2.0,,B,analytic,hybrid,False,budget,0.03,cuda,11acd16eeeeacced,0.12029375,0.8293802000116557,0.999998750250879,12000,12000,
xor3,transfer_target,911,71,0,512,8,2,0.001,0.03,age,0.0,,B,analytic,hybrid,False,budget,0.03,cuda,127a6c85439bb833,0.2074875,0.6342719999956898,0.0,12000,12000,
xor3,transfer_target,912,72,0,512,8,2,0.00025,1.0,age,4.0,,B,analytic,hybrid,False,budget,1.0,cuda,12f5b667d09496f9,0.08621875000000001,0.6756170000007842,1.0,12000,12000,
xor3,transfer_target,915,72,0,512,8,2,0.003,0.03,age,1.0,,B,analytic,hybrid,False,budget,0.03,cuda,1381b2fe2739c53b,0.08535000000000001,0.6115361000120174,0.9999864837985184,12000,12000,
xor3,transfer_target,915,72,0,512,8,2,0.002,0.18,age,0.0,,B,analytic,hybrid,False,budget,0.18,cuda,1394b547d9651212,0.0925375,0.5740630999789573,0.0,12000,12000,
xor3,transfer_target,915,72,0,512,8,2,0.004,1.0,age,3.0,,B,analytic,hybrid,False,budget,1.0,cuda,13d5dd713f0b5f3d,0.10226874999999999,0.5766329999896698,0.9999999999953426,12000,12000,
xor3,transfer_target,912,72,0,512,8,2,0.08,0.03,age,4.0,,B,analytic,hybrid,False,budget,0.03,cuda,13e54d9d9a7374c7,0.734375,0.6224944998975843,0.7128020625030799,12000,12000,
xor3,transfer_target,910,70,0,512,8,2,0.04,0.03,age,0.0,,B,analytic,hybrid,False,budget,0.03,cuda,13f2f9b3b5cc9dbf,0.5509124999999999,0.5696432000258937,0.0,12000,12000,
xor3,transfer_target,915,72,0,512,8,2,0.00025,1.0,age,1.0,,B,analytic,hybrid,False,budget,1.0,cuda,141da31f25e4e9e6,0.09104375,0.6514737000106834,1.0,12000,12000,
xor3,transfer_target,913,70,0,512,8,2,0.002,0.18,age,4.0,,B,analytic,hybrid,False,budget,0.18,cuda,143adeed31751365,0.05468750000000003,0.5870239999785554,1.0,12000,12000,
xor3,transfer_target,912,72,0,512,8,2,0.02,0.18,age,0.0,,B,analytic,hybrid,False,budget,0.18,cuda,14423d1dfaf1fc28,0.18619375,0.5458846999972593,0.0,12000,12000,
xor3,transfer_target,912,72,0,512,8,2,0.04,1.0,age,4.0,,B,analytic,hybrid,False,budget,1.0,cuda,14511040e0a27b66,0.22475,0.6490054000169039,0.9453064264076342,12000,12000,
xor3,transfer_target,910,70,0,512,8,2,0.01,1.0,age,0.0,,B,analytic,hybrid,False,budget,1.0,cuda,146bc792662afbf0,0.1910875,0.5815936999861151,0.0,12000,12000,
xor3,transfer_target,913,70,0,512,8,2,0.002,1.0,age,2.0,,B,analytic,hybrid,False,budget,1.0,cuda,14a2614d9f5faeb7,0.08081875000000002,0.5969089999853168,0.9999999999999993,12000,12000,
xor3,transfer_target,910,70,0,512,8,2,0.00025,1.0,age,2.0,,B,analytic,hybrid,False,budget,1.0,cuda,14ff7fce5c8fcda0,0.14709375,0.642930800007889,1.0,12000,12000,
xor3,transfer_target,912,72,0,512,8,2,0.002,0.18,age,0.0,,B,analytic,hybrid,False,budget,0.18,cuda,1506d7f81665108d,0.24358749999999996,0.5498356000171043,0.0,12000,12000,
xor3,transfer_target,910,70,0,512,8,2,0.08,1.0,age,0.0,,B,analytic,hybrid,False,budget,1.0,cuda,1561c64fd7b286a8,0.923275,0.5861046999925748,0.0,12000,12000,
xor3,transfer_target,912,72,0,512,8,2,0.04,0.18,age,2.0,,B,analytic,hybrid,False,budget,0.18,cuda,16235bf78611bdba,0.08264374999999999,0.8399858998600394,0.7128020625030799,12000,12000,
xor3,transfer_target,914,71,0,512,8,2,0.0005,0.03,age,1.0,,B,analytic,hybrid,False,budget,0.03,cuda,163aa5c5a9e38128,0.12590625,0.6781025999807753,1.0,12000,12000,
xor3,transfer_target,913,70,0,512,8,2,0.005,0.18,age,3.0,,B,analytic,hybrid,False,budget,0.18,cuda,16803a2858a02769,0.06749999999999998,0.5940326999407262,0.9999999990120848,12000,12000,
xor3,transfer_target,914,71,0,512,8,2,0.08,1.0,age,4.0,,B,analytic,hybrid,False,budget,1.0,cuda,16c2f49ee2cad3bd,0.36364375,0.688134300056845,0.7128020625030799,12000,12000,
xor3,transfer_target,914,71,0,512,8,2,0.02,0.03,age,2.0,,B,analytic,hybrid,False,budget,0.03,cuda,16ec4f13be2e0593,0.09148125,0.6856056000106037,0.9453064264076342,12000,12000,
xor3,transfer_target,912,72,0,512,8,2,0.0015,0.03,age,1.0,,B,analytic,hybrid,False,budget,0.03,cuda,1766c7eb08015cd6,0.11357500000000001,0.5836115999845788,0.999999999908655,12000,12000,
xor3,transfer_target,914,71,0,512,8,2,0.0005,0.18,age,3.0,,B,analytic,hybrid,False,budget,0.18,cuda,17c12f32d22cb316,0.08658125000000001,0.6696361999784131,1.0,12000,12000,
xor3,transfer_target,915,72,0,512,8,2,0.005,1.0,age,0.0,,B,analytic,hybrid,False,budget,1.0,cuda,1834ae7f74e1299c,0.14803750000000002,0.5492207999923266,0.0,12000,12000,
xor3,transfer_target,915,72,0,512,8,2,0.00025,1.0,age,4.0,,B,analytic,hybrid,False,budget,1.0,cuda,188f9699343a5363,0.09104375,0.6658950999844819,1.0,12000,12000,
xor3,transfer_target,913,70,0,512,8,2,0.01,1.0,age,3.0,,B,analytic,hybrid,False,budget,1.0,cuda,19040280cf6895db,0.1189875,0.5724837998859584,0.9999555506739739,12000,12000,
xor3,transfer_target,915,72,0,512,8,2,0.005,0.03,age,4.0,,B,analytic,hybrid,False,budget,0.03,cuda,192f134d177a72dd,0.1446375,0.843994100112468,0.9999999999992191,12000,12000,
xor3,transfer_target,915,72,0,512,8,2,0.04,0.03,age,4.0,,B,analytic,hybrid,False,budget,0.03,cuda,19ab8bed7628bddc,0.24789375000000002,0.9397546001709998,0.9453064264076342,12000,12000,
xor3,transfer_target,914,71,0,512,8,2,0.004,1.0,age,2.0,,B,analytic,hybrid,False,budget,1.0,cuda,19bc1fe9b0505c29,0.10304375,0.5853579000104219,0.9999999648624576,12000,12000,
xor3,transfer_target,915,72,0,512,8,2,0.0015,0.03,age,4.0,,B,analytic,hybrid,False,budget,0.03,cuda,19d2c1650f01cf93,0.10296249999999998,0.6383730999950785,1.0,12000,12000,
xor3,transfer_target,915,72,0,512,8,2,0.003,1.0,age,1.0,,B,analytic,hybrid,False,budget,1.0,cuda,1ab25b083ee6912a,0.1354125,0.6446474999829661,0.9999864837985184,12000,12000,
xor3,transfer_target,913,70,0,512,8,2,0.00025,0.18,age,0.0,,B,analytic,hybrid,False,budget,0.18,cuda,1b10f1e0fc595fde,0.24609374999999997,0.6277306999836583,0.0,12000,12000,
xor3,transfer_target,911,71,0,512,8,2,0.08,0.03,age,3.0,,B,analytic,hybrid,False,budget,0.03,cuda,1b213684f8b5c1a1,0.57421875,0.8375779001507908,0.5847449057501767,12000,12000,
xor3,transfer_target,910,70,0,512,8,2,0.003,0.18,age,0.0,,B,analytic,hybrid,False,budget,0.18,cuda,1b58efc9d3e3f713,0.16665,0.5700494999764487,0.0,12000,12000,
xor3,transfer_target,915,72,0,512,8,2,0.01,1.0,age,1.0,,B,analytic,hybrid,False,budget,1.0,cuda,1b76fc3cc7805903,0.11145625,1.1525673000141978,0.9453064264076342,12000,12000,
xor3,transfer_target,910,70,0,512,8,2,0.08,0.18,age,0.0,,B,analytic,hybrid,False,budget,0.18,cuda,1ba5638019ef2ff2,0.923275,0.5802820000099018,0.0,12000,12000,
xor3,transfer_target,912,72,0,512,8,2,0.0015,0.03,age,0.0,,B,analytic,hybrid,False,budget,0.03,cuda,1bb5142c4b9c482e,0.24358749999999996,0.5772541000042111,0.0,12000,12000,
xor3,transfer_target,911,71,0,512,8,2,0.0015,0.18,age,2.0,,B,analytic,hybrid,False,budget,0.18,cuda,1bdd801ebbde7e29,0.09123125,0.5564239000086673,1.0,12000,12000,
xor3,transfer_target,910,70,0,512,8,2,0.01,0.03,age,3.0,,B,analytic,hybrid,False,budget,0.03,cuda,1c0dac317b99a832,0.11524375,0.7486354999709874,0.9999555506739739,12000,12000,
xor3,transfer_target,914,71,0,512,8,2,0.003,0.03,age,2.0,,B,analytic,hybrid,False,budget,0.03,cuda,1c57dec34bb6840f,0.10483125,0.5973106999881566,0.999999999908655,12000,12000,
xor3,transfer_target,911,71,0,512,8,2,0.004,0.03,age,0.0,,B,analytic,hybrid,False,budget,0.03,cuda,1c97ab24f3e37972,0.1176125,0.5832765999948606,0.0,12000,12000,
xor3,transfer_target,914,71,0,512,8,2,0.002,1.0,age,1.0,,B,analytic,hybrid,False,budget,1.0,cuda,1daac91f0d0a2ce3,0.08993749999999999,0.6028651999949943,0.9999999648624576,12000,12000,
xor3,transfer_target,910,70,0,512,8,2,0.04,0.03,age,4.0,,B,analytic,hybrid,False,budget,0.03,cuda,1dabd0aca5b1d958,0.3481375,0.7382885999977589,0.9453064264076342,12000,12000,
xor3,transfer_target,913,70,0,512,8,2,0.00025,0.18,age,2.0,,B,analytic,hybrid,False,budget,0.18,cuda,1dac742003a0f9c5,0.05468750000000003,0.6373315999808256,1.0,12000,12000,
xor3,transfer_target,910,70,0,512,8,2,0.005,0.18,age,3.0,,B,analytic,hybrid,False,budget,0.18,cuda,1dae9c3afc92b86f,0.08549999999999999,0.7331137000583112,0.9999999990120848,12000,12000,
xor3,transfer_target,914,71,0,512,8,2,0.08,0.03,age,1.0,,B,analytic,hybrid,False,budget,0.03,cuda,1e1a3f114a15417e,0.37145625,1.0452723000198603,0.2195795200967781,12000,12000,
xor3,transfer_target,913,70,0,512,8,2,0.00025,0.03,age,3.0,,B,analytic,hybrid,False,budget,0.03,cuda,1e24dfb275b94e1f,0.08991249999999998,0.6145775000040885,1.0,12000,12000,
xor3,transfer_target,914,71,0,512,8,2,0.0015,1.0,age,3.0,,B,analytic,hybrid,False,budget,1.0,cuda,1e3b84501dfd621b,0.08993749999999999,0.6106614999880549,1.0,12000,12000,
xor3,transfer_target,914,71,0,512,8,2,0.02,0.03,age,3.0,,B,analytic,hybrid,False,budget,0.03,cuda,1e728c3531722cac,0.1509875,0.6663171998225152,0.9906155287954753,12000,12000,
xor3,transfer_target,915,72,0,512,8,2,0.0005,0.18,age,4.0,,B,analytic,hybrid,False,budget,0.18,cuda,1f5be64c6d1f85f0,0.04114375000000001,0.6610328999813646,1.0,12000,12000,
xor3,transfer_target,915,72,0,512,8,2,0.002,1.0,age,0.0,,B,analytic,hybrid,False,budget,1.0,cuda,1fa512cfe47e4459,0.0925375,0.7232135999947786,0.0,12000,12000,
xor3,transfer_target,913,70,0,512,8,2,0.0015,0.03,age,0.0,,B,analytic,hybrid,False,budget,0.03,cuda,1fbabf4a902b5827,0.11078750000000001,0.5154329999932088,0.0,12000,12000,
xor3,transfer_target,912,72,0,512,8,2,0.0015,0.18,age,2.0,,B,analytic,hybrid,False,budget,0.18,cuda,1fc41166e41541a1,0.04828750000000001,0.5473425000091083,1.0,12000,12000,
xor3,transfer_target,915,72,0,512,8,2,0.01,1.0,age,4.0,,B,analytic,hybrid,False,budget,1.0,cuda,1ff2f4270748c50e,0.10226874999999999,0.8596665998920798,0.999998750250879,12000,12000,
xor3,transfer_target,912,72,0,512,8,2,0.0015,0.03,age,3.0,,B,analytic,hybrid,False,budget,0.03,cuda,1ff8adf5a6da9109,0.11357500000000001,0.5761813000135589,1.0,12000,12000,
xor3,transfer_target,913,70,0,512,8,2,0.08,0.18,age,2.0,,B,analytic,hybrid,False,budget,0.18,cuda,2023e1394082f803,0.3966375,0.6119062001816928,0.41895886892929807,12000,12000,
xor3,transfer_target,911,71,0,512,8,2,0.01,0.03,age,3.0,,B,analytic,hybrid,False,budget,0.03,cuda,2052b72632625463,0.1608,0.7933766001369804,0.9999555506739739,12000,12000,
xor3,transfer_target,913,70,0,512,8,2,0.04,0.18,age,1.0,,B,analytic,hybrid,False,budget,0.18,cuda,20df0c5e344df09b,0.20226875000000002,0.5428975999820977,0.41895886892929807,12000,12000,
xor3,transfer_target,911,71,0,512,8,2,0.001,1.0,age,2.0,,B,analytic,hybrid,False,budget,1.0,cuda,20e168bddef305cb,0.051674999999999985,0.6175339999899734,1.0,12000,12000,
xor3,transfer_target,912,72,0,512,8,2,0.01,0.03,age,1.0,,B,analytic,hybrid,False,budget,0.03,cuda,220a432bc66726e1,0.11746875000000001,0.7569817001931369,0.9453064264076342,12000,12000,
xor3,transfer_target,913,70,0,512,8,2,0.00025,1.0,age,2.0,,B,analytic,hybrid,False,budget,1.0,cuda,22563b8e6e59e4fb,0.08081875000000002,0.6563520999916364,1.0,12000,12000,
xor3,transfer_target,912,72,0,512,8,2,0.08,0.18,age,0.0,,B,analytic,hybrid,False,budget,0.18,cuda,2262c5f7ec018041,0.95121875,0.5544187999912538,0.0,12000,12000,
xor3,transfer_target,912,72,0,512,8,2,0.0005,0.03,age,0.0,,B,analytic,hybrid,False,budget,0.03,cuda,2279f6b66a4c0390,0.2245625,0.6093928999907803,0.0,12000,12000,
xor3,transfer_target,911,71,0,512,8,2,0.003,0.18,age,0.0,,B,analytic,hybrid,False,budget,0.18,cuda,22e22ea754b7d5d8,0.23506875,0.5954811999981757,0.0,12000,12000,
xor3,transfer_target,915,72,0,512,8,2,0.004,0.18,age,4.0,,B,analytic,hybrid,False,budget,0.18,cuda,2335de7cbd43b8d0,0.08933750000000001,0.603750400012359,0.9999999999999993,12000,12000,
xor3,transfer_target,915,72,0,512,8,2,0.0005,0.18,age,1.0,,B,analytic,hybrid,False,budget,0.18,cuda,236b370f99a0c42a,0.04114375000000001,0.6871890999900643,1.0,12000,12000,
xor3,transfer_target,911,71,0,512,8,2,0.00025,0.03,age,4.0,,B,analytic,hybrid,False,budget,0.03,cuda,238610247f8c7cd1,0.17173125,0.6278160000219941,1.0,12000,12000,
xor3,transfer_target,914,71,0,512,8,2,0.08,1.0,age,0.0,,B,analytic,hybrid,False,budget,1.0,cuda,2396a8f5b63fc525,0.8076749999999999,0.5779166000138503,0.0,12000,12000,
xor3,transfer_target,914,71,0,512,8,2,0.005,0.03,age,3.0,,B,analytic,hybrid,False,budget,0.03,cuda,240e977e4b89f089,0.12955,0.9329650001600385,0.9999999990120848,12000,12000,
xor3,transfer_target,911,71,0,512,8,2,0.08,0.18,age,0.0,,B,analytic,hybrid,False,budget,0.18,cuda,244912897690e640,0.7778,0.5663903999957256,0.0,12000,12000,
xor3,transfer_target,911,71,0,512,8,2,0.02,1.0,age,2.0,,B,analytic,hybrid,False,budget,1.0,cuda,2456593ff71578d3,0.18767499999999998,0.9467438000719994,0.9453064264076342,12000,12000,
xor3,transfer_target,912,72,0,512,8,2,0.0015,1.0,age,0.0,,B,analytic,hybrid,False,budget,1.0,cuda,24a49625aa8601d0,0.24358749999999996,0.593501199997263,0.0,12000,12000,
xor3,transfer_target,913,70,0,512,8,2,0.08,1.0,age,3.0,,B,analytic,hybrid,False,budget,1.0,cuda,2527ab0c02a7024a,0.48330625000000005,0.5721052999142557,0.5847449057501767,12000,12000,
xor3,transfer_target,914,71,0,512,8,2,0.00025,0.03,age,2.0,,B,analytic,hybrid,False,budget,0.03,cuda,252bb9649406495d,0.12590625,0.632515000004787,1.0,12000,12000,
xor3,transfer_target,910,70,0,512,8,2,0.003,1.0,age,2.0,,B,analytic,hybrid,False,budget,1.0,cuda,25616c7af793e68a,0.10164375,0.6012012999854051,0.999999999908655,12000,12000,
xor3,transfer_target,912,72,0,512,8,2,0.02,0.03,age,3.0,,B,analytic,hybrid,False,budget,0.03,cuda,256a4eb0d6592166,0.08374999999999999,0.5937638999894261,0.9906155287954753,12000,12000,
xor3,transfer_target,910,70,0,512,8,2,0.005,0.18,age,0.0,,B,analytic,hybrid,False,budget,0.18,cuda,2575c82dd17934db,0.1850875,0.5816151999752037,0.0,12000,12000,
xor3,transfer_target,911,71,0,512,8,2,0.02,0.18,age,0.0,,B,analytic,hybrid,False,budget,0.18,cuda,25a71c8eabcd04c1,0.244425,0.5805390999885276,0.0,12000,12000,
xor3,transfer_target,913,70,0,512,8,2,0.0005,0.18,age,2.0,,B,analytic,hybrid,False,budget,0.18,cuda,26854c3798b8acd0,0.05468750000000003,0.6689011999987997,1.0,12000,12000,
xor3,transfer_target,911,71,0,512,8,2,0.00025,0.03,age,3.0,,B,analytic,hybrid,False,budget,0.03,cuda,268d2fd36a5e3236,0.17173125,0.6499093000020366,1.0,12000,12000,
xor3,transfer_target,913,70,0,512,8,2,0.003,0.18,age,1.0,,B,analytic,hybrid,False,budget,0.18,cuda,26dcc1892d58c40a,0.07260625000000001,0.5985599999839906,0.9999864837985184,12000,12000,
xor3,transfer_target,912,72,0,512,8,2,0.002,1.0,age,0.0,,B,analytic,hybrid,False,budget,1.0,cuda,27661912f353ec0c,0.24358749999999996,0.5900393000047188,0.0,12000,12000,
xor3,transfer_target,914,71,0,512,8,2,0.0005,0.03,age,2.0,,B,analytic,hybrid,False,budget,0.03,cuda,27f8bc8b1964f8f7,0.12590625,0.6807902000145987,1.0,12000,12000,
xor3,transfer_target,911,71,0,512,8,2,0.002,0.18,age,1.0,,B,analytic,hybrid,False,budget,0.18,cuda,280a1b7e3107ff57,0.09123125,0.5849298000102863,0.9999999648624576,12000,12000,
xor3,transfer_target,914,71,0,512,8,2,0.01,1.0,age,3.0,,B,analytic,hybrid,False,budget,1.0,cuda,2817414d107b0443,0.11628125000000002,0.6880926999729127,0.9999555506739739,12000,12000,
xor3,transfer_target,914,71,0,512,8,2,0.004,0.03,age,1.0,,B,analytic,hybrid,False,budget,0.03,cuda,28444801d5b9c40a,0.1292125,0.6001493999792729,0.9997349406477949,12000,12000,
xor3,transfer_target,913,70,0,512,8,2,0.01,0.03,age,3.0,,B,analytic,hybrid,False,budget,0.03,cuda,2861650e6766cb23,0.1275625,0.635446600150317,0.9999555506739739,12000,12000,
xor3,transfer_target,911,71,0,512,8,2,0.002,0.03,age,0.0,,B,analytic,hybrid,False,budget,0.03,cuda,288110382dcab587,0.23506875,0.5958643000049051,0.0,12000,12000,
xor3,transfer_target,910,70,0,512,8,2,0.0015,1.0,age,2.0,,B,analytic,hybrid,False,budget,1.0,cuda,28d961db9514afd5,0.14709375,0.5756127999920864,1.0,12000,12000,
xor3,transfer_target,914,71,0,512,8,2,0.0015,0.18,age,2.0,,B,analytic,hybrid,False,budget,0.18,cuda,2906c14f7ac10472,0.08658125000000001,0.5643152999982703,1.0,12000,12000,
xor3,transfer_target,913,70,0,512,8,2,0.004,0.18,age,1.0,,B,analytic,hybrid,False,budget,0.18,cuda,293baa0d1788fdc0,0.08380625,0.5898110000125598,0.9997349406477949,12000,12000,
xor3,transfer_target,913,70,0,512,8,2,0.04,0.03,age,2.0,,B,analytic,hybrid,False,budget,0.03,cuda,2997b3ed92fa39d5,0.1614125,0.5804976001381874,0.7128020625030799,12000,12000,
xor3,transfer_target,913,70,0,512,8,2,0.02,0.18,age,2.0,,B,analytic,hybrid,False,budget,0.18,cuda,29b57aee10c9f740,0.09481874999999998,0.5660010001156479,0.9453064264076342,12000,12000,
xor3,transfer_target,910,70,0,512,8,2,0.0015,0.18,age,0.0,,B,analytic,hybrid,False,budget,0.18,cuda,2aa4788880e1179e,0.16665,0.5883536000037566,0.0,12000,12000,
xor3,transfer_target,914,71,0,512,8,2,0.0,1.0,age,1.0,,B,global,hybrid,False,budget,1.0,cuda,2abd19334bcb2b99,0.14829375,0.43314959993585944,1.0,12000,12000,True
xor3,transfer_target,912,72,0,512,8,2,0.0015,1.0,age,2.0,,B,analytic,hybrid,False,budget,1.0,cuda,2ad1bc323d00a539,0.08621875000000001,0.6284582000225782,1.0,12000,12000,
xor3,transfer_target,912,72,0,512,8,2,0.001,1.0,age,4.0,,B,analytic,hybrid,False,budget,1.0,cuda,2ae26aa3b2024424,0.08621875000000001,0.606963900005212,1.0,12000,12000,
xor3,transfer_target,911,71,0,512,8,2,0.005,0.18,age,1.0,,B,analytic,hybrid,False,budget,0.18,cuda,2aef748ea2279ee2,0.0668625,0.8257742000278085,0.9984202681165271,12000,12000,
xor3,transfer_target,913,70,0,512,8,2,0.04,0.03,age,1.0,,B,analytic,hybrid,False,budget,0.03,cuda,2b08cb782415c0cb,0.12349374999999999,0.5673783000092953,0.41895886892929807,12000,12000,
xor3,transfer_target,914,71,0,512,8,2,0.005,0.18,age,1.0,,B,analytic,hybrid,False,budget,0.18,cuda,2b45034850893b02,0.08770000000000001,0.8478604999836534,0.9984202681165271,12000,12000,
xor3,transfer_target,911,71,0,512,8,2,0.00025,1.0,age,0.0,,B,analytic,hybrid,False,budget,1.0,cuda,2ba860b0ef529fc8,0.26108125,0.65612259999034,0.0,12000,12000,
xor3,transfer_target,912,72,0,512,8,2,0.04,0.18,age,4.0,,B,analytic,hybrid,False,budget,0.18,cuda,2c3ab559ffdd734a,0.12738750000000001,0.8619194999337196,0.9453064264076342,12000,12000,
xor3,transfer_target,912,72,0,512,8,2,0.001,1.0,age,3.0,,B,analytic,hybrid,False,budget,1.0,cuda,2c4f5b6f862a7bc5,0.08621875000000001,0.6128405000199564,1.0,12000,12000,
xor3,transfer_target,912,72,0,512,8,2,0.001,1.0,age,1.0,,B,analytic,hybrid,False,budget,1.0,cuda,2c6dee95bbdfe137,0.08621875000000001,0.6311598000174854,0.9999999999999993,12000,12000,
xor3,transfer_target,915,72,0,512,8,2,0.003,0.18,age,1.0,,B,analytic,hybrid,False,budget,0.18,cuda,2d04ad4c8a307005,0.04756874999999999,0.5934367999725509,0.9999864837985184,12000,12000,
xor3,transfer_target,913,70,0,512,8,2,0.08,1.0,age,0.0,,B,analytic,hybrid,False,budget,1.0,cuda,2d6065f385573d1e,0.78085,0.583586099994136,0.0,12000,12000,
xor3,transfer_target,915,72,0,512,8,2,0.04,1.0,age,2.0,,B,analytic,hybrid,False,budget,1.0,cuda,2da8e6d4d13bc506,0.5503687500000001,0.8867546999827027,0.7128020625030799,12000,12000,
xor3,transfer_target,915,72,0,512,8,2,0.0005,1.0,age,4.0,,B,analytic,hybrid,False,budget,1.0,cuda,2dbe27b4971be214,0.09104375,0.8401463000045624,1.0,12000,12000,
xor3,transfer_target,910,70,0,512,8,2,0.0005,0.18,age,1.0,,B,analytic,hybrid,False,budget,0.18,cuda,2dc2b6a630b1709e,0.06726249999999998,0.6541182000073604,1.0,12000,12000,
xor3,transfer_target,910,70,0,512,8,2,0.0015,0.03,age,1.0,,B,analytic,hybrid,False,budget,0.03,cuda,2de4d20d24804980,0.13329374999999996,0.5735852000070736,0.999999999908655,12000,12000,
xor3,transfer_target,914,71,0,512,8,2,0.003,0.03,age,3.0,,B,analytic,hybrid,False,budget,0.03,cuda,2e58e625589ac70a,0.10483125,0.5950756999955047,0.9999999999999993,12000,12000,
xor3,transfer_target,910,70,0,512,8,2,0.002,1.0,age,3.0,,B,analytic,hybrid,False,budget,1.0,cuda,2e5cefb593750d04,0.14709375,0.577432400023099,1.0,12000,12000,
xor3,transfer_target,911,71,0,512,8,2,0.01,0.18,age,2.0,,B,analytic,hybrid,False,budget,0.18,cuda,2e9c9a9ff591fcbd,0.0883375,0.7159474000800401,0.9984202681165271,12000,12000,
xor3,transfer_target,914,71,0,512,8,2,0.001,0.03,age,0.0,,B,analytic,hybrid,False,budget,0.03,cuda,2ea8b83fedc5c9be,0.21343125000000002,0.6125342000159435,0.0,12000,12000,
xor3,transfer_target,913,70,0,512,8,2,0.003,0.03,age,0.0,,B,analytic,hybrid,False,budget,0.03,cuda,2eaba3f114bb76a2,0.11078750000000001,0.5627606000052765,0.0,12000,12000,
xor3,transfer_target,915,72,0,512,8,2,0.01,0.18,age,3.0,,B,analytic,hybrid,False,budget,0.18,cuda,2eae922c478c7038,0.07681874999999999,0.8397117999847978,0.9999555506739739,12000,12000,
xor3,transfer_target,915,72,0,512,8,2,0.01,0.18,age,4.0,,B,analytic,hybrid,False,budget,0.18,cuda,2eb1914e8605d113,0.09793750000000001,0.9028890000190586,0.999998750250879,12000,12000,
xor3,transfer_target,915,72,0,512,8,2,0.00025,0.18,age,2.0,,B,analytic,hybrid,False,budget,0.18,cuda,2ec2ac845371a93e,0.04114375000000001,0.6291788000089582,1.0,12000,12000,
xor3,transfer_target,912,72,0,512,8,2,0.003,0.03,age,2.0,,B,analytic,hybrid,False,budget,0.03,cuda,2ecc00e58a7a4add,0.09964375,0.6245482999947853,0.999999999908655,12000,12000,
xor3,transfer_target,912,72,0,512,8,2,0.01,1.0,age,4.0,,B,analytic,hybrid,False,budget,1.0,cuda,2f8820f8dd4c43f7,0.10186875000000001,0.8690394998993725,0.999998750250879,12000,12000,
xor3,transfer_target,912,72,0,512,8,2,0.04,0.03,age,0.0,,B,analytic,hybrid,False,budget,0.03,cuda,2f960061ff7e9b1a,0.66065,0.5733499999914784,0.0,12000,12000,
xor3,transfer_target,913,70,0,512,8,2,0.00025,1.0,age,3.0,,B,analytic,hybrid,False,budget,1.0,cuda,2fcd7ca2fcfb754c,0.08081875000000002,0.6601580000133254,1.0,12000,12000,
xor3,transfer_target,915,72,0,512,8,2,0.0,1.0,age,1.0,,B,global,hybrid,False,budget,1.0,cuda,2fd0902a9698d955,0.15934374999999998,0.2932853999081999,1.0,12000,12000,True
xor3,transfer_target,914,71,0,512,8,2,0.005,0.18,age,4.0,,B,analytic,hybrid,False,budget,0.18,cuda,3023f79df3e46b2b,0.0903,0.8443759998772293,0.9999999999992191,12000,12000,
xor3,transfer_target,914,71,0,512,8,2,0.01,0.03,age,1.0,,B,analytic,hybrid,False,budget,0.03,cuda,304a49cee2171f13,0.08292499999999998,0.7251140000298619,0.9453064264076342,12000,12000,
xor3,transfer_target,914,71,0,512,8,2,0.0,0.03,age,1.0,,B,global,hybrid,False,budget,0.03,cuda,311d943c4ed74435,0.143625,0.43192830006591976,1.0,12000,12000,True
xor3,transfer_target,912,72,0,512,8,2,0.0015,1.0,age,4.0,,B,analytic,hybrid,False,budget,1.0,cuda,31a656d521c1c22a,0.08621875000000001,0.592968299984932,1.0,12000,12000,
xor3,transfer_target,912,72,0,512,8,2,0.001,0.18,age,3.0,,B,analytic,hybrid,False,budget,0.18,cuda,31c6e33cf281aa0b,0.04828750000000001,0.608214699983364,1.0,12000,12000,
xor3,transfer_target,910,70,0,512,8,2,0.0015,1.0,age,0.0,,B,analytic,hybrid,False,budget,1.0,cuda,3208df2f775ed024,0.16665,0.6056731000135187,0.0,12000,12000,
xor3,transfer_target,915,72,0,512,8,2,0.04,0.18,age,1.0,,B,analytic,hybrid,False,budget,0.18,cuda,320b4d7b88098eff,0.3575625,0.848721600137651,0.41895886892929807,12000,12000,
xor3,transfer_target,914,71,0,512,8,2,0.005,0.18,age,2.0,,B,analytic,hybrid,False,budget,0.18,cuda,32824b3bebff3062,0.0903,1.3229179999325424,0.999998750250879,12000,12000,
xor3,transfer_target,911,71,0,512,8,2,0.04,0.18,age,1.0,,B,analytic,hybrid,False,budget,0.18,cuda,32a6ac916090eb82,0.1836875,0.6695385000202805,0.41895886892929807,12000,12000,
xor3,transfer_target,915,72,0,512,8,2,0.004,1.0,age,2.0,,B,analytic,hybrid,False,budget,1.0,cuda,32c9fd463e574239,0.10226874999999999,0.5791053999855649,0.9999999648624576,12000,12000,
xor3,transfer_target,911,71,0,512,8,2,0.01,1.0,age,4.0,,B,analytic,hybrid,False,budget,1.0,cuda,33059add2046ae6a,0.07068750000000003,1.061406800057739,0.999998750250879,12000,12000,
xor3,transfer_target,913,70,0,512,8,2,0.08,0.03,age,0.0,,B,analytic,hybrid,False,budget,0.03,cuda,33093491b91b301f,0.78085,0.5651997000095434,0.0,12000,12000,
xor3,transfer_target,914,71,0,512,8,2,0.001,0.18,age,1.0,,B,analytic,hybrid,False,budget,0.18,cuda,3421052aefa32c55,0.08658125000000001,0.6512340999906883,0.9999999999999993,12000,12000,
xor3,transfer_target,913,70,0,512,8,2,0.004,1.0,age,4.0,,B,analytic,hybrid,False,budget,1.0,cuda,34470946b56bd692,0.0817125,0.5965022000018507,0.9999999999999993,12000,12000,
xor3,transfer_target,915,72,0,512,8,2,0.001,1.0,age,0.0,,B,analytic,hybrid,False,budget,1.0,cuda,34e7962ddb7a3b95,0.11708125000000003,0.7676947000145447,0.0,12000,12000,
xor3,transfer_target,910,70,0,512,8,2,0.005,1.0,age,4.0,,B,analytic,hybrid,False,budget,1.0,cuda,34f90edae4e1a78c,0.10764375000000001,0.7439383000601083,0.9999999999992191,12000,12000,
xor3,transfer_target,914,71,0,512,8,2,0.0005,1.0,age,0.0,,B,analytic,hybrid,False,budget,1.0,cuda,3566538b5d074653,0.22584375,0.647821999998996,0.0,12000,12000,
xor3,transfer_target,911,71,0,512,8,2,0.004,1.0,age,0.0,,B,analytic,hybrid,False,budget,1.0,cuda,36040da80206338e,0.1176125,0.572567999974126,0.0,12000,12000,
xor3,transfer_target,914,71,0,512,8,2,0.003,1.0,age,2.0,,B,analytic,hybrid,False,budget,1.0,cuda,361a9c8d0df9f3e8,0.1067125,0.6297246000031009,0.999999999908655,12000,12000,
xor3,transfer_target,910,70,0,512,8,2,0.002,0.03,age,2.0,,B,analytic,hybrid,False,budget,0.03,cuda,36324ec49a09f929,0.13329374999999996,0.5504653999814764,0.9999999999999993,12000,12000,
xor3,transfer_target,914,71,0,512,8,2,0.004,0.03,age,0.0,,B,analytic,hybrid,False,budget,0.03,cuda,3635017c23eb798c,0.1821375,0.5901695000065956,0.0,12000,12000,
xor3,transfer_target,913,70,0,512,8,2,0.003,0.18,age,3.0,,B,analytic,hybrid,False,budget,0.18,cuda,366980aa6d1b56de,0.08861875,0.5839351000031456,0.9999999999999993,12000,12000,
xor3,transfer_target,915,72,0,512,8,2,0.04,0.03,age,1.0,,B,analytic,hybrid,False,budget,0.03,cuda,36915f497fa30775,0.11577500000000002,0.713903000112623,0.41895886892929807,12000,12000,
xor3,transfer_target,910,70,0,512,8,2,0.002,0.03,age,3.0,,B,analytic,hybrid,False,budget,0.03,cuda,36d7dbf5eac9a9d9,0.13329374999999996,0.5509455999999773,1.0,12000,12000,
xor3,transfer_target,911,71,0,512,8,2,0.002,1.0,age,4.0,,B,analytic,hybrid,False,budget,1.0,cuda,37334e131486d71a,0.051674999999999985,0.5872709999966901,1.0,12000,12000,
xor3,transfer_target,914,71,0,512,8,2,0.04,0.03,age,3.0,,B,analytic,hybrid,False,budget,0.03,cuda,3741b8b30e7e2ec8,0.23546875,1.0244390000589192,0.8715005778382128,12000,12000,
xor3,transfer_target,915,72,0,512,8,2,0.003,1.0,age,4.0,,B,analytic,hybrid,False,budget,1.0,cuda,376e530ffa13be82,0.09413749999999999,0.654416500008665,1.0,12000,12000,
xor3,transfer_target,912,72,0,512,8,2,0.003,0.18,age,4.0,,B,analytic,hybrid,False,budget,0.18,cuda,3784c7f97a5825eb,0.06959375000000001,0.5361888000043109,1.0,12000,12000,
xor3,transfer_target,911,71,0,512,8,2,0.04,0.03,age,0.0,,B,analytic,hybrid,False,budget,0.03,cuda,37f8ec8eb2144b49,0.53573125,0.5864531999977771,0.0,12000,12000,
xor3,transfer_target,912,72,0,512,8,2,0.003,0.18,age,1.0,,B,analytic,hybrid,False,budget,0.18,cuda,384aba77064b48df,0.07240624999999998,0.5369444000243675,0.9999864837985184,12000,12000,
xor3,transfer_target,915,72,0,512,8,2,0.001,1.0,age,4.0,,B,analytic,hybrid,False,budget,1.0,cuda,3867eae67d070ffd,0.09104375,0.7432172000117134,1.0,12000,12000,
xor3,transfer_target,912,72,0,512,8,2,0.005,0.03,age,2.0,,B,analytic,hybrid,False,budget,0.03,cuda,38a21f3982ed530b,0.0985375,0.8031118998769671,0.999998750250879,12000,12000,
xor3,transfer_target,915,72,0,512,8,2,0.005,0.03,age,1.0,,B,analytic,hybrid,False,budget,0.03,cuda,38f744ca59fa9bdb,0.09464375000000003,0.8383136000484228,0.9984202681165271,12000,12000,
xor3,transfer_target,911,71,0,512,8,2,0.04,0.18,age,4.0,,B,analytic,hybrid,False,budget,0.18,cuda,390f2c9e42d08a39,0.12777499999999997,0.8667759001255035,0.9453064264076342,12000,12000,
xor3,transfer_target,914,71,0,512,8,2,0.0005,0.18,age,0.0,,B,analytic,hybrid,False,budget,0.18,cuda,391f616844750857,0.22584375,0.6504089999943972,0.0,12000,12000,
xor3,transfer_target,913,70,0,512,8,2,0.00025,0.18,age,1.0,,B,analytic,hybrid,False,budget,0.18,cuda,3928021cca6ae86a,0.05468750000000003,0.639109500014456,1.0,12000,12000,
xor3,transfer_target,915,72,0,512,8,2,0.004,0.18,age,3.0,,B,analytic,hybrid,False,budget,0.18,cuda,3937e65be0d22c0e,0.08933750000000001,0.5906402999826241,0.9999999999953426,12000,12000,
xor3,transfer_target,911,71,0,512,8,2,0.08,0.18,age,1.0,,B,analytic,hybrid,False,budget,0.18,cuda,39520c88baa6179d,0.50226875,0.8546815998852253,0.2195795200967781,12000,12000,
xor3,transfer_target,912,72,0,512,8,2,0.005,0.03,age,1.0,,B,analytic,hybrid,False,budget,0.03,cuda,39a99a7f00ec2bdb,0.10585625000000001,0.8102820001076907,0.9984202681165271,12000,12000,
xor3,transfer_target,912,72,0,512,8,2,0.002,0.03,age,1.0,,B,analytic,hybrid,False,budget,0.03,cuda,39aecf5bacf58e3f,0.11357500000000001,0.6066941000171937,0.9999999648624576,12000,12000,
xor3,transfer_target,913,70,0,512,8,2,0.005,0.03,age,1.0,,B,analytic,hybrid,False,budget,0.03,cuda,39c95bffc3b06f8e,0.08251249999999996,0.6034188000485301,0.9984202681165271,12000,12000,
xor3,transfer_target,910,70,0,512,8,2,0.003,1.0,age,3.0,,B,analytic,hybrid,False,budget,1.0,cuda,3a189a8ba60e13a5,0.10164375,0.5930974000075366,0.9999999999999993,12000,12000,
xor3,transfer_target,912,72,0,512,8,2,0.0005,1.0,age,3.0,,B,analytic,hybrid,False,budget,1.0,cuda,3a4bbd46f0676f47,0.08621875000000001,0.6675502999860328,1.0,12000,12000,
xor3,transfer_target,914,71,0,512,8,2,0.08,1.0,age,1.0,,B,analytic,hybrid,False,budget,1.0,cuda,3a5867561c890f7a,0.69040625,0.7790346001274884,0.2195795200967781,12000,12000,
xor3,transfer_target,911,71,0,512,8,2,0.005,0.03,age,1.0,,B,analytic,hybrid,False,budget,0.03,cuda,3a9de7ebc9cd2a71,0.12955,0.8882768999319524,0.9984202681165271,12000,12000,
xor3,transfer_target,911,71,0,512,8,2,0.01,0.03,age,2.0,,B,analytic,hybrid,False,budget,0.03,cuda,3aa3f181958e65ac,0.1017125,0.7895960998721421,0.9984202681165271,12000,12000,
xor3,transfer_target,913,70,0,512,8,2,0.001,0.18,age,2.0,,B,analytic,hybrid,False,budget,0.18,cuda,3ae38bd08d487f0b,0.05468750000000003,0.6270737999875564,1.0,12000,12000,
xor3,transfer_target,910,70,0,512,8,2,0.02,1.0,age,3.0,,B,analytic,hybrid,False,budget,1.0,cuda,3b2ab9bcfa417065,0.16446249999999998,0.5668796000536531,0.9906155287954753,12000,12000,
xor3,transfer_target,912,72,0,512,8,2,0.04,0.03,age,1.0,,B,analytic,hybrid,False,budget,0.03,cuda,3b6901936e8940ab,0.0877625,0.607471999945119,0.41895886892929807,12000,12000,
xor3,transfer_target,911,71,0,512,8,2,0.02,0.18,age,3.0,,B,analytic,hybrid,False,budget,0.18,cuda,3bbb4d77abbf16df,0.0949375,0.6652865000069141,0.9906155287954753,12000,12000,
xor3,transfer_target,911,71,0,512,8,2,0.0015,0.18,age,1.0,,B,analytic,hybrid,False,budget,0.18,cuda,3bc53b6643ced7cc,0.09123125,0.5715460999927018,0.999999999908655,12000,12000,
xor3,transfer_target,911,71,0,512,8,2,0.00025,0.03,age,0.0,,B,analytic,hybrid,False,budget,0.03,cuda,3be4646c9da56854,0.26108125,0.6471856000134721,0.0,12000,12000,
xor3,transfer_target,913,70,0,512,8,2,0.0,1.0,age,1.0,,B,global,hybrid,False,budget,1.0,cuda,3bfa5d93423df553,0.10183125000000001,0.4376060999929905,1.0,12000,12000,True
xor3,transfer_target,914,71,0,512,8,2,0.004,0.18,age,1.0,,B,analytic,hybrid,False,budget,0.18,cuda,3c402037480709db,0.08411249999999999,0.5993503000063356,0.9997349406477949,12000,12000,
xor3,transfer_target,910,70,0,512,8,2,0.01,1.0,age,4.0,,B,analytic,hybrid,False,budget,1.0,cuda,3c44f609310afa3d,0.15674375,0.5815872999373823,0.999998750250879,12000,12000,
xor3,transfer_target,914,71,0,512,8,2,0.005,0.03,age,0.0,,B,analytic,hybrid,False,budget,0.03,cuda,3c4ab5101d02f9c2,0.20341874999999998,0.5713936999964062,0.0,12000,12000,
xor3,transfer_target,915,72,0,512,8,2,0.0015,1.0,age,3.0,,B,analytic,hybrid,False,budget,1.0,cuda,3c5e057599412e6d,0.09104375,0.7120029000216164,1.0,12000,12000,
xor3,transfer_target,913,70,0,512,8,2,0.08,0.18,age,3.0,,B,analytic,hybrid,False,budget,0.18,cuda,3c73c7fdbce705bd,0.390625,0.6683190001640469,0.5847449057501767,12000,12000,
xor3,transfer_target,915,72,0,512,8,2,0.04,1.0,age,4.0,,B,analytic,hybrid,False,budget,1.0,cuda,3ccf08d6faafc7e2,0.20272500000000002,0.8991195000708103,0.9453064264076342,12000,12000,
xor3,transfer_target,911,71,0,512,8,2,0.08,1.0,age,0.0,,B,analytic,hybrid,False,budget,1.0,cuda,3cf26e26e202b74c,0.7778,0.5664646000077482,0.0,12000,12000,
xor3,transfer_target,912,72,0,512,8,2,0.00025,1.0,age,0.0,,B,analytic,hybrid,False,budget,1.0,cuda,3d41c18a653f4390,0.2245625,0.6414957000233699,0.0,12000,12000,
xor3,transfer_target,911,71,0,512,8,2,0.005,0.03,age,4.0,,B,analytic,hybrid,False,budget,0.03,cuda,3da8d1085351d54d,0.13971875,0.8141114001628011,0.9999999999992191,12000,12000,
xor3,transfer_target,913,70,0,512,8,2,0.004,0.03,age,4.0,,B,analytic,hybrid,False,budget,0.03,cuda,3dd8dfa9d7a3e3da,0.12194999999999998,0.5825227999885101,0.9999999999999993,12000,12000,
xor3,transfer_target,914,71,0,512,8,2,0.004,0.03,age,2.0,,B,analytic,hybrid,False,budget,0.03,cuda,3e24b3fb3bef1d9d,0.15263749999999998,0.57366640001419,0.9999999648624576,12000,12000,
xor3,transfer_target,913,70,0,512,8,2,0.02,0.03,age,0.0,,B,analytic,hybrid,False,budget,0.03,cuda,3e723496b0ff6f33,0.21277500000000002,0.5796018000110053,0.0,12000,12000,
xor3,transfer_target,913,70,0,512,8,2,0.01,0.18,age,3.0,,B,analytic,hybrid,False,budget,0.18,cuda,3ee5d4da28ca00ac,0.054062499999999986,0.6628599998075515,0.9999555506739739,12000,12000,
xor3,transfer_target,911,71,0,512,8,2,0.0015,1.0,age,1.0,,B,analytic,hybrid,False,budget,1.0,cuda,3f5dd36f1c63ad39,0.051674999999999985,0.572555699996883,0.999999999908655,12000,12000,
xor3,transfer_target,913,70,0,512,8,2,0.002,0.03,age,1.0,,B,analytic,hybrid,False,budget,0.03,cuda,3f77cf7ed41b8290,0.08991249999999998,0.5932724000012968,0.9999999648624576,12000,12000,
xor3,transfer_target,910,70,0,512,8,2,0.002,0.18,age,0.0,,B,analytic,hybrid,False,budget,0.18,cuda,3f796b88b4cfbbea,0.16665,0.5691083999990951,0.0,12000,12000,
xor3,transfer_target,912,72,0,512,8,2,0.04,0.03,age,4.0,,B,analytic,hybrid,False,budget,0.03,cuda,4017ae7583b20639,0.27734375,0.6902630999684334,0.9453064264076342,12000,12000,
xor3,transfer_target,914,71,0,512,8,2,0.01,0.18,age,1.0,,B,analytic,hybrid,False,budget,0.18,cuda,40369a89108feb97,0.0668625,0.8538589000236243,0.9453064264076342,12000,12000,
xor3,transfer_target,913,70,0,512,8,2,0.04,0.18,age,2.0,,B,analytic,hybrid,False,budget,0.18,cuda,404575958b137a84,0.12929375,0.5598937999457121,0.7128020625030799,12000,12000,
xor3,transfer_target,910,70,0,512,8,2,0.001,0.18,age,2.0,,B,analytic,hybrid,False,budget,0.18,cuda,406fec291c126dd5,0.06726249999999998,0.6293268999725115,1.0,12000,12000,
xor3,transfer_target,913,70,0,512,8,2,0.01,0.03,age,1.0,,B,analytic,hybrid,False,budget,0.03,cuda,4079b1d176dcacd1,0.09914999999999999,0.5865195000078529,0.9453064264076342,12000,12000,
xor3,transfer_target,913,70,0,512,8,2,0.003,1.0,age,1.0,,B,analytic,hybrid,False,budget,1.0,cuda,40be1601f6587036,0.08152499999999999,0.5973649999941699,0.9999864837985184,12000,12000,
xor3,transfer_target,915,72,0,512,8,2,0.0015,0.03,age,0.0,,B,analytic,hybrid,False,budget,0.03,cuda,41208c65330c1d29,0.2842375,0.6018470999842975,0.0,12000,12000,
xor3,transfer_target,912,72,0,512,8,2,0.00025,1.0,age,1.0,,B,analytic,hybrid,False,budget,1.0,cuda,4129e238df5ca28a,0.08621875000000001,0.6456354000256397,1.0,12000,12000,
xor3,transfer_target,911,71,0,512,8,2,0.003,0.03,age,2.0,,B,analytic,hybrid,False,budget,0.03,cuda,4146fd94c8a026ce,0.088125,0.6190640999993775,0.999999999908655,12000,12000,
xor3,transfer_target,911,71,0,512,8,2,0.001,1.0,age,3.0,,B,analytic,hybrid,False,budget,1.0,cuda,41c902385cc7260a,0.051674999999999985,0.6138190999918152,1.0,12000,12000,
xor3,transfer_target,914,71,0,512,8,2,0.0015,0.18,age,3.0,,B,analytic,hybrid,False,budget,0.18,cuda,41d293c12326d44c,0.08658125000000001,0.574501600000076,1.0,12000,12000,
xor3,transfer_target,910,70,0,512,8,2,0.00025,0.18,age,3.0,,B,analytic,hybrid,False,budget,0.18,cuda,41f2b21bd1068d3e,0.06726249999999998,0.6436724999803118,1.0,12000,12000,
xor3,transfer_target,912,72,0,512,8,2,0.04,0.18,age,0.0,,B,analytic,hybrid,False,budget,0.18,cuda,4254a5cdaa27069e,0.66065,0.5588877999980468,0.0,12000,12000,
xor3,transfer_target,913,70,0,512,8,2,0.0015,1.0,age,3.0,,B,analytic,hybrid,False,budget,1.0,cuda,42936b84b61723fe,0.08081875000000002,0.5772826999891549,1.0,12000,12000,
xor3,transfer_target,914,71,0,512,8,2,0.0005,0.03,age,0.0,,B,analytic,hybrid,False,budget,0.03,cuda,42ba571a3574d02b,0.22584375,0.6260811999964062,0.0,12000,12000,
xor3,transfer_target,915,72,0,512,8,2,0.0005,0.03,age,1.0,,B,analytic,hybrid,False,budget,0.03,cuda,42ea1a5ea46580e3,0.10296249999999998,0.662170800002059,1.0,12000,12000,
xor3,transfer_target,910,70,0,512,8,2,0.003,0.18,age,1.0,,B,analytic,hybrid,False,budget,0.18,cuda,42f766cd93de0e75,0.10243125,0.6022973999788519,0.9999864837985184,12000,12000,
xor3,transfer_target,911,71,0,512,8,2,0.08,1.0,age,2.0,,B,analytic,hybrid,False,budget,1.0,cuda,43782df3af1d173a,0.52253125,0.8232569000683725,0.41895886892929807,12000,12000,
xor3,transfer_target,915,72,0,512,8,2,0.0005,0.03,age,0.0,,B,analytic,hybrid,False,budget,0.03,cuda,43d8ef300cdfaa7f,0.17035625000000001,0.6638656000141054,0.0,12000,12000,
xor3,transfer_target,914,71,0,512,8,2,0.005,0.18,age,0.0,,B,analytic,hybrid,False,budget,0.18,cuda,43defbce56a8ae88,0.20341874999999998,0.6051507999945898,0.0,12000,12000,
xor3,transfer_target,911,71,0,512,8,2,0.0015,0.18,age,3.0,,B,analytic,hybrid,False,budget,0.18,cuda,4421951a8235b9b9,0.09123125,0.5867344999860507,1.0,12000,12000,
xor3,transfer_target,915,72,0,512,8,2,0.002,0.18,age,2.0,,B,analytic,hybrid,False,budget,0.18,cuda,44310ec760581a17,0.04114375000000001,0.5697686000203248,0.9999999999999993,12000,12000,
xor3,transfer_target,911,71,0,512,8,2,0.04,1.0,age,1.0,,B,analytic,hybrid,False,budget,1.0,cuda,4466de78010c85cc,0.52534375,0.9114253001753241,0.41895886892929807,12000,12000,
xor3,transfer_target,915,72,0,512,8,2,0.0005,1.0,age,0.0,,B,analytic,hybrid,False,budget,1.0,cuda,4477e7ab352bfdf9,0.17035625000000001,0.6655520999920554,0.0,12000,12000,
xor3,transfer_target,915,72,0,512,8,2,0.004,0.03,age,2.0,,B,analytic,hybrid,False,budget,0.03,cuda,44b145e875aa2c79,0.09555000000000002,0.5682537000102457,0.9999999648624576,12000,12000,
xor3,transfer_target,915,72,0,512,8,2,0.003,0.03,age,2.0,,B,analytic,hybrid,False,budget,0.03,cuda,44f06f9d883d092d,0.1181875,0.621649000007892,0.999999999908655,12000,12000,
xor3,transfer_target,913,70,0,512,8,2,0.00025,0.03,age,4.0,,B,analytic,hybrid,False,budget,0.03,cuda,45209316233a697e,0.08991249999999998,0.6144066999841016,1.0,12000,12000,
xor3,transfer_target,915,72,0,512,8,2,0.08,1.0,age,2.0,,B,analytic,hybrid,False,budget,1.0,cuda,45b78c91eaefa470,0.425675,0.9115821998566389,0.41895886892929807,12000,12000,
xor3,transfer_target,913,70,0,512,8,2,0.005,1.0,age,1.0,,B,analytic,hybrid,False,budget,1.0,cuda,461aae5111ff8d1b,0.13828125,0.5574417000170797,0.9984202681165271,12000,12000,
xor3,transfer_target,915,72,0,512,8,2,0.0015,0.18,age,3.0,,B,analytic,hybrid,False,budget,0.18,cuda,4650fd3d00a4e341,0.04114375000000001,0.580451699992409,1.0,12000,12000,
xor3,transfer_target,913,70,0,512,8,2,0.02,0.18,age,3.0,,B,analytic,hybrid,False,budget,0.18,cuda,466e1914b94c586d,0.06589999999999999,0.5474034999497235,0.9906155287954753,12000,12000,
xor3,transfer_target,914,71,0,512,8,2,0.003,0.18,age,1.0,,B,analytic,hybrid,False,budget,0.18,cuda,4679219df361f866,0.093325,0.5960102000099141,0.9999864837985184,12000,12000,
xor3,transfer_target,914,71,0,512,8,2,0.01,1.0,age,2.0,,B,analytic,hybrid,False,budget,1.0,cuda,47b4a339c710fb29,0.12455000000000001,0.6882748000789434,0.9984202681165271,12000,12000,
xor3,transfer_target,914,71,0,512,8,2,0.00025,0.03,age,3.0,,B,analytic,hybrid,False,budget,0.03,cuda,47c01c5bc4db706b,0.12590625,0.6397831999929622,1.0,12000,12000,
xor3,transfer_target,912,72,0,512,8,2,0.02,0.03,age,4.0,,B,analytic,hybrid,False,budget,0.03,cuda,47def344401c6e22,0.09413750000000001,0.5866205000784248,0.9984202681165271,12000,12000,
xor3,transfer_target,914,71,0,512,8,2,0.0005,1.0,age,3.0,,B,analytic,hybrid,False,budget,1.0,cuda,47eb0bd9fe1661c8,0.08993749999999999,0.6567866000114009,1.0,12000,12000,
xor3,transfer_target,912,72,0,512,8,2,0.08,0.18,age,2.0,,B,analytic,hybrid,False,budget,0.18,cuda,47ecee1eaf344268,0.37539999999999996,0.8784077998716384,0.41895886892929807,12000,12000,
xor3,transfer_target,910,70,0,512,8,2,0.0005,1.0,age,3.0,,B,analytic,hybrid,False,budget,1.0,cuda,48abb4557f41b90e,0.14709375,0.6497953000070993,1.0,12000,12000,
xor3,transfer_target,910,70,0,512,8,2,0.001,1.0,age,4.0,,B,analytic,hybrid,False,budget,1.0,cuda,48fe34401771da08,0.14709375,0.6233202000148594,1.0,12000,12000,
xor3,transfer_target,912,72,0,512,8,2,0.0015,0.03,age,2.0,,B,analytic,hybrid,False,budget,0.03,cuda,49141f3daecb2a88,0.11357500000000001,0.5874502999940887,1.0,12000,12000,
xor3,transfer_target,913,70,0,512,8,2,0.0015,0.03,age,3.0,,B,analytic,hybrid,False,budget,0.03,cuda,4941539ae1d5e8b6,0.08991249999999998,0.5782377999857999,1.0,12000,12000,
xor3,transfer_target,914,71,0,512,8,2,0.02,0.18,age,1.0,,B,analytic,hybrid,False,budget,0.18,cuda,495e484727eedafc,0.12155,0.9663412000518292,0.7128020625030799,12000,12000,
xor3,transfer_target,910,70,0,512,8,2,0.01,0.03,age,4.0,,B,analytic,hybrid,False,budget,0.03,cuda,49de89f824f68b5b,0.1275625,0.7277613999322057,0.999998750250879,12000,12000,
xor3,transfer_target,912,72,0,512,8,2,0.02,0.18,age,3.0,,B,analytic,hybrid,False,budget,0.18,cuda,49eb0ac7a9d63d26,0.10686874999999998,0.7260871999897063,0.9906155287954753,12000,12000,
xor3,transfer_target,910,70,0,512,8,2,0.00025,0.03,age,3.0,,B,analytic,hybrid,False,budget,0.03,cuda,4a034514315006de,0.13329374999999996,0.6363943000033032,1.0,12000,12000,
xor3,transfer_target,910,70,0,512,8,2,0.003,0.18,age,3.0,,B,analytic,hybrid,False,budget,0.18,cuda,4a464bfb2f2fdff0,0.06556874999999998,0.5914710000215564,0.9999999999999993,12000,12000,
xor3,transfer_target,911,71,0,512,8,2,0.08,0.03,age,1.0,,B,analytic,hybrid,False,budget,0.03,cuda,4a70ba39d5eb0b87,0.36364375,0.7903127998579293,0.2195795200967781,12000,12000,
xor3,transfer_target,913,70,0,512,8,2,0.005,0.03,age,0.0,,B,analytic,hybrid,False,budget,0.03,cuda,4af7d5d1b3f38902,0.21753749999999997,0.5663985999999568,0.0,12000,12000,
xor3,transfer_target,915,72,0,512,8,2,0.005,0.03,age,0.0,,B,analytic,hybrid,False,budget,0.03,cuda,4b81911ad008d6d5,0.14803750000000002,0.5587487999873701,0.0,12000,12000,
xor3,transfer_target,910,70,0,512,8,2,0.02,0.18,age,2.0,,B,analytic,hybrid,False,budget,0.18,cuda,4bb91e606760545c,0.06972500000000001,0.8227568999864161,0.9453064264076342,12000,12000,
xor3,transfer_target,911,71,0,512,8,2,0.003,0.03,age,0.0,,B,analytic,hybrid,False,budget,0.03,cuda,4bdddbbd1c6ea40f,0.23506875,0.6111657999863382,0.0,12000,12000,
xor3,transfer_target,910,70,0,512,8,2,0.003,0.18,age,4.0,,B,analytic,hybrid,False,budget,0.18,cuda,4c100fa46f6b32e3,0.06556874999999998,0.5859185000008438,1.0,12000,12000,
xor3,transfer_target,911,71,0,512,8,2,0.08,0.18,age,3.0,,B,analytic,hybrid,False,budget,0.18,cuda,4c8dd54b1f32e138,0.41796875,0.8928308000322431,0.5847449057501767,12000,12000,
xor3,transfer_target,913,70,0,512,8,2,0.0015,1.0,age,0.0,,B,analytic,hybrid,False,budget,1.0,cuda,4c94c64dbed6f571,0.11078750000000001,0.5723687999998219,0.0,12000,12000,
xor3,transfer_target,914,71,0,512,8,2,0.04,0.03,age,4.0,,B,analytic,hybrid,False,budget,0.03,cuda,4cd2fc32502ff04b,0.239375,1.091683799866587,0.9453064264076342,12000,12000,
xor3,transfer_target,911,71,0,512,8,2,0.0,1.0,age,1.0,,B,global,hybrid,False,budget,1.0,cuda,4cd72afc8b511c5a,0.07360625,0.6810526999179274,1.0,12000,12000,True
xor3,transfer_target,911,71,0,512,8,2,0.004,0.18,age,1.0,,B,analytic,hybrid,False,budget,0.18,cuda,4ceb15e3b4edf748,0.08974999999999998,0.5823084999865387,0.9997349406477949,12000,12000,
xor3,transfer_target,915,72,0,512,8,2,0.02,0.03,age,4.0,,B,analytic,hybrid,False,budget,0.03,cuda,4cf2936607bcbee0,0.13340000000000002,0.749440300045535,0.9984202681165271,12000,12000,
xor3,transfer_target,915,72,0,512,8,2,0.08,1.0,age,3.0,,B,analytic,hybrid,False,budget,1.0,cuda,4d14726373de215e,0.34124374999999996,0.82293889997527,0.5847449057501767,12000,12000,
xor3,transfer_target,911,71,0,512,8,2,0.001,1.0,age,0.0,,B,analytic,hybrid,False,budget,1.0,cuda,4d5c2bb84dcabbd0,0.2074875,0.6236488999857102,0.0,12000,12000,
xor3,transfer_target,911,71,0,512,8,2,0.004,0.18,age,0.0,,B,analytic,hybrid,False,budget,0.18,cuda,4d624f7c192be2fb,0.1176125,0.5766631999867968,0.0,12000,12000,
xor3,transfer_target,914,71,0,512,8,2,0.00025,1.0,age,3.0,,B,analytic,hybrid,False,budget,1.0,cuda,4da75d5f8d223e1f,0.08993749999999999,0.6473219999752473,1.0,12000,12000,
xor3,transfer_target,914,71,0,512,8,2,0.001,0.03,age,4.0,,B,analytic,hybrid,False,budget,0.03,cuda,4dbce1850d1c9921,0.12590625,0.6371170999773312,1.0,12000,12000,
xor3,transfer_target,911,71,0,512,8,2,0.003,1.0,age,0.0,,B,analytic,hybrid,False,budget,1.0,cuda,4df77dab8eaff316,0.23506875,0.5793037000112236,0.0,12000,12000,
xor3,transfer_target,914,71,0,512,8,2,0.004,1.0,age,1.0,,B,analytic,hybrid,False,budget,1.0,cuda,4e0883ed6048de21,0.081275,0.6206552000076044,0.9997349406477949,12000,12000,
xor3,transfer_target,910,70,0,512,8,2,0.00025,0.03,age,2.0,,B,analytic,hybrid,False,budget,0.03,cuda,4e64e95630c56242,0.13329374999999996,0.6427915999956895,1.0,12000,12000,
xor3,transfer_target,913,70,0,512,8,2,0.00025,0.03,age,0.0,,B,analytic,hybrid,False,budget,0.03,cuda,4e87ddf76738a7ca,0.24609374999999997,0.6522748999996111,0.0,12000,12000,
xor3,transfer_target,914,71,0,512,8,2,0.0015,1.0,age,2.0,,B,analytic,hybrid,False,budget,1.0,cuda,4e9c8b18df5af93e,0.08993749999999999,0.6659515000064857,1.0,12000,12000,
xor3,transfer_target,913,70,0,512,8,2,0.004,0.03,age,0.0,,B,analytic,hybrid,False,budget,0.03,cuda,4f2b67299f90ff83,0.23926875,0.5863017000083346,0.0,12000,12000,
xor3,transfer_target,912,72,0,512,8,2,0.00025,0.03,age,0.0,,B,analytic,hybrid,False,budget,0.03,cuda,4fd495c88eb62f2b,0.2245625,0.6492664999968838,0.0,12000,12000,
xor3,transfer_target,910,70,0,512,8,2,0.0,1.0,age,1.0,,B,global,hybrid,False,budget,1.0,cuda,508c89100d98ea11,0.09633749999999999,0.5582559001632035,1.0,12000,12000,True
xor3,transfer_target,914,71,0,512,8,2,0.002,1.0,age,2.0,,B,analytic,hybrid,False,budget,1.0,cuda,50a2a4ffcf2b6d18,0.08993749999999999,0.6002155000169296,0.9999999999999993,12000,12000,
xor3,transfer_target,915,72,0,512,8,2,0.02,1.0,age,2.0,,B,analytic,hybrid,False,budget,1.0,cuda,50e0dc32daec9b87,0.10585624999999999,1.1276491000317037,0.9453064264076342,12000,12000,
xor3,transfer_target,913,70,0,512,8,2,0.002,1.0,age,4.0,,B,analytic,hybrid,False,budget,1.0,cuda,50ee50e5c81c9b72,0.08081875000000002,0.6273037999926601,1.0,12000,12000,
xor3,transfer_target,910,70,0,512,8,2,0.001,0.18,age,3.0,,B,analytic,hybrid,False,budget,0.18,cuda,512112a85d21019b,0.06726249999999998,0.6318896999873687,1.0,12000,12000,
xor3,transfer_target,915,72,0,512,8,2,0.001,0.18,age,1.0,,B,analytic,hybrid,False,budget,0.18,cuda,5123a1293692d6b3,0.04114375000000001,0.6313535000081174,0.9999999999999993,12000,12000,
xor3,transfer_target,914,71,0,512,8,2,0.004,0.03,age,4.0,,B,analytic,hybrid,False,budget,0.03,cuda,5147a4f43dbb4954,0.15263749999999998,0.5834910999983549,0.9999999999999993,12000,12000,
xor3,transfer_target,915,72,0,512,8,2,0.005,0.03,age,2.0,,B,analytic,hybrid,False,budget,0.03,cuda,517345794be7604d,0.1446375,0.8131413001101464,0.999998750250879,12000,12000,
xor3,transfer_target,911,71,0,512,8,2,0.0005,0.18,age,0.0,,B,analytic,hybrid,False,budget,0.18,cuda,51997ad45da4fb40,0.26108125,0.6364276000240352,0.0,12000,12000,
xor3,transfer_target,912,72,0,512,8,2,0.0015,0.18,age,3.0,,B,analytic,hybrid,False,budget,0.18,cuda,51a384230b5490e1,0.04828750000000001,0.5616835000109859,1.0,12000,12000,
xor3,transfer_target,910,70,0,512,8,2,0.005,0.18,age,2.0,,B,analytic,hybrid,False,budget,0.18,cuda,51d5a55dc8001640,0.08549999999999999,0.7247578999958932,0.999998750250879,12000,12000,
xor3,transfer_target,913,70,0,512,8,2,0.004,0.03,age,2.0,,B,analytic,hybrid,False,budget,0.03,cuda,5212181c94cd24f2,0.12194999999999998,0.5908449999988079,0.9999999648624576,12000,12000,
xor3,transfer_target,913,70,0,512,8,2,0.001,0.18,age,1.0,,B,analytic,hybrid,False,budget,0.18,cuda,52605ebf5d548b2d,0.05468750000000003,0.6279253000102472,0.9999999999999993,12000,12000,
xor3,transfer_target,913,70,0,512,8,2,0.08,0.18,age,0.0,,B,analytic,hybrid,False,budget,0.18,cuda,52b18806d6f87a6b,0.78085,0.566010800015647,0.0,12000,12000,
xor3,transfer_target,915,72,0,512,8,2,0.08,0.18,age,1.0,,B,analytic,hybrid,False,budget,0.18,cuda,538b30c638e01bd2,0.44801874999999997,1.2131592999212444,0.2195795200967781,12000,12000,
xor3,transfer_target,913,70,0,512,8,2,0.002,0.03,age,3.0,,B,analytic,hybrid,False,budget,0.03,cuda,539067a340caa98b,0.08991249999999998,0.585280800005421,1.0,12000,12000,
xor3,transfer_target,912,72,0,512,8,2,0.005,1.0,age,3.0,,B,analytic,hybrid,False,budget,1.0,cuda,53932b892cea6a2f,0.08843124999999999,0.7512884000316262,0.9999999990120848,12000,12000,
xor3,transfer_target,915,72,0,512,8,2,0.0005,1.0,age,3.0,,B,analytic,hybrid,False,budget,1.0,cuda,53a640bf7100bc99,0.09104375,0.8428687000123318,1.0,12000,12000,
xor3,transfer_target,915,72,0,512,8,2,0.08,0.03,age,4.0,,B,analytic,hybrid,False,budget,0.03,cuda,54426f539fa1728e,0.6015625,0.7957142998930067,0.7128020625030799,12000,12000,
xor3,transfer_target,913,70,0,512,8,2,0.01,1.0,age,2.0,,B,analytic,hybrid,False,budget,1.0,cuda,5451a787bee52fe1,0.11750625,0.5617370000109076,0.9984202681165271,12000,12000,
xor3,transfer_target,911,71,0,512,8,2,0.01,0.18,age,3.0,,B,analytic,hybrid,False,budget,0.18,cuda,545d890fe5d0949d,0.04363750000000001,0.7214879998937249,0.9999555506739739,12000,12000,
xor3,transfer_target,913,70,0,512,8,2,0.04,0.18,age,4.0,,B,analytic,hybrid,False,budget,0.18,cuda,54698c7d3410f009,0.1253875,0.5892117999028414,0.9453064264076342,12000,12000,
xor3,transfer_target,910,70,0,512,8,2,0.002,1.0,age,0.0,,B,analytic,hybrid,False,budget,1.0,cuda,557188a25d19a84d,0.16665,0.573384499992244,0.0,12000,12000,
xor3,transfer_target,910,70,0,512,8,2,0.00025,0.18,age,4.0,,B,analytic,hybrid,False,budget,0.18,cuda,55cd8832fec7a35e,0.06726249999999998,0.6305472999811172,1.0,12000,12000,
xor3,transfer_target,910,70,0,512,8,2,0.0015,1.0,age,3.0,,B,analytic,hybrid,False,budget,1.0,cuda,55e532f89812e2ee,0.14709375,0.5853841999778524,1.0,12000,12000,
xor3,transfer_target,915,72,0,512,8,2,0.00025,0.03,age,4.0,,B,analytic,hybrid,False,budget,0.03,cuda,57b38b415b495f50,0.10296249999999998,0.6613588999898639,1.0,12000,12000,
xor3,transfer_target,912,72,0,512,8,2,0.002,0.18,age,1.0,,B,analytic,hybrid,False,budget,0.18,cuda,57ee0343429d741d,0.04828750000000001,0.5572553999954835,0.9999999648624576,12000,12000,
xor3,transfer_target,913,70,0,512,8,2,0.04,1.0,age,1.0,,B,analytic,hybrid,False,budget,1.0,cuda,58152fa084433f89,0.620625,0.5772235998883843,0.41895886892929807,12000,12000,
xor3,transfer_target,913,70,0,512,8,2,0.0005,1.0,age,3.0,,B,analytic,hybrid,False,budget,1.0,cuda,582397c6f800ea2e,0.08081875000000002,0.6396821000089403,1.0,12000,12000,
xor3,transfer_target,910,70,0,512,8,2,0.00025,0.18,age,1.0,,B,analytic,hybrid,False,budget,0.18,cuda,58d48b532376d308,0.06726249999999998,0.6719939000031445,1.0,12000,12000,
xor3,transfer_target,914,71,0,512,8,2,0.00025,0.03,age,1.0,,B,analytic,hybrid,False,budget,0.03,cuda,590bb0bb51cd90c3,0.12590625,0.6455654000164941,1.0,12000,12000,
xor3,transfer_target,911,71,0,512,8,2,0.003,1.0,age,4.0,,B,analytic,hybrid,False,budget,1.0,cuda,5953a8d9b70cc6d0,0.08772499999999998,0.5925813000067137,1.0,12000,12000,
xor3,transfer_target,910,70,0,512,8,2,0.001,0.03,age,3.0,,B,analytic,hybrid,False,budget,0.03,cuda,59bb8f8c74a6ce6d,0.13329374999999996,0.6283441999985371,1.0,12000,12000,
xor3,transfer_target,913,70,0,512,8,2,0.005,0.18,age,0.0,,B,analytic,hybrid,False,budget,0.18,cuda,59ebb38a0cd03ed4,0.21753749999999997,0.5878392999875359,0.0,12000,12000,
xor3,transfer_target,912,72,0,512,8,2,0.003,0.03,age,4.0,,B,analytic,hybrid,False,budget,0.03,cuda,5aa6b0a4a06f883d,0.09964375,0.5972339000145439,1.0,12000,12000,
xor3,transfer_target,911,71,0,512,8,2,0.04,1.0,age,2.0,,B,analytic,hybrid,False,budget,1.0,cuda,5b2cdf8a435a622a,0.34565625,0.9036548000294715,0.7128020625030799,12000,12000,
xor3,transfer_target,914,71,0,512,8,2,0.08,1.0,age,2.0,,B,analytic,hybrid,False,budget,1.0,cuda,5b69540643c0bdfe,0.484525,0.7567213999573141,0.41895886892929807,12000,12000,
xor3,transfer_target,912,72,0,512,8,2,0.08,1.0,age,1.0,,B,analytic,hybrid,False,budget,1.0,cuda,5bad16c8d7c3ed02,0.7051125,0.6282313000410795,0.2195795200967781,12000,12000,
xor3,transfer_target,914,71,0,512,8,2,0.04,1.0,age,4.0,,B,analytic,hybrid,False,budget,1.0,cuda,5c020360d17afd3d,0.34224375,0.7695977000985295,0.9453064264076342,12000,12000,
xor3,transfer_target,911,71,0,512,8,2,0.02,0.18,age,2.0,,B,analytic,hybrid,False,budget,0.18,cuda,5c31dd1e7f7fecdb,0.06631249999999998,0.7036352998111397,0.9453064264076342,12000,12000,
xor3,transfer_target,910,70,0,512,8,2,0.002,0.03,age,4.0,,B,analytic,hybrid,False,budget,0.03,cuda,5d04785dec0d60c6,0.13329374999999996,0.5939280999882612,1.0,12000,12000,
xor3,transfer_target,915,72,0,512,8,2,0.005,1.0,age,1.0,,B,analytic,hybrid,False,budget,1.0,cuda,5d100275f9350691,0.045381249999999984,0.8190398998558521,0.9984202681165271,12000,12000,
xor3,transfer_target,910,70,0,512,8,2,0.0005,1.0,age,2.0,,B,analytic,hybrid,False,budget,1.0,cuda,5d82f169e3c01672,0.14709375,0.640198099979898,1.0,12000,12000,
xor3,transfer_target,915,72,0,512,8,2,0.002,1.0,age,1.0,,B,analytic,hybrid,False,budget,1.0,cuda,5d8c27a06d489463,0.09104375,0.7165839000081178,0.9999999648624576,12000,12000,
xor3,transfer_target,912,72,0,512,8,2,0.01,0.18,age,0.0,,B,analytic,hybrid,False,budget,0.18,cuda,5d90d11bedc63e69,0.20641874999999998,0.5515704000135884,0.0,12000,12000,
xor3,transfer_target,910,70,0,512,8,2,0.0,0.03,age,1.0,,B,global,hybrid,False,budget,0.03,cuda,5dc7e5e1d45621f0,0.27613124999999994,0.5041056999471039,1.0,12000,12000,True
xor3,transfer_target,912,72,0,512,8,2,0.005,1.0,age,1.0,,B,analytic,hybrid,False,budget,1.0,cuda,5dfbd0ffc78b2dc0,0.125,0.7796853999607265,0.9984202681165271,12000,12000,
xor3,transfer_target,910,70,0,512,8,2,0.004,1.0,age,3.0,,B,analytic,hybrid,False,budget,1.0,cuda,5e3788fde6735548,0.09744374999999997,0.5734787999826949,0.9999999999953426,12000,12000,
xor3,transfer_target,914,71,0,512,8,2,0.00025,0.03,age,4.0,,B,analytic,hybrid,False,budget,0.03,cuda,5e6015fe889d6a77,0.12590625,0.6342854000104126,1.0,12000,12000,
xor3,transfer_target,913,70,0,512,8,2,0.001,1.0,age,4.0,,B,analytic,hybrid,False,budget,1.0,cuda,5e70f375709e26ff,0.08081875000000002,0.5943038000259548,1.0,12000,12000,
xor3,transfer_target,912,72,0,512,8,2,0.001,0.18,age,1.0,,B,analytic,hybrid,False,budget,0.18,cuda,5edcbd7adb17fcea,0.04828750000000001,0.6137276999943424,0.9999999999999993,12000,12000,
xor3,transfer_target,910,70,0,512,8,2,0.02,0.03,age,0.0,,B,analytic,hybrid,False,budget,0.03,cuda,5ef9f8368568c211,0.2734375,0.7941050000081304,0.0,12000,12000,
xor3,transfer_target,914,71,0,512,8,2,0.005,0.03,age,2.0,,B,analytic,hybrid,False,budget,0.03,cuda,5fe6735a49d85256,0.12955,0.8889476000331342,0.999998750250879,12000,12000,
xor3,transfer_target,912,72,0,512,8,2,0.02,1.0,age,2.0,,B,analytic,hybrid,False,budget,1.0,cuda,60003b788dbd9ef2,0.10126874999999999,0.7402979000471532,0.9453064264076342,12000,12000,
xor3,transfer_target,910,70,0,512,8,2,0.001,0.18,age,0.0,,B,analytic,hybrid,False,budget,0.18,cuda,6047ca7775b66c71,0.27734375,0.6379866000206675,0.0,12000,12000,
xor3,transfer_target,915,72,0,512,8,2,0.002,0.18,age,3.0,,B,analytic,hybrid,False,budget,0.18,cuda,6048a29f5bf70924,0.04114375000000001,0.5719319999916479,1.0,12000,12000,
xor3,transfer_target,913,70,0,512,8,2,0.002,0.18,age,2.0,,B,analytic,hybrid,False,budget,0.18,cuda,60a020bbf8d353ea,0.05468750000000003,0.5944537000032142,0.9999999999999993,12000,12000,
xor3,transfer_target,912,72,0,512,8,2,0.0015,1.0,age,3.0,,B,analytic,hybrid,False,budget,1.0,cuda,60af72bb326bb7ad,0.08621875000000001,0.591378800017992,1.0,12000,12000,
xor3,transfer_target,914,71,0,512,8,2,0.0005,0.03,age,4.0,,B,analytic,hybrid,False,budget,0.03,cuda,6126d22f0d1975d0,0.12590625,0.6581000000005588,1.0,12000,12000,
xor3,transfer_target,914,71,0,512,8,2,0.002,0.03,age,2.0,,B,analytic,hybrid,False,budget,0.03,cuda,6139e92768a3438f,0.12590625,0.6010558000125457,0.9999999999999993,12000,12000,
xor3,transfer_target,913,70,0,512,8,2,0.0005,0.18,age,4.0,,B,analytic,hybrid,False,budget,0.18,cuda,61853d628d6d8305,0.05468750000000003,0.6577836999786086,1.0,12000,12000,
xor3,transfer_target,914,71,0,512,8,2,0.004,0.03,age,3.0,,B,analytic,hybrid,False,budget,0.03,cuda,61b2c3ee258ab54a,0.15263749999999998,0.5662869999941904,0.9999999999953426,12000,12000,
xor3,transfer_target,911,71,0,512,8,2,0.004,1.0,age,3.0,,B,analytic,hybrid,False,budget,1.0,cuda,61c8d16a65a47907,0.0638875,0.5914759000006597,0.9999999999953426,12000,12000,
xor3,transfer_target,915,72,0,512,8,2,0.004,0.03,age,0.0,,B,analytic,hybrid,False,budget,0.03,cuda,61d2f9c7fa3067c8,0.1856875,0.5704928000050131,0.0,12000,12000,
xor3,transfer_target,910,70,0,512,8,2,0.04,1.0,age,2.0,,B,analytic,hybrid,False,budget,1.0,cuda,6210d1f66b5626ba,0.4272625,0.582526900107041,0.7128020625030799,12000,12000,
xor3,transfer_target,914,71,0,512,8,2,0.02,0.18,age,3.0,,B,analytic,hybrid,False,budget,0.18,cuda,62196bfda7ad4918,0.075525,0.6636461999733001,0.9906155287954753,12000,12000,
xor3,transfer_target,915,72,0,512,8,2,0.02,0.18,age,3.0,,B,analytic,hybrid,False,budget,0.18,cuda,6270d2383d8a7684,0.1161875,0.8499632000457495,0.9906155287954753,12000,12000,
xor3,transfer_target,910,70,0,512,8,2,0.005,1.0,age,1.0,,B,analytic,hybrid,False,budget,1.0,cuda,62d10737c2701f90,0.12625625,0.7157274000346661,0.9984202681165271,12000,12000,
xor3,transfer_target,912,72,0,512,8,2,0.00025,0.03,age,4.0,,B,analytic,hybrid,False,budget,0.03,cuda,62e8dbcf5d708a24,0.11357500000000001,0.610841400019126,1.0,12000,12000,
xor3,transfer_target,915,72,0,512,8,2,0.00025,0.03,age,1.0,,B,analytic,hybrid,False,budget,0.03,cuda,630456f77c18fa61,0.10296249999999998,0.663997700001346,1.0,12000,12000,
xor3,transfer_target,914,71,0,512,8,2,0.02,0.03,age,1.0,,B,analytic,hybrid,False,budget,0.03,cuda,633eeb17f173a414,0.10637499999999998,139.3946273000911,0.7128020625030799,12000,12000,
xor3,transfer_target,913,70,0,512,8,2,0.004,1.0,age,2.0,,B,analytic,hybrid,False,budget,1.0,cuda,63a37e71fe362a59,0.0817125,0.5868616999941878,0.9999999648624576,12000,12000,
xor3,transfer_target,911,71,0,512,8,2,0.0005,0.18,age,1.0,,B,analytic,hybrid,False,budget,0.18,cuda,63e850159e835e04,0.09123125,0.644821599998977,1.0,12000,12000,
xor3,transfer_target,912,72,0,512,8,2,0.0,0.03,age,1.0,,B,global,hybrid,False,budget,0.03,cuda,63eaf1f18277cd8c,0.1893,0.48944559996016324,1.0,12000,12000,True
xor3,transfer_target,910,70,0,512,8,2,0.005,0.03,age,3.0,,B,analytic,hybrid,False,budget,0.03,cuda,640941728e479ab3,0.12029375,0.8410955001600087,0.9999999990120848,12000,12000,
xor3,transfer_target,913,70,0,512,8,2,0.02,1.0,age,2.0,,B,analytic,hybrid,False,budget,1.0,cuda,6436bfbfb94a5239,0.18431250000000002,0.604888399830088,0.9453064264076342,12000,12000,
xor3,transfer_target,913,70,0,512,8,2,0.01,0.03,age,4.0,,B,analytic,hybrid,False,budget,0.03,cuda,646d1dd9bd71af10,0.14883749999999998,0.6377291998360306,0.999998750250879,12000,12000,
xor3,transfer_target,911,71,0,512,8,2,0.02,0.03,age,0.0,,B,analytic,hybrid,False,budget,0.03,cuda,64700dc46783a3b7,0.244425,0.5868831000116188,0.0,12000,12000,
xor3,transfer_target,912,72,0,512,8,2,0.00025,0.18,age,4.0,,B,analytic,hybrid,False,budget,0.18,cuda,6471fa628f058c20,0.04828750000000001,0.6534406999999192,1.0,12000,12000,
xor3,transfer_target,910,70,0,512,8,2,0.001,0.18,age,4.0,,B,analytic,hybrid,False,budget,0.18,cuda,6476d24ee962bdc0,0.06726249999999998,0.6158145999943372,1.0,12000,12000,
xor3,transfer_target,911,71,0,512,8,2,0.003,1.0,age,2.0,,B,analytic,hybrid,False,budget,1.0,cuda,64902e7a7908d044,0.08772499999999998,0.5935167999996338,0.999999999908655,12000,12000,
xor3,transfer_target,910,70,0,512,8,2,0.0005,0.03,age,2.0,,B,analytic,hybrid,False,budget,0.03,cuda,6497b63deb43cc20,0.13329374999999996,0.6847470999928191,1.0,12000,12000,
xor3,transfer_target,915,72,0,512,8,2,0.01,0.18,age,1.0,,B,analytic,hybrid,False,budget,0.18,cuda,654707c57e8c4755,0.06881875000000001,1.2095836999360472,0.9453064264076342,12000,12000,
xor3,transfer_target,912,72,0,512,8,2,0.00025,0.03,age,1.0,,B,analytic,hybrid,False,budget,0.03,cuda,657ec571e27abdcd,0.11357500000000001,0.6666851999762002,1.0,12000,12000,
xor3,transfer_target,910,70,0,512,8,2,0.08,1.0,age,3.0,,B,analytic,hybrid,False,budget,1.0,cuda,65945d2e9f125670,0.46960624999999995,0.6004484998993576,0.5847449057501767,12000,12000,
xor3,transfer_target,913,70,0,512,8,2,0.001,0.03,age,3.0,,B,analytic,hybrid,False,budget,0.03,cuda,675107e921db3d88,0.08991249999999998,0.5788851999968756,1.0,12000,12000,
xor3,transfer_target,913,70,0,512,8,2,0.0005,0.18,age,1.0,,B,analytic,hybrid,False,budget,0.18,cuda,6785c1db1f0f507b,0.05468750000000003,0.669377300015185,1.0,12000,12000,
xor3,transfer_target,910,70,0,512,8,2,0.0005,0.03,age,1.0,,B,analytic,hybrid,False,budget,0.03,cuda,679c7d775de4d3c8,0.13329374999999996,0.6892916999931913,1.0,12000,12000,
xor3,transfer_target,911,71,0,512,8,2,0.01,0.18,age,1.0,,B,analytic,hybrid,False,budget,0.18,cuda,689861907b2b5833,0.046450000000000005,0.8855993000324816,0.9453064264076342,12000,12000,
xor3,transfer_target,913,70,0,512,8,2,0.02,1.0,age,3.0,,B,analytic,hybrid,False,budget,1.0,cuda,68bb0703fe037630,0.191675,0.6321758001577109,0.9906155287954753,12000,12000,
xor3,transfer_target,913,70,0,512,8,2,0.08,0.03,age,2.0,,B,analytic,hybrid,False,budget,0.03,cuda,68bb4eb817ed0527,0.47265625,0.5917823000345379,0.41895886892929807,12000,12000,
xor3,transfer_target,914,71,0,512,8,2,0.02,0.03,age,4.0,,B,analytic,hybrid,False,budget,0.03,cuda,68dae9683dc06dc9,0.15970625,0.8133514998480678,0.9984202681165271,12000,12000,
xor3,transfer_target,911,71,0,512,8,2,0.004,0.03,age,4.0,,B,analytic,hybrid,False,budget,0.03,cuda,68fc5ee56283ef37,0.10143124999999999,0.5721778000006452,0.9999999999999993,12000,12000,
xor3,transfer_target,915,72,0,512,8,2,0.003,1.0,age,2.0,,B,analytic,hybrid,False,budget,1.0,cuda,69869601968f038d,0.09413749999999999,0.643908800004283,0.999999999908655,12000,12000,
xor3,transfer_target,912,72,0,512,8,2,0.02,1.0,age,3.0,,B,analytic,hybrid,False,budget,1.0,cuda,6a026c1283ac0d1d,0.20103125,0.7388817998580635,0.9906155287954753,12000,12000,
xor3,transfer_target,915,72,0,512,8,2,0.003,0.03,age,3.0,,B,analytic,hybrid,False,budget,0.03,cuda,6b4feaf593a3b934,0.1181875,0.5921118000114802,0.9999999999999993,12000,12000,
xor3,transfer_target,915,72,0,512,8,2,0.02,0.18,age,1.0,,B,analytic,hybrid,False,budget,0.18,cuda,6b89c18f7fab558f,0.09333750000000002,0.9120833999477327,0.7128020625030799,12000,12000,
xor3,transfer_target,912,72,0,512,8,2,0.04,0.18,age,1.0,,B,analytic,hybrid,False,budget,0.18,cuda,6bd93f705bbfc442,0.23086874999999996,0.8215979000087827,0.41895886892929807,12000,12000,
xor3,transfer_target,911,71,0,512,8,2,0.003,0.18,age,2.0,,B,analytic,hybrid,False,budget,0.18,cuda,6c7fe948de48c150,0.1105625,0.5909728999831714,0.999999999908655,12000,12000,
xor3,transfer_target,911,71,0,512,8,2,0.02,1.0,age,3.0,,B,analytic,hybrid,False,budget,1.0,cuda,6c9808cc742218b3,0.16465000000000002,0.9297772999852896,0.9906155287954753,12000,12000,
xor3,transfer_target,912,72,0,512,8,2,0.005,0.03,age,0.0,,B,analytic,hybrid,False,budget,0.03,cuda,6cdcb2f078a857c6,0.19541875,0.563610500015784,0.0,12000,12000,
xor3,transfer_target,914,71,0,512,8,2,0.0,0.18,age,1.0,,B,global,hybrid,False,budget,0.18,cuda,6d4c4bdf739ad634,0.09444374999999998,0.45676540001295507,1.0,12000,12000,True
xor3,transfer_target,913,70,0,512,8,2,0.01,0.18,age,2.0,,B,analytic,hybrid,False,budget,0.18,cuda,6db04c3c5fcc6387,0.06375624999999999,0.6527700999286026,0.9984202681165271,12000,12000,
xor3,transfer_target,913,70,0,512,8,2,0.001,0.18,age,4.0,,B,analytic,hybrid,False,budget,0.18,cuda,6dc75e580077e59b,0.05468750000000003,0.6148341000080109,1.0,12000,12000,
xor3,transfer_target,912,72,0,512,8,2,0.004,1.0,age,3.0,,B,analytic,hybrid,False,budget,1.0,cuda,6dc8002cc1f3b78a,0.08052499999999999,0.5972151999885682,0.9999999999953426,12000,12000,
xor3,transfer_target,911,71,0,512,8,2,0.04,0.18,age,2.0,,B,analytic,hybrid,False,budget,0.18,cuda,6de0dd9e84f62253,0.10058749999999998,0.8433729000389576,0.7128020625030799,12000,12000,
xor3,transfer_target,911,71,0,512,8,2,0.02,0.18,age,1.0,,B,analytic,hybrid,False,budget,0.18,cuda,6e259fe47b7ceba9,0.07667500000000001,0.7157767000608146,0.7128020625030799,12000,12000,
xor3,transfer_target,913,70,0,512,8,2,0.08,0.18,age,1.0,,B,analytic,hybrid,False,budget,0.18,cuda,6e5fbb071c317ec4,0.49893125000000005,0.6291232998482883,0.2195795200967781,12000,12000,
xor3,transfer_target,914,71,0,512,8,2,0.001,0.18,age,3.0,,B,analytic,hybrid,False,budget,0.18,cuda,6edad6f454b574d5,0.08658125000000001,0.6285938000073656,1.0,12000,12000,
xor3,transfer_target,910,70,0,512,8,2,0.02,0.03,age,1.0,,B,analytic,hybrid,False,budget,0.03,cuda,6ede00331ac8d4ea,0.1113375,0.7338855001144111,0.7128020625030799,12000,12000,
xor3,transfer_target,911,71,0,512,8,2,0.004,0.03,age,1.0,,B,analytic,hybrid,False,budget,0.03,cuda,6f137e647f3890fd,0.16111874999999998,0.5959586999961175,0.9997349406477949,12000,12000,
xor3,transfer_target,912,72,0,512,8,2,0.01,0.03,age,2.0,,B,analytic,hybrid,False,budget,0.03,cuda,6f1ecbae3bc2e5fd,0.10806875000000002,0.8052797999698669,0.9984202681165271,12000,12000,
xor3,transfer_target,910,70,0,512,8,2,0.00025,0.18,age,2.0,,B,analytic,hybrid,False,budget,0.18,cuda,6f41854aaff87785,0.06726249999999998,0.638978600007249,1.0,12000,12000,
xor3,transfer_target,915,72,0,512,8,2,0.0,0.03,age,1.0,,B,global,hybrid,False,budget,0.03,cuda,6f4cacf4604859bc,0.22395,0.5173947000876069,1.0,12000,12000,True
xor3,transfer_target,911,71,0,512,8,2,0.01,1.0,age,3.0,,B,analytic,hybrid,False,budget,1.0,cuda,6f677c34595fd276,0.057818750000000016,1.02139290003106,0.9999555506739739,12000,12000,
xor3,transfer_target,913,70,0,512,8,2,0.0005,0.03,age,0.0,,B,analytic,hybrid,False,budget,0.03,cuda,6fe94ff442443f31,0.24609374999999997,0.6206000999954995,0.0,12000,12000,
xor3,transfer_target,913,70,0,512,8,2,0.04,0.18,age,3.0,,B,analytic,hybrid,False,budget,0.18,cuda,70059103350b64ee,0.13046875,0.5796690999995917,0.8715005778382128,12000,12000,
xor3,transfer_target,910,70,0,512,8,2,0.004,0.03,age,0.0,,B,analytic,hybrid,False,budget,0.03,cuda,70307e51faaa5da1,0.223975,0.5686859999841545,0.0,12000,12000,
xor3,transfer_target,912,72,0,512,8,2,0.003,0.18,age,2.0,,B,analytic,hybrid,False,budget,0.18,cuda,70787bd72ce94450,0.06959375000000001,0.5375900999933947,0.999999999908655,12000,12000,
xor3,transfer_target,912,72,0,512,8,2,0.00025,0.03,age,3.0,,B,analytic,hybrid,False,budget,0.03,cuda,70880ea13ebb62dd,0.11357500000000001,0.6394605000095908,1.0,12000,12000,
xor3,transfer_target,910,70,0,512,8,2,0.00025,0.03,age,1.0,,B,analytic,hybrid,False,budget,0.03,cuda,708ed3b690e806c7,0.13329374999999996,1.504113699978916,1.0,12000,12000,
xor3,transfer_target,912,72,0,512,8,2,0.003,0.03,age,3.0,,B,analytic,hybrid,False,budget,0.03,cuda,70bbc5f3f246f13e,0.09964375,0.5853283000178635,0.9999999999999993,12000,12000,
xor3,transfer_target,915,72,0,512,8,2,0.00025,1.0,age,0.0,,B,analytic,hybrid,False,budget,1.0,cuda,713ef1b5fbb098ad,0.17035625000000001,0.6487979000085033,0.0,12000,12000,
xor3,transfer_target,912,72,0,512,8,2,0.08,0.18,age,4.0,,B,analytic,hybrid,False,budget,0.18,cuda,7197a1ea57a7ddf8,0.32581875,0.8841260999906808,0.7128020625030799,12000,12000,
xor3,transfer_target,915,72,0,512,8,2,0.0005,0.18,age,3.0,,B,analytic,hybrid,False,budget,0.18,cuda,71d8e63260aaf001,0.04114375000000001,0.6646435000002384,1.0,12000,12000,
xor3,transfer_target,913,70,0,512,8,2,0.003,0.03,age,4.0,,B,analytic,hybrid,False,budget,0.03,cuda,724ac054a5ca4ea8,0.08141875000000001,0.598187900002813,1.0,12000,12000,
xor3,transfer_target,914,71,0,512,8,2,0.00025,0.03,age,0.0,,B,analytic,hybrid,False,budget,0.03,cuda,7276b1bc1eba80d3,0.22584375,0.6343937999918126,0.0,12000,12000,
xor3,transfer_target,911,71,0,512,8,2,0.002,1.0,age,3.0,,B,analytic,hybrid,False,budget,1.0,cuda,73056e6a5c0ce7ca,0.051674999999999985,0.5955572999955621,1.0,12000,12000,
xor3,transfer_target,914,71,0,512,8,2,0.0005,1.0,age,2.0,,B,analytic,hybrid,False,budget,1.0,cuda,730a7abcbe3edb3e,0.08993749999999999,0.6673111999989487,1.0,12000,12000,
xor3,transfer_target,911,71,0,512,8,2,0.01,0.03,age,0.0,,B,analytic,hybrid,False,budget,0.03,cuda,7331e8d089d2350b,0.324075,0.5925895999826025,0.0,12000,12000,
xor3,transfer_target,912,72,0,512,8,2,0.0005,1.0,age,0.0,,B,analytic,hybrid,False,budget,1.0,cuda,735ec27a9e416473,0.2245625,0.6631912000011653,0.0,12000,12000,
xor3,transfer_target,913,70,0,512,8,2,0.003,0.18,age,2.0,,B,analytic,hybrid,False,budget,0.18,cuda,741c608ed96fc30f,0.08861875,0.597467699990375,0.999999999908655,12000,12000,
xor3,transfer_target,915,72,0,512,8,2,0.00025,0.03,age,2.0,,B,analytic,hybrid,False,budget,0.03,cuda,748a67e5bf5ef1af,0.10296249999999998,0.6772447999974247,1.0,12000,12000,
xor3,transfer_target,910,70,0,512,8,2,0.04,1.0,age,3.0,,B,analytic,hybrid,False,budget,1.0,cuda,749f859d571e83a2,0.32138124999999995,0.676869000075385,0.8715005778382128,12000,12000,
xor3,transfer_target,910,70,0,512,8,2,0.004,1.0,age,4.0,,B,analytic,hybrid,False,budget,1.0,cuda,74a7361d3a8527dc,0.09744374999999997,0.5915723000071011,0.9999999999999993,12000,12000,
xor3,transfer_target,911,71,0,512,8,2,0.003,1.0,age,3.0,,B,analytic,hybrid,False,budget,1.0,cuda,74af10893e1d0637,0.08772499999999998,0.5846680000249762,0.9999999999999993,12000,12000,
xor3,transfer_target,913,70,0,512,8,2,0.08,1.0,age,4.0,,B,analytic,hybrid,False,budget,1.0,cuda,74c262b41380ab52,0.43252500000000005,0.614102500025183,0.7128020625030799,12000,12000,
xor3,transfer_target,912,72,0,512,8,2,0.002,1.0,age,1.0,,B,analytic,hybrid,False,budget,1.0,cuda,74c4ed67314f1c94,0.08621875000000001,0.5909039000107441,0.9999999648624576,12000,12000,
xor3,transfer_target,915,72,0,512,8,2,0.02,0.03,age,3.0,,B,analytic,hybrid,False,budget,0.03,cuda,74cc8e15a790ceb0,0.12438750000000001,0.73930269991979,0.9906155287954753,12000,12000,
xor3,transfer_target,915,72,0,512,8,2,0.002,0.03,age,0.0,,B,analytic,hybrid,False,budget,0.03,cuda,74d532ce404a21de,0.0925375,0.5925710999872535,0.0,12000,12000,
xor3,transfer_target,913,70,0,512,8,2,0.003,0.03,age,3.0,,B,analytic,hybrid,False,budget,0.03,cuda,750db1ac5d113a50,0.08141875000000001,0.597883800015552,0.9999999999999993,12000,12000,
xor3,transfer_target,910,70,0,512,8,2,0.004,0.03,age,1.0,,B,analytic,hybrid,False,budget,0.03,cuda,755358cad74e53f2,0.137975,0.573598100017989,0.9997349406477949,12000,12000,
xor3,transfer_target,912,72,0,512,8,2,0.003,0.03,age,1.0,,B,analytic,hybrid,False,budget,0.03,cuda,75fd9162814c3604,0.09964375,0.6241547000245191,0.9999864837985184,12000,12000,
xor3,transfer_target,915,72,0,512,8,2,0.0005,0.03,age,3.0,,B,analytic,hybrid,False,budget,0.03,cuda,762283d197d830e2,0.10296249999999998,0.6609275999944657,1.0,12000,12000,
xor3,transfer_target,912,72,0,512,8,2,0.002,0.03,age,2.0,,B,analytic,hybrid,False,budget,0.03,cuda,7691d8154595eb1d,0.11357500000000001,0.6120049000019208,0.9999999999999993,12000,12000,
xor3,transfer_target,911,71,0,512,8,2,0.0005,1.0,age,4.0,,B,analytic,hybrid,False,budget,1.0,cuda,76d3f7f4de7d36fc,0.051674999999999985,0.6620088000199758,1.0,12000,12000,
xor3,transfer_target,913,70,0,512,8,2,0.005,1.0,age,3.0,,B,analytic,hybrid,False,budget,1.0,cuda,76f367852983f722,0.10874999999999999,0.5776913000736386,0.9999999990120848,12000,12000,
xor3,transfer_target,910,70,0,512,8,2,0.004,0.18,age,4.0,,B,analytic,hybrid,False,budget,0.18,cuda,77113621cb69499a,0.06568749999999998,0.5925893999810796,0.9999999999999993,12000,12000,
xor3,transfer_target,915,72,0,512,8,2,0.0005,1.0,age,2.0,,B,analytic,hybrid,False,budget,1.0,cuda,7719871dc11ff5d3,0.09104375,0.6891320000286214,1.0,12000,12000,
xor3,transfer_target,912,72,0,512,8,2,0.04,0.03,age,2.0,,B,analytic,hybrid,False,budget,0.03,cuda,7754828c30aae2bf,0.20863125,0.6169853999745101,0.7128020625030799,12000,12000,
xor3,transfer_target,915,72,0,512,8,2,0.003,1.0,age,3.0,,B,analytic,hybrid,False,budget,1.0,cuda,7770fd105b7fe211,0.09413749999999999,0.6386523999972269,0.9999999999999993,12000,12000,
xor3,transfer_target,911,71,0,512,8,2,0.0015,0.03,age,2.0,,B,analytic,hybrid,False,budget,0.03,cuda,7802c39f9b822659,0.17173125,0.5803710999898612,1.0,12000,12000,
xor3,transfer_target,911,71,0,512,8,2,0.0015,0.03,age,0.0,,B,analytic,hybrid,False,budget,0.03,cuda,78240a219b4f0bf0,0.23506875,0.5900642999913543,0.0,12000,12000,
xor3,transfer_target,914,71,0,512,8,2,0.02,1.0,age,2.0,,B,analytic,hybrid,False,budget,1.0,cuda,7858b7b7b4b17aea,0.22854999999999998,0.7719487000722438,0.9453064264076342,12000,12000,
xor3,transfer_target,914,71,0,512,8,2,0.003,0.03,age,1.0,,B,analytic,hybrid,False,budget,0.03,cuda,78623f5071004e73,0.13730625000000002,0.6065397000056691,0.9999864837985184,12000,12000,
xor3,transfer_target,914,71,0,512,8,2,0.003,1.0,age,0.0,,B,analytic,hybrid,False,budget,1.0,cuda,7869c65359578c92,0.20098125,0.5982968999887817,0.0,12000,12000,
xor3,transfer_target,915,72,0,512,8,2,0.002,0.03,age,1.0,,B,analytic,hybrid,False,budget,0.03,cuda,78f75185e6469e50,0.10296249999999998,0.596671300008893,0.9999999648624576,12000,12000,
xor3,transfer_target,913,70,0,512,8,2,0.004,0.18,age,3.0,,B,analytic,hybrid,False,budget,0.18,cuda,7977fbab56b1f4e3,0.09681874999999998,0.5839064999890979,0.9999999999953426,12000,12000,
xor3,transfer_target,910,70,0,512,8,2,0.001,0.18,age,1.0,,B,analytic,hybrid,False,budget,0.18,cuda,79922bec652b166f,0.06726249999999998,0.6448602000018582,0.9999999999999993,12000,12000,
xor3,transfer_target,913,70,0,512,8,2,0.002,1.0,age,1.0,,B,analytic,hybrid,False,budget,1.0,cuda,79c32fc1620340e6,0.08081875000000002,0.5809560999914538,0.9999999648624576,12000,12000,
xor3,transfer_target,915,72,0,512,8,2,0.0015,0.03,age,2.0,,B,analytic,hybrid,False,budget,0.03,cuda,79ef76351a367fad,0.10296249999999998,0.6042708000168204,1.0,12000,12000,
xor3,transfer_target,915,72,0,512,8,2,0.01,0.18,age,0.0,,B,analytic,hybrid,False,budget,0.18,cuda,79ffd4cc38971243,0.1955125,0.5722418999939691,0.0,12000,12000,
xor3,transfer_target,910,70,0,512,8,2,0.005,1.0,age,0.0,,B,analytic,hybrid,False,budget,1.0,cuda,7a1e369a5b6ea79d,0.1850875,0.585504500020761,0.0,12000,12000,
xor3,transfer_target,915,72,0,512,8,2,0.02,1.0,age,1.0,,B,analytic,hybrid,False,budget,1.0,cuda,7a27443c827402d4,0.20221875,1.1275764999445528,0.7128020625030799,12000,12000,
xor3,transfer_target,911,71,0,512,8,2,0.005,0.18,age,2.0,,B,analytic,hybrid,False,budget,0.18,cuda,7a2efa89c5d3c5b9,0.09061874999999998,0.8685220000334084,0.999998750250879,12000,12000,
xor3,transfer_target,911,71,0,512,8,2,0.005,1.0,age,1.0,,B,analytic,hybrid,False,budget,1.0,cuda,7ad1fce1b617f4f9,0.10764375,1.098901600111276,0.9984202681165271,12000,12000,
xor3,transfer_target,914,71,0,512,8,2,0.005,1.0,age,0.0,,B,analytic,hybrid,False,budget,1.0,cuda,7b3940cf5bf16c9c,0.20341874999999998,0.5859109000011813,0.0,12000,12000,
xor3,transfer_target,910,70,0,512,8,2,0.01,0.03,age,1.0,,B,analytic,hybrid,False,budget,0.03,cuda,7b6340ab73cb50d2,0.15162499999999998,0.7289899999741465,0.9453064264076342,12000,12000,
xor3,transfer_target,911,71,0,512,8,2,0.08,0.18,age,4.0,,B,analytic,hybrid,False,budget,0.18,cuda,7b68f1f06e43b1e9,0.421875,1.223203299799934,0.7128020625030799,12000,12000,
xor3,transfer_target,910,70,0,512,8,2,0.02,1.0,age,4.0,,B,analytic,hybrid,False,budget,1.0,cuda,7b75bdeb8416b469,0.141425,0.5767779999878258,0.9984202681165271,12000,12000,
xor3,transfer_target,914,71,0,512,8,2,0.04,1.0,age,3.0,,B,analytic,hybrid,False,budget,1.0,cuda,7b7862c38bd7b828,0.3964375,0.7548553000669926,0.8715005778382128,12000,12000,
xor3,transfer_target,911,71,0,512,8,2,0.002,0.03,age,4.0,,B,analytic,hybrid,False,budget,0.03,cuda,7baabb4e3ee7c503,0.17173125,0.6239745999919251,1.0,12000,12000,
xor3,transfer_target,915,72,0,512,8,2,0.003,0.03,age,0.0,,B,analytic,hybrid,False,budget,0.03,cuda,7bea3377459f6825,0.0925375,0.5718009999836795,0.0,12000,12000,
xor3,transfer_target,914,71,0,512,8,2,0.005,1.0,age,2.0,,B,analytic,hybrid,False,budget,1.0,cuda,7c0e8bb2de088c09,0.047049999999999995,0.6853708999697119,0.999998750250879,12000,12000,
xor3,transfer_target,912,72,0,512,8,2,0.001,0.03,age,3.0,,B,analytic,hybrid,False,budget,0.03,cuda,7c4fd7485c511d7d,0.11357500000000001,0.6276728000084404,1.0,12000,12000,
xor3,transfer_target,911,71,0,512,8,2,0.08,0.03,age,4.0,,B,analytic,hybrid,False,budget,0.03,cuda,7cc9998894755843,0.6796875,0.9172447000164539,0.7128020625030799,12000,12000,
xor3,transfer_target,913,70,0,512,8,2,0.003,0.18,age,4.0,,B,analytic,hybrid,False,budget,0.18,cuda,7cf699a287229a5b,0.08861875,0.591024399996968,1.0,12000,12000,
xor3,transfer_target,911,71,0,512,8,2,0.04,0.03,age,1.0,,B,analytic,hybrid,False,budget,0.03,cuda,7d2a4bb412431420,0.09153749999999998,0.8640015998389572,0.41895886892929807,12000,12000,
xor3,transfer_target,914,71,0,512,8,2,0.04,0.18,age,1.0,,B,analytic,hybrid,False,budget,0.18,cuda,7d5653d67fba5a5f,0.3050875,1.5068333998788148,0.41895886892929807,12000,12000,
xor3,transfer_target,911,71,0,512,8,2,0.004,0.18,age,3.0,,B,analytic,hybrid,False,budget,0.18,cuda,7d5ceed5663eebed,0.055262500000000006,0.5680870000214782,0.9999999999953426,12000,12000,
xor3,transfer_target,910,70,0,512,8,2,0.08,0.18,age,4.0,,B,analytic,hybrid,False,budget,0.18,cuda,7d7d3eae880b1a5c,0.3325125,0.7385740000754595,0.7128020625030799,12000,12000,
xor3,transfer_target,912,72,0,512,8,2,0.001,0.18,age,2.0,,B,analytic,hybrid,False,budget,0.18,cuda,7d862b7ed7d0383b,0.04828750000000001,0.6162059999769554,1.0,12000,12000,
xor3,transfer_target,915,72,0,512,8,2,0.08,0.18,age,3.0,,B,analytic,hybrid,False,budget,0.18,cuda,7d9a3eccff492e07,0.36328125,0.8789520000573248,0.5847449057501767,12000,12000,
xor3,transfer_target,912,72,0,512,8,2,0.00025,0.18,age,3.0,,B,analytic,hybrid,False,budget,0.18,cuda,7db0da2355bb3b05,0.04828750000000001,0.6332575999840628,1.0,12000,12000,
xor3,transfer_target,910,70,0,512,8,2,0.00025,0.03,age,0.0,,B,analytic,hybrid,False,budget,0.03,cuda,7df4149b0e89557a,0.2525625,1.4734344000171404,0.0,12000,12000,
xor3,transfer_target,911,71,0,512,8,2,0.01,1.0,age,1.0,,B,analytic,hybrid,False,budget,1.0,cuda,7e217242362972dd,0.1077375,1.0566052999347448,0.9453064264076342,12000,12000,
xor3,transfer_target,910,70,0,512,8,2,0.001,1.0,age,1.0,,B,analytic,hybrid,False,budget,1.0,cuda,7e35d05cd7900339,0.14709375,0.6216807999880984,0.9999999999999993,12000,12000,
xor3,transfer_target,913,70,0,512,8,2,0.02,0.18,age,4.0,,B,analytic,hybrid,False,budget,0.18,cuda,7e3bece49b72fe3f,0.07156874999999999,0.5909569999203086,0.9984202681165271,12000,12000,
xor3,transfer_target,910,70,0,512,8,2,0.004,0.03,age,2.0,,B,analytic,hybrid,False,budget,0.03,cuda,7e6029c073145f3e,0.12585624999999998,0.5819115999911446,0.9999999648624576,12000,12000,
xor3,transfer_target,910,70,0,512,8,2,0.0005,1.0,age,1.0,,B,analytic,hybrid,False,budget,1.0,cuda,7ee91f656a469666,0.14709375,0.6455357999948319,1.0,12000,12000,
xor3,transfer_target,915,72,0,512,8,2,0.00025,0.18,age,0.0,,B,analytic,hybrid,False,budget,0.18,cuda,7f673a345b7d0672,0.17035625000000001,0.6407564000110142,0.0,12000,12000,
xor3,transfer_target,914,71,0,512,8,2,0.02,1.0,age,3.0,,B,analytic,hybrid,False,budget,1.0,cuda,7f929801fd0d75c0,0.2569625,0.7683960997965187,0.9906155287954753,12000,12000,
xor3,transfer_target,915,72,0,512,8,2,0.002,0.03,age,3.0,,B,analytic,hybrid,False,budget,0.03,cuda,7f947f2b735e8698,0.10296249999999998,0.582469899993157,1.0,12000,12000,
xor3,transfer_target,911,71,0,512,8,2,0.01,0.03,age,4.0,,B,analytic,hybrid,False,budget,0.03,cuda,7fc987da39ade28e,0.086525,0.8324843998998404,0.999998750250879,12000,12000,
xor3,transfer_target,911,71,0,512,8,2,0.001,0.03,age,2.0,,B,analytic,hybrid,False,budget,0.03,cuda,7fd55b2c2083122f,0.17173125,0.6287426000053529,1.0,12000,12000,
xor3,transfer_target,911,71,0,512,8,2,0.0,0.18,age,1.0,,B,global,hybrid,False,budget,0.18,cuda,800a47d939b4eb7d,0.04668749999999998,0.8045751999597996,1.0,12000,12000,True
xor3,transfer_target,915,72,0,512,8,2,0.005,1.0,age,2.0,,B,analytic,hybrid,False,budget,1.0,cuda,803995acfe38f1c5,0.07290000000000002,0.8134133000858128,0.999998750250879,12000,12000,
xor3,transfer_target,913,70,0,512,8,2,0.04,1.0,age,4.0,,B,analytic,hybrid,False,budget,1.0,cuda,80414335fca85757,0.28799375000000005,0.5740903001278639,0.9453064264076342,12000,12000,
xor3,transfer_target,911,71,0,512,8,2,0.00025,0.18,age,2.0,,B,analytic,hybrid,False,budget,0.18,cuda,808979945e4b5f60,0.09123125,0.6402020999812521,1.0,12000,12000,
xor3,transfer_target,914,71,0,512,8,2,0.0005,1.0,age,1.0,,B,analytic,hybrid,False,budget,1.0,cuda,80ac96bb573587af,0.08993749999999999,0.6607471999886911,1.0,12000,12000,
xor3,transfer_target,914,71,0,512,8,2,0.004,0.18,age,0.0,,B,analytic,hybrid,False,budget,0.18,cuda,80c94596a99b9b54,0.1821375,0.5908484999963548,0.0,12000,12000,
xor3,transfer_target,913,70,0,512,8,2,0.004,0.03,age,1.0,,B,analytic,hybrid,False,budget,0.03,cuda,810e871441afecc7,0.1109375,0.5984433000267018,0.9997349406477949,12000,12000,
xor3,transfer_target,915,72,0,512,8,2,0.001,0.03,age,1.0,,B,analytic,hybrid,False,budget,0.03,cuda,8158ae917635d5b2,0.10296249999999998,0.6119483999791555,0.9999999999999993,12000,12000,
xor3,transfer_target,911,71,0,512,8,2,0.005,1.0,age,4.0,,B,analytic,hybrid,False,budget,1.0,cuda,81d915d88a0a01ed,0.09701875,1.0413467998150736,0.9999999999992191,12000,12000,
xor3,transfer_target,911,71,0,512,8,2,0.00025,0.18,age,1.0,,B,analytic,hybrid,False,budget,0.18,cuda,823fe043c8977385,0.09123125,0.6537939999834634,1.0,12000,12000,
xor3,transfer_target,912,72,0,512,8,2,0.02,1.0,age,4.0,,B,analytic,hybrid,False,budget,1.0,cuda,824136d0fc225c2c,0.1760625,0.7478292000014335,0.9984202681165271,12000,12000,
xor3,transfer_target,913,70,0,512,8,2,0.004,0.03,age,3.0,,B,analytic,hybrid,False,budget,0.03,cuda,825966349a49f1a6,0.12194999999999998,0.5905683000164572,0.9999999999953426,12000,12000,
xor3,transfer_target,914,71,0,512,8,2,0.00025,0.18,age,0.0,,B,analytic,hybrid,False,budget,0.18,cuda,8271578b2473faf3,0.22584375,0.6469150000193622,0.0,12000,12000,
xor3,transfer_target,912,72,0,512,8,2,0.003,1.0,age,1.0,,B,analytic,hybrid,False,budget,1.0,cuda,82999cc26238b035,0.084725,0.610182900010841,0.9999864837985184,12000,12000,
xor3,transfer_target,910,70,0,512,8,2,0.003,1.0,age,0.0,,B,analytic,hybrid,False,budget,1.0,cuda,82e21d65ef647b19,0.16665,0.5781857999972999,0.0,12000,12000,
xor3,transfer_target,912,72,0,512,8,2,0.002,1.0,age,2.0,,B,analytic,hybrid,False,budget,1.0,cuda,831bdcb1ff8d7d02,0.08621875000000001,0.5970312999852467,0.9999999999999993,12000,12000,
xor3,transfer_target,911,71,0,512,8,2,0.0005,0.03,age,0.0,,B,analytic,hybrid,False,budget,0.03,cuda,8337715bacc50898,0.26108125,0.623220500012394,0.0,12000,12000,
xor3,transfer_target,911,71,0,512,8,2,0.00025,1.0,age,1.0,,B,analytic,hybrid,False,budget,1.0,cuda,8344d3cd87c58a8b,0.051674999999999985,0.6629335000179708,1.0,12000,12000,
xor3,transfer_target,913,70,0,512,8,2,0.004,0.18,age,0.0,,B,analytic,hybrid,False,budget,0.18,cuda,83614662e5b76345,0.23926875,0.5822534000035375,0.0,12000,12000,
xor3,transfer_target,912,72,0,512,8,2,0.003,1.0,age,3.0,,B,analytic,hybrid,False,budget,1.0,cuda,83661c1c9ae85540,0.07171249999999998,0.6109276000061072,0.9999999999999993,12000,12000,
xor3,transfer_target,913,70,0,512,8,2,0.003,0.18,age,0.0,,B,analytic,hybrid,False,budget,0.18,cuda,83bddec117f09643,0.11078750000000001,0.5825141000095755,0.0,12000,12000,
xor3,transfer_target,911,71,0,512,8,2,0.003,0.03,age,4.0,,B,analytic,hybrid,False,budget,0.03,cuda,8424d7004c1fc39d,0.088125,0.6059011000033934,1.0,12000,12000,
xor3,transfer_target,912,72,0,512,8,2,0.04,1.0,age,3.0,,B,analytic,hybrid,False,budget,1.0,cuda,842c3cb64ea0e8a2,0.30416875000000004,0.6444442002102733,0.8715005778382128,12000,12000,
xor3,transfer_target,913,70,0,512,8,2,0.005,0.03,age,4.0,,B,analytic,hybrid,False,budget,0.03,cuda,843dfc2f7d90e6cf,0.12257499999999996,0.5913448000792414,0.9999999999992191,12000,12000,
xor3,transfer_target,911,71,0,512,8,2,0.01,0.18,age,4.0,,B,analytic,hybrid,False,budget,0.18,cuda,843ecff7e081cd2a,0.05564999999999999,0.6967317000962794,0.999998750250879,12000,12000,
xor3,transfer_target,910,70,0,512,8,2,0.08,0.18,age,2.0,,B,analytic,hybrid,False,budget,0.18,cuda,845bb0d0b8ab1079,0.5053874999999999,0.7901335000060499,0.41895886892929807,12000,12000,
xor3,transfer_target,914,71,0,512,8,2,0.004,1.0,age,4.0,,B,analytic,hybrid,False,budget,1.0,cuda,84627b839dbe7167,0.10304375,0.5893032000167295,0.9999999999999993,12000,12000,
xor3,transfer_target,915,72,0,512,8,2,0.00025,0.18,age,4.0,,B,analytic,hybrid,False,budget,0.18,cuda,84728d98ef9d01aa,0.04114375000000001,0.6468454000132624,1.0,12000,12000,
xor3,transfer_target,913,70,0,512,8,2,0.005,0.03,age,3.0,,B,analytic,hybrid,False,budget,0.03,cuda,84a5593e50627b78,0.12257499999999996,0.5995006999000907,0.9999999990120848,12000,12000,
xor3,transfer_target,910,70,0,512,8,2,0.005,1.0,age,2.0,,B,analytic,hybrid,False,budget,1.0,cuda,84b4532a667f2408,0.10764375000000001,0.7912693000398576,0.999998750250879,12000,12000,
xor3,transfer_target,913,70,0,512,8,2,0.01,0.03,age,0.0,,B,analytic,hybrid,False,budget,0.03,cuda,8518db566badf823,0.25680000000000003,0.5838060999813024,0.0,12000,12000,
xor3,transfer_target,915,72,0,512,8,2,0.001,0.03,age,0.0,,B,analytic,hybrid,False,budget,0.03,cuda,860acbe02ffc0e1a,0.11708125000000003,0.5880026000086218,0.0,12000,12000,
xor3,transfer_target,911,71,0,512,8,2,0.0015,0.03,age,3.0,,B,analytic,hybrid,False,budget,0.03,cuda,8628e3341e3eca0d,0.17173125,0.5909784999967087,1.0,12000,12000,
xor3,transfer_target,913,70,0,512,8,2,0.003,1.0,age,4.0,,B,analytic,hybrid,False,budget,1.0,cuda,868b29ad606e90dd,0.05539374999999999,0.5998230999975931,1.0,12000,12000,
xor3,transfer_target,912,72,0,512,8,2,0.005,1.0,age,0.0,,B,analytic,hybrid,False,budget,1.0,cuda,86ae2fd95d5b3623,0.19541875,0.5859621000126936,0.0,12000,12000,
xor3,transfer_target,912,72,0,512,8,2,0.0005,0.03,age,1.0,,B,analytic,hybrid,False,budget,0.03,cuda,86b508ff7a5c9c22,0.11357500000000001,0.6376717000093777,1.0,12000,12000,
xor3,transfer_target,910,70,0,512,8,2,0.0005,1.0,age,0.0,,B,analytic,hybrid,False,budget,1.0,cuda,86c9ad7a0dced2b6,0.2525625,0.6274483999877702,0.0,12000,12000,
xor3,transfer_target,915,72,0,512,8,2,0.002,0.18,age,1.0,,B,analytic,hybrid,False,budget,0.18,cuda,86d414081392bc80,0.04114375000000001,0.5802776000055019,0.9999999648624576,12000,12000,
xor3,transfer_target,915,72,0,512,8,2,0.02,1.0,age,4.0,,B,analytic,hybrid,False,budget,1.0,cuda,871c677344d2e657,0.14413125000000002,1.0157061000354588,0.9984202681165271,12000,12000,
xor3,transfer_target,914,71,0,512,8,2,0.08,0.03,age,4.0,,B,analytic,hybrid,False,budget,0.03,cuda,87cab84fe6ebbfea,0.59765625,0.9940408000256866,0.7128020625030799,12000,12000,
xor3,transfer_target,913,70,0,512,8,2,0.003,1.0,age,3.0,,B,analytic,hybrid,False,budget,1.0,cuda,87f374778a617e46,0.05539374999999999,0.5962112999986857,0.9999999999999993,12000,12000,
xor3,transfer_target,911,71,0,512,8,2,0.001,1.0,age,1.0,,B,analytic,hybrid,False,budget,1.0,cuda,8832dd694ab471bb,0.051674999999999985,0.6321565999824088,0.9999999999999993,12000,12000,
xor3,transfer_target,910,70,0,512,8,2,0.0015,0.03,age,0.0,,B,analytic,hybrid,False,budget,0.03,cuda,884499659aa8a3b2,0.16665,0.6029647999966983,0.0,12000,12000,
xor3,transfer_target,911,71,0,512,8,2,0.04,1.0,age,0.0,,B,analytic,hybrid,False,budget,1.0,cuda,884a94504ae63b65,0.53573125,0.5709212000074331,0.0,12000,12000,
xor3,transfer_target,913,70,0,512,8,2,0.0005,1.0,age,4.0,,B,analytic,hybrid,False,budget,1.0,cuda,88ced044d627d146,0.08081875000000002,0.6440521000185981,1.0,12000,12000,
xor3,transfer_target,912,72,0,512,8,2,0.01,0.03,age,4.0,,B,analytic,hybrid,False,budget,0.03,cuda,88df8da5d66d541c,0.09824375000000002,0.6706282000523061,0.999998750250879,12000,12000,
xor3,transfer_target,915,72,0,512,8,2,0.005,0.18,age,4.0,,B,analytic,hybrid,False,budget,0.18,cuda,88ed8857ed24ec0c,0.03314375000000003,1.2294796002097428,0.9999999999992191,12000,12000,
xor3,transfer_target,913,70,0,512,8,2,0.02,1.0,age,0.0,,B,analytic,hybrid,False,budget,1.0,cuda,88f50028b3b8dc46,0.21277500000000002,0.5813288000063039,0.0,12000,12000,
xor3,transfer_target,910,70,0,512,8,2,0.00025,0.03,age,4.0,,B,analytic,hybrid,False,budget,0.03,cuda,893876186309f37a,0.13329374999999996,0.6387407000001986,1.0,12000,12000,
xor3,transfer_target,910,70,0,512,8,2,0.01,0.18,age,2.0,,B,analytic,hybrid,False,budget,0.18,cuda,8954173563f3314d,0.104125,0.8524521000217646,0.9984202681165271,12000,12000,
xor3,transfer_target,912,72,0,512,8,2,0.08,0.03,age,1.0,,B,analytic,hybrid,False,budget,0.03,cuda,89aa61b9585f78c5,0.31900625,0.6805949001573026,0.2195795200967781,12000,12000,
xor3,transfer_target,915,72,0,512,8,2,0.001,0.18,age,2.0,,B,analytic,hybrid,False,budget,0.18,cuda,89d0f988f21be453,0.04114375000000001,0.610018699982902,1.0,12000,12000,
xor3,transfer_target,915,72,0,512,8,2,0.004,0.03,age,1.0,,B,analytic,hybrid,False,budget,0.03,cuda,8a4de52786ffdd1d,0.12829375,0.576101100014057,0.9997349406477949,12000,12000,
xor3,transfer_target,910,70,0,512,8,2,0.08,0.18,age,3.0,,B,analytic,hybrid,False,budget,0.18,cuda,8a826cedaab47a5a,0.28891875,0.7915171000640839,0.5847449057501767,12000,12000,
xor3,transfer_target,915,72,0,512,8,2,0.001,1.0,age,2.0,,B,analytic,hybrid,False,budget,1.0,cuda,8ab52115891245cf,0.09104375,0.7705327000003308,1.0,12000,12000,
xor3,transfer_target,912,72,0,512,8,2,0.08,0.03,age,2.0,,B,analytic,hybrid,False,budget,0.03,cuda,8aee184e31ed1684,0.4469125,0.6489625999238342,0.41895886892929807,12000,12000,
xor3,transfer_target,911,71,0,512,8,2,0.005,0.03,age,2.0,,B,analytic,hybrid,False,budget,0.03,cuda,8b6d78b8f4561e6a,0.13971875,0.8482184000313282,0.999998750250879,12000,12000,
xor3,transfer_target,911,71,0,512,8,2,0.01,1.0,age,0.0,,B,analytic,hybrid,False,budget,1.0,cuda,8b7bc880fb14b2e5,0.324075,0.5797544999804813,0.0,12000,12000,
xor3,transfer_target,913,70,0,512,8,2,0.001,0.18,age,0.0,,B,analytic,hybrid,False,budget,0.18,cuda,8b895b98e33e2bcb,0.18978124999999998,0.617638600000646,0.0,12000,12000,
xor3,transfer_target,910,70,0,512,8,2,0.00025,1.0,age,1.0,,B,analytic,hybrid,False,budget,1.0,cuda,8bc6ba0858540a25,0.14709375,0.6517761000141036,1.0,12000,12000,
xor3,transfer_target,911,71,0,512,8,2,0.08,1.0,age,4.0,,B,analytic,hybrid,False,budget,1.0,cuda,8c1a165564e3d0c8,0.47846874999999994,0.7792275999672711,0.7128020625030799,12000,12000,
xor3,transfer_target,912,72,0,512,8,2,0.0015,1.0,age,1.0,,B,analytic,hybrid,False,budget,1.0,cuda,8c313b9bdc06d52d,0.08621875000000001,0.6291447000112385,0.999999999908655,12000,12000,
xor3,transfer_target,915,72,0,512,8,2,0.04,0.03,age,2.0,,B,analytic,hybrid,False,budget,0.03,cuda,8d18078c99e5daf1,0.1586625,0.8685808998998255,0.7128020625030799,12000,12000,
xor3,transfer_target,914,71,0,512,8,2,0.002,1.0,age,3.0,,B,analytic,hybrid,False,budget,1.0,cuda,8d97508003dbcc14,0.08993749999999999,0.5975992000021506,1.0,12000,12000,
xor3,transfer_target,912,72,0,512,8,2,0.04,0.03,age,3.0,,B,analytic,hybrid,False,budget,0.03,cuda,8db664fdf1667eb5,0.19140625000000003,0.6507125999778509,0.8715005778382128,12000,12000,
xor3,transfer_target,913,70,0,512,8,2,0.001,1.0,age,1.0,,B,analytic,hybrid,False,budget,1.0,cuda,8de773f53ceee1a2,0.08081875000000002,0.639213699992979,0.9999999999999993,12000,12000,
xor3,transfer_target,912,72,0,512,8,2,0.003,0.18,age,0.0,,B,analytic,hybrid,False,budget,0.18,cuda,8dec5baf39e3200c,0.24358749999999996,0.5263470000063535,0.0,12000,12000,
xor3,transfer_target,912,72,0,512,8,2,0.003,1.0,age,2.0,,B,analytic,hybrid,False,budget,1.0,cuda,8dfce62fa025a56d,0.07171249999999998,0.60946690000128,0.999999999908655,12000,12000,
xor3,transfer_target,910,70,0,512,8,2,0.001,0.03,age,2.0,,B,analytic,hybrid,False,budget,0.03,cuda,8e76f0fa3b184720,0.13329374999999996,0.6244804000016302,1.0,12000,12000,
xor3,transfer_target,912,72,0,512,8,2,0.005,1.0,age,2.0,,B,analytic,hybrid,False,budget,1.0,cuda,8e8ff358226608dd,0.08843124999999999,0.7949500000104308,0.999998750250879,12000,12000,
xor3,transfer_target,912,72,0,512,8,2,0.01,0.18,age,2.0,,B,analytic,hybrid,False,budget,0.18,cuda,8ed752ef3ea93d37,0.06088750000000001,0.6456704000011086,0.9984202681165271,12000,12000,
xor3,transfer_target,910,70,0,512,8,2,0.00025,1.0,age,0.0,,B,analytic,hybrid,False,budget,1.0,cuda,8effeb911995e5d7,0.2525625,0.645396299980348,0.0,12000,12000,
xor3,transfer_target,915,72,0,512,8,2,0.002,1.0,age,2.0,,B,analytic,hybrid,False,budget,1.0,cuda,8f71ecf864bff7ea,0.09104375,0.698769300011918,0.9999999999999993,12000,12000,
xor3,transfer_target,912,72,0,512,8,2,0.001,0.03,age,2.0,,B,analytic,hybrid,False,budget,0.03,cuda,90982ffd7edbd419,0.11357500000000001,0.6212978000112344,1.0,12000,12000,
xor3,transfer_target,914,71,0,512,8,2,0.001,0.18,age,2.0,,B,analytic,hybrid,False,budget,0.18,cuda,90c8ff5fd6c2df87,0.08658125000000001,0.6320964000187814,1.0,12000,12000,
xor3,transfer_target,910,70,0,512,8,2,0.01,1.0,age,3.0,,B,analytic,hybrid,False,budget,1.0,cuda,90f287fd96b38c5f,0.033931249999999996,0.5712597998790443,0.9999555506739739,12000,12000,
xor3,transfer_target,914,71,0,512,8,2,0.00025,1.0,age,2.0,,B,analytic,hybrid,False,budget,1.0,cuda,90f61ed74ee59c8c,0.08993749999999999,0.6506768999970518,1.0,12000,12000,
xor3,transfer_target,912,72,0,512,8,2,0.004,1.0,age,4.0,,B,analytic,hybrid,False,budget,1.0,cuda,9201d04588c9d277,0.08052499999999999,0.598559900012333,0.9999999999999993,12000,12000,
xor3,transfer_target,915,72,0,512,8,2,0.01,0.03,age,1.0,,B,analytic,hybrid,False,budget,0.03,cuda,92207d573b555e6d,0.18658125,0.8581815999932587,0.9453064264076342,12000,12000,
xor3,transfer_target,915,72,0,512,8,2,0.04,0.03,age,3.0,,B,analytic,hybrid,False,budget,0.03,cuda,92530833c80282a4,0.20963125000000002,0.8588598999194801,0.8715005778382128,12000,12000,
xor3,transfer_target,910,70,0,512,8,2,0.005,0.03,age,1.0,,B,analytic,hybrid,False,budget,0.03,cuda,92806010a909ef82,0.12569374999999997,0.7301340999547392,0.9984202681165271,12000,12000,
xor3,transfer_target,915,72,0,512,8,2,0.001,0.18,age,4.0,,B,analytic,hybrid,False,budget,0.18,cuda,92a711aad0a79332,0.04114375000000001,0.6122916000022087,1.0,12000,12000,
xor3,transfer_target,910,70,0,512,8,2,0.04,0.03,age,2.0,,B,analytic,hybrid,False,budget,0.03,cuda,92bb7ecf75ce3bb6,0.20398124999999998,0.7376145001035184,0.7128020625030799,12000,12000,
xor3,transfer_target,912,72,0,512,8,2,0.00025,1.0,age,2.0,,B,analytic,hybrid,False,budget,1.0,cuda,92d2e53a1468da39,0.08621875000000001,0.646170100022573,1.0,12000,12000,
xor3,transfer_target,914,71,0,512,8,2,0.01,0.03,age,2.0,,B,analytic,hybrid,False,budget,0.03,cuda,92d31d47a3afadb4,0.13689374999999998,0.7600441998802125,0.9984202681165271,12000,12000,
xor3,transfer_target,910,70,0,512,8,2,0.04,0.18,age,0.0,,B,analytic,hybrid,False,budget,0.18,cuda,92ee8ad7cdb70365,0.5509124999999999,0.5866584000177681,0.0,12000,12000,
xor3,transfer_target,912,72,0,512,8,2,0.004,0.18,age,1.0,,B,analytic,hybrid,False,budget,0.18,cuda,92fd296dedd88b5a,0.06970000000000001,0.5636830999865197,0.9997349406477949,12000,12000,
xor3,transfer_target,912,72,0,512,8,2,0.0005,0.03,age,4.0,,B,analytic,hybrid,False,budget,0.03,cuda,935745a7383fdd16,0.11357500000000001,0.7230905999895185,1.0,12000,12000,
xor3,transfer_target,911,71,0,512,8,2,0.005,0.18,age,3.0,,B,analytic,hybrid,False,budget,0.18,cuda,936da5c67ff858bb,0.06576875,0.8961230001877993,0.9999999990120848,12000,12000,
xor3,transfer_target,913,70,0,512,8,2,0.002,0.18,age,0.0,,B,analytic,hybrid,False,budget,0.18,cuda,938f129fe737194e,0.11078750000000001,0.5903390999883413,0.0,12000,12000,
xor3,transfer_target,912,72,0,512,8,2,0.04,1.0,age,2.0,,B,analytic,hybrid,False,budget,1.0,cuda,94234f39c588cc8c,0.40546249999999995,0.6840023999102414,0.7128020625030799,12000,12000,
xor3,transfer_target,910,70,0,512,8,2,0.002,0.03,age,1.0,,B,analytic,hybrid,False,budget,0.03,cuda,94b4a3658de3e4fa,0.13329374999999996,0.5586272999935318,0.9999999648624576,12000,12000,
xor3,transfer_target,910,70,0,512,8,2,0.003,0.18,age,2.0,,B,analytic,hybrid,False,budget,0.18,cuda,94d5a05734fdf805,0.06556874999999998,0.6078577000007499,0.999999999908655,12000,12000,
xor3,transfer_target,911,71,0,512,8,2,0.04,0.03,age,2.0,,B,analytic,hybrid,False,budget,0.03,cuda,94e2f335b86b70a1,0.163275,0.781318600056693,0.7128020625030799,12000,12000,
xor3,transfer_target,915,72,0,512,8,2,0.005,0.18,age,0.0,,B,analytic,hybrid,False,budget,0.18,cuda,952cfc5d036ab26b,0.14803750000000002,0.5986678000190295,0.0,12000,12000,
xor3,transfer_target,911,71,0,512,8,2,0.01,0.18,age,0.0,,B,analytic,hybrid,False,budget,0.18,cuda,95358952a4898981,0.324075,0.5845129000081215,0.0,12000,12000,
xor3,transfer_target,910,70,0,512,8,2,0.00025,1.0,age,3.0,,B,analytic,hybrid,False,budget,1.0,cuda,9585b6ca187ab9b1,0.14709375,0.652033999998821,1.0,12000,12000,
xor3,transfer_target,911,71,0,512,8,2,0.08,1.0,age,1.0,,B,analytic,hybrid,False,budget,1.0,cuda,95a267463b06508e,0.70403125,0.8025114999618381,0.2195795200967781,12000,12000,
xor3,transfer_target,915,72,0,512,8,2,0.0015,0.03,age,3.0,,B,analytic,hybrid,False,budget,0.03,cuda,963cc7207f5c16b1,0.10296249999999998,0.6517746000026818,1.0,12000,12000,
xor3,transfer_target,913,70,0,512,8,2,0.005,0.18,age,2.0,,B,analytic,hybrid,False,budget,0.18,cuda,96655d5266267112,0.06749999999999998,0.5601010001264513,0.999998750250879,12000,12000,
xor3,transfer_target,913,70,0,512,8,2,0.08,0.03,age,4.0,,B,analytic,hybrid,False,budget,0.03,cuda,96a13c8d06a04bf6,0.62890625,0.6451715999282897,0.7128020625030799,12000,12000,
xor3,transfer_target,913,70,0,512,8,2,0.001,0.18,age,3.0,,B,analytic,hybrid,False,budget,0.18,cuda,96c0ec1c936a35d1,0.05468750000000003,0.6263633000198752,1.0,12000,12000,
xor3,transfer_target,913,70,0,512,8,2,0.002,1.0,age,3.0,,B,analytic,hybrid,False,budget,1.0,cuda,96f34b71b544b627,0.08081875000000002,0.5975173999904655,1.0,12000,12000,
xor3,transfer_target,913,70,0,512,8,2,0.002,0.03,age,0.0,,B,analytic,hybrid,False,budget,0.03,cuda,970e7f6ba4180a27,0.11078750000000001,0.5931209000118542,0.0,12000,12000,
xor3,transfer_target,911,71,0,512,8,2,0.002,0.03,age,1.0,,B,analytic,hybrid,False,budget,0.03,cuda,973b3def3b812e44,0.17173125,0.5986227999965195,0.9999999648624576,12000,12000,
xor3,transfer_target,910,70,0,512,8,2,0.01,0.03,age,2.0,,B,analytic,hybrid,False,budget,0.03,cuda,9759d999a8747239,0.13819999999999996,0.7463438999839127,0.9984202681165271,12000,12000,
xor3,transfer_target,913,70,0,512,8,2,0.00025,1.0,age,4.0,,B,analytic,hybrid,False,budget,1.0,cuda,976f5300171341f0,0.08081875000000002,0.6484989000018686,1.0,12000,12000,
xor3,transfer_target,911,71,0,512,8,2,0.001,0.18,age,1.0,,B,analytic,hybrid,False,budget,0.18,cuda,977acd516822693d,0.09123125,0.6357941000023857,0.9999999999999993,12000,12000,
xor3,transfer_target,914,71,0,512,8,2,0.08,0.03,age,3.0,,B,analytic,hybrid,False,budget,0.03,cuda,97c135b768caa506,0.53125,1.8037469000555575,0.5847449057501767,12000,12000,
xor3,transfer_target,914,71,0,512,8,2,0.01,0.18,age,2.0,,B,analytic,hybrid,False,budget,0.18,cuda,981cdcde79530b68,0.08553749999999997,0.7363221999257803,0.9984202681165271,12000,12000,
xor3,transfer_target,913,70,0,512,8,2,0.003,1.0,age,0.0,,B,analytic,hybrid,False,budget,1.0,cuda,9820327165028aaa,0.11078750000000001,0.6166480999963824,0.0,12000,12000,
xor3,transfer_target,914,71,0,512,8,2,0.04,0.18,age,2.0,,B,analytic,hybrid,False,budget,0.18,cuda,986f20e86473e0fb,0.07824374999999999,1.2700324000325054,0.7128020625030799,12000,12000,
xor3,transfer_target,915,72,0,512,8,2,0.04,0.03,age,0.0,,B,analytic,hybrid,False,budget,0.03,cuda,989fbb9d39d5b196,0.7367750000000001,0.5971068000071682,0.0,12000,12000,
xor3,transfer_target,913,70,0,512,8,2,0.00025,1.0,age,0.0,,B,analytic,hybrid,False,budget,1.0,cuda,98dff9d921bb478f,0.24609374999999997,0.6692344000039157,0.0,12000,12000,
xor3,transfer_target,912,72,0,512,8,2,0.002,0.18,age,3.0,,B,analytic,hybrid,False,budget,0.18,cuda,98f2cadb3dc21f8e,0.04828750000000001,0.5479711999942083,1.0,12000,12000,
xor3,transfer_target,910,70,0,512,8,2,0.002,1.0,age,4.0,,B,analytic,hybrid,False,budget,1.0,cuda,9916f4b8a226a2ac,0.14709375,0.5742158000066411,1.0,12000,12000,
xor3,transfer_target,914,71,0,512,8,2,0.01,0.03,age,4.0,,B,analytic,hybrid,False,budget,0.03,cuda,9949530add57283a,0.10065624999999999,139.24283199990168,0.999998750250879,12000,12000,
xor3,transfer_target,915,72,0,512,8,2,0.0015,1.0,age,4.0,,B,analytic,hybrid,False,budget,1.0,cuda,99658f59440237fa,0.09104375,0.7051092000037897,1.0,12000,12000,
xor3,transfer_target,915,72,0,512,8,2,0.004,1.0,age,4.0,,B,analytic,hybrid,False,budget,1.0,cuda,9986aa10997dd95e,0.10226874999999999,0.5589227999735158,0.9999999999999993,12000,12000,
xor3,transfer_target,911,71,0,512,8,2,0.0005,0.03,age,2.0,,B,analytic,hybrid,False,budget,0.03,cuda,9987568e370d4598,0.17173125,0.6397171999851707,1.0,12000,12000,
xor3,transfer_target,911,71,0,512,8,2,0.002,1.0,age,2.0,,B,analytic,hybrid,False,budget,1.0,cuda,99da523f56774711,0.051674999999999985,0.5993829999933951,0.9999999999999993,12000,12000,
xor3,transfer_target,914,71,0,512,8,2,0.002,0.03,age,1.0,,B,analytic,hybrid,False,budget,0.03,cuda,9a0eb06d0632813f,0.12590625,0.5917671999777667,0.9999999648624576,12000,12000,
xor3,transfer_target,913,70,0,512,8,2,0.02,0.03,age,4.0,,B,analytic,hybrid,False,budget,0.03,cuda,9a26c3298812e56f,0.13343750000000001,0.5552944999653846,0.9984202681165271,12000,12000,
xor3,transfer_target,914,71,0,512,8,2,0.01,1.0,age,4.0,,B,analytic,hybrid,False,budget,1.0,cuda,9a49bbdfbd261491,0.06609999999999998,0.6881419001147151,0.999998750250879,12000,12000,
xor3,transfer_target,912,72,0,512,8,2,0.001,1.0,age,0.0,,B,analytic,hybrid,False,budget,1.0,cuda,9a7e02d7069aa15c,0.23345624999999998,0.6194001999974716,0.0,12000,12000,
xor3,transfer_target,914,71,0,512,8,2,0.004,1.0,age,3.0,,B,analytic,hybrid,False,budget,1.0,cuda,9a87884e099bf58c,0.10304375,0.5933160000131465,0.9999999999953426,12000,12000,
xor3,transfer_target,910,70,0,512,8,2,0.002,1.0,age,1.0,,B,analytic,hybrid,False,budget,1.0,cuda,9adc8d43e8b2fa34,0.14709375,0.5765793000173289,0.9999999648624576,12000,12000,
xor3,transfer_target,913,70,0,512,8,2,0.02,1.0,age,4.0,,B,analytic,hybrid,False,budget,1.0,cuda,9b12aac30ac17557,0.169075,0.5892584000248462,0.9984202681165271,12000,12000,
xor3,transfer_target,910,70,0,512,8,2,0.003,1.0,age,1.0,,B,analytic,hybrid,False,budget,1.0,cuda,9b15a0cf5cc6ed7e,0.11165624999999998,0.6025831000006292,0.9999864837985184,12000,12000,
xor3,transfer_target,914,71,0,512,8,2,0.0015,1.0,age,1.0,,B,analytic,hybrid,False,budget,1.0,cuda,9bced12ded884432,0.08993749999999999,0.6637599000241607,0.999999999908655,12000,12000,
xor3,transfer_target,914,71,0,512,8,2,0.001,1.0,age,1.0,,B,analytic,hybrid,False,budget,1.0,cuda,9be0a2fa2908248e,0.08993749999999999,0.6569060999900103,0.9999999999999993,12000,12000,
xor3,transfer_target,912,72,0,512,8,2,0.00025,0.03,age,2.0,,B,analytic,hybrid,False,budget,0.03,cuda,9c1a3ef68478dae6,0.11357500000000001,0.6349341000022832,1.0,12000,12000,
xor3,transfer_target,912,72,0,512,8,2,0.01,0.18,age,3.0,,B,analytic,hybrid,False,budget,0.18,cuda,9c1dfbcc06e9e4a7,0.06939375,0.6333371999207884,0.9999555506739739,12000,12000,
xor3,transfer_target,913,70,0,512,8,2,0.003,0.03,age,1.0,,B,analytic,hybrid,False,budget,0.03,cuda,9c2b214917124593,0.137975,0.585228099982487,0.9999864837985184,12000,12000,
xor3,transfer_target,910,70,0,512,8,2,0.02,0.03,age,4.0,,B,analytic,hybrid,False,budget,0.03,cuda,9c2d5fe600367e19,0.11875,0.8432300998829305,0.9984202681165271,12000,12000,
xor3,transfer_target,910,70,0,512,8,2,0.001,1.0,age,3.0,,B,analytic,hybrid,False,budget,1.0,cuda,9cc7069f15408754,0.14709375,0.619757300009951,1.0,12000,12000,
xor3,transfer_target,914,71,0,512,8,2,0.005,1.0,age,4.0,,B,analytic,hybrid,False,budget,1.0,cuda,9d55c3ba6e80b666,0.047049999999999995,0.6851738998666406,0.9999999999992191,12000,12000,
xor3,transfer_target,911,71,0,512,8,2,0.04,0.18,age,3.0,,B,analytic,hybrid,False,budget,0.18,cuda,9d713b6cd19fb239,0.088125,0.7957684998400509,0.8715005778382128,12000,12000,
xor3,transfer_target,915,72,0,512,8,2,0.002,1.0,age,3.0,,B,analytic,hybrid,False,budget,1.0,cuda,9da04083b4029069,0.09104375,0.6914803000108805,1.0,12000,12000,
xor3,transfer_target,910,70,0,512,8,2,0.0015,0.03,age,4.0,,B,analytic,hybrid,False,budget,0.03,cuda,9da681853740028b,0.13329374999999996,0.5569898000103422,1.0,12000,12000,
xor3,transfer_target,915,72,0,512,8,2,0.001,0.03,age,2.0,,B,analytic,hybrid,False,budget,0.03,cuda,9dae1c0ebfed6c96,0.10296249999999998,0.6253498999867588,1.0,12000,12000,
xor3,transfer_target,915,72,0,512,8,2,0.04,0.18,age,3.0,,B,analytic,hybrid,False,budget,0.18,cuda,9dccd2d8927c6222,0.1322,0.840757800033316,0.8715005778382128,12000,12000,
xor3,transfer_target,911,71,0,512,8,2,0.005,1.0,age,2.0,,B,analytic,hybrid,False,budget,1.0,cuda,9dec075a708356eb,0.09701875,1.10069360001944,0.999998750250879,12000,12000,
xor3,transfer_target,913,70,0,512,8,2,0.002,0.03,age,2.0,,B,analytic,hybrid,False,budget,0.03,cuda,9e1d4e655fa3e53f,0.08991249999999998,0.5796594000130426,0.9999999999999993,12000,12000,
xor3,transfer_target,915,72,0,512,8,2,0.08,0.18,age,0.0,,B,analytic,hybrid,False,budget,0.18,cuda,9e9a4498b77767cc,0.9451249999999999,0.5713803999824449,0.0,12000,12000,
xor3,transfer_target,911,71,0,512,8,2,0.02,0.03,age,1.0,,B,analytic,hybrid,False,budget,0.03,cuda,9ee9aaafd75de607,0.11285625,0.8178606000728905,0.7128020625030799,12000,12000,
xor3,transfer_target,914,71,0,512,8,2,0.01,0.18,age,4.0,,B,analytic,hybrid,False,budget,0.18,cuda,9eeb5c71d5583379,0.06281875000000002,0.6681347000412643,0.999998750250879,12000,12000,
xor3,transfer_target,911,71,0,512,8,2,0.08,0.03,age,0.0,,B,analytic,hybrid,False,budget,0.03,cuda,9f03e749286b3e83,0.7778,0.5800826999766286,0.0,12000,12000,
xor3,transfer_target,910,70,0,512,8,2,0.04,0.03,age,3.0,,B,analytic,hybrid,False,budget,0.03,cuda,9f1cc54ee2f10d4c,0.27431874999999994,0.770758000202477,0.8715005778382128,12000,12000,
xor3,transfer_target,914,71,0,512,8,2,0.003,0.03,age,0.0,,B,analytic,hybrid,False,budget,0.03,cuda,9f1ec481f4b62657,0.20098125,0.5748079000040889,0.0,12000,12000,
xor3,transfer_target,911,71,0,512,8,2,0.002,0.18,age,3.0,,B,analytic,hybrid,False,budget,0.18,cuda,9f613cf59434e290,0.0962,0.5917033999867272,1.0,12000,12000,
xor3,transfer_target,914,71,0,512,8,2,0.01,1.0,age,1.0,,B,analytic,hybrid,False,budget,1.0,cuda,9f63471ef22143b6,0.11704375000000002,0.6995258999522775,0.9453064264076342,12000,12000,
xor3,transfer_target,914,71,0,512,8,2,0.002,0.18,age,4.0,,B,analytic,hybrid,False,budget,0.18,cuda,9fbcc077aa98fa78,0.08658125000000001,0.5792921000102069,1.0,12000,12000,
xor3,transfer_target,913,70,0,512,8,2,0.04,1.0,age,3.0,,B,analytic,hybrid,False,budget,1.0,cuda,9fc690cdeb67b953,0.31519375000000005,0.5954799999017268,0.8715005778382128,12000,12000,
xor3,transfer_target,914,71,0,512,8,2,0.0015,0.03,age,1.0,,B,analytic,hybrid,False,budget,0.03,cuda,9fdc1e700efee647,0.12590625,0.5818903000035789,0.999999999908655,12000,12000,
xor3,transfer_target,912,72,0,512,8,2,0.08,1.0,age,4.0,,B,analytic,hybrid,False,budget,1.0,cuda,a09f2d9c8cf8d461,0.43789999999999996,0.6319409999996424,0.7128020625030799,12000,12000,
xor3,transfer_target,910,70,0,512,8,2,0.0,0.18,age,1.0,,B,global,hybrid,False,budget,0.18,cuda,a0ccaa51ce3fd04c,0.11476249999999996,0.46480169985443354,1.0,12000,12000,True
xor3,transfer_target,911,71,0,512,8,2,0.004,1.0,age,2.0,,B,analytic,hybrid,False,budget,1.0,cuda,a10ad7daa74fdad9,0.0638875,0.589099000004353,0.9999999648624576,12000,12000,
xor3,transfer_target,912,72,0,512,8,2,0.0005,1.0,age,4.0,,B,analytic,hybrid,False,budget,1.0,cuda,a110671fe45f7355,0.08621875000000001,0.6650063999986742,1.0,12000,12000,
xor3,transfer_target,912,72,0,512,8,2,0.004,1.0,age,2.0,,B,analytic,hybrid,False,budget,1.0,cuda,a13b7d6a9a2c8152,0.08052499999999999,0.597953900025459,0.9999999648624576,12000,12000,
xor3,transfer_target,912,72,0,512,8,2,0.00025,0.18,age,0.0,,B,analytic,hybrid,False,budget,0.18,cuda,a16fa1c8cdcaa4a8,0.2245625,0.6383292000100482,0.0,12000,12000,
xor3,transfer_target,912,72,0,512,8,2,0.01,0.03,age,0.0,,B,analytic,hybrid,False,budget,0.03,cuda,a18923b3bf351056,0.20641874999999998,0.602747900004033,0.0,12000,12000,
xor3,transfer_target,912,72,0,512,8,2,0.02,0.18,age,1.0,,B,analytic,hybrid,False,budget,0.18,cuda,a2d599ef03ca236c,0.08243125000000001,0.6338982998859137,0.7128020625030799,12000,12000,
xor3,transfer_target,910,70,0,512,8,2,0.02,0.03,age,2.0,,B,analytic,hybrid,False,budget,0.03,cuda,a2d9db208aaf8255,0.10093749999999999,0.7572610999923199,0.9453064264076342,12000,12000,
xor3,transfer_target,915,72,0,512,8,2,0.04,1.0,age,1.0,,B,analytic,hybrid,False,budget,1.0,cuda,a305c15b9e54e748,0.32963125000000004,0.8851717000361532,0.41895886892929807,12000,12000,
xor3,transfer_target,915,72,0,512,8,2,0.02,0.03,age,0.0,,B,analytic,hybrid,False,budget,0.03,cuda,a3216bdf70171261,0.22796249999999996,0.5749635999964084,0.0,12000,12000,
xor3,transfer_target,914,71,0,512,8,2,0.08,0.18,age,3.0,,B,analytic,hybrid,False,budget,0.18,cuda,a37473e7ae10b1cb,0.40551875,0.8476290998514742,0.5847449057501767,12000,12000,
xor3,transfer_target,910,70,0,512,8,2,0.003,1.0,age,4.0,,B,analytic,hybrid,False,budget,1.0,cuda,a3914629b7edb650,0.10164375,0.5949823999835644,1.0,12000,12000,
xor3,transfer_target,910,70,0,512,8,2,0.08,1.0,age,2.0,,B,analytic,hybrid,False,budget,1.0,cuda,a3d088e2ecce8bdc,0.26646250000000005,0.6208693999797106,0.41895886892929807,12000,12000,
xor3,transfer_target,915,72,0,512,8,2,0.01,1.0,age,0.0,,B,analytic,hybrid,False,budget,1.0,cuda,a47c33f6b3d1c9cd,0.1955125,0.5699497000023257,0.0,12000,12000,
xor3,transfer_target,913,70,0,512,8,2,0.0015,0.03,age,1.0,,B,analytic,hybrid,False,budget,0.03,cuda,a4a6f1b1417a8bff,0.08991249999999998,0.5721628000028431,0.999999999908655,12000,12000,
xor3,transfer_target,912,72,0,512,8,2,0.08,0.03,age,0.0,,B,analytic,hybrid,False,budget,0.03,cuda,a4b05af053b2166f,0.95121875,0.567400700005237,0.0,12000,12000,
xor3,transfer_target,911,71,0,512,8,2,0.005,0.18,age,0.0,,B,analytic,hybrid,False,budget,0.18,cuda,a4d94f41acc1ef06,0.1906875,0.5619396999827586,0.0,12000,12000,
xor3,transfer_target,910,70,0,512,8,2,0.01,1.0,age,1.0,,B,analytic,hybrid,False,budget,1.0,cuda,a51f9bd737f357cd,0.14151875,0.6643435000441968,0.9453064264076342,12000,12000,
xor3,transfer_target,915,72,0,512,8,2,0.00025,0.03,age,3.0,,B,analytic,hybrid,False,budget,0.03,cuda,a542a48de9b6ac89,0.10296249999999998,0.6718301999790128,1.0,12000,12000,
xor3,transfer_target,915,72,0,512,8,2,0.005,1.0,age,4.0,,B,analytic,hybrid,False,budget,1.0,cuda,a54ab49b5ee201c8,0.07290000000000002,0.8723325000610203,0.9999999999992191,12000,12000,
xor3,transfer_target,915,72,0,512,8,2,0.08,0.03,age,1.0,,B,analytic,hybrid,False,budget,0.03,cuda,a54d6985f53cd291,0.32541875000000003,0.9452720999252051,0.2195795200967781,12000,12000,
xor3,transfer_target,911,71,0,512,8,2,0.0015,0.03,age,4.0,,B,analytic,hybrid,False,budget,0.03,cuda,a55b0908c0323641,0.17173125,0.5895582000084687,1.0,12000,12000,
xor3,transfer_target,910,70,0,512,8,2,0.004,0.03,age,3.0,,B,analytic,hybrid,False,budget,0.03,cuda,a582bc89c301abfc,0.12585624999999998,0.581339600001229,0.9999999999953426,12000,12000,
xor3,transfer_target,913,70,0,512,8,2,0.02,1.0,age,1.0,,B,analytic,hybrid,False,budget,1.0,cuda,a645df58d2bb26c8,0.1436125,0.6495726997964084,0.7128020625030799,12000,12000,
xor3,transfer_target,915,72,0,512,8,2,0.003,0.03,age,4.0,,B,analytic,hybrid,False,budget,0.03,cuda,a6591195ff2fb9ba,0.1181875,0.6000534000049811,1.0,12000,12000,
xor3,transfer_target,915,72,0,512,8,2,0.02,1.0,age,0.0,,B,analytic,hybrid,False,budget,1.0,cuda,a6f9faaa9bff8fbd,0.22796249999999996,0.5672239999985322,0.0,12000,12000,
xor3,transfer_target,915,72,0,512,8,2,0.003,1.0,age,0.0,,B,analytic,hybrid,False,budget,1.0,cuda,a70fae1c7c585ca6,0.0925375,0.6943211999896448,0.0,12000,12000,
xor3,transfer_target,910,70,0,512,8,2,0.002,1.0,age,2.0,,B,analytic,hybrid,False,budget,1.0,cuda,a75a10adb70ac41d,0.14709375,0.5781255000038072,0.9999999999999993,12000,12000,
xor3,transfer_target,911,71,0,512,8,2,0.0005,1.0,age,2.0,,B,analytic,hybrid,False,budget,1.0,cuda,a793172853e0cf0f,0.051674999999999985,0.6471994000021368,1.0,12000,12000,
xor3,transfer_target,913,70,0,512,8,2,0.04,1.0,age,0.0,,B,analytic,hybrid,False,budget,1.0,cuda,a7b38024e04ff8ce,0.603,0.5869264999928419,0.0,12000,12000,
xor3,transfer_target,912,72,0,512,8,2,0.001,0.18,age,4.0,,B,analytic,hybrid,False,budget,0.18,cuda,a7fe41bd9132c060,0.04828750000000001,0.6086566000012681,1.0,12000,12000,
xor3,transfer_target,912,72,0,512,8,2,0.08,0.18,age,1.0,,B,analytic,hybrid,False,budget,0.18,cuda,a843c27870df1559,0.36626875000000003,0.8532451000064611,0.2195795200967781,12000,12000,
xor3,transfer_target,912,72,0,512,8,2,0.0015,0.18,age,4.0,,B,analytic,hybrid,False,budget,0.18,cuda,a872089696b37f4f,0.04828750000000001,0.5561195999907795,1.0,12000,12000,
xor3,transfer_target,911,71,0,512,8,2,0.00025,0.18,age,4.0,,B,analytic,hybrid,False,budget,0.18,cuda,a8989597ebfa0bfd,0.09123125,0.6333850999944843,1.0,12000,12000,
xor3,transfer_target,912,72,0,512,8,2,0.0005,0.03,age,3.0,,B,analytic,hybrid,False,budget,0.03,cuda,a8f85dfb83288fbe,0.11357500000000001,0.7374066999764182,1.0,12000,12000,
xor3,transfer_target,914,71,0,512,8,2,0.003,1.0,age,4.0,,B,analytic,hybrid,False,budget,1.0,cuda,a9842e6cfe8dfd45,0.1067125,0.6031802000070456,1.0,12000,12000,
xor3,transfer_target,915,72,0,512,8,2,0.003,0.18,age,4.0,,B,analytic,hybrid,False,budget,0.18,cuda,a9ca0a370acaf77b,0.04756874999999999,0.630746500013629,1.0,12000,12000,
xor3,transfer_target,915,72,0,512,8,2,0.004,0.18,age,2.0,,B,analytic,hybrid,False,budget,0.18,cuda,a9cca11b13612078,0.08933750000000001,0.5837419000163209,0.9999999648624576,12000,12000,
xor3,transfer_target,914,71,0,512,8,2,0.08,0.18,age,2.0,,B,analytic,hybrid,False,budget,0.18,cuda,aa62cc9b1d18e77b,0.48664375,0.6672436001244932,0.41895886892929807,12000,12000,
xor3,transfer_target,914,71,0,512,8,2,0.00025,0.18,age,2.0,,B,analytic,hybrid,False,budget,0.18,cuda,aa885105cfea1680,0.08658125000000001,0.6365854000032414,1.0,12000,12000,
xor3,transfer_target,910,70,0,512,8,2,0.005,0.03,age,4.0,,B,analytic,hybrid,False,budget,0.03,cuda,aa8d4df6e7ddf4c9,0.12029375,0.7381072000134736,0.9999999999992191,12000,12000,
xor3,transfer_target,912,72,0,512,8,2,0.08,1.0,age,2.0,,B,analytic,hybrid,False,budget,1.0,cuda,aa963256a9b77aee,0.394825,0.6625433000735939,0.41895886892929807,12000,12000,
xor3,transfer_target,913,70,0,512,8,2,0.001,1.0,age,3.0,,B,analytic,hybrid,False,budget,1.0,cuda,aac31df5d9128c79,0.08081875000000002,0.5975887000095099,1.0,12000,12000,
xor3,transfer_target,914,71,0,512,8,2,0.04,0.18,age,3.0,,B,analytic,hybrid,False,budget,0.18,cuda,ab0683c3434a567e,0.11646875,0.697575300000608,0.8715005778382128,12000,12000,
xor3,transfer_target,910,70,0,512,8,2,0.01,1.0,age,2.0,,B,analytic,hybrid,False,budget,1.0,cuda,ab655d94d1a94e1c,0.07701875,0.653704599943012,0.9984202681165271,12000,12000,
xor3,transfer_target,914,71,0,512,8,2,0.003,0.18,age,4.0,,B,analytic,hybrid,False,budget,0.18,cuda,aba03f41dfff1434,0.05008750000000002,0.6015868999820668,1.0,12000,12000,
xor3,transfer_target,915,72,0,512,8,2,0.005,1.0,age,3.0,,B,analytic,hybrid,False,budget,1.0,cuda,ac1a04a4cfb421d1,0.07290000000000002,0.893661699956283,0.9999999990120848,12000,12000,
xor3,transfer_target,914,71,0,512,8,2,0.001,1.0,age,0.0,,B,analytic,hybrid,False,budget,1.0,cuda,ac94e3b081d04d2c,0.21343125000000002,0.6374343000061344,0.0,12000,12000,
xor3,transfer_target,915,72,0,512,8,2,0.02,0.03,age,1.0,,B,analytic,hybrid,False,budget,0.03,cuda,acbc4f8ba02a2797,0.057793750000000005,0.783102799905464,0.7128020625030799,12000,12000,
xor3,transfer_target,911,71,0,512,8,2,0.08,0.03,age,2.0,,B,analytic,hybrid,False,budget,0.03,cuda,acd721bd96de2638,0.6015625,0.8049190000165254,0.41895886892929807,12000,12000,
xor3,transfer_target,913,70,0,512,8,2,0.02,0.03,age,1.0,,B,analytic,hybrid,False,budget,0.03,cuda,ad07a4a3cd91e5e1,0.12416249999999998,0.5933864000253379,0.7128020625030799,12000,12000,
xor3,transfer_target,915,72,0,512,8,2,0.004,0.18,age,1.0,,B,analytic,hybrid,False,budget,0.18,cuda,ad41a376ac98cfee,0.07680625000000002,0.6259032000089064,0.9997349406477949,12000,12000,
xor3,transfer_target,915,72,0,512,8,2,0.003,0.18,age,2.0,,B,analytic,hybrid,False,budget,0.18,cuda,ad985f5fa9cc07b3,0.04756874999999999,0.5909176999994088,0.999999999908655,12000,12000,
xor3,transfer_target,911,71,0,512,8,2,0.0005,1.0,age,1.0,,B,analytic,hybrid,False,budget,1.0,cuda,ada6a7489b913282,0.051674999999999985,0.6456558000063524,1.0,12000,12000,
xor3,transfer_target,911,71,0,512,8,2,0.04,0.03,age,3.0,,B,analytic,hybrid,False,budget,0.03,cuda,adf9801a081344d6,0.19700625,0.7610381999984384,0.8715005778382128,12000,12000,
xor3,transfer_target,915,72,0,512,8,2,0.04,0.18,age,2.0,,B,analytic,hybrid,False,budget,0.18,cuda,ae2889b84067ea95,0.11097500000000002,0.8338781998027116,0.7128020625030799,12000,12000,
xor3,transfer_target,912,72,0,512,8,2,0.0005,0.18,age,1.0,,B,analytic,hybrid,False,budget,0.18,cuda,ae40cb83de4e7e11,0.04828750000000001,0.6483700999815483,1.0,12000,12000,
xor3,transfer_target,913,70,0,512,8,2,0.04,0.18,age,0.0,,B,analytic,hybrid,False,budget,0.18,cuda,ae6e5a115bf1f71b,0.603,0.5693902000202797,0.0,12000,12000,
xor3,transfer_target,912,72,0,512,8,2,0.004,0.18,age,0.0,,B,analytic,hybrid,False,budget,0.18,cuda,ae99fd06b992edb3,0.08412499999999998,0.5428938000113703,0.0,12000,12000,
xor3,transfer_target,910,70,0,512,8,2,0.001,1.0,age,0.0,,B,analytic,hybrid,False,budget,1.0,cuda,aee0ee282f73d784,0.27734375,0.6200497999961954,0.0,12000,12000,
xor3,transfer_target,912,72,0,512,8,2,0.0015,0.18,age,1.0,,B,analytic,hybrid,False,budget,0.18,cuda,af0bb56e85c1e436,0.04828750000000001,0.5473288999928627,0.999999999908655,12000,12000,
xor3,transfer_target,914,71,0,512,8,2,0.002,0.03,age,0.0,,B,analytic,hybrid,False,budget,0.03,cuda,af6476c1f39d1bc0,0.20098125,0.590567099978216,0.0,12000,12000,
xor3,transfer_target,912,72,0,512,8,2,0.00025,0.18,age,2.0,,B,analytic,hybrid,False,budget,0.18,cuda,afa91475fccd566a,0.04828750000000001,0.6408138000115287,1.0,12000,12000,
xor3,transfer_target,912,72,0,512,8,2,0.002,1.0,age,3.0,,B,analytic,hybrid,False,budget,1.0,cuda,afe41456eca26bfa,0.08621875000000001,0.5995476000243798,1.0,12000,12000,
xor3,transfer_target,914,71,0,512,8,2,0.001,0.18,age,0.0,,B,analytic,hybrid,False,budget,0.18,cuda,b029f6a9f77167ef,0.21343125000000002,0.6469519999809563,0.0,12000,12000,
xor3,transfer_target,914,71,0,512,8,2,0.00025,1.0,age,4.0,,B,analytic,hybrid,False,budget,1.0,cuda,b02f4ff7b6128c59,0.08993749999999999,0.6617008999746758,1.0,12000,12000,
xor3,transfer_target,911,71,0,512,8,2,0.0015,0.18,age,4.0,,B,analytic,hybrid,False,budget,0.18,cuda,b0ed84953caf02c6,0.09123125,0.593680799996946,1.0,12000,12000,
xor3,transfer_target,910,70,0,512,8,2,0.0005,1.0,age,4.0,,B,analytic,hybrid,False,budget,1.0,cuda,b12584a6bf4f7f48,0.14709375,0.6432051000010688,1.0,12000,12000,
xor3,transfer_target,915,72,0,512,8,2,0.001,0.03,age,4.0,,B,analytic,hybrid,False,budget,0.03,cuda,b12a30df2df77566,0.10296249999999998,0.6320371000037994,1.0,12000,12000,
xor3,transfer_target,910,70,0,512,8,2,0.02,1.0,age,2.0,,B,analytic,hybrid,False,budget,1.0,cuda,b169adc05fd0e728,0.23584375,0.5834386998321861,0.9453064264076342,12000,12000,
xor3,transfer_target,914,71,0,512,8,2,0.08,0.03,age,2.0,,B,analytic,hybrid,False,budget,0.03,cuda,b1963b96d2741ebc,0.53125,1.832589500118047,0.41895886892929807,12000,12000,
xor3,transfer_target,911,71,0,512,8,2,0.0015,1.0,age,4.0,,B,analytic,hybrid,False,budget,1.0,cuda,b200688cf32ac003,0.051674999999999985,0.5755161999841221,1.0,12000,12000,
xor3,transfer_target,912,72,0,512,8,2,0.02,1.0,age,0.0,,B,analytic,hybrid,False,budget,1.0,cuda,b289ebfcc5ad4834,0.18619375,0.5706779999891296,0.0,12000,12000,
xor3,transfer_target,913,70,0,512,8,2,0.0005,1.0,age,2.0,,B,analytic,hybrid,False,budget,1.0,cuda,b2f7f8d79e84702d,0.08081875000000002,0.6426645000174176,1.0,12000,12000,
xor3,transfer_target,910,70,0,512,8,2,0.08,0.03,age,1.0,,B,analytic,hybrid,False,budget,0.03,cuda,b31891b35e6bd575,0.39674374999999995,0.7230842001736164,0.2195795200967781,12000,12000,
xor3,transfer_target,911,71,0,512,8,2,0.02,0.03,age,3.0,,B,analytic,hybrid,False,budget,0.03,cuda,b3639749633cff3b,0.14231875,0.887053299928084,0.9906155287954753,12000,12000,
xor3,transfer_target,911,71,0,512,8,2,0.04,1.0,age,3.0,,B,analytic,hybrid,False,budget,1.0,cuda,b3916e2889bf68ee,0.3986125,0.882962099974975,0.8715005778382128,12000,12000,
xor3,transfer_target,910,70,0,512,8,2,0.0005,0.18,age,4.0,,B,analytic,hybrid,False,budget,0.18,cuda,b3934f6166af49cf,0.06726249999999998,0.6586277000023983,1.0,12000,12000,
xor3,transfer_target,911,71,0,512,8,2,0.01,0.03,age,1.0,,B,analytic,hybrid,False,budget,0.03,cuda,b3cb5380f795afba,0.08660625000000001,0.8356987999286503,0.9453064264076342,12000,12000,
xor3,transfer_target,914,71,0,512,8,2,0.04,0.03,age,0.0,,B,analytic,hybrid,False,budget,0.03,cuda,b4061773d1957e22,0.6816875,0.6066867999907117,0.0,12000,12000,
xor3,transfer_target,911,71,0,512,8,2,0.04,0.18,age,0.0,,B,analytic,hybrid,False,budget,0.18,cuda,b44c333ab3ae28c6,0.53573125,0.5745765000174288,0.0,12000,12000,
xor3,transfer_target,911,71,0,512,8,2,0.004,0.18,age,4.0,,B,analytic,hybrid,False,budget,0.18,cuda,b498d6396bb02216,0.055262500000000006,0.5662399000138976,0.9999999999999993,12000,12000,
xor3,transfer_target,913,70,0,512,8,2,0.002,0.18,age,3.0,,B,analytic,hybrid,False,budget,0.18,cuda,b4d4090a509c2bcc,0.05468750000000003,0.5925028000201564,1.0,12000,12000,
xor3,transfer_target,913,70,0,512,8,2,0.0005,0.18,age,0.0,,B,analytic,hybrid,False,budget,0.18,cuda,b52c23a39c3996f8,0.24609374999999997,0.6453579000080936,0.0,12000,12000,
xor3,transfer_target,914,71,0,512,8,2,0.08,0.18,age,0.0,,B,analytic,hybrid,False,budget,0.18,cuda,b556d4bd148f3dd9,0.8076749999999999,0.5695034000091255,0.0,12000,12000,
xor3,transfer_target,914,71,0,512,8,2,0.004,1.0,age,0.0,,B,analytic,hybrid,False,budget,1.0,cuda,b5ad221c5845b5b3,0.1821375,0.6203910000040196,0.0,12000,12000,
xor3,transfer_target,911,71,0,512,8,2,0.002,0.03,age,3.0,,B,analytic,hybrid,False,budget,0.03,cuda,b5ca28e0c50df5ec,0.17173125,0.6136521000007633,1.0,12000,12000,
xor3,transfer_target,911,71,0,512,8,2,0.02,1.0,age,0.0,,B,analytic,hybrid,False,budget,1.0,cuda,b5cbe24613d3a53d,0.244425,0.5809440999873914,0.0,12000,12000,
xor3,transfer_target,913,70,0,512,8,2,0.002,1.0,age,0.0,,B,analytic,hybrid,False,budget,1.0,cuda,b60502308722ac88,0.11078750000000001,0.5871721000003163,0.0,12000,12000,
xor3,transfer_target,914,71,0,512,8,2,0.003,0.03,age,4.0,,B,analytic,hybrid,False,budget,0.03,cuda,b629c6db0a81a741,0.10483125,0.5910245999984909,1.0,12000,12000,
xor3,transfer_target,915,72,0,512,8,2,0.0015,0.18,age,4.0,,B,analytic,hybrid,False,budget,0.18,cuda,b697bd7315b1a099,0.04114375000000001,0.583848999987822,1.0,12000,12000,
xor3,transfer_target,913,70,0,512,8,2,0.02,0.03,age,3.0,,B,analytic,hybrid,False,budget,0.03,cuda,b6a849df9e692f77,0.21421874999999999,0.5744176998268813,0.9906155287954753,12000,12000,
xor3,transfer_target,913,70,0,512,8,2,0.02,0.18,age,0.0,,B,analytic,hybrid,False,budget,0.18,cuda,b75372fa338bd08f,0.21277500000000002,0.5688332999998238,0.0,12000,12000,
xor3,transfer_target,912,72,0,512,8,2,0.004,0.18,age,3.0,,B,analytic,hybrid,False,budget,0.18,cuda,b784e1b0681e48eb,0.0506625,0.5480108000047039,0.9999999999953426,12000,12000,
xor3,transfer_target,910,70,0,512,8,2,0.04,0.18,age,4.0,,B,analytic,hybrid,False,budget,0.18,cuda,b81098fb6a98abf3,0.06441875,0.832769799977541,0.9453064264076342,12000,12000,
xor3,transfer_target,915,72,0,512,8,2,0.08,0.18,age,4.0,,B,analytic,hybrid,False,budget,0.18,cuda,b8369225009cd301,0.3984375,0.8191269000526518,0.7128020625030799,12000,12000,
xor3,transfer_target,915,72,0,512,8,2,0.004,1.0,age,1.0,,B,analytic,hybrid,False,budget,1.0,cuda,b8758061f0bc98c9,0.11588124999999999,0.6796556000190321,0.9997349406477949,12000,12000,
xor3,transfer_target,913,70,0,512,8,2,0.0015,0.18,age,3.0,,B,analytic,hybrid,False,budget,0.18,cuda,b8cc807830053f0f,0.05468750000000003,0.5814148999925237,1.0,12000,12000,
xor3,transfer_target,914,71,0,512,8,2,0.08,0.18,age,4.0,,B,analytic,hybrid,False,budget,0.18,cuda,b9268c6f3fa2e909,0.41796875,1.0675266000907868,0.7128020625030799,12000,12000,
xor3,transfer_target,911,71,0,512,8,2,0.005,0.18,age,4.0,,B,analytic,hybrid,False,budget,0.18,cuda,b9a6720d52d12fa0,0.06576875,0.8186494000256062,0.9999999999992191,12000,12000,
xor3,transfer_target,915,72,0,512,8,2,0.0015,1.0,age,1.0,,B,analytic,hybrid,False,budget,1.0,cuda,ba92e6639043dc50,0.09104375,0.742056400020374,0.999999999908655,12000,12000,
xor3,transfer_target,911,71,0,512,8,2,0.005,1.0,age,0.0,,B,analytic,hybrid,False,budget,1.0,cuda,badcd357e4b11dc1,0.1906875,0.5997256000118796,0.0,12000,12000,
xor3,transfer_target,914,71,0,512,8,2,0.04,0.03,age,1.0,,B,analytic,hybrid,False,budget,0.03,cuda,bae554f72c114591,0.10254999999999999,0.8213291999418288,0.41895886892929807,12000,12000,
xor3,transfer_target,915,72,0,512,8,2,0.08,0.18,age,2.0,,B,analytic,hybrid,False,budget,0.18,cuda,bae948130c7e9dd9,0.36406875000000005,0.9152089001145214,0.41895886892929807,12000,12000,
xor3,transfer_target,911,71,0,512,8,2,0.08,0.18,age,2.0,,B,analytic,hybrid,False,budget,0.18,cuda,bb2ee1a1147986af,0.29999375,0.8951177999842912,0.41895886892929807,12000,12000,
xor3,transfer_target,911,71,0,512,8,2,0.02,1.0,age,4.0,,B,analytic,hybrid,False,budget,1.0,cuda,bb446659a5ee9817,0.13789374999999998,0.9551222000736743,0.9984202681165271,12000,12000,
xor3,transfer_target,914,71,0,512,8,2,0.005,0.18,age,3.0,,B,analytic,hybrid,False,budget,0.18,cuda,bb473cc619f4ab85,0.0903,1.317510399967432,0.9999999990120848,12000,12000,
xor3,transfer_target,915,72,0,512,8,2,0.0015,0.18,age,1.0,,B,analytic,hybrid,False,budget,0.18,cuda,bb4f7f4a4ec016ec,0.04114375000000001,0.6103256999922451,0.999999999908655,12000,12000,
xor3,transfer_target,913,70,0,512,8,2,0.01,1.0,age,4.0,,B,analytic,hybrid,False,budget,1.0,cuda,bb9096a6f925775a,0.07678125,0.7230990000534803,0.999998750250879,12000,12000,
xor3,transfer_target,912,72,0,512,8,2,0.00025,0.18,age,1.0,,B,analytic,hybrid,False,budget,0.18,cuda,bc3bc6d5740cdb2c,0.04828750000000001,0.6456767999916337,1.0,12000,12000,
xor3,transfer_target,910,70,0,512,8,2,0.08,0.03,age,0.0,,B,analytic,hybrid,False,budget,0.03,cuda,bc7fd2234090b08c,0.923275,0.5704735000035726,0.0,12000,12000,
xor3,transfer_target,910,70,0,512,8,2,0.08,0.18,age,1.0,,B,analytic,hybrid,False,budget,0.18,cuda,bc9c55151a2b0b54,0.38955625000000005,0.8348491999786347,0.2195795200967781,12000,12000,
xor3,transfer_target,910,70,0,512,8,2,0.0015,0.18,age,1.0,,B,analytic,hybrid,False,budget,0.18,cuda,bcf01f0cf470405a,0.06726249999999998,0.6070227999880444,0.999999999908655,12000,12000,
xor3,transfer_target,911,71,0,512,8,2,0.003,0.18,age,3.0,,B,analytic,hybrid,False,budget,0.18,cuda,bd7d8faa4cf0d557,0.1105625,0.5767423000070266,0.9999999999999993,12000,12000,
xor3,transfer_target,913,70,0,512,8,2,0.01,0.18,age,0.0,,B,analytic,hybrid,False,budget,0.18,cuda,bd877c5d6f710b39,0.25680000000000003,0.5712075000046752,0.0,12000,12000,
xor3,transfer_target,913,70,0,512,8,2,0.04,0.03,age,0.0,,B,analytic,hybrid,False,budget,0.03,cuda,bd9c309eb6fc1151,0.603,0.5716392000031192,0.0,12000,12000,
xor3,transfer_target,915,72,0,512,8,2,0.02,0.18,age,2.0,,B,analytic,hybrid,False,budget,0.18,cuda,bdca82e4a650f186,0.079125,0.8479995999950916,0.9453064264076342,12000,12000,
xor3,transfer_target,910,70,0,512,8,2,0.0015,0.03,age,2.0,,B,analytic,hybrid,False,budget,0.03,cuda,bde752d49fd0ff96,0.13329374999999996,0.5852783000154886,1.0,12000,12000,
xor3,transfer_target,912,72,0,512,8,2,0.001,0.18,age,0.0,,B,analytic,hybrid,False,budget,0.18,cuda,be134da4216e06f6,0.23345624999999998,0.600804399990011,0.0,12000,12000,
xor3,transfer_target,912,72,0,512,8,2,0.02,1.0,age,1.0,,B,analytic,hybrid,False,budget,1.0,cuda,be13a7bf907b960f,0.2165625,0.805105899926275,0.7128020625030799,12000,12000,
xor3,transfer_target,910,70,0,512,8,2,0.003,0.03,age,1.0,,B,analytic,hybrid,False,budget,0.03,cuda,be1b796e103b11ca,0.12158749999999999,0.6120468000008259,0.9999864837985184,12000,12000,
xor3,transfer_target,910,70,0,512,8,2,0.004,0.18,age,0.0,,B,analytic,hybrid,False,budget,0.18,cuda,beae6333cb2eb2b7,0.223975,0.6044281999929808,0.0,12000,12000,
xor3,transfer_target,915,72,0,512,8,2,0.004,0.18,age,0.0,,B,analytic,hybrid,False,budget,0.18,cuda,bef5540eeaf31b62,0.1856875,0.6149426999909338,0.0,12000,12000,
xor3,transfer_target,910,70,0,512,8,2,0.04,0.18,age,3.0,,B,analytic,hybrid,False,budget,0.18,cuda,bf058d5f5fd859b9,0.09140625,0.8651994001120329,0.8715005778382128,12000,12000,
xor3,transfer_target,912,72,0,512,8,2,0.01,0.03,age,3.0,,B,analytic,hybrid,False,budget,0.03,cuda,bf15b5c6462d3d89,0.08853750000000002,0.6533659999258816,0.9999555506739739,12000,12000,
xor3,transfer_target,913,70,0,512,8,2,0.001,1.0,age,2.0,,B,analytic,hybrid,False,budget,1.0,cuda,bfb4f51bb95487c9,0.08081875000000002,0.598153499973705,1.0,12000,12000,
xor3,transfer_target,910,70,0,512,8,2,0.02,0.18,age,0.0,,B,analytic,hybrid,False,budget,0.18,cuda,bfbeabae7ff25757,0.2734375,0.5839039999991655,0.0,12000,12000,
xor3,transfer_target,911,71,0,512,8,2,0.02,0.03,age,2.0,,B,analytic,hybrid,False,budget,0.03,cuda,bfc9116a8604f46d,0.19668750000000002,0.8564938998315483,0.9453064264076342,12000,12000,
xor3,transfer_target,910,70,0,512,8,2,0.005,0.03,age,0.0,,B,analytic,hybrid,False,budget,0.03,cuda,bfef5ac9f27c344b,0.1850875,0.5587335000163876,0.0,12000,12000,
xor3,transfer_target,915,72,0,512,8,2,0.01,0.03,age,4.0,,B,analytic,hybrid,False,budget,0.03,cuda,c017f892f053ec07,0.13751875,0.7697230000048876,0.999998750250879,12000,12000,
xor3,transfer_target,912,72,0,512,8,2,0.004,1.0,age,0.0,,B,analytic,hybrid,False,budget,1.0,cuda,c02bb2284ed67c15,0.08412499999999998,0.5851984000182711,0.0,12000,12000,
xor3,transfer_target,915,72,0,512,8,2,0.04,1.0,age,3.0,,B,analytic,hybrid,False,budget,1.0,cuda,c05f701e5fffa807,0.41175625,0.8981205001473427,0.8715005778382128,12000,12000,
xor3,transfer_target,910,70,0,512,8,2,0.0005,0.03,age,0.0,,B,analytic,hybrid,False,budget,0.03,cuda,c07655fb849ee36e,0.2525625,0.6281954000005499,0.0,12000,12000,
xor3,transfer_target,913,70,0,512,8,2,0.001,0.03,age,0.0,,B,analytic,hybrid,False,budget,0.03,cuda,c0d4ee7a95a3b6b4,0.18978124999999998,0.5751346999895759,0.0,12000,12000,
xor3,transfer_target,911,71,0,512,8,2,0.003,0.03,age,3.0,,B,analytic,hybrid,False,budget,0.03,cuda,c10210779f6992e0,0.088125,0.6045974000007845,0.9999999999999993,12000,12000,
xor3,transfer_target,915,72,0,512,8,2,0.001,1.0,age,3.0,,B,analytic,hybrid,False,budget,1.0,cuda,c143e6f613b1a264,0.09104375,0.7673479999939445,1.0,12000,12000,
xor3,transfer_target,913,70,0,512,8,2,0.00025,1.0,age,1.0,,B,analytic,hybrid,False,budget,1.0,cuda,c17e92ebc98a6b2e,0.08081875000000002,0.6693939999968279,1.0,12000,12000,
xor3,transfer_target,913,70,0,512,8,2,0.001,0.03,age,2.0,,B,analytic,hybrid,False,budget,0.03,cuda,c1dccddbc34be556,0.08991249999999998,0.5672957000206225,1.0,12000,12000,
xor3,transfer_target,914,71,0,512,8,2,0.002,0.18,age,3.0,,B,analytic,hybrid,False,budget,0.18,cuda,c20143211b5e1565,0.08658125000000001,0.5827556000149343,1.0,12000,12000,
xor3,transfer_target,915,72,0,512,8,2,0.04,0.18,age,4.0,,B,analytic,hybrid,False,budget,0.18,cuda,c223d70c0c4b9f04,0.14442500000000003,1.1707647000439465,0.9453064264076342,12000,12000,
xor3,transfer_target,914,71,0,512,8,2,0.02,0.18,age,0.0,,B,analytic,hybrid,False,budget,0.18,cuda,c2ff5967fed084cf,0.41365,0.5792826999968383,0.0,12000,12000,
xor3,transfer_target,910,70,0,512,8,2,0.0005,0.03,age,3.0,,B,analytic,hybrid,False,budget,0.03,cuda,c33bb0a6e658c259,0.13329374999999996,0.6704764000023715,1.0,12000,12000,
xor3,transfer_target,912,72,0,512,8,2,0.004,0.03,age,1.0,,B,analytic,hybrid,False,budget,0.03,cuda,c3d2e5d468eb7939,0.10305625000000002,0.5789291999826673,0.9997349406477949,12000,12000,
xor3,transfer_target,915,72,0,512,8,2,0.01,1.0,age,3.0,,B,analytic,hybrid,False,budget,1.0,cuda,c3d2f2a4a51502c9,0.08552500000000002,0.8684916000347584,0.9999555506739739,12000,12000,
xor3,transfer_target,912,72,0,512,8,2,0.005,0.03,age,4.0,,B,analytic,hybrid,False,budget,0.03,cuda,c3ffd3d521900e57,0.12038749999999998,0.8782694002147764,0.9999999999992191,12000,12000,
xor3,transfer_target,915,72,0,512,8,2,0.02,0.03,age,2.0,,B,analytic,hybrid,False,budget,0.03,cuda,c4243f3e0b151a82,0.1312,0.7384275000076741,0.9453064264076342,12000,12000,
xor3,transfer_target,913,70,0,512,8,2,0.04,0.03,age,4.0,,B,analytic,hybrid,False,budget,0.03,cuda,c42f1948aa00e81e,0.20703124999999997,0.576657900121063,0.9453064264076342,12000,12000,
xor3,transfer_target,915,72,0,512,8,2,0.01,0.18,age,2.0,,B,analytic,hybrid,False,budget,0.18,cuda,c42f279000c4cecc,0.06108749999999999,0.8493051000405103,0.9984202681165271,12000,12000,
xor3,transfer_target,911,71,0,512,8,2,0.004,1.0,age,4.0,,B,analytic,hybrid,False,budget,1.0,cuda,c51090fd868538d2,0.0638875,0.6054446999914944,0.9999999999999993,12000,12000,
xor3,transfer_target,913,70,0,512,8,2,0.005,1.0,age,4.0,,B,analytic,hybrid,False,budget,1.0,cuda,c51e9e004425954a,0.10874999999999999,0.5635959000792354,0.9999999999992191,12000,12000,
xor3,transfer_target,914,71,0,512,8,2,0.0015,0.18,age,1.0,,B,analytic,hybrid,False,budget,0.18,cuda,c583a5849d8c7268,0.08658125000000001,0.571268700005021,0.999999999908655,12000,12000,
xor3,transfer_target,915,72,0,512,8,2,0.08,1.0,age,4.0,,B,analytic,hybrid,False,budget,1.0,cuda,c5ab29e5b3ddf134,0.51131875,0.8266658999491483,0.7128020625030799,12000,12000,
xor3,transfer_target,914,71,0,512,8,2,0.003,1.0,age,3.0,,B,analytic,hybrid,False,budget,1.0,cuda,c5df2d6ac14ace1a,0.1067125,0.596331700013252,0.9999999999999993,12000,12000,
xor3,transfer_target,913,70,0,512,8,2,0.08,1.0,age,1.0,,B,analytic,hybrid,False,budget,1.0,cuda,c5efa146f92ab1da,0.5009874999999999,0.573815600015223,0.2195795200967781,12000,12000,
xor3,transfer_target,913,70,0,512,8,2,0.0005,0.03,age,2.0,,B,analytic,hybrid,False,budget,0.03,cuda,c67c26377a6d0cb7,0.08991249999999998,0.6334200999990571,1.0,12000,12000,
xor3,transfer_target,910,70,0,512,8,2,0.0005,0.18,age,2.0,,B,analytic,hybrid,False,budget,0.18,cuda,c693f27a9ff19dda,0.06726249999999998,0.652780399977928,1.0,12000,12000,
xor3,transfer_target,910,70,0,512,8,2,0.003,0.03,age,3.0,,B,analytic,hybrid,False,budget,0.03,cuda,c719aef3c948974c,0.11937499999999998,0.5777524999866728,0.9999999999999993,12000,12000,
xor3,transfer_target,911,71,0,512,8,2,0.001,0.03,age,1.0,,B,analytic,hybrid,False,budget,0.03,cuda,c7a15baaf17adfe0,0.17173125,0.6432782000047155,0.9999999999999993,12000,12000,
xor3,transfer_target,912,72,0,512,8,2,0.0005,0.18,age,3.0,,B,analytic,hybrid,False,budget,0.18,cuda,c7b14e8b82ab6213,0.04828750000000001,0.6575501999759581,1.0,12000,12000,
xor3,transfer_target,915,72,0,512,8,2,0.04,1.0,age,0.0,,B,analytic,hybrid,False,budget,1.0,cuda,c86658b24960f7f9,0.7367750000000001,0.5786431999877095,0.0,12000,12000,
xor3,transfer_target,912,72,0,512,8,2,0.01,0.18,age,4.0,,B,analytic,hybrid,False,budget,0.18,cuda,c8e726c8abc39816,0.09505624999999998,0.6890401002019644,0.999998750250879,12000,12000,
xor3,transfer_target,913,70,0,512,8,2,0.004,1.0,age,0.0,,B,analytic,hybrid,False,budget,1.0,cuda,c8e7b516021ee3be,0.23926875,0.590774300013436,0.0,12000,12000,
xor3,transfer_target,914,71,0,512,8,2,0.0015,0.03,age,3.0,,B,analytic,hybrid,False,budget,0.03,cuda,c967a80ac35329c0,0.12590625,0.5962683999969158,1.0,12000,12000,
xor3,transfer_target,913,70,0,512,8,2,0.0005,0.03,age,3.0,,B,analytic,hybrid,False,budget,0.03,cuda,ca2d0adb0b5f0cba,0.08991249999999998,0.6453305000031833,1.0,12000,12000,
xor3,transfer_target,911,71,0,512,8,2,0.0015,1.0,age,2.0,,B,analytic,hybrid,False,budget,1.0,cuda,cabc40cb083f9263,0.051674999999999985,0.5757677000074182,1.0,12000,12000,
xor3,transfer_target,913,70,0,512,8,2,0.0015,1.0,age,1.0,,B,analytic,hybrid,False,budget,1.0,cuda,cac7260e8ab8bbea,0.08081875000000002,0.5784273000026587,0.999999999908655,12000,12000,
xor3,transfer_target,910,70,0,512,8,2,0.005,1.0,age,3.0,,B,analytic,hybrid,False,budget,1.0,cuda,cad2b6c11145a686,0.10764375000000001,0.6941753998398781,0.9999999990120848,12000,12000,
xor3,transfer_target,910,70,0,512,8,2,0.02,0.18,age,3.0,,B,analytic,hybrid,False,budget,0.18,cuda,cb0deae29dbab5b1,0.05007500000000001,0.8215719999279827,0.9906155287954753,12000,12000,
xor3,transfer_target,913,70,0,512,8,2,0.0015,0.18,age,0.0,,B,analytic,hybrid,False,budget,0.18,cuda,cb17282d41a2c047,0.11078750000000001,0.5944883999763988,0.0,12000,12000,
xor3,transfer_target,910,70,0,512,8,2,0.0005,0.18,age,3.0,,B,analytic,hybrid,False,budget,0.18,cuda,cb2660c4167062cd,0.06726249999999998,0.6495779999822844,1.0,12000,12000,
xor3,transfer_target,910,70,0,512,8,2,0.02,1.0,age,0.0,,B,analytic,hybrid,False,budget,1.0,cuda,cb7730cd22028397,0.2734375,0.5748484000214376,0.0,12000,12000,
xor3,transfer_target,910,70,0,512,8,2,0.004,1.0,age,0.0,,B,analytic,hybrid,False,budget,1.0,cuda,cbd1bf7d3ab82053,0.223975,0.5817204999912065,0.0,12000,12000,
xor3,transfer_target,914,71,0,512,8,2,0.0005,0.18,age,1.0,,B,analytic,hybrid,False,budget,0.18,cuda,cc2ebe27ed60584a,0.08658125000000001,0.6497802999801934,1.0,12000,12000,
xor3,transfer_target,915,72,0,512,8,2,0.0015,0.03,age,1.0,,B,analytic,hybrid,False,budget,0.03,cuda,cc47c992b97eed63,0.10296249999999998,0.6102115000248887,0.999999999908655,12000,12000,
xor3,transfer_target,914,71,0,512,8,2,0.002,0.18,age,0.0,,B,analytic,hybrid,False,budget,0.18,cuda,cd59440506680b9a,0.20098125,0.5868865000084043,0.0,12000,12000,
xor3,transfer_target,911,71,0,512,8,2,0.0005,0.03,age,4.0,,B,analytic,hybrid,False,budget,0.03,cuda,cd5d7f2d46ae0904,0.17173125,0.635789099993417,1.0,12000,12000,
xor3,transfer_target,912,72,0,512,8,2,0.02,0.18,age,4.0,,B,analytic,hybrid,False,budget,0.18,cuda,cd85ec9bbbf9f5ca,0.08152499999999999,0.8131194999441504,0.9984202681165271,12000,12000,
xor3,transfer_target,915,72,0,512,8,2,0.001,0.18,age,0.0,,B,analytic,hybrid,False,budget,0.18,cuda,cd96a13af674915c,0.11708125000000003,0.6219625000085216,0.0,12000,12000,
xor3,transfer_target,915,72,0,512,8,2,0.0005,0.03,age,2.0,,B,analytic,hybrid,False,budget,0.03,cuda,cdc89ceee8310af3,0.10296249999999998,0.6598171999794431,1.0,12000,12000,
xor3,transfer_target,911,71,0,512,8,2,0.00025,1.0,age,3.0,,B,analytic,hybrid,False,budget,1.0,cuda,ce04cdc8920bd8d5,0.051674999999999985,0.6423765000072308,1.0,12000,12000,
xor3,transfer_target,915,72,0,512,8,2,0.08,1.0,age,0.0,,B,analytic,hybrid,False,budget,1.0,cuda,ce4c92dbeb3b76de,0.9451249999999999,0.5713107999763452,0.0,12000,12000,
xor3,transfer_target,913,70,0,512,8,2,0.0005,1.0,age,0.0,,B,analytic,hybrid,False,budget,1.0,cuda,ce570fb81ff8e346,0.24609374999999997,0.6379948999965563,0.0,12000,12000,
xor3,transfer_target,910,70,0,512,8,2,0.004,0.18,age,3.0,,B,analytic,hybrid,False,budget,0.18,cuda,ce9b1fdc01024fee,0.06568749999999998,0.6034607000183314,0.9999999999953426,12000,12000,
xor3,transfer_target,911,71,0,512,8,2,0.005,0.03,age,0.0,,B,analytic,hybrid,False,budget,0.03,cuda,cea00de4138b1d65,0.1906875,0.5609255000017583,0.0,12000,12000,
xor3,transfer_target,915,72,0,512,8,2,0.004,0.03,age,3.0,,B,analytic,hybrid,False,budget,0.03,cuda,cea6e44ba8bd768e,0.09555000000000002,0.5799588000227232,0.9999999999953426,12000,12000,
xor3,transfer_target,911,71,0,512,8,2,0.00025,0.03,age,1.0,,B,analytic,hybrid,False,budget,0.03,cuda,cefac21cdc575f77,0.17173125,0.6564436000189744,1.0,12000,12000,
xor3,transfer_target,913,70,0,512,8,2,0.005,1.0,age,0.0,,B,analytic,hybrid,False,budget,1.0,cuda,cf154673ef6f5488,0.21753749999999997,0.5940535999834538,0.0,12000,12000,
xor3,transfer_target,914,71,0,512,8,2,0.08,0.18,age,1.0,,B,analytic,hybrid,False,budget,0.18,cuda,cf7a5c16f136046d,0.47456249999999994,0.6319295999128371,0.2195795200967781,12000,12000,
xor3,transfer_target,915,72,0,512,8,2,0.00025,1.0,age,2.0,,B,analytic,hybrid,False,budget,1.0,cuda,cf99910818a2ac8b,0.09104375,0.6373568999988493,1.0,12000,12000,
xor3,transfer_target,911,71,0,512,8,2,0.0005,1.0,age,3.0,,B,analytic,hybrid,False,budget,1.0,cuda,cfa714171066b4ec,0.051674999999999985,0.6588858000177424,1.0,12000,12000,
xor3,transfer_target,910,70,0,512,8,2,0.04,0.18,age,1.0,,B,analytic,hybrid,False,budget,0.18,cuda,cfad05a0f43e571f,0.1824875,0.799968299921602,0.41895886892929807,12000,12000,
xor3,transfer_target,915,72,0,512,8,2,0.08,1.0,age,1.0,,B,analytic,hybrid,False,budget,1.0,cuda,cfeaf43da4ece486,0.6228,0.9388296001125127,0.2195795200967781,12000,12000,
xor3,transfer_target,915,72,0,512,8,2,0.004,1.0,age,0.0,,B,analytic,hybrid,False,budget,1.0,cuda,d0af3ce7f5519d80,0.1856875,0.6634797999868169,0.0,12000,12000,
xor3,transfer_target,914,71,0,512,8,2,0.002,0.03,age,4.0,,B,analytic,hybrid,False,budget,0.03,cuda,d0b247145757c8fd,0.12590625,0.5901277000084519,1.0,12000,12000,
xor3,transfer_target,910,70,0,512,8,2,0.0015,0.18,age,3.0,,B,analytic,hybrid,False,budget,0.18,cuda,d0b2931c15b8c7f4,0.06726249999999998,0.58828560000984,1.0,12000,12000,
xor3,transfer_target,911,71,0,512,8,2,0.02,0.03,age,4.0,,B,analytic,hybrid,False,budget,0.03,cuda,d15a7d0a2210a527,0.1419875,0.8517998999450356,0.9984202681165271,12000,12000,
xor3,transfer_target,913,70,0,512,8,2,0.08,1.0,age,2.0,,B,analytic,hybrid,False,budget,1.0,cuda,d16c274b7b6a24a3,0.37953125000000004,0.556136199971661,0.41895886892929807,12000,12000,
xor3,transfer_target,910,70,0,512,8,2,0.0015,0.18,age,2.0,,B,analytic,hybrid,False,budget,0.18,cuda,d1773e7bfc4a6967,0.06726249999999998,0.6053186999924947,1.0,12000,12000,
xor3,transfer_target,910,70,0,512,8,2,0.08,0.03,age,4.0,,B,analytic,hybrid,False,budget,0.03,cuda,d1cf1df1d9bf9fa3,0.6015625,0.7303430999163538,0.7128020625030799,12000,12000,
xor3,transfer_target,911,71,0,512,8,2,0.001,0.18,age,3.0,,B,analytic,hybrid,False,budget,0.18,cuda,d1e86de0396bf289,0.09123125,0.6371144000149798,1.0,12000,12000,
xor3,transfer_target,911,71,0,512,8,2,0.001,0.03,age,4.0,,B,analytic,hybrid,False,budget,0.03,cuda,d245e5b19fd19176,0.17173125,0.6073243000137154,1.0,12000,12000,
xor3,transfer_target,913,70,0,512,8,2,0.004,1.0,age,3.0,,B,analytic,hybrid,False,budget,1.0,cuda,d2aeacb0ed90aaae,0.0817125,0.5786246000207029,0.9999999999953426,12000,12000,
xor3,transfer_target,913,70,0,512,8,2,0.0015,1.0,age,4.0,,B,analytic,hybrid,False,budget,1.0,cuda,d2b3a1297c736c5a,0.08081875000000002,0.5765578999998979,1.0,12000,12000,
xor3,transfer_target,914,71,0,512,8,2,0.001,0.03,age,3.0,,B,analytic,hybrid,False,budget,0.03,cuda,d2ee12a8b8b76c30,0.12590625,0.615492799988715,1.0,12000,12000,
xor3,transfer_target,912,72,0,512,8,2,0.08,1.0,age,0.0,,B,analytic,hybrid,False,budget,1.0,cuda,d2f1c222cd7493b6,0.95121875,0.5765776000043843,0.0,12000,12000,
xor3,transfer_target,912,72,0,512,8,2,0.0005,1.0,age,1.0,,B,analytic,hybrid,False,budget,1.0,cuda,d315c3e1a6fb83a3,0.08621875000000001,0.6627101999765728,1.0,12000,12000,
xor3,transfer_target,912,72,0,512,8,2,0.00025,1.0,age,3.0,,B,analytic,hybrid,False,budget,1.0,cuda,d35252516582eff2,0.08621875000000001,0.641341000009561,1.0,12000,12000,
xor3,transfer_target,914,71,0,512,8,2,0.001,0.18,age,4.0,,B,analytic,hybrid,False,budget,0.18,cuda,d3c0f383ba5bd21e,0.08658125000000001,0.6020819999976084,1.0,12000,12000,
xor3,transfer_target,912,72,0,512,8,2,0.005,0.18,age,1.0,,B,analytic,hybrid,False,budget,0.18,cuda,d3e5a49727705b85,0.087925,0.5807769999373704,0.9984202681165271,12000,12000,
xor3,transfer_target,913,70,0,512,8,2,0.00025,0.03,age,2.0,,B,analytic,hybrid,False,budget,0.03,cuda,d459fd448512b07a,0.08991249999999998,0.6108574999962002,1.0,12000,12000,
xor3,transfer_target,915,72,0,512,8,2,0.0015,0.18,age,0.0,,B,analytic,hybrid,False,budget,0.18,cuda,d49abec2e65bc495,0.2842375,0.5893444000103045,0.0,12000,12000,
xor3,transfer_target,913,70,0,512,8,2,0.0015,0.18,age,4.0,,B,analytic,hybrid,False,budget,0.18,cuda,d49dcf8c8d1599c9,0.05468750000000003,0.5725247999944258,1.0,12000,12000,
xor3,transfer_target,911,71,0,512,8,2,0.002,1.0,age,1.0,,B,analytic,hybrid,False,budget,1.0,cuda,d4e4baa56f0efe1a,0.051674999999999985,0.5892968000262044,0.9999999648624576,12000,12000,
xor3,transfer_target,912,72,0,512,8,2,0.04,1.0,age,1.0,,B,analytic,hybrid,False,budget,1.0,cuda,d528c9f505d99e09,0.52954375,0.6654236000031233,0.41895886892929807,12000,12000,
xor3,transfer_target,914,71,0,512,8,2,0.004,0.18,age,2.0,,B,analytic,hybrid,False,budget,0.18,cuda,d533a1f5faeea9d9,0.09944374999999998,0.6309394999989308,0.9999999648624576,12000,12000,
xor3,transfer_target,914,71,0,512,8,2,0.003,0.18,age,0.0,,B,analytic,hybrid,False,budget,0.18,cuda,d540f2d06df88de3,0.20098125,0.5696437000005972,0.0,12000,12000,
xor3,transfer_target,913,70,0,512,8,2,0.003,1.0,age,2.0,,B,analytic,hybrid,False,budget,1.0,cuda,d58a88eaaf5b08b7,0.05539374999999999,0.593480500014266,0.999999999908655,12000,12000,
xor3,transfer_target,910,70,0,512,8,2,0.002,0.18,age,2.0,,B,analytic,hybrid,False,budget,0.18,cuda,d5944c1e01599f26,0.06726249999999998,0.5647599000076298,0.9999999999999993,12000,12000,
xor3,transfer_target,913,70,0,512,8,2,0.005,0.03,age,2.0,,B,analytic,hybrid,False,budget,0.03,cuda,d5f0a109d19d5f2a,0.12257499999999996,0.6122368001379073,0.999998750250879,12000,12000,
xor3,transfer_target,914,71,0,512,8,2,0.04,0.03,age,2.0,,B,analytic,hybrid,False,budget,0.03,cuda,d65847ab431eac26,0.17296875,1.0250771001446992,0.7128020625030799,12000,12000,
xor3,transfer_target,911,71,0,512,8,2,0.002,0.03,age,2.0,,B,analytic,hybrid,False,budget,0.03,cuda,d658b16d1e09094f,0.17173125,0.6140027999936137,0.9999999999999993,12000,12000,
xor3,transfer_target,911,71,0,512,8,2,0.004,1.0,age,1.0,,B,analytic,hybrid,False,budget,1.0,cuda,d7c119ad819e9668,0.08424374999999999,0.5844819999765605,0.9997349406477949,12000,12000,
xor3,transfer_target,911,71,0,512,8,2,0.003,0.18,age,4.0,,B,analytic,hybrid,False,budget,0.18,cuda,d7d2707c93d52894,0.1105625,0.5753089000063483,1.0,12000,12000,
xor3,transfer_target,913,70,0,512,8,2,0.0005,0.03,age,1.0,,B,analytic,hybrid,False,budget,0.03,cuda,d7d7f5e24532e227,0.08991249999999998,0.635460299992701,1.0,12000,12000,
xor3,transfer_target,915,72,0,512,8,2,0.08,0.03,age,2.0,,B,analytic,hybrid,False,budget,0.03,cuda,d7e264e6e2d09fb5,0.609375,0.7735398998484015,0.41895886892929807,12000,12000,
xor3,transfer_target,910,70,0,512,8,2,0.08,0.03,age,3.0,,B,analytic,hybrid,False,budget,0.03,cuda,d7e8c0580a0b2af5,0.546875,0.7217388001736253,0.5847449057501767,12000,12000,
xor3,transfer_target,915,72,0,512,8,2,0.01,0.03,age,0.0,,B,analytic,hybrid,False,budget,0.03,cuda,d7ea2aaa03f4f125,0.1955125,0.583611199981533,0.0,12000,12000,
xor3,transfer_target,914,71,0,512,8,2,0.04,0.18,age,4.0,,B,analytic,hybrid,False,budget,0.18,cuda,d7f112bf4b7c27da,0.12095000000000002,0.7109655998647213,0.9453064264076342,12000,12000,
xor3,transfer_target,914,71,0,512,8,2,0.00025,0.18,age,3.0,,B,analytic,hybrid,False,budget,0.18,cuda,d832f4ee6a670c8d,0.08658125000000001,0.628294200025266,1.0,12000,12000,
xor3,transfer_target,911,71,0,512,8,2,0.0015,1.0,age,3.0,,B,analytic,hybrid,False,budget,1.0,cuda,d8597a8422663928,0.051674999999999985,0.5770999000233132,1.0,12000,12000,
xor3,transfer_target,912,72,0,512,8,2,0.02,0.18,age,2.0,,B,analytic,hybrid,False,budget,0.18,cuda,d8bab2733f219da6,0.08701875,0.7429738999344409,0.9453064264076342,12000,12000,
xor3,transfer_target,911,71,0,512,8,2,0.004,0.18,age,2.0,,B,analytic,hybrid,False,budget,0.18,cuda,d8c4cba11ab19e07,0.055262500000000006,0.5641077000182122,0.9999999648624576,12000,12000,
xor3,transfer_target,914,71,0,512,8,2,0.005,0.03,age,1.0,,B,analytic,hybrid,False,budget,0.03,cuda,d8de8c5f6cdb8573,0.11916249999999999,0.7799378999043256,0.9984202681165271,12000,12000,
xor3,transfer_target,912,72,0,512,8,2,0.0005,1.0,age,2.0,,B,analytic,hybrid,False,budget,1.0,cuda,d91d890d2911cea6,0.08621875000000001,0.6683843999926466,1.0,12000,12000,
xor3,transfer_target,912,72,0,512,8,2,0.02,0.03,age,0.0,,B,analytic,hybrid,False,budget,0.03,cuda,da19874e46cdc1cc,0.18619375,0.6070529000135139,0.0,12000,12000,
xor3,transfer_target,913,70,0,512,8,2,0.01,0.03,age,2.0,,B,analytic,hybrid,False,budget,0.03,cuda,da29c601fcd2735b,0.10012499999999999,0.6402242998592556,0.9984202681165271,12000,12000,
xor3,transfer_target,913,70,0,512,8,2,0.002,0.03,age,4.0,,B,analytic,hybrid,False,budget,0.03,cuda,da455143e83b3223,0.08991249999999998,0.5689910000073723,1.0,12000,12000,
xor3,transfer_target,914,71,0,512,8,2,0.04,1.0,age,1.0,,B,analytic,hybrid,False,budget,1.0,cuda,da48a02e5603dfb5,0.47283125,0.8264887998811901,0.41895886892929807,12000,12000,
xor3,transfer_target,910,70,0,512,8,2,0.001,0.03,age,0.0,,B,analytic,hybrid,False,budget,0.03,cuda,da49891a84ba59ea,0.27734375,0.6278101000061724,0.0,12000,12000,
xor3,transfer_target,911,71,0,512,8,2,0.0,0.03,age,1.0,,B,global,hybrid,False,budget,0.03,cuda,da554217a606d466,0.14873124999999998,0.6509186001494527,1.0,12000,12000,True
xor3,transfer_target,912,72,0,512,8,2,0.0005,0.18,age,0.0,,B,analytic,hybrid,False,budget,0.18,cuda,da6a2553dfcc5e03,0.2245625,0.6439142000162974,0.0,12000,12000,
xor3,transfer_target,914,71,0,512,8,2,0.0005,0.03,age,3.0,,B,analytic,hybrid,False,budget,0.03,cuda,da794068615a7909,0.12590625,0.657803399983095,1.0,12000,12000,
xor3,transfer_target,912,72,0,512,8,2,0.08,0.03,age,3.0,,B,analytic,hybrid,False,budget,0.03,cuda,daa900c7862825bb,0.6328125,0.6332835999783128,0.5847449057501767,12000,12000,
xor3,transfer_target,913,70,0,512,8,2,0.005,1.0,age,2.0,,B,analytic,hybrid,False,budget,1.0,cuda,daafd04354ab2ef2,0.10874999999999999,0.5798961999826133,0.999998750250879,12000,12000,
xor3,transfer_target,914,71,0,512,8,2,0.002,1.0,age,0.0,,B,analytic,hybrid,False,budget,1.0,cuda,daf2fd1f8f3dd566,0.20098125,0.6044112999807112,0.0,12000,12000,
xor3,transfer_target,912,72,0,512,8,2,0.002,0.03,age,4.0,,B,analytic,hybrid,False,budget,0.03,cuda,db0eab4b16da940b,0.11357500000000001,0.5923445000080392,1.0,12000,12000,
xor3,transfer_target,911,71,0,512,8,2,0.00025,0.03,age,2.0,,B,analytic,hybrid,False,budget,0.03,cuda,db383dfc243b660e,0.17173125,0.6476663999783341,1.0,12000,12000,
xor3,transfer_target,910,70,0,512,8,2,0.001,1.0,age,2.0,,B,analytic,hybrid,False,budget,1.0,cuda,db529984bba1047a,0.14709375,0.6210401999996975,1.0,12000,12000,
xor3,transfer_target,915,72,0,512,8,2,0.005,0.18,age,3.0,,B,analytic,hybrid,False,budget,0.18,cuda,db53677b303c3ee3,0.03314375000000003,0.7677367001306266,0.9999999990120848,12000,12000,
xor3,transfer_target,911,71,0,512,8,2,0.005,1.0,age,3.0,,B,analytic,hybrid,False,budget,1.0,cuda,db73b85b9bc6a88b,0.09701875,1.027393100084737,0.9999999990120848,12000,12000,
xor3,transfer_target,910,70,0,512,8,2,0.003,0.03,age,4.0,,B,analytic,hybrid,False,budget,0.03,cuda,dba68a85ddb9ac83,0.11937499999999998,0.5871378000010736,1.0,12000,12000,
xor3,transfer_target,910,70,0,512,8,2,0.004,0.18,age,2.0,,B,analytic,hybrid,False,budget,0.18,cuda,dbaa801ccb3473d8,0.06568749999999998,0.6049459000059869,0.9999999648624576,12000,12000,
xor3,transfer_target,910,70,0,512,8,2,0.004,1.0,age,1.0,,B,analytic,hybrid,False,budget,1.0,cuda,dbc4dbe0104b69ea,0.0829,0.5878066000004765,0.9997349406477949,12000,12000,
xor3,transfer_target,910,70,0,512,8,2,0.002,0.03,age,0.0,,B,analytic,hybrid,False,budget,0.03,cuda,dbc7531e8f065966,0.16665,0.5454810000082944,0.0,12000,12000,
xor3,transfer_target,915,72,0,512,8,2,0.005,0.18,age,2.0,,B,analytic,hybrid,False,budget,0.18,cuda,dcd528e2d2727f04,0.06710000000000002,0.7693523999769241,0.999998750250879,12000,12000,
xor3,transfer_target,910,70,0,512,8,2,0.0015,0.18,age,4.0,,B,analytic,hybrid,False,budget,0.18,cuda,dcd714e4a2daa812,0.06726249999999998,0.5962208999844734,1.0,12000,12000,
xor3,transfer_target,915,72,0,512,8,2,0.0015,1.0,age,0.0,,B,analytic,hybrid,False,budget,1.0,cuda,dd0e56d4ef6e3f4b,0.2842375,0.719398099987302,0.0,12000,12000,
xor3,transfer_target,915,72,0,512,8,2,0.02,1.0,age,3.0,,B,analytic,hybrid,False,budget,1.0,cuda,dd46bd78a983bd20,0.22284375,1.0094624999910593,0.9906155287954753,12000,12000,
xor3,transfer_target,912,72,0,512,8,2,0.002,0.03,age,0.0,,B,analytic,hybrid,False,budget,0.03,cuda,de6cb81494f315ac,0.24358749999999996,0.6113253000075929,0.0,12000,12000,
xor3,transfer_target,910,70,0,512,8,2,0.00025,0.18,age,0.0,,B,analytic,hybrid,False,budget,0.18,cuda,ded1b78ef5b4e7b5,0.2525625,0.6608029000053648,0.0,12000,12000,
xor3,transfer_target,913,70,0,512,8,2,0.08,0.03,age,1.0,,B,analytic,hybrid,False,budget,0.03,cuda,dee97b6e1e90ee6e,0.4140625,0.5807485000696033,0.2195795200967781,12000,12000,
xor3,transfer_target,910,70,0,512,8,2,0.003,0.03,age,2.0,,B,analytic,hybrid,False,budget,0.03,cuda,df432bedb1678a14,0.11937499999999998,0.6145997999992687,0.999999999908655,12000,12000,
xor3,transfer_target,913,70,0,512,8,2,0.004,0.18,age,4.0,,B,analytic,hybrid,False,budget,0.18,cuda,df9338ce763b687a,0.09681874999999998,0.5999535000009928,0.9999999999999993,12000,12000,
xor3,transfer_target,913,70,0,512,8,2,0.004,1.0,age,1.0,,B,analytic,hybrid,False,budget,1.0,cuda,df944865c67fab11,0.11848125000000001,0.6001550999935716,0.9997349406477949,12000,12000,
xor3,transfer_target,914,71,0,512,8,2,0.01,0.03,age,3.0,,B,analytic,hybrid,False,budget,0.03,cuda,e0682ef7031b18a3,0.10564375,0.7364393000025302,0.9999555506739739,12000,12000,
xor3,transfer_target,912,72,0,512,8,2,0.005,0.18,age,4.0,,B,analytic,hybrid,False,budget,0.18,cuda,e082d9dad73d485d,0.061981250000000015,0.6034578999970108,0.9999999999992191,12000,12000,
xor3,transfer_target,914,71,0,512,8,2,0.02,0.03,age,0.0,,B,analytic,hybrid,False,budget,0.03,cuda,e08a75e1815b59cf,0.41365,0.5713270999840461,0.0,12000,12000,
xor3,transfer_target,912,72,0,512,8,2,0.005,1.0,age,4.0,,B,analytic,hybrid,False,budget,1.0,cuda,e1abd52524bccefb,0.08843124999999999,0.7437430999707431,0.9999999999992191,12000,12000,
xor3,transfer_target,915,72,0,512,8,2,0.00025,0.18,age,1.0,,B,analytic,hybrid,False,budget,0.18,cuda,e1bc9024478f9c25,0.04114375000000001,0.6513354000053369,1.0,12000,12000,
xor3,transfer_target,910,70,0,512,8,2,0.001,0.03,age,4.0,,B,analytic,hybrid,False,budget,0.03,cuda,e1be963c7a48df20,0.13329374999999996,0.6249960999994073,1.0,12000,12000,
xor3,transfer_target,910,70,0,512,8,2,0.005,0.18,age,1.0,,B,analytic,hybrid,False,budget,0.18,cuda,e1ea9131b6e34e06,0.07670000000000002,0.7694777001161128,0.9984202681165271,12000,12000,
xor3,transfer_target,914,71,0,512,8,2,0.04,1.0,age,2.0,,B,analytic,hybrid,False,budget,1.0,cuda,e203db6323ee07b6,0.28156875000000003,0.7555267000570893,0.7128020625030799,12000,12000,
xor3,transfer_target,913,70,0,512,8,2,0.001,0.03,age,1.0,,B,analytic,hybrid,False,budget,0.03,cuda,e266c5732f6bb1f4,0.08991249999999998,0.5889491999987513,0.9999999999999993,12000,12000,
xor3,transfer_target,914,71,0,512,8,2,0.001,1.0,age,4.0,,B,analytic,hybrid,False,budget,1.0,cuda,e2804ffc35dfa453,0.08993749999999999,0.6155948000086937,1.0,12000,12000,
xor3,transfer_target,915,72,0,512,8,2,0.08,0.03,age,3.0,,B,analytic,hybrid,False,budget,0.03,cuda,e2cc7e2b096bfcf0,0.625,0.7862550001591444,0.5847449057501767,12000,12000,
xor3,transfer_target,911,71,0,512,8,2,0.0015,0.03,age,1.0,,B,analytic,hybrid,False,budget,0.03,cuda,e31e9e221d0f2fbf,0.17173125,0.5858112999994773,0.999999999908655,12000,12000,
xor3,transfer_target,915,72,0,512,8,2,0.01,1.0,age,2.0,,B,analytic,hybrid,False,budget,1.0,cuda,e35531a16e472c4d,0.09033749999999999,1.1481518000364304,0.9984202681165271,12000,12000,
xor3,transfer_target,912,72,0,512,8,2,0.01,1.0,age,0.0,,B,analytic,hybrid,False,budget,1.0,cuda,e3948a2f59cdc11c,0.20641874999999998,0.5726984000066295,0.0,12000,12000,
xor3,transfer_target,914,71,0,512,8,2,0.003,0.18,age,2.0,,B,analytic,hybrid,False,budget,0.18,cuda,e3a6b30fea0d5007,0.05008750000000002,0.593789199978346,0.999999999908655,12000,12000,
xor3,transfer_target,913,70,0,512,8,2,0.00025,0.03,age,1.0,,B,analytic,hybrid,False,budget,0.03,cuda,e3c618bfd2aac0b6,0.08991249999999998,0.669481499993708,1.0,12000,12000,
xor3,transfer_target,911,71,0,512,8,2,0.0005,1.0,age,0.0,,B,analytic,hybrid,False,budget,1.0,cuda,e3d1629e8015ebfb,0.26108125,0.647034599998733,0.0,12000,12000,
xor3,transfer_target,910,70,0,512,8,2,0.0015,0.03,age,3.0,,B,analytic,hybrid,False,budget,0.03,cuda,e3f698db04c689df,0.13329374999999996,0.5532398000068497,1.0,12000,12000,
xor3,transfer_target,915,72,0,512,8,2,0.003,0.18,age,3.0,,B,analytic,hybrid,False,budget,0.18,cuda,e46c3ed71609d131,0.04756874999999999,0.631401199992979,0.9999999999999993,12000,12000,
xor3,transfer_target,915,72,0,512,8,2,0.00025,1.0,age,3.0,,B,analytic,hybrid,False,budget,1.0,cuda,e4d78924b7e35615,0.09104375,0.639427699992666,1.0,12000,12000,
xor3,transfer_target,912,72,0,512,8,2,0.003,1.0,age,4.0,,B,analytic,hybrid,False,budget,1.0,cuda,e5127c96a964e91c,0.07171249999999998,0.6185674000007566,1.0,12000,12000,
xor3,transfer_target,913,70,0,512,8,2,0.0015,0.03,age,2.0,,B,analytic,hybrid,False,budget,0.03,cuda,e6349947b3b0f4fe,0.08991249999999998,0.5844878999923822,1.0,12000,12000,
xor3,transfer_target,913,70,0,512,8,2,0.0015,0.03,age,4.0,,B,analytic,hybrid,False,budget,0.03,cuda,e63fd6650d78deef,0.08991249999999998,0.5714187000121456,1.0,12000,12000,
xor3,transfer_target,915,72,0,512,8,2,0.01,0.03,age,2.0,,B,analytic,hybrid,False,budget,0.03,cuda,e646cd0665e14bfb,0.1604375,0.7938732001930475,0.9984202681165271,12000,12000,
xor3,transfer_target,912,72,0,512,8,2,0.0015,0.03,age,4.0,,B,analytic,hybrid,False,budget,0.03,cuda,e666f8534e20cf75,0.11357500000000001,0.5824744999990799,1.0,12000,12000,
xor3,transfer_target,912,72,0,512,8,2,0.0005,0.03,age,2.0,,B,analytic,hybrid,False,budget,0.03,cuda,e6a19589349ae705,0.11357500000000001,0.6379667999863159,1.0,12000,12000,
xor3,transfer_target,913,70,0,512,8,2,0.02,0.18,age,1.0,,B,analytic,hybrid,False,budget,0.18,cuda,e6c8a4aaf640afbc,0.06191250000000001,0.5881697000004351,0.7128020625030799,12000,12000,
xor3,transfer_target,911,71,0,512,8,2,0.002,0.18,age,4.0,,B,analytic,hybrid,False,budget,0.18,cuda,e72cab1b102eb1ff,0.0962,0.5974301999958698,1.0,12000,12000,
xor3,transfer_target,912,72,0,512,8,2,0.002,1.0,age,4.0,,B,analytic,hybrid,False,budget,1.0,cuda,e73af00d08ded5f3,0.08621875000000001,0.6150772999972105,1.0,12000,12000,
xor3,transfer_target,914,71,0,512,8,2,0.004,0.18,age,4.0,,B,analytic,hybrid,False,budget,0.18,cuda,e75922a1a5367697,0.09944374999999998,0.6202911000000313,0.9999999999999993,12000,12000,
xor3,transfer_target,910,70,0,512,8,2,0.08,0.03,age,2.0,,B,analytic,hybrid,False,budget,0.03,cuda,e75fe16494547939,0.53515625,0.6972787000704557,0.41895886892929807,12000,12000,
xor3,transfer_target,910,70,0,512,8,2,0.002,0.18,age,4.0,,B,analytic,hybrid,False,budget,0.18,cuda,e8161a0673c417c3,0.06726249999999998,0.585142600000836,1.0,12000,12000,
xor3,transfer_target,911,71,0,512,8,2,0.001,0.03,age,3.0,,B,analytic,hybrid,False,budget,0.03,cuda,e8241cd801a72c1a,0.17173125,0.6271647999819834,1.0,12000,12000,
xor3,transfer_target,911,71,0,512,8,2,0.001,1.0,age,4.0,,B,analytic,hybrid,False,budget,1.0,cuda,e8b93e4881853420,0.051674999999999985,0.6144191000203136,1.0,12000,12000,
xor3,transfer_target,912,72,0,512,8,2,0.001,1.0,age,2.0,,B,analytic,hybrid,False,budget,1.0,cuda,e8bdd9d395a1690a,0.08621875000000001,0.6098765999777243,1.0,12000,12000,
xor3,transfer_target,911,71,0,512,8,2,0.004,0.03,age,3.0,,B,analytic,hybrid,False,budget,0.03,cuda,e8c12d6a1e696287,0.10143124999999999,0.5792953000054695,0.9999999999953426,12000,12000,
xor3,transfer_target,910,70,0,512,8,2,0.0005,0.03,age,4.0,,B,analytic,hybrid,False,budget,0.03,cuda,e8e28acda1174591,0.13329374999999996,0.6703095000120811,1.0,12000,12000,
xor3,transfer_target,914,71,0,512,8,2,0.002,0.18,age,1.0,,B,analytic,hybrid,False,budget,0.18,cuda,e917ed45840cb97a,0.10813750000000001,0.5940214000002015,0.9999999648624576,12000,12000,
xor3,transfer_target,914,71,0,512,8,2,0.005,1.0,age,1.0,,B,analytic,hybrid,False,budget,1.0,cuda,e944ce341c973f04,0.11075,0.8533785999752581,0.9984202681165271,12000,12000,
xor3,transfer_target,914,71,0,512,8,2,0.0015,0.03,age,2.0,,B,analytic,hybrid,False,budget,0.03,cuda,e95d9b8bca460434,0.12590625,0.5840271000051871,1.0,12000,12000,
xor3,transfer_target,911,71,0,512,8,2,0.00025,1.0,age,4.0,,B,analytic,hybrid,False,budget,1.0,cuda,e99215b049b6e6c5,0.051674999999999985,0.6576706000196282,1.0,12000,12000,
xor3,transfer_target,912,72,0,512,8,2,0.04,0.18,age,3.0,,B,analytic,hybrid,False,budget,0.18,cuda,ea577a759b76bddf,0.0957375,0.7730456998106092,0.8715005778382128,12000,12000,
xor3,transfer_target,912,72,0,512,8,2,0.004,0.18,age,2.0,,B,analytic,hybrid,False,budget,0.18,cuda,ea621ad032d33804,0.0506625,0.5584536999813281,0.9999999648624576,12000,12000,
xor3,transfer_target,911,71,0,512,8,2,0.0015,0.18,age,0.0,,B,analytic,hybrid,False,budget,0.18,cuda,eab6d88df17a16b3,0.23506875,0.6095860000059474,0.0,12000,12000,
xor3,transfer_target,912,72,0,512,8,2,0.0,1.0,age,1.0,,B,global,hybrid,False,budget,1.0,cuda,ead84bdc6d1f8fba,0.10024375000000002,0.4810850000940263,1.0,12000,12000,True
xor3,transfer_target,913,70,0,512,8,2,0.04,1.0,age,2.0,,B,analytic,hybrid,False,budget,1.0,cuda,eb232372e508186e,0.39758125,0.5846525998786092,0.7128020625030799,12000,12000,
xor3,transfer_target,915,72,0,512,8,2,0.005,0.18,age,1.0,,B,analytic,hybrid,False,budget,0.18,cuda,eb54a6dd37f2b10b,0.07160624999999998,0.7499864001292735,0.9984202681165271,12000,12000,
xor3,transfer_target,915,72,0,512,8,2,0.002,0.03,age,4.0,,B,analytic,hybrid,False,budget,0.03,cuda,eb79290da1c48ab5,0.10296249999999998,0.5900175999850035,1.0,12000,12000,
xor3,transfer_target,912,72,0,512,8,2,0.005,0.18,age,3.0,,B,analytic,hybrid,False,budget,0.18,cuda,eb8681db4ad3ceac,0.061981250000000015,0.5982312001287937,0.9999999990120848,12000,12000,
xor3,transfer_target,910,70,0,512,8,2,0.004,0.03,age,4.0,,B,analytic,hybrid,False,budget,0.03,cuda,ebad48778a5cef70,0.12585624999999998,0.5662772000068799,0.9999999999999993,12000,12000,
xor3,transfer_target,912,72,0,512,8,2,0.004,0.03,age,4.0,,B,analytic,hybrid,False,budget,0.03,cuda,ec15b60254d76d32,0.1123625,0.5771112000220455,0.9999999999999993,12000,12000,
xor3,transfer_target,912,72,0,512,8,2,0.002,0.18,age,4.0,,B,analytic,hybrid,False,budget,0.18,cuda,ec1875b0785dbc29,0.04828750000000001,0.5316324000013992,1.0,12000,12000,
xor3,transfer_target,910,70,0,512,8,2,0.04,1.0,age,4.0,,B,analytic,hybrid,False,budget,1.0,cuda,ec22f0f44f6d8d96,0.33089999999999997,0.6577401999384165,0.9453064264076342,12000,12000,
xor3,transfer_target,911,71,0,512,8,2,0.01,1.0,age,2.0,,B,analytic,hybrid,False,budget,1.0,cuda,ec3ef206d03b8840,0.07644375000000002,1.0457376998383552,0.9984202681165271,12000,12000,
xor3,transfer_target,911,71,0,512,8,2,0.001,0.18,age,4.0,,B,analytic,hybrid,False,budget,0.18,cuda,ec5d96802821928c,0.09123125,0.6305169999832287,1.0,12000,12000,
xor3,transfer_target,912,72,0,512,8,2,0.0,0.18,age,1.0,,B,global,hybrid,False,budget,0.18,cuda,eca720a4f39a8aa0,0.12278750000000002,0.4754844999406487,1.0,12000,12000,True
xor3,transfer_target,911,71,0,512,8,2,0.001,0.18,age,2.0,,B,analytic,hybrid,False,budget,0.18,cuda,ed82b471372b73bc,0.09123125,0.6395005999947898,1.0,12000,12000,
xor3,transfer_target,914,71,0,512,8,2,0.002,0.18,age,2.0,,B,analytic,hybrid,False,budget,0.18,cuda,ee378fcdfc006edc,0.08658125000000001,0.5869867000146769,0.9999999999999993,12000,12000,
xor3,transfer_target,910,70,0,512,8,2,0.01,0.03,age,0.0,,B,analytic,hybrid,False,budget,0.03,cuda,ee6aa9ac1863fd02,0.1910875,0.8098314999951981,0.0,12000,12000,
xor3,transfer_target,912,72,0,512,8,2,0.08,0.18,age,3.0,,B,analytic,hybrid,False,budget,0.18,cuda,ee8f006b9500e929,0.295875,0.8650452001020312,0.5847449057501767,12000,12000,
xor3,transfer_target,912,72,0,512,8,2,0.005,0.03,age,3.0,,B,analytic,hybrid,False,budget,0.03,cuda,eec4dccf185daf2a,0.12038749999999998,0.8314898000098765,0.9999999990120848,12000,12000,
xor3,transfer_target,914,71,0,512,8,2,0.002,0.03,age,3.0,,B,analytic,hybrid,False,budget,0.03,cuda,eed945efde2fcb93,0.12590625,0.5978484000079334,1.0,12000,12000,
xor3,transfer_target,912,72,0,512,8,2,0.005,0.18,age,0.0,,B,analytic,hybrid,False,budget,0.18,cuda,ef5dcbb47d20da8f,0.19541875,0.5379231999977492,0.0,12000,12000,
xor3,transfer_target,911,71,0,512,8,2,0.0005,0.03,age,3.0,,B,analytic,hybrid,False,budget,0.03,cuda,ef9470184f23ae20,0.17173125,0.6409262999950442,1.0,12000,12000,
xor3,transfer_target,914,71,0,512,8,2,0.0005,0.18,age,2.0,,B,analytic,hybrid,False,budget,0.18,cuda,efc355866d9778d7,0.08658125000000001,0.6499759000143968,1.0,12000,12000,
xor3,transfer_target,914,71,0,512,8,2,0.01,0.18,age,0.0,,B,analytic,hybrid,False,budget,0.18,cuda,efe33cbe306e5f58,0.11996249999999999,0.5789445000118576,0.0,12000,12000,
xor3,transfer_target,912,72,0,512,8,2,0.0005,0.18,age,4.0,,B,analytic,hybrid,False,budget,0.18,cuda,f0bb031dab3f1fed,0.04828750000000001,0.6639498999866191,1.0,12000,12000,
xor3,transfer_target,913,70,0,512,8,2,0.001,0.03,age,4.0,,B,analytic,hybrid,False,budget,0.03,cuda,f103777b2bb7b12e,0.08991249999999998,0.5593570999917574,1.0,12000,12000,
xor3,transfer_target,911,71,0,512,8,2,0.08,1.0,age,3.0,,B,analytic,hybrid,False,budget,1.0,cuda,f107c1fcef1a5ae0,0.48246875000000006,0.7778419000096619,0.5847449057501767,12000,12000,
xor3,transfer_target,910,70,0,512,8,2,0.02,0.18,age,1.0,,B,analytic,hybrid,False,budget,0.18,cuda,f1181ea98c1c02e2,0.08813750000000001,0.8786651999689639,0.7128020625030799,12000,12000,
xor3,transfer_target,914,71,0,512,8,2,0.003,1.0,age,1.0,,B,analytic,hybrid,False,budget,1.0,cuda,f1462bc067b37254,0.1067125,0.6298321999784093,0.9999864837985184,12000,12000,
xor3,transfer_target,915,72,0,512,8,2,0.002,0.03,age,2.0,,B,analytic,hybrid,False,budget,0.03,cuda,f196d5c1e2e3074d,0.10296249999999998,0.5890398000192363,0.9999999999999993,12000,12000,
xor3,transfer_target,913,70,0,512,8,2,0.08,0.03,age,3.0,,B,analytic,hybrid,False,budget,0.03,cuda,f1bb2e0d95f19fc0,0.61328125,0.677008599974215,0.5847449057501767,12000,12000,
xor3,transfer_target,915,72,0,512,8,2,0.00025,0.18,age,3.0,,B,analytic,hybrid,False,budget,0.18,cuda,f1bf5eae13ab3305,0.04114375000000001,0.6275971000140999,1.0,12000,12000,
xor3,transfer_target,914,71,0,512,8,2,0.005,0.03,age,4.0,,B,analytic,hybrid,False,budget,0.03,cuda,f201e8621ba5d103,0.12955,0.7512274000328034,0.9999999999992191,12000,12000,
xor3,transfer_target,913,70,0,512,8,2,0.0015,0.18,age,2.0,,B,analytic,hybrid,False,budget,0.18,cuda,f2303347c4d4d443,0.05468750000000003,0.5733770999941044,1.0,12000,12000,
xor3,transfer_target,913,70,0,512,8,2,0.005,0.18,age,1.0,,B,analytic,hybrid,False,budget,0.18,cuda,f28e54193f23593f,0.09161875,0.5775267998687923,0.9984202681165271,12000,12000,
xor3,transfer_target,915,72,0,512,8,2,0.001,0.18,age,3.0,,B,analytic,hybrid,False,budget,0.18,cuda,f2af69d0b3096fcc,0.04114375000000001,0.6148879999818746,1.0,12000,12000,
xor3,transfer_target,915,72,0,512,8,2,0.00025,0.03,age,0.0,,B,analytic,hybrid,False,budget,0.03,cuda,f2ddbc9edc64b6cc,0.17035625000000001,0.6596013000234962,0.0,12000,12000,
xor3,transfer_target,912,72,0,512,8,2,0.04,1.0,age,0.0,,B,analytic,hybrid,False,budget,1.0,cuda,f2fd2a6aaa8d5c45,0.66065,0.5812682000105269,0.0,12000,12000,
xor3,transfer_target,913,70,0,512,8,2,0.0005,0.18,age,3.0,,B,analytic,hybrid,False,budget,0.18,cuda,f3806bef10ff8d2a,0.05468750000000003,0.6502958000055514,1.0,12000,12000,
xor3,transfer_target,913,70,0,512,8,2,0.001,1.0,age,0.0,,B,analytic,hybrid,False,budget,1.0,cuda,f3b92ae62af41d9a,0.18978124999999998,0.6177573000022676,0.0,12000,12000,
xor3,transfer_target,910,70,0,512,8,2,0.02,0.18,age,4.0,,B,analytic,hybrid,False,budget,0.18,cuda,f3db538283c94c24,0.08499375,0.823494500014931,0.9984202681165271,12000,12000,
xor3,transfer_target,913,70,0,512,8,2,0.003,0.03,age,2.0,,B,analytic,hybrid,False,budget,0.03,cuda,f3f166b48f65aa3d,0.08141875000000001,0.5842245000239927,0.999999999908655,12000,12000,
xor3,transfer_target,912,72,0,512,8,2,0.002,0.18,age,2.0,,B,analytic,hybrid,False,budget,0.18,cuda,f43647dc324e4d51,0.04828750000000001,0.5399011999834329,0.9999999999999993,12000,12000,
xor3,transfer_target,912,72,0,512,8,2,0.004,0.18,age,4.0,,B,analytic,hybrid,False,budget,0.18,cuda,f519afa02bb47190,0.0506625,0.5453679999918677,0.9999999999999993,12000,12000,
xor3,transfer_target,911,71,0,512,8,2,0.001,0.18,age,0.0,,B,analytic,hybrid,False,budget,0.18,cuda,f5695b505f8d4987,0.2074875,0.6328567000164185,0.0,12000,12000,
xor3,transfer_target,914,71,0,512,8,2,0.0005,1.0,age,4.0,,B,analytic,hybrid,False,budget,1.0,cuda,f57acf7602c6434d,0.08993749999999999,0.6568006000015885,1.0,12000,12000,
xor3,transfer_target,912,72,0,512,8,2,0.01,1.0,age,2.0,,B,analytic,hybrid,False,budget,1.0,cuda,f5f484ca8973acb7,0.14813125000000002,0.7224347000010312,0.9984202681165271,12000,12000,
xor3,transfer_target,913,70,0,512,8,2,0.002,0.18,age,1.0,,B,analytic,hybrid,False,budget,0.18,cuda,f65779cad2a5ad73,0.05468750000000003,0.5969775999838021,0.9999999648624576,12000,12000,
xor3,transfer_target,913,70,0,512,8,2,0.0015,1.0,age,2.0,,B,analytic,hybrid,False,budget,1.0,cuda,f6d64b5d44c0f90a,0.08081875000000002,0.5764503999962471,1.0,12000,12000,
xor3,transfer_target,912,72,0,512,8,2,0.0015,0.18,age,0.0,,B,analytic,hybrid,False,budget,0.18,cuda,f6ed291ec27c6c45,0.24358749999999996,0.576517600013176,0.0,12000,12000,
xor3,transfer_target,914,71,0,512,8,2,0.04,1.0,age,0.0,,B,analytic,hybrid,False,budget,1.0,cuda,f7136a388c2d9986,0.6816875,0.5799649000109639,0.0,12000,12000,
xor3,transfer_target,912,72,0,512,8,2,0.004,1.0,age,1.0,,B,analytic,hybrid,False,budget,1.0,cuda,f734ae0a13deacad,0.11878749999999999,0.5853015000175219,0.9997349406477949,12000,12000,
xor3,transfer_target,912,72,0,512,8,2,0.08,1.0,age,3.0,,B,analytic,hybrid,False,budget,1.0,cuda,f73d7c1ca51a3dec,0.40374374999999996,0.7166662998497486,0.5847449057501767,12000,12000,
xor3,transfer_target,914,71,0,512,8,2,0.001,1.0,age,2.0,,B,analytic,hybrid,False,budget,1.0,cuda,f75760151d2e3f84,0.08993749999999999,0.6113567000138573,1.0,12000,12000,
xor3,transfer_target,910,70,0,512,8,2,0.004,0.18,age,1.0,,B,analytic,hybrid,False,budget,0.18,cuda,f75b6b17a01299a8,0.09461875,0.6062276000156999,0.9997349406477949,12000,12000,
xor3,transfer_target,912,72,0,512,8,2,0.01,0.18,age,1.0,,B,analytic,hybrid,False,budget,0.18,cuda,f75bc2f96be96632,0.049862500000000004,0.587582099949941,0.9453064264076342,12000,12000,
xor3,transfer_target,911,71,0,512,8,2,0.003,0.18,age,1.0,,B,analytic,hybrid,False,budget,0.18,cuda,f77f9c8684576db6,0.053837499999999996,0.5875617999990936,0.9999864837985184,12000,12000,
xor3,transfer_target,910,70,0,512,8,2,0.04,0.03,age,1.0,,B,analytic,hybrid,False,budget,0.03,cuda,f80739cd6f690970,0.11866874999999996,0.820114600006491,0.41895886892929807,12000,12000,
xor3,transfer_target,912,72,0,512,8,2,0.002,0.03,age,3.0,,B,analytic,hybrid,False,budget,0.03,cuda,f826037b38501b47,0.11357500000000001,0.6122591999883298,1.0,12000,12000,
xor3,transfer_target,911,71,0,512,8,2,0.0005,0.18,age,4.0,,B,analytic,hybrid,False,budget,0.18,cuda,f83f7987813722ad,0.09123125,0.6685035999980755,1.0,12000,12000,
xor3,transfer_target,914,71,0,512,8,2,0.001,0.03,age,1.0,,B,analytic,hybrid,False,budget,0.03,cuda,f84d1ad55ef9608c,0.12590625,0.6193835000158288,0.9999999999999993,12000,12000,
xor3,transfer_target,911,71,0,512,8,2,0.00025,0.18,age,0.0,,B,analytic,hybrid,False,budget,0.18,cuda,f85f741dbd82cd24,0.26108125,0.6399359999923036,0.0,12000,12000,
xor3,transfer_target,910,70,0,512,8,2,0.002,0.18,age,1.0,,B,analytic,hybrid,False,budget,0.18,cuda,f885384dd67a8c44,0.06726249999999998,0.5813560000096913,0.9999999648624576,12000,12000,
xor3,transfer_target,915,72,0,512,8,2,0.0005,0.18,age,2.0,,B,analytic,hybrid,False,budget,0.18,cuda,f886d17f175483a0,0.04114375000000001,0.6834328999975696,1.0,12000,12000,
xor3,transfer_target,910,70,0,512,8,2,0.02,0.03,age,3.0,,B,analytic,hybrid,False,budget,0.03,cuda,f90bbb91cab08738,0.11766874999999996,0.7611265999730676,0.9906155287954753,12000,12000,
xor3,transfer_target,912,72,0,512,8,2,0.005,0.18,age,2.0,,B,analytic,hybrid,False,budget,0.18,cuda,f92b312ea7727573,0.061981250000000015,0.7232617000117898,0.999998750250879,12000,12000,
xor3,transfer_target,910,70,0,512,8,2,0.04,1.0,age,0.0,,B,analytic,hybrid,False,budget,1.0,cuda,f948c63ba06f3c20,0.5509124999999999,0.5912772000010591,0.0,12000,12000,
xor3,transfer_target,912,72,0,512,8,2,0.01,1.0,age,1.0,,B,analytic,hybrid,False,budget,1.0,cuda,f94bbbf3112809d4,0.16745000000000002,0.7262025000527501,0.9453064264076342,12000,12000,
xor3,transfer_target,913,70,0,512,8,2,0.01,0.18,age,4.0,,B,analytic,hybrid,False,budget,0.18,cuda,f9e7a4202fc5c376,0.09401875000000001,0.5807578999083489,0.999998750250879,12000,12000,
xor3,transfer_target,912,72,0,512,8,2,0.004,0.03,age,3.0,,B,analytic,hybrid,False,budget,0.03,cuda,fa06cdb6b1b1601c,0.1123625,0.5567640000081155,0.9999999999953426,12000,12000,
xor3,transfer_target,915,72,0,512,8,2,0.0005,0.03,age,4.0,,B,analytic,hybrid,False,budget,0.03,cuda,fa68765300ef48b6,0.10296249999999998,0.6682066999783274,1.0,12000,12000,
xor3,transfer_target,913,70,0,512,8,2,0.01,1.0,age,1.0,,B,analytic,hybrid,False,budget,1.0,cuda,fabcf0874b481c7a,0.08985625,0.5656695999205112,0.9453064264076342,12000,12000,
xor3,transfer_target,912,72,0,512,8,2,0.003,0.18,age,3.0,,B,analytic,hybrid,False,budget,0.18,cuda,fb263c7d0234ca89,0.06959375000000001,0.5356335999967996,0.9999999999999993,12000,12000,
xor3,transfer_target,914,71,0,512,8,2,0.04,0.18,age,0.0,,B,analytic,hybrid,False,budget,0.18,cuda,fc0cffcbe39b9f82,0.6816875,0.5709679999854416,0.0,12000,12000,
xor3,transfer_target,911,71,0,512,8,2,0.02,0.18,age,4.0,,B,analytic,hybrid,False,budget,0.18,cuda,fc2ab129bd6407c6,0.06672500000000002,0.7002918999642134,0.9984202681165271,12000,12000,
xor3,transfer_target,914,71,0,512,8,2,0.0015,0.03,age,4.0,,B,analytic,hybrid,False,budget,0.03,cuda,fc35a304fc2b17f8,0.12590625,0.5879398999968544,1.0,12000,12000,
xor3,transfer_target,910,70,0,512,8,2,0.0015,1.0,age,4.0,,B,analytic,hybrid,False,budget,1.0,cuda,fc5a3a80511571e1,0.14709375,0.5864576999738347,1.0,12000,12000,
xor3,transfer_target,910,70,0,512,8,2,0.002,0.18,age,3.0,,B,analytic,hybrid,False,budget,0.18,cuda,fc5d4774b215dc62,0.06726249999999998,0.5719193999830168,1.0,12000,12000,
xor3,transfer_target,915,72,0,512,8,2,0.005,0.03,age,3.0,,B,analytic,hybrid,False,budget,0.03,cuda,fcd77f92f5a2c017,0.1446375,0.8019554999191314,0.9999999990120848,12000,12000,
xor3,transfer_target,914,71,0,512,8,2,0.0005,0.18,age,4.0,,B,analytic,hybrid,False,budget,0.18,cuda,fcecf9437b78f5c4,0.08658125000000001,0.6677087999996729,1.0,12000,12000,
xor3,transfer_target,915,72,0,512,8,2,0.08,0.03,age,0.0,,B,analytic,hybrid,False,budget,0.03,cuda,fcf9741d6396e8c3,0.9451249999999999,0.5856323000043631,0.0,12000,12000,
xor3,transfer_target,914,71,0,512,8,2,0.003,0.18,age,3.0,,B,analytic,hybrid,False,budget,0.18,cuda,fd162416ef45926a,0.05008750000000002,0.6023548000084702,0.9999999999999993,12000,12000,
xor3,transfer_target,913,70,0,512,8,2,0.0015,0.18,age,1.0,,B,analytic,hybrid,False,budget,0.18,cuda,fd4d9c3700c2910e,0.05468750000000003,0.5811592999962159,0.999999999908655,12000,12000,
xor3,transfer_target,915,72,0,512,8,2,0.001,1.0,age,1.0,,B,analytic,hybrid,False,budget,1.0,cuda,fd52bd3ef131b78f,0.09104375,0.7697450999985449,0.9999999999999993,12000,12000,
xor3,transfer_target,912,72,0,512,8,2,0.02,0.03,age,2.0,,B,analytic,hybrid,False,budget,0.03,cuda,fd6f0856557e0941,0.07581874999999999,0.6420181998983026,0.9453064264076342,12000,12000,
xor3,transfer_target,915,72,0,512,8,2,0.001,0.03,age,3.0,,B,analytic,hybrid,False,budget,0.03,cuda,fd74480226600f8d,0.10296249999999998,0.6274817000085022,1.0,12000,12000,
xor3,transfer_target,914,71,0,512,8,2,0.01,1.0,age,0.0,,B,analytic,hybrid,False,budget,1.0,cuda,fe5251b4b3a8b293,0.11996249999999999,0.586966000002576,0.0,12000,12000,
xor3,transfer_target,910,70,0,512,8,2,0.08,1.0,age,1.0,,B,analytic,hybrid,False,budget,1.0,cuda,fe798e96afbdd2dd,0.8343125,0.5848968999926001,0.2195795200967781,12000,12000,
xor3,transfer_target,914,71,0,512,8,2,0.00025,0.18,age,4.0,,B,analytic,hybrid,False,budget,0.18,cuda,fe8fa8a38b3823ba,0.08658125000000001,0.6537680999899749,1.0,12000,12000,
xor3,transfer_target,910,70,0,512,8,2,0.005,0.18,age,4.0,,B,analytic,hybrid,False,budget,0.18,cuda,ff9086647f0957c2,0.08549999999999999,0.7158383999485523,0.9999999999992191,12000,12000,
xor3,transfer_target,914,71,0,512,8,2,0.004,0.18,age,3.0,,B,analytic,hybrid,False,budget,0.18,cuda,ffadcd346eb6573f,0.09944374999999998,0.6300863999931607,0.9999999999953426,12000,12000,
xor3,transfer_target,915,72,0,512,8,2,0.04,0.18,age,0.0,,B,analytic,hybrid,False,budget,0.18,cuda,ffc8be7b4be7cd8e,0.7367750000000001,0.5730714999954216,0.0,12000,12000,
