p,domain_size,m,geometry,seed,tau,reach,exact_soft,bound_soft,exact_hard,bound_hard
8,256,32,uniform,0,0.0,0.125,1.4142135623730951,1.4142135623730951,1.4142135623730951,1.4142135623730951
8,256,32,uniform,0,0.001,0.125,1.4142135623730951,1.4142135623730951,1.4142135623730951,1.4142135623730951
8,256,32,uniform,0,0.002,0.125,1.4142135623730951,1.4142135623730951,1.4142135623730951,1.4142135623730951
8,256,32,uniform,0,0.004,0.125,1.4142135623730192,1.4142135623730192,1.4142135623730951,1.4142135623730951
8,256,32,uniform,0,0.008,0.125,1.4142130992529247,1.414213099252982,1.4142135623730951,1.4142135623730951
8,256,32,uniform,0,0.012,0.125,1.414128909658076,1.414128911558375,1.4142135623730951,1.4142135623730951
8,256,32,uniform,0,0.02,0.125,1.4087560081998338,1.4087639337891509,1.4142135623730951,1.4142135623730951
8,256,32,uniform,0,0.03,0.125,1.3705118494077595,1.37103153022017,1.4142135623730951,1.4142135623730951
8,256,32,uniform,0,0.05,0.125,1.1843802336860745,1.1996542283671303,1.4142135623730951,1.4142135623730951
8,256,32,uniform,0,0.08,0.125,0.8287721056497739,0.9240805003239844,1.4142135623730951,1.4142135623730951
8,256,32,uniform,0,0.12,0.125,0.4674407927905033,0.676479052003182,1.4142135623730951,1.4142135623730951
8,256,32,uniform,0,0.2,0.125,0.1790655986279419,0.4280962046837566,1.4142135623730951,1.4142135623730951
8,256,32,uniform,0,0.35,0.125,0.0754693610698224,0.2498876468599722,1.4142135623730951,1.4142135623730951
8,256,32,uniform,0,0.6,0.125,0.0391911989572098,0.1467833958009805,1.4142135623730951,1.4142135623730951
8,256,32,uniform,0,1.0,0.125,0.0225797343324896,0.0882734381966637,1.4142135623730951,1.4142135623730951
8,256,32,uniform,1,0.0,0.125,1.4142135623730951,1.4142135623730951,1.4142135623730951,1.4142135623730951
8,256,32,uniform,1,0.001,0.125,1.4142135623730951,1.4142135623730951,1.4142135623730951,1.4142135623730951
8,256,32,uniform,1,0.002,0.125,1.4142135623730951,1.4142135623730951,1.4142135623730951,1.4142135623730951
8,256,32,uniform,1,0.004,0.125,1.4142135623730192,1.4142135623730192,1.4142135623730951,1.4142135623730951
8,256,32,uniform,1,0.008,0.125,1.4142130992529247,1.414213099252982,1.4142135623730951,1.4142135623730951
8,256,32,uniform,1,0.012,0.125,1.4141289096580762,1.414128911558375,1.4142135623730951,1.4142135623730951
8,256,32,uniform,1,0.02,0.125,1.4087560081313786,1.4087639337891509,1.4142135623730951,1.4142135623730951
8,256,32,uniform,1,0.03,0.125,1.3705115734447533,1.37103153022017,1.4142135623730951,1.4142135623730951
8,256,32,uniform,1,0.05,0.125,1.184205001358461,1.1996542283671303,1.4142135623730951,1.4142135623730951
8,256,32,uniform,1,0.08,0.125,0.8252912844134143,0.9240805003239844,1.4142135623730951,1.4142135623730951
8,256,32,uniform,1,0.12,0.125,0.4625865224532844,0.676479052003182,1.4142135623730951,1.4142135623730951
8,256,32,uniform,1,0.2,0.125,0.1841259438864374,0.4280962046837566,1.4142135623730951,1.4142135623730951
8,256,32,uniform,1,0.35,0.125,0.074518385848695,0.2498876468599722,1.4142135623730951,1.4142135623730951
8,256,32,uniform,1,0.6,0.125,0.0388678962439072,0.1467833958009805,1.4142135623730951,1.4142135623730951
8,256,32,uniform,1,1.0,0.125,0.0224939670546436,0.0882734381966637,1.4142135623730951,1.4142135623730951
8,256,32,uniform,2,0.0,0.125,1.4142135623730951,1.4142135623730951,1.4142135623730951,1.4142135623730951
8,256,32,uniform,2,0.001,0.125,1.4142135623730951,1.4142135623730951,1.4142135623730951,1.4142135623730951
8,256,32,uniform,2,0.002,0.125,1.4142135623730951,1.4142135623730951,1.4142135623730951,1.4142135623730951
8,256,32,uniform,2,0.004,0.125,1.4142135623730192,1.4142135623730192,1.4142135623730951,1.4142135623730951
8,256,32,uniform,2,0.008,0.125,1.4142130992529058,1.414213099252982,1.4142135623730951,1.4142135623730951
8,256,32,uniform,2,0.012,0.125,1.4141289090248013,1.414128911558375,1.4142135623730951,1.4142135623730951
8,256,32,uniform,2,0.02,0.125,1.4087534086000255,1.4087639337891509,1.4142135623730951,1.4142135623730951
8,256,32,uniform,2,0.03,0.125,1.3703600225700916,1.37103153022017,1.4142135623730951,1.4142135623730951
8,256,32,uniform,2,0.05,0.125,1.1820322273123984,1.1996542283671303,1.4142135623730951,1.4142135623730951
8,256,32,uniform,2,0.08,0.125,0.8268003787228181,0.9240805003239844,1.4142135623730951,1.4142135623730951
8,256,32,uniform,2,0.12,0.125,0.4708792679935655,0.676479052003182,1.4142135623730951,1.4142135623730951
8,256,32,uniform,2,0.2,0.125,0.1830939764831862,0.4280962046837566,1.4142135623730951,1.4142135623730951
8,256,32,uniform,2,0.35,0.125,0.0750948014472382,0.2498876468599722,1.4142135623730951,1.4142135623730951
8,256,32,uniform,2,0.6,0.125,0.0390670800893259,0.1467833958009805,1.4142135623730951,1.4142135623730951
8,256,32,uniform,2,1.0,0.125,0.0225793829787974,0.0882734381966637,1.4142135623730951,1.4142135623730951
8,256,32,uniform,3,0.0,0.125,1.4142135623730951,1.4142135623730951,1.4142135623730951,1.4142135623730951
8,256,32,uniform,3,0.001,0.125,1.4142135623730951,1.4142135623730951,1.4142135623730951,1.4142135623730951
8,256,32,uniform,3,0.002,0.125,1.4142135623730951,1.4142135623730951,1.4142135623730951,1.4142135623730951
8,256,32,uniform,3,0.004,0.125,1.4142135623730192,1.4142135623730192,1.4142135623730951,1.4142135623730951
8,256,32,uniform,3,0.008,0.125,1.414213099252887,1.414213099252982,1.4142135623730951,1.4142135623730951
8,256,32,uniform,3,0.012,0.125,1.4141289083912607,1.414128911558375,1.4142135623730951,1.4142135623730951
8,256,32,uniform,3,0.02,0.125,1.4087507379954884,1.4087639337891509,1.4142135623730951,1.4142135623730951
8,256,32,uniform,3,0.03,0.125,1.370172261137918,1.37103153022017,1.4142135623730951,1.4142135623730951
8,256,32,uniform,3,0.05,0.125,1.1751865831805524,1.1996542283671303,1.4142135623730951,1.4142135623730951
8,256,32,uniform,3,0.08,0.125,0.7840088040835208,0.9240805003239844,1.4142135623730951,1.4142135623730951
8,256,32,uniform,3,0.12,0.125,0.4614616730446643,0.676479052003182,1.4142135623730951,1.4142135623730951
8,256,32,uniform,3,0.2,0.125,0.1889501490395634,0.4280962046837566,1.4142135623730951,1.4142135623730951
8,256,32,uniform,3,0.35,0.125,0.0745123283562276,0.2498876468599722,1.4142135623730951,1.4142135623730951
8,256,32,uniform,3,0.6,0.125,0.0389854784094834,0.1467833958009805,1.4142135623730951,1.4142135623730951
8,256,32,uniform,3,1.0,0.125,0.0225408113926923,0.0882734381966637,1.4142135623730951,1.4142135623730951
8,256,32,uniform,4,0.0,0.125,1.4142135623730951,1.4142135623730951,1.4142135623730951,1.4142135623730951
8,256,32,uniform,4,0.001,0.125,1.4142135623730951,1.4142135623730951,1.4142135623730951,1.4142135623730951
8,256,32,uniform,4,0.002,0.125,1.4142135623730951,1.4142135623730951,1.4142135623730951,1.4142135623730951
8,256,32,uniform,4,0.004,0.125,1.4142135623730192,1.4142135623730192,1.4142135623730951,1.4142135623730951
8,256,32,uniform,4,0.008,0.125,1.4142130992529058,1.414213099252982,1.4142135623730951,1.4142135623730951
8,256,32,uniform,4,0.012,0.125,1.4141289090247822,1.414128911558375,1.4142135623730951,1.4142135623730951
8,256,32,uniform,4,0.02,0.125,1.408753403455499,1.4087639337891509,1.4142135623730951,1.4142135623730951
8,256,32,uniform,4,0.03,0.125,1.3703571880082526,1.37103153022017,1.4142135623730951,1.4142135623730951
8,256,32,uniform,4,0.05,0.125,1.181608157818132,1.1996542283671303,1.4142135623730951,1.4142135623730951
8,256,32,uniform,4,0.08,0.125,0.823874007879458,0.9240805003239844,1.4142135623730951,1.4142135623730951
8,256,32,uniform,4,0.12,0.125,0.4716183576796049,0.676479052003182,1.4142135623730951,1.4142135623730951
8,256,32,uniform,4,0.2,0.125,0.1859554134734442,0.4280962046837566,1.4142135623730951,1.4142135623730951
8,256,32,uniform,4,0.35,0.125,0.0749261460018425,0.2498876468599722,1.4142135623730951,1.4142135623730951
8,256,32,uniform,4,0.6,0.125,0.0388094149926185,0.1467833958009805,1.4142135623730951,1.4142135623730951
8,256,32,uniform,4,1.0,0.125,0.0225112684331728,0.0882734381966637,1.4142135623730951,1.4142135623730951
8,256,32,clustered,0,0.0,0.125,1.4142135623730951,1.4142135623730951,1.4142135623730951,1.4142135623730951
8,256,32,clustered,0,0.001,0.125,1.4142135623730951,1.4142135623730951,1.4142135623730951,1.4142135623730951
8,256,32,clustered,0,0.002,0.125,1.4142135623730951,1.4142135623730951,1.4142135623730951,1.4142135623730951
8,256,32,clustered,0,0.004,0.125,1.4142135623730192,1.4142135623730192,1.4142135623730951,1.4142135623730951
8,256,32,clustered,0,0.008,0.125,1.414213099252868,1.414213099252982,1.4142135623730951,1.4142135623730951
8,256,32,clustered,0,0.012,0.125,1.4141289077579104,1.414128911558375,1.4142135623730951,1.4142135623730951
8,256,32,clustered,0,0.02,0.125,1.4087481181370545,1.4087639337891509,1.4142135623730951,1.4142135623730951
8,256,32,clustered,0,0.03,0.125,1.3700102953319462,1.37103153022017,1.4142135623730951,1.4142135623730951
8,256,32,clustered,0,0.05,0.125,1.1716668420696363,1.1996542283671303,1.4142135623730951,1.4142135623730951
8,256,32,clustered,0,0.08,0.125,0.7732482504566551,0.9240805003239844,1.4142135623730951,1.4142135623730951
8,256,32,clustered,0,0.12,0.125,0.40363126279941,0.676479052003182,1.4142135623730951,1.4142135623730951
8,256,32,clustered,0,0.2,0.125,0.1568315398700578,0.4280962046837566,1.4142135623730951,1.4142135623730951
8,256,32,clustered,0,0.35,0.125,0.0707148925016317,0.2498876468599722,1.4142135623730951,1.4142135623730951
8,256,32,clustered,0,0.6,0.125,0.0381268870492354,0.1467833958009805,1.4142135623730951,1.4142135623730951
8,256,32,clustered,0,1.0,0.125,0.0223800144851555,0.0882734381966637,1.4142135623730951,1.4142135623730951
8,256,32,clustered,1,0.0,0.125,1.4142135623730951,1.4142135623730951,1.4142135623730951,1.4142135623730951
8,256,32,clustered,1,0.001,0.125,1.4142135623730951,1.4142135623730951,1.4142135623730951,1.4142135623730951
8,256,32,clustered,1,0.002,0.125,1.4142135623730951,1.4142135623730951,1.4142135623730951,1.4142135623730951
8,256,32,clustered,1,0.004,0.125,1.4142135623730192,1.4142135623730192,1.4142135623730951,1.4142135623730951
8,256,32,clustered,1,0.008,0.125,1.414213099252811,1.414213099252982,1.4142135623730951,1.4142135623730951
8,256,32,clustered,1,0.012,0.125,1.4141289058578768,1.414128911558375,1.4142135623730951,1.4142135623730951
8,256,32,clustered,1,0.02,0.125,1.4087402636577353,1.4087639337891509,1.4142135623730951,1.4142135623730951
8,256,32,clustered,1,0.03,0.125,1.3695270468268128,1.37103153022017,1.4142135623730951,1.4142135623730951
8,256,32,clustered,1,0.05,0.125,1.1614459887488426,1.1996542283671303,1.4142135623730951,1.4142135623730951
8,256,32,clustered,1,0.08,0.125,0.7438962456566665,0.9240805003239844,1.4142135623730951,1.4142135623730951
8,256,32,clustered,1,0.12,0.125,0.3850843659774012,0.676479052003182,1.4142135623730951,1.4142135623730951
8,256,32,clustered,1,0.2,0.125,0.1625293862518475,0.4280962046837566,1.4142135623730951,1.4142135623730951
8,256,32,clustered,1,0.35,0.125,0.072693911465091,0.2498876468599722,1.4142135623730951,1.4142135623730951
8,256,32,clustered,1,0.6,0.125,0.0385367996353046,0.1467833958009805,1.4142135623730951,1.4142135623730951
8,256,32,clustered,1,1.0,0.125,0.0224404957667913,0.0882734381966637,1.4142135623730951,1.4142135623730951
8,256,32,clustered,2,0.0,0.125,1.4142135623730951,1.4142135623730951,1.4142135623730951,1.4142135623730951
8,256,32,clustered,2,0.001,0.125,1.4142135623730951,1.4142135623730951,1.4142135623730951,1.4142135623730951
8,256,32,clustered,2,0.002,0.125,1.4142135623730951,1.4142135623730951,1.4142135623730951,1.4142135623730951
8,256,32,clustered,2,0.004,0.125,1.414213562373,1.4142135623730192,1.4142135623730951,1.4142135623730951
8,256,32,clustered,2,0.008,0.125,1.4142129834729107,1.414213099252982,1.4142135623730951,1.4142135623730951
8,256,32,clustered,2,0.012,0.125,1.4141077474295063,1.414128911558375,1.4142135623730951,1.4142135623730951
8,256,32,clustered,2,0.02,0.125,1.407395592035457,1.4087639337891509,1.4142135623730951,1.4142135623730951
8,256,32,clustered,2,0.03,0.125,1.359851383874931,1.37103153022017,1.4142135623730951,1.4142135623730951
8,256,32,clustered,2,0.05,0.125,1.1354034287467163,1.1996542283671303,1.4142135623730951,1.4142135623730951
8,256,32,clustered,2,0.08,0.125,0.7453797919045095,0.9240805003239844,1.4142135623730951,1.4142135623730951
8,256,32,clustered,2,0.12,0.125,0.4038248851984519,0.676479052003182,1.4142135623730951,1.4142135623730951
8,256,32,clustered,2,0.2,0.125,0.162520667427748,0.4280962046837566,1.4142135623730951,1.4142135623730951
8,256,32,clustered,2,0.35,0.125,0.0716351110557196,0.2498876468599722,1.4142135623730951,1.4142135623730951
8,256,32,clustered,2,0.6,0.125,0.0384320261777358,0.1467833958009805,1.4142135623730951,1.4142135623730951
8,256,32,clustered,2,1.0,0.125,0.0224288541939717,0.0882734381966637,1.4142135623730951,1.4142135623730951
8,256,32,clustered,3,0.0,0.125,1.4142135623730951,1.4142135623730951,1.4142135623730951,1.4142135623730951
8,256,32,clustered,3,0.001,0.125,1.4142135623730951,1.4142135623730951,1.4142135623730951,1.4142135623730951
8,256,32,clustered,3,0.002,0.125,1.4142135623730951,1.4142135623730951,1.4142135623730951,1.4142135623730951
8,256,32,clustered,3,0.004,0.125,1.4142135623730192,1.4142135623730192,1.4142135623730951,1.4142135623730951
8,256,32,clustered,3,0.008,0.125,1.414213099252792,1.414213099252982,1.4142135623730951,1.4142135623730951
8,256,32,clustered,3,0.012,0.125,1.4141289052244692,1.414128911558375,1.4142135623730951,1.4142135623730951
8,256,32,clustered,3,0.02,0.125,1.4087376286654982,1.4087639337891509,1.4142135623730951,1.4142135623730951
8,256,32,clustered,3,0.03,0.125,1.369357693682864,1.37103153022017,1.4142135623730951,1.4142135623730951
8,256,32,clustered,3,0.05,0.125,1.1571239391047117,1.1996542283671303,1.4142135623730951,1.4142135623730951
8,256,32,clustered,3,0.08,0.125,0.7511107998820977,0.9240805003239844,1.4142135623730951,1.4142135623730951
8,256,32,clustered,3,0.12,0.125,0.4041943650238487,0.676479052003182,1.4142135623730951,1.4142135623730951
8,256,32,clustered,3,0.2,0.125,0.1623252825338428,0.4280962046837566,1.4142135623730951,1.4142135623730951
8,256,32,clustered,3,0.35,0.125,0.0711559882628466,0.2498876468599722,1.4142135623730951,1.4142135623730951
8,256,32,clustered,3,0.6,0.125,0.0383804544818606,0.1467833958009805,1.4142135623730951,1.4142135623730951
8,256,32,clustered,3,1.0,0.125,0.0224233108787971,0.0882734381966637,1.4142135623730951,1.4142135623730951
8,256,32,clustered,4,0.0,0.125,1.4142135623730951,1.4142135623730951,1.4142135623730951,1.4142135623730951
8,256,32,clustered,4,0.001,0.125,1.4142135623730951,1.4142135623730951,1.4142135623730951,1.4142135623730951
8,256,32,clustered,4,0.002,0.125,1.4142135623730951,1.4142135623730951,1.4142135623730951,1.4142135623730951
8,256,32,clustered,4,0.004,0.125,1.414213562373,1.4142135623730192,1.4142135623730951,1.4142135623730951
8,256,32,clustered,4,0.008,0.125,1.4142129834728918,1.414213099252982,1.4142135623730951,1.4142135623730951
8,256,32,clustered,4,0.012,0.125,1.4141077467961078,1.414128911558375,1.4142135623730951,1.4142135623730951
8,256,32,clustered,4,0.02,0.125,1.4073929597139117,1.4087639337891509,1.4142135623730951,1.4142135623730951
8,256,32,clustered,4,0.03,0.125,1.359683829215394,1.37103153022017,1.4142135623730951,1.4142135623730951
8,256,32,clustered,4,0.05,0.125,1.1315020885215965,1.1996542283671303,1.4142135623730951,1.4142135623730951
8,256,32,clustered,4,0.08,0.125,0.7341390083160482,0.9240805003239844,1.4142135623730951,1.4142135623730951
8,256,32,clustered,4,0.12,0.125,0.3983730286883826,0.676479052003182,1.4142135623730951,1.4142135623730951
8,256,32,clustered,4,0.2,0.125,0.1639215253513223,0.4280962046837566,1.4142135623730951,1.4142135623730951
8,256,32,clustered,4,0.35,0.125,0.0720261119496081,0.2498876468599722,1.4142135623730951,1.4142135623730951
8,256,32,clustered,4,0.6,0.125,0.0382954575509606,0.1467833958009805,1.4142135623730951,1.4142135623730951
8,256,32,clustered,4,1.0,0.125,0.0224001920400222,0.0882734381966637,1.4142135623730951,1.4142135623730951
8,256,32,duplicates,0,0.0,0.125,1.4142135623730951,1.4142135623730951,1.4142135623730951,1.4142135623730951
8,256,32,duplicates,0,0.001,0.125,1.4142135623730951,1.4142135623730951,1.4142135623730951,1.4142135623730951
8,256,32,duplicates,0,0.002,0.125,1.4142135623730951,1.4142135623730951,1.4142135623730951,1.4142135623730951
8,256,32,duplicates,0,0.004,0.125,1.4142135623728866,1.4142135623730192,1.4142135623730951,1.4142135623730951
8,256,32,duplicates,0,0.008,0.125,1.414212288794144,1.414213099252982,1.4142135623730951,1.4142135623730951
8,256,32,duplicates,0,0.012,0.125,1.4139808180654003,1.414128911558375,1.4142135623730951,1.4142135623730951
8,256,32,duplicates,0,0.02,0.125,1.3994124011946274,1.4087639337891509,1.4142135623730951,1.4142135623730951
8,256,32,duplicates,0,0.03,0.125,1.3059101581045442,1.37103153022017,1.4142135623730951,1.4142135623730951
8,256,32,duplicates,0,0.05,0.125,0.9946368345018254,1.1996542283671303,1.4142135623730951,1.4142135623730951
8,256,32,duplicates,0,0.08,0.125,0.6697226918501085,0.9240805003239844,1.4142135623730951,1.4142135623730951
8,256,32,duplicates,0,0.12,0.125,0.4448535111911056,0.676479052003182,1.4142135623730951,1.4142135623730951
8,256,32,duplicates,0,0.2,0.125,0.2072396477506519,0.4280962046837566,1.4142135623730951,1.4142135623730951
8,256,32,duplicates,0,0.35,0.125,0.0803975750885622,0.2498876468599722,1.4142135623730951,1.4142135623730951
8,256,32,duplicates,0,0.6,0.125,0.0408531656720308,0.1467833958009805,1.4142135623730951,1.4142135623730951
8,256,32,duplicates,0,1.0,0.125,0.0234534822603908,0.0882734381966637,1.4142135623730951,1.4142135623730951
8,256,32,duplicates,1,0.0,0.125,1.4142135623730951,1.4142135623730951,1.4142135623730951,1.4142135623730951
8,256,32,duplicates,1,0.001,0.125,1.118033988749895,1.4142135623730951,1.4142135623730951,1.4142135623730951
8,256,32,duplicates,1,0.002,0.125,1.118033988749895,1.4142135623730951,1.4142135623730951,1.4142135623730951
8,256,32,duplicates,1,0.004,0.125,1.1180339887497617,1.4142135623730192,1.4142135623730951,1.4142135623730951
8,256,32,duplicates,1,0.008,0.125,1.1180331741139014,1.414213099252982,1.4142135623730951,1.4142135623730951
8,256,32,duplicates,1,0.012,0.125,1.117885091031225,1.414128911558375,1.4142135623730951,1.4142135623730951
8,256,32,duplicates,1,0.02,0.125,1.1084666808206394,1.4087639337891509,1.4142135623730951,1.4142135623730951
8,256,32,duplicates,1,0.03,0.125,1.0432645178459845,1.37103153022017,1.4142135623730951,1.4142135623730951
8,256,32,duplicates,1,0.05,0.125,0.8830496537458885,1.1996542283671303,1.4142135623730951,1.4142135623730951
8,256,32,duplicates,1,0.08,0.125,0.707193535358149,0.9240805003239844,1.4142135623730951,1.4142135623730951
8,256,32,duplicates,1,0.12,0.125,0.5090320703652486,0.676479052003182,1.4142135623730951,1.4142135623730951
8,256,32,duplicates,1,0.2,0.125,0.2232595961017926,0.4280962046837566,1.4142135623730951,1.4142135623730951
8,256,32,duplicates,1,0.35,0.125,0.0821836708681143,0.2498876468599722,1.4142135623730951,1.4142135623730951
8,256,32,duplicates,1,0.6,0.125,0.0394587646994088,0.1467833958009805,1.4142135623730951,1.4142135623730951
8,256,32,duplicates,1,1.0,0.125,0.022492942621577,0.0882734381966637,1.4142135623730951,1.4142135623730951
8,256,32,duplicates,2,0.0,0.125,1.4142135623730951,1.4142135623730951,1.4142135623730951,1.4142135623730951
8,256,32,duplicates,2,0.001,0.125,1.224744871391589,1.4142135623730951,1.4142135623730951,1.4142135623730951
8,256,32,duplicates,2,0.002,0.125,1.224744871391589,1.4142135623730951,1.4142135623730951,1.4142135623730951
8,256,32,duplicates,2,0.004,0.125,1.2247448713915068,1.4142135623730192,1.4142135623730951,1.4142135623730951
8,256,32,duplicates,2,0.008,0.125,1.2247443700492644,1.414213099252982,1.4142135623730951,1.4142135623730951
8,256,32,duplicates,2,0.012,0.125,1.224653230997248,1.414128911558375,1.4142135623730951,1.4142135623730951
8,256,32,duplicates,2,0.02,0.125,1.2188323011682285,1.4087639337891509,1.4142135623730951,1.4142135623730951
8,256,32,duplicates,2,0.03,0.125,1.1772103399992029,1.37103153022017,1.4142135623730951,1.4142135623730951
8,256,32,duplicates,2,0.05,0.125,0.9776100028788376,1.1996542283671303,1.4142135623730951,1.4142135623730951
8,256,32,duplicates,2,0.08,0.125,0.6661404162282261,0.9240805003239844,1.4142135623730951,1.4142135623730951
8,256,32,duplicates,2,0.12,0.125,0.3886426243808215,0.676479052003182,1.4142135623730951,1.4142135623730951
8,256,32,duplicates,2,0.2,0.125,0.201329708328327,0.4280962046837566,1.4142135623730951,1.4142135623730951
8,256,32,duplicates,2,0.35,0.125,0.0816386151828553,0.2498876468599722,1.4142135623730951,1.4142135623730951
8,256,32,duplicates,2,0.6,0.125,0.0408410732008016,0.1467833958009805,1.4142135623730951,1.4142135623730951
8,256,32,duplicates,2,1.0,0.125,0.0232160818193016,0.0882734381966637,1.4142135623730951,1.4142135623730951
8,256,32,duplicates,3,0.0,0.125,1.4142135623730951,1.4142135623730951,1.4142135623730951,1.4142135623730951
8,256,32,duplicates,3,0.001,0.125,0.816496580927726,1.4142135623730951,1.4142135623730951,1.4142135623730951
8,256,32,duplicates,3,0.002,0.125,0.816496580927726,1.4142135623730951,1.4142135623730951,1.4142135623730951
8,256,32,duplicates,3,0.004,0.125,0.8164965809276675,1.4142135623730192,1.4142135623730951,1.4142135623730951
8,256,32,duplicates,3,0.008,0.125,0.8164962244176772,1.414213099252982,1.4142135623730951,1.4142135623730951
8,256,32,duplicates,3,0.012,0.125,0.8164314160500644,1.414128911558375,1.4142135623730951,1.4142135623730951
8,256,32,duplicates,3,0.02,0.125,0.8122987564176731,1.4087639337891509,1.4142135623730951,1.4142135623730951
8,256,32,duplicates,3,0.03,0.125,0.7830843423634332,1.37103153022017,1.4142135623730951,1.4142135623730951
8,256,32,duplicates,3,0.05,0.125,0.6473160859545853,1.1996542283671303,1.4142135623730951,1.4142135623730951
8,256,32,duplicates,3,0.08,0.125,0.4593457196632103,0.9240805003239844,1.4142135623730951,1.4142135623730951
8,256,32,duplicates,3,0.12,0.125,0.3075468782662192,0.676479052003182,1.4142135623730951,1.4142135623730951
8,256,32,duplicates,3,0.2,0.125,0.175154737946159,0.4280962046837566,1.4142135623730951,1.4142135623730951
8,256,32,duplicates,3,0.35,0.125,0.0856114205034309,0.2498876468599722,1.4142135623730951,1.4142135623730951
8,256,32,duplicates,3,0.6,0.125,0.0407892452755886,0.1467833958009805,1.4142135623730951,1.4142135623730951
8,256,32,duplicates,3,1.0,0.125,0.0231103538926775,0.0882734381966637,1.4142135623730951,1.4142135623730951
8,256,32,duplicates,4,0.0,0.125,1.4142135623730951,1.4142135623730951,1.4142135623730951,1.4142135623730951
8,256,32,duplicates,4,0.001,0.125,1.0,1.4142135623730951,1.4142135623730951,1.4142135623730951
8,256,32,duplicates,4,0.002,0.125,1.0,1.4142135623730951,1.4142135623730951,1.4142135623730951
8,256,32,duplicates,4,0.004,0.125,0.9999999999999196,1.4142135623730192,1.4142135623730951,1.4142135623730951
8,256,32,duplicates,4,0.008,0.125,0.9999995087869478,1.414213099252982,1.4142135623730951,1.4142135623730951
8,256,32,duplicates,4,0.012,0.125,0.9999102144758992,1.414128911558375,1.4142135623730951,1.4142135623730951
8,256,32,duplicates,4,0.02,0.125,0.9942206321263716,1.4087639337891509,1.4142135623730951,1.4142135623730951
8,256,32,duplicates,4,0.03,0.125,0.9542145901684314,1.37103153022017,1.4142135623730951,1.4142135623730951
8,256,32,duplicates,4,0.05,0.125,0.770633069725595,1.1996542283671303,1.4142135623730951,1.4142135623730951
8,256,32,duplicates,4,0.08,0.125,0.4918464529102913,0.9240805003239844,1.4142135623730951,1.4142135623730951
8,256,32,duplicates,4,0.12,0.125,0.3702224014539826,0.676479052003182,1.4142135623730951,1.4142135623730951
8,256,32,duplicates,4,0.2,0.125,0.2133084438881694,0.4280962046837566,1.4142135623730951,1.4142135623730951
8,256,32,duplicates,4,0.35,0.125,0.0882139491708792,0.2498876468599722,1.4142135623730951,1.4142135623730951
8,256,32,duplicates,4,0.6,0.125,0.0412736932380183,0.1467833958009805,1.4142135623730951,1.4142135623730951
8,256,32,duplicates,4,1.0,0.125,0.0230112357581707,0.0882734381966637,1.4142135623730951,1.4142135623730951
8,256,64,uniform,0,0.0,0.125,1.4142135623730951,1.4142135623730951,1.4142135623730951,1.4142135623730951
8,256,64,uniform,0,0.001,0.125,1.4142135623730951,1.4142135623730951,1.4142135623730951,1.4142135623730951
8,256,64,uniform,0,0.002,0.125,1.4142135623730951,1.4142135623730951,1.4142135623730951,1.4142135623730951
8,256,64,uniform,0,0.004,0.125,1.4142135623730192,1.4142135623730192,1.4142135623730951,1.4142135623730951
8,256,64,uniform,0,0.008,0.125,1.4142130992527544,1.414213099252982,1.4142135623730951,1.4142135623730951
8,256,64,uniform,0,0.012,0.125,1.4141289039574454,1.414128911558375,1.4142135623730951,1.4142135623730951
8,256,64,uniform,0,0.02,0.125,1.4087323028402354,1.4087639337891509,1.4142135623730951,1.4142135623730951
8,256,64,uniform,0,0.03,0.125,1.3689905860405711,1.37103153022017,1.4142135623730951,1.4142135623730951
8,256,64,uniform,0,0.05,0.125,1.144972001171031,1.1996542283671303,1.4142135623730951,1.4142135623730951
8,256,64,uniform,0,0.08,0.125,0.6667101174403044,0.9240805003239844,1.4142135623730951,1.4142135623730951
8,256,64,uniform,0,0.12,0.125,0.3216912937489679,0.676479052003182,1.4142135623730951,1.4142135623730951
8,256,64,uniform,0,0.2,0.125,0.1191612379066522,0.4280962046837566,1.4142135623730951,1.4142135623730951
8,256,64,uniform,0,0.35,0.125,0.0517522851341925,0.2498876468599722,1.4142135623730951,1.4142135623730951
8,256,64,uniform,0,0.6,0.125,0.0273227737631896,0.1467833958009805,1.4142135623730951,1.4142135623730951
8,256,64,uniform,0,1.0,0.125,0.0158930944183944,0.0882734381966637,1.4142135623730951,1.4142135623730951
8,256,64,uniform,1,0.0,0.125,1.4142135623730951,1.4142135623730951,1.4142135623730951,1.4142135623730951
8,256,64,uniform,1,0.001,0.125,1.4142135623730951,1.4142135623730951,1.4142135623730951,1.4142135623730951
8,256,64,uniform,1,0.002,0.125,1.4142135623730951,1.4142135623730951,1.4142135623730951,1.4142135623730951
8,256,64,uniform,1,0.004,0.125,1.4142135623730192,1.4142135623730192,1.4142135623730951,1.4142135623730951
8,256,64,uniform,1,0.008,0.125,1.414213099252792,1.414213099252982,1.4142135623730951,1.4142135623730951
8,256,64,uniform,1,0.012,0.125,1.4141289052243176,1.414128911558375,1.4142135623730951,1.4142135623730951
8,256,64,uniform,1,0.02,0.125,1.4087375880102682,1.4087639337891509,1.4142135623730951,1.4142135623730951
8,256,64,uniform,1,0.03,0.125,1.3693368314896628,1.37103153022017,1.4142135623730951,1.4142135623730951
8,256,64,uniform,1,0.05,0.125,1.154351952998403,1.1996542283671303,1.4142135623730951,1.4142135623730951
8,256,64,uniform,1,0.08,0.125,0.6999154479459105,0.9240805003239844,1.4142135623730951,1.4142135623730951
8,256,64,uniform,1,0.12,0.125,0.3212464139953157,0.676479052003182,1.4142135623730951,1.4142135623730951
8,256,64,uniform,1,0.2,0.125,0.1196553756095422,0.4280962046837566,1.4142135623730951,1.4142135623730951
8,256,64,uniform,1,0.35,0.125,0.0515033561099762,0.2498876468599722,1.4142135623730951,1.4142135623730951
8,256,64,uniform,1,0.6,0.125,0.0272712350168905,0.1467833958009805,1.4142135623730951,1.4142135623730951
8,256,64,uniform,1,1.0,0.125,0.0158768538445848,0.0882734381966637,1.4142135623730951,1.4142135623730951
8,256,64,uniform,2,0.0,0.125,1.4142135623730951,1.4142135623730951,1.4142135623730951,1.4142135623730951
8,256,64,uniform,2,0.001,0.125,1.4142135623730951,1.4142135623730951,1.4142135623730951,1.4142135623730951
8,256,64,uniform,2,0.002,0.125,1.4142135623730951,1.4142135623730951,1.4142135623730951,1.4142135623730951
8,256,64,uniform,2,0.004,0.125,1.4142135623730192,1.4142135623730192,1.4142135623730951,1.4142135623730951
8,256,64,uniform,2,0.008,0.125,1.41421309925283,1.414213099252982,1.4142135623730951,1.4142135623730951
8,256,64,uniform,2,0.012,0.125,1.4141289064910378,1.414128911558375,1.4142135623730951,1.4142135623730951
8,256,64,uniform,2,0.02,0.125,1.4087428327408449,1.4087639337891509,1.4142135623730951,1.4142135623730951
8,256,64,uniform,2,0.03,0.125,1.369663102668991,1.37103153022017,1.4142135623730951,1.4142135623730951
8,256,64,uniform,2,0.05,0.125,1.1615809055788848,1.1996542283671303,1.4142135623730951,1.4142135623730951
8,256,64,uniform,2,0.08,0.125,0.7216617529757452,0.9240805003239844,1.4142135623730951,1.4142135623730951
8,256,64,uniform,2,0.12,0.125,0.3421157476221567,0.676479052003182,1.4142135623730951,1.4142135623730951
8,256,64,uniform,2,0.2,0.125,0.1191041840087213,0.4280962046837566,1.4142135623730951,1.4142135623730951
8,256,64,uniform,2,0.35,0.125,0.0515761238343497,0.2498876468599722,1.4142135623730951,1.4142135623730951
8,256,64,uniform,2,0.6,0.125,0.027238742131003,0.1467833958009805,1.4142135623730951,1.4142135623730951
8,256,64,uniform,2,1.0,0.125,0.0158696349823746,0.0882734381966637,1.4142135623730951,1.4142135623730951
8,256,64,uniform,3,0.0,0.125,1.4142135623730951,1.4142135623730951,1.4142135623730951,1.4142135623730951
8,256,64,uniform,3,0.001,0.125,1.4142135623730951,1.4142135623730951,1.4142135623730951,1.4142135623730951
8,256,64,uniform,3,0.002,0.125,1.4142135623730951,1.4142135623730951,1.4142135623730951,1.4142135623730951
8,256,64,uniform,3,0.004,0.125,1.4142135623730003,1.4142135623730192,1.4142135623730951,1.4142135623730951
8,256,64,uniform,3,0.008,0.125,1.4142129834727972,1.414213099252982,1.4142135623730951,1.4142135623730951
8,256,64,uniform,3,0.012,0.125,1.414107743629288,1.414128911558375,1.4142135623730951,1.4142135623730951
8,256,64,uniform,3,0.02,0.125,1.4073798424286263,1.4087639337891509,1.4142135623730951,1.4142135623730951
8,256,64,uniform,3,0.03,0.125,1.3588640440672604,1.37103153022017,1.4142135623730951,1.4142135623730951
8,256,64,uniform,3,0.05,0.125,1.1121665963077467,1.1996542283671303,1.4142135623730951,1.4142135623730951
8,256,64,uniform,3,0.08,0.125,0.6572630670339882,0.9240805003239844,1.4142135623730951,1.4142135623730951
8,256,64,uniform,3,0.12,0.125,0.3163462127131587,0.676479052003182,1.4142135623730951,1.4142135623730951
8,256,64,uniform,3,0.2,0.125,0.1181562853358937,0.4280962046837566,1.4142135623730951,1.4142135623730951
8,256,64,uniform,3,0.35,0.125,0.0514671895034722,0.2498876468599722,1.4142135623730951,1.4142135623730951
8,256,64,uniform,3,0.6,0.125,0.0273229308770326,0.1467833958009805,1.4142135623730951,1.4142135623730951
8,256,64,uniform,3,1.0,0.125,0.0158818463039804,0.0882734381966637,1.4142135623730951,1.4142135623730951
8,256,64,uniform,4,0.0,0.125,1.4142135623730951,1.4142135623730951,1.4142135623730951,1.4142135623730951
8,256,64,uniform,4,0.001,0.125,1.4142135623730951,1.4142135623730951,1.4142135623730951,1.4142135623730951
8,256,64,uniform,4,0.002,0.125,1.4142135623730951,1.4142135623730951,1.4142135623730951,1.4142135623730951
8,256,64,uniform,4,0.004,0.125,1.4142135623730003,1.4142135623730192,1.4142135623730951,1.4142135623730951
8,256,64,uniform,4,0.008,0.125,1.414212983472778,1.414213099252982,1.4142135623730951,1.4142135623730951
8,256,64,uniform,4,0.012,0.125,1.4141077429960605,1.414128911558375,1.4142135623730951,1.4142135623730951
8,256,64,uniform,4,0.02,0.125,1.4073772553746442,1.4087639337891509,1.4142135623730951,1.4142135623730951
8,256,64,uniform,4,0.03,0.125,1.358718062235332,1.37103153022017,1.4142135623730951,1.4142135623730951
8,256,64,uniform,4,0.05,0.125,1.110176508172681,1.1996542283671303,1.4142135623730951,1.4142135623730951
8,256,64,uniform,4,0.08,0.125,0.6581231515907371,0.9240805003239844,1.4142135623730951,1.4142135623730951
8,256,64,uniform,4,0.12,0.125,0.346263305660251,0.676479052003182,1.4142135623730951,1.4142135623730951
8,256,64,uniform,4,0.2,0.125,0.1185181075923742,0.4280962046837566,1.4142135623730951,1.4142135623730951
8,256,64,uniform,4,0.35,0.125,0.0514858441390289,0.2498876468599722,1.4142135623730951,1.4142135623730951
8,256,64,uniform,4,0.6,0.125,0.0272909813842079,0.1467833958009805,1.4142135623730951,1.4142135623730951
8,256,64,uniform,4,1.0,0.125,0.0158879584200378,0.0882734381966637,1.4142135623730951,1.4142135623730951
8,256,64,clustered,0,0.0,0.125,1.4142135623730951,1.4142135623730951,1.4142135623730951,1.4142135623730951
8,256,64,clustered,0,0.001,0.125,1.4142135623730951,1.4142135623730951,1.4142135623730951,1.4142135623730951
8,256,64,clustered,0,0.002,0.125,1.4142135623730951,1.4142135623730951,1.4142135623730951,1.4142135623730951
8,256,64,clustered,0,0.004,0.125,1.4142135623729435,1.4142135623730192,1.4142135623730951,1.4142135623730951
8,256,64,clustered,0,0.008,0.125,1.4142126361329066,1.414213099252982,1.4142135623730951,1.4142135623730951
8,256,64,clustered,0,0.012,0.125,1.4140442620102804,1.414128911558375,1.4142135623730951,1.4142135623730951
8,256,64,clustered,0,0.02,0.125,1.4033195258888242,1.4087639337891509,1.4142135623730951,1.4142135623730951
8,256,64,clustered,0,0.03,0.125,1.328168182782013,1.37103153022017,1.4142135623730951,1.4142135623730951
8,256,64,clustered,0,0.05,0.125,0.9940297077420374,1.1996542283671303,1.4142135623730951,1.4142135623730951
8,256,64,clustered,0,0.08,0.125,0.5220646971058256,0.9240805003239844,1.4142135623730951,1.4142135623730951
8,256,64,clustered,0,0.12,0.125,0.2458907435931604,0.676479052003182,1.4142135623730951,1.4142135623730951
8,256,64,clustered,0,0.2,0.125,0.1031756689712102,0.4280962046837566,1.4142135623730951,1.4142135623730951
8,256,64,clustered,0,0.35,0.125,0.0490930854116559,0.2498876468599722,1.4142135623730951,1.4142135623730951
8,256,64,clustered,0,0.6,0.125,0.0269054170672409,0.1467833958009805,1.4142135623730951,1.4142135623730951
8,256,64,clustered,0,1.0,0.125,0.0158113257659547,0.0882734381966637,1.4142135623730951,1.4142135623730951
8,256,64,clustered,1,0.0,0.125,1.4142135623730951,1.4142135623730951,1.4142135623730951,1.4142135623730951
8,256,64,clustered,1,0.001,0.125,1.4142135623730951,1.4142135623730951,1.4142135623730951,1.4142135623730951
8,256,64,clustered,1,0.002,0.125,1.4142135623730951,1.4142135623730951,1.4142135623730951,1.4142135623730951
8,256,64,clustered,1,0.004,0.125,1.4142135623729435,1.4142135623730192,1.4142135623730951,1.4142135623730951
8,256,64,clustered,1,0.008,0.125,1.4142126361329066,1.414213099252982,1.4142135623730951,1.4142135623730951
8,256,64,clustered,1,0.012,0.125,1.4140442620105458,1.414128911558375,1.4142135623730951,1.4142135623730951
8,256,64,clustered,1,0.02,0.125,1.4033195961583516,1.4087639337891509,1.4142135623730951,1.4142135623730951
8,256,64,clustered,1,0.03,0.125,1.3282012387176627,1.37103153022017,1.4142135623730951,1.4142135623730951
8,256,64,clustered,1,0.05,0.125,0.9969182379049412,1.1996542283671303,1.4142135623730951,1.4142135623730951
8,256,64,clustered,1,0.08,0.125,0.5355907753525274,0.9240805003239844,1.4142135623730951,1.4142135623730951
8,256,64,clustered,1,0.12,0.125,0.2535154089531837,0.676479052003182,1.4142135623730951,1.4142135623730951
8,256,64,clustered,1,0.2,0.125,0.1040148272062119,0.4280962046837566,1.4142135623730951,1.4142135623730951
8,256,64,clustered,1,0.35,0.125,0.0492331749817866,0.2498876468599722,1.4142135623730951,1.4142135623730951
8,256,64,clustered,1,0.6,0.125,0.0269559731738327,0.1467833958009805,1.4142135623730951,1.4142135623730951
8,256,64,clustered,1,1.0,0.125,0.015820126103607,0.0882734381966637,1.4142135623730951,1.4142135623730951
8,256,64,clustered,2,0.0,0.125,1.4142135623730951,1.4142135623730951,1.4142135623730951,1.4142135623730951
8,256,64,clustered,2,0.001,0.125,1.4142135623730951,1.4142135623730951,1.4142135623730951,1.4142135623730951
8,256,64,clustered,2,0.002,0.125,1.4142135623730951,1.4142135623730951,1.4142135623730951,1.4142135623730951
8,256,64,clustered,2,0.004,0.125,1.4142135623729624,1.4142135623730192,1.4142135623730951,1.4142135623730951
8,256,64,clustered,2,0.008,0.125,1.414212751912949,1.414213099252982,1.4142135623730951,1.4142135623730951
8,256,64,clustered,2,0.012,0.125,1.414065425188336,1.414128911558375,1.4142135623730951,1.4142135623730951
8,256,64,clustered,2,0.02,0.125,1.4046837278200708,1.4087639337891509,1.4142135623730951,1.4142135623730951
8,256,64,clustered,2,0.03,0.125,1.3390005158040748,1.37103153022017,1.4142135623730951,1.4142135623730951
8,256,64,clustered,2,0.05,0.125,1.0404097754488737,1.1996542283671303,1.4142135623730951,1.4142135623730951
8,256,64,clustered,2,0.08,0.125,0.5666366967220483,0.9240805003239844,1.4142135623730951,1.4142135623730951
8,256,64,clustered,2,0.12,0.125,0.25557146247539,0.676479052003182,1.4142135623730951,1.4142135623730951
8,256,64,clustered,2,0.2,0.125,0.1039814199530231,0.4280962046837566,1.4142135623730951,1.4142135623730951
8,256,64,clustered,2,0.35,0.125,0.0490222827439559,0.2498876468599722,1.4142135623730951,1.4142135623730951
8,256,64,clustered,2,0.6,0.125,0.026907054591472,0.1467833958009805,1.4142135623730951,1.4142135623730951
8,256,64,clustered,2,1.0,0.125,0.0158059477078743,0.0882734381966637,1.4142135623730951,1.4142135623730951
8,256,64,clustered,3,0.0,0.125,1.4142135623730951,1.4142135623730951,1.4142135623730951,1.4142135623730951
8,256,64,clustered,3,0.001,0.125,1.4142135623730951,1.4142135623730951,1.4142135623730951,1.4142135623730951
8,256,64,clustered,3,0.002,0.125,1.4142135623730951,1.4142135623730951,1.4142135623730951,1.4142135623730951
8,256,64,clustered,3,0.004,0.125,1.4142135623729433,1.4142135623730192,1.4142135623730951,1.4142135623730951
8,256,64,clustered,3,0.008,0.125,1.4142126361328686,1.414213099252982,1.4142135623730951,1.4142135623730951
8,256,64,clustered,3,0.012,0.125,1.4140442607436168,1.414128911558375,1.4142135623730951,1.4142135623730951
8,256,64,clustered,3,0.02,0.125,1.4033142965350744,1.4087639337891509,1.4142135623730951,1.4142135623730951
8,256,64,clustered,3,0.03,0.125,1.3278502353771693,1.37103153022017,1.4142135623730951,1.4142135623730951
8,256,64,clustered,3,0.05,0.125,0.988044256540437,1.1996542283671303,1.4142135623730951,1.4142135623730951
8,256,64,clustered,3,0.08,0.125,0.5102088552010958,0.9240805003239844,1.4142135623730951,1.4142135623730951
8,256,64,clustered,3,0.12,0.125,0.2405023581237996,0.676479052003182,1.4142135623730951,1.4142135623730951
8,256,64,clustered,3,0.2,0.125,0.1033962112301534,0.4280962046837566,1.4142135623730951,1.4142135623730951
8,256,64,clustered,3,0.35,0.125,0.0491865906195575,0.2498876468599722,1.4142135623730951,1.4142135623730951
8,256,64,clustered,3,0.6,0.125,0.0269562557115125,0.1467833958009805,1.4142135623730951,1.4142135623730951
8,256,64,clustered,3,1.0,0.125,0.0158231418148057,0.0882734381966637,1.4142135623730951,1.4142135623730951
8,256,64,clustered,4,0.0,0.125,1.4142135623730951,1.4142135623730951,1.4142135623730951,1.4142135623730951
8,256,64,clustered,4,0.001,0.125,1.4142135623730951,1.4142135623730951,1.4142135623730951,1.4142135623730951
8,256,64,clustered,4,0.002,0.125,1.4142135623730951,1.4142135623730951,1.4142135623730951,1.4142135623730951
8,256,64,clustered,4,0.004,0.125,1.4142135623729435,1.4142135623730192,1.4142135623730951,1.4142135623730951
8,256,64,clustered,4,0.008,0.125,1.4142126361328684,1.414213099252982,1.4142135623730951,1.4142135623730951
8,256,64,clustered,4,0.012,0.125,1.414044260744015,1.414128911558375,1.4142135623730951,1.4142135623730951
8,256,64,clustered,4,0.02,0.125,1.4033144018361896,1.4087639337891509,1.4142135623730951,1.4142135623730951
8,256,64,clustered,4,0.03,0.125,1.327899393447358,1.37103153022017,1.4142135623730951,1.4142135623730951
8,256,64,clustered,4,0.05,0.125,0.992123318523124,1.1996542283671303,1.4142135623730951,1.4142135623730951
8,256,64,clustered,4,0.08,0.125,0.5272682820452779,0.9240805003239844,1.4142135623730951,1.4142135623730951
8,256,64,clustered,4,0.12,0.125,0.2495739909284169,0.676479052003182,1.4142135623730951,1.4142135623730951
8,256,64,clustered,4,0.2,0.125,0.1036538180599419,0.4280962046837566,1.4142135623730951,1.4142135623730951
8,256,64,clustered,4,0.35,0.125,0.049348088580105,0.2498876468599722,1.4142135623730951,1.4142135623730951
8,256,64,clustered,4,0.6,0.125,0.0269416120178934,0.1467833958009805,1.4142135623730951,1.4142135623730951
8,256,64,clustered,4,1.0,0.125,0.0158120804483037,0.0882734381966637,1.4142135623730951,1.4142135623730951
8,256,64,duplicates,0,0.0,0.125,1.4142135623730951,1.4142135623730951,1.4142135623730951,1.4142135623730951
8,256,64,duplicates,0,0.001,0.125,0.5855400437691199,1.4142135623730951,1.4142135623730951,1.4142135623730951
8,256,64,duplicates,0,0.002,0.125,0.5855400437691199,1.4142135623730951,1.4142135623730951,1.4142135623730951
8,256,64,duplicates,0,0.004,0.125,0.5855400437690867,1.4142135623730192,1.4142135623730951,1.4142135623730951
8,256,64,duplicates,0,0.008,0.125,0.5855398410620188,1.414213099252982,1.4142135623730951,1.4142135623730951
8,256,64,duplicates,0,0.012,0.125,0.5855029916315042,1.414128911558375,1.4142135623730951,1.4142135623730951
8,256,64,duplicates,0,0.02,0.125,0.5831523217924806,1.4087639337891509,1.4142135623730951,1.4142135623730951
8,256,64,duplicates,0,0.03,0.125,0.566484098360158,1.37103153022017,1.4142135623730951,1.4142135623730951
8,256,64,duplicates,0,0.05,0.125,0.4875500973971505,1.1996542283671303,1.4142135623730951,1.4142135623730951
8,256,64,duplicates,0,0.08,0.125,0.3497384216855567,0.9240805003239844,1.4142135623730951,1.4142135623730951
8,256,64,duplicates,0,0.12,0.125,0.2369876404166219,0.676479052003182,1.4142135623730951,1.4142135623730951
8,256,64,duplicates,0,0.2,0.125,0.1249134130323104,0.4280962046837566,1.4142135623730951,1.4142135623730951
8,256,64,duplicates,0,0.35,0.125,0.060322864439093,0.2498876468599722,1.4142135623730951,1.4142135623730951
8,256,64,duplicates,0,0.6,0.125,0.0298204717928779,0.1467833958009805,1.4142135623730951,1.4142135623730951
8,256,64,duplicates,0,1.0,0.125,0.0164128817993731,0.0882734381966637,1.4142135623730951,1.4142135623730951
8,256,64,duplicates,1,0.0,0.125,1.4142135623730951,1.4142135623730951,1.4142135623730951,1.4142135623730951
8,256,64,duplicates,1,0.001,0.125,0.6267831705280087,1.4142135623730951,1.4142135623730951,1.4142135623730951
8,256,64,duplicates,1,0.002,0.125,0.6267831705280087,1.4142135623730951,1.4142135623730951,1.4142135623730951
8,256,64,duplicates,1,0.004,0.125,0.626783170527962,1.4142135623730192,1.4142135623730951,1.4142135623730951
8,256,64,duplicates,1,0.008,0.125,0.6267828843024208,1.414213099252982,1.4142135623730951,1.4142135623730951
8,256,64,duplicates,1,0.012,0.125,0.6267308524365393,1.414128911558375,1.4142135623730951,1.4142135623730951
8,256,64,duplicates,1,0.02,0.125,0.6234121268620211,1.4087639337891509,1.4142135623730951,1.4142135623730951
8,256,64,duplicates,1,0.03,0.125,0.5999140663576737,1.37103153022017,1.4142135623730951,1.4142135623730951
8,256,64,duplicates,1,0.05,0.125,0.4905695644961819,1.1996542283671303,1.4142135623730951,1.4142135623730951
8,256,64,duplicates,1,0.08,0.125,0.3441392704897489,0.9240805003239844,1.4142135623730951,1.4142135623730951
8,256,64,duplicates,1,0.12,0.125,0.2220770298587705,0.676479052003182,1.4142135623730951,1.4142135623730951
8,256,64,duplicates,1,0.2,0.125,0.1163514168376051,0.4280962046837566,1.4142135623730951,1.4142135623730951
8,256,64,duplicates,1,0.35,0.125,0.0618477333893168,0.2498876468599722,1.4142135623730951,1.4142135623730951
8,256,64,duplicates,1,0.6,0.125,0.0299660715609198,0.1467833958009805,1.4142135623730951,1.4142135623730951
8,256,64,duplicates,1,1.0,0.125,0.0163547674880598,0.0882734381966637,1.4142135623730951,1.4142135623730951
8,256,64,duplicates,2,0.0,0.125,1.4142135623730951,1.4142135623730951,1.4142135623730951,1.4142135623730951
8,256,64,duplicates,2,0.001,0.125,0.5855400437691199,1.4142135623730951,1.4142135623730951,1.4142135623730951
8,256,64,duplicates,2,0.002,0.125,0.5855400437691199,1.4142135623730951,1.4142135623730951,1.4142135623730951
8,256,64,duplicates,2,0.004,0.125,0.5855400437690665,1.4142135623730192,1.4142135623730951,1.4142135623730951
8,256,64,duplicates,2,0.008,0.125,0.5855397173377265,1.414213099252982,1.4142135623730951,1.4142135623730951
8,256,64,duplicates,2,0.012,0.125,0.5854803793789375,1.414128911558375,1.4142135623730951,1.4142135623730951
8,256,64,duplicates,2,0.02,0.125,0.5817069608578265,1.4087639337891509,1.4142135623730951,1.4142135623730951
8,256,64,duplicates,2,0.03,0.125,0.555597296596396,1.37103153022017,1.4142135623730951,1.4142135623730951
8,256,64,duplicates,2,0.05,0.125,0.4625594825780954,1.1996542283671303,1.4142135623730951,1.4142135623730951
8,256,64,duplicates,2,0.08,0.125,0.3227968187182937,0.9240805003239844,1.4142135623730951,1.4142135623730951
8,256,64,duplicates,2,0.12,0.125,0.2253316037337268,0.676479052003182,1.4142135623730951,1.4142135623730951
8,256,64,duplicates,2,0.2,0.125,0.134571585971378,0.4280962046837566,1.4142135623730951,1.4142135623730951
8,256,64,duplicates,2,0.35,0.125,0.0559141822758326,0.2498876468599722,1.4142135623730951,1.4142135623730951
8,256,64,duplicates,2,0.6,0.125,0.0280431046180581,0.1467833958009805,1.4142135623730951,1.4142135623730951
8,256,64,duplicates,2,1.0,0.125,0.0160114316051339,0.0882734381966637,1.4142135623730951,1.4142135623730951
8,256,64,duplicates,3,0.0,0.125,1.4142135623730951,1.4142135623730951,1.4142135623730951,1.4142135623730951
8,256,64,duplicates,3,0.001,0.125,0.4722001408015175,1.4142135623730951,1.4142135623730951,1.4142135623730951
8,256,64,duplicates,3,0.002,0.125,0.4722001408015175,1.4142135623730951,1.4142135623730951,1.4142135623730951
8,256,64,duplicates,3,0.004,0.125,0.4722001408015175,1.4142135623730192,1.4142135623730951,1.4142135623730951
8,256,64,duplicates,3,0.008,0.125,0.4722001408013501,1.414213099252982,1.4142135623730951,1.4142135623730951
8,256,64,duplicates,3,0.012,0.125,0.4722001352068241,1.414128911558375,1.4142135623730951,1.4142135623730951
8,256,64,duplicates,3,0.02,0.125,0.4721768568185865,1.4087639337891509,1.4142135623730951,1.4142135623730951
8,256,64,duplicates,3,0.03,0.125,0.4706983079942388,1.37103153022017,1.4142135623730951,1.4142135623730951
8,256,64,duplicates,3,0.05,0.125,0.4362423824321259,1.1996542283671303,1.4142135623730951,1.4142135623730951
8,256,64,duplicates,3,0.08,0.125,0.3522608281545281,0.9240805003239844,1.4142135623730951,1.4142135623730951
8,256,64,duplicates,3,0.12,0.125,0.2523428148662339,0.676479052003182,1.4142135623730951,1.4142135623730951
8,256,64,duplicates,3,0.2,0.125,0.1205420241562184,0.4280962046837566,1.4142135623730951,1.4142135623730951
8,256,64,duplicates,3,0.35,0.125,0.0585899635093846,0.2498876468599722,1.4142135623730951,1.4142135623730951
8,256,64,duplicates,3,0.6,0.125,0.0290359897000415,0.1467833958009805,1.4142135623730951,1.4142135623730951
8,256,64,duplicates,3,1.0,0.125,0.016186370340146,0.0882734381966637,1.4142135623730951,1.4142135623730951
8,256,64,duplicates,4,0.0,0.125,1.4142135623730951,1.4142135623730951,1.4142135623730951,1.4142135623730951
8,256,64,duplicates,4,0.001,0.125,0.5400617248673217,1.4142135623730951,1.4142135623730951,1.4142135623730951
8,256,64,duplicates,4,0.002,0.125,0.5400617248673217,1.4142135623730951,1.4142135623730951,1.4142135623730951
8,256,64,duplicates,4,0.004,0.125,0.5400617248672916,1.4142135623730192,1.4142135623730951,1.4142135623730951
8,256,64,duplicates,4,0.008,0.125,0.5400615406413547,1.414213099252982,1.4142135623730951,1.4142135623730951
8,256,64,duplicates,4,0.012,0.125,0.5400280508800217,1.414128911558375,1.4142135623730951,1.4142135623730951
8,256,64,duplicates,4,0.02,0.125,0.53789188851718,1.4087639337891509,1.4142135623730951,1.4142135623730951
8,256,64,duplicates,4,0.03,0.125,0.5227539127913846,1.37103153022017,1.4142135623730951,1.4142135623730951
8,256,64,duplicates,4,0.05,0.125,0.4510851540275828,1.1996542283671303,1.4142135623730951,1.4142135623730951
8,256,64,duplicates,4,0.08,0.125,0.3316658434213416,0.9240805003239844,1.4142135623730951,1.4142135623730951
8,256,64,duplicates,4,0.12,0.125,0.227122645306119,0.676479052003182,1.4142135623730951,1.4142135623730951
8,256,64,duplicates,4,0.2,0.125,0.1230255127158975,0.4280962046837566,1.4142135623730951,1.4142135623730951
8,256,64,duplicates,4,0.35,0.125,0.0585635640444057,0.2498876468599722,1.4142135623730951,1.4142135623730951
8,256,64,duplicates,4,0.6,0.125,0.0283947321072953,0.1467833958009805,1.4142135623730951,1.4142135623730951
8,256,64,duplicates,4,1.0,0.125,0.0160615544024519,0.0882734381966637,1.4142135623730951,1.4142135623730951
8,256,128,uniform,0,0.0,0.125,1.4142135623730951,1.4142135623730951,1.4142135623730951,1.4142135623730951
8,256,128,uniform,0,0.001,0.125,1.4142135623730951,1.4142135623730951,1.4142135623730951,1.4142135623730951
8,256,128,uniform,0,0.002,0.125,1.4142135623730951,1.4142135623730951,1.4142135623730951,1.4142135623730951
8,256,128,uniform,0,0.004,0.125,1.414213562373,1.4142135623730192,1.4142135623730951,1.4142135623730951
8,256,128,uniform,0,0.008,0.125,1.4142129834725128,1.414213099252982,1.4142135623730951,1.4142135623730951
8,256,128,uniform,0,0.012,0.125,1.414107734128524,1.414128911558375,1.4142135623730951,1.4142135623730951
8,256,128,uniform,0,0.02,0.125,1.4073404121083637,1.4087639337891509,1.4142135623730951,1.4142135623730951
8,256,128,uniform,0,0.03,0.125,1.3563744388247594,1.37103153022017,1.4142135623730951,1.4142135623730951
8,256,128,uniform,0,0.05,0.125,1.055751438372254,1.1996542283671303,1.4142135623730951,1.4142135623730951
8,256,128,uniform,0,0.08,0.125,0.5025699452490223,0.9240805003239844,1.4142135623730951,1.4142135623730951
8,256,128,uniform,0,0.12,0.125,0.2059714583153988,0.676479052003182,1.4142135623730951,1.4142135623730951
8,256,128,uniform,0,0.2,0.125,0.0778619402307302,0.4280962046837566,1.4142135623730951,1.4142135623730951
8,256,128,uniform,0,0.35,0.125,0.0357374739319757,0.2498876468599722,1.4142135623730951,1.4142135623730951
8,256,128,uniform,0,0.6,0.125,0.0192269825573951,0.1467833958009805,1.4142135623730951,1.4142135623730951
8,256,128,uniform,0,1.0,0.125,0.011223021325025,0.0882734381966637,1.4142135623730951,1.4142135623730951
8,256,128,uniform,1,0.0,0.125,1.4142135623730951,1.4142135623730951,1.4142135623730951,1.4142135623730951
8,256,128,uniform,1,0.001,0.125,1.4142135623730951,1.4142135623730951,1.4142135623730951,1.4142135623730951
8,256,128,uniform,1,0.002,0.125,1.4142135623730951,1.4142135623730951,1.4142135623730951,1.4142135623730951
8,256,128,uniform,1,0.004,0.125,1.414213562373,1.4142135623730192,1.4142135623730951,1.4142135623730951
8,256,128,uniform,1,0.008,0.125,1.4142129834725503,1.414213099252982,1.4142135623730951,1.4142135623730951
8,256,128,uniform,1,0.012,0.125,1.4141077353953202,1.414128911558375,1.4142135623730951,1.4142135623730951
8,256,128,uniform,1,0.02,0.125,1.4073456765670047,1.4087639337891509,1.4142135623730951,1.4142135623730951
8,256,128,uniform,1,0.03,0.125,1.3567087146174714,1.37103153022017,1.4142135623730951,1.4142135623730951
8,256,128,uniform,1,0.05,0.125,1.062905960221274,1.1996542283671303,1.4142135623730951,1.4142135623730951
8,256,128,uniform,1,0.08,0.125,0.5158401588070497,0.9240805003239844,1.4142135623730951,1.4142135623730951
8,256,128,uniform,1,0.12,0.125,0.2057889686677444,0.676479052003182,1.4142135623730951,1.4142135623730951
8,256,128,uniform,1,0.2,0.125,0.0778277859503927,0.4280962046837566,1.4142135623730951,1.4142135623730951
8,256,128,uniform,1,0.35,0.125,0.0354984648135686,0.2498876468599722,1.4142135623730951,1.4142135623730951
8,256,128,uniform,1,0.6,0.125,0.0191922544316349,0.1467833958009805,1.4142135623730951,1.4142135623730951
8,256,128,uniform,1,1.0,0.125,0.011215028176437,0.0882734381966637,1.4142135623730951,1.4142135623730951
8,256,128,uniform,2,0.0,0.125,1.4142135623730951,1.4142135623730951,1.4142135623730951,1.4142135623730951
8,256,128,uniform,2,0.001,0.125,1.4142135623730951,1.4142135623730951,1.4142135623730951,1.4142135623730951
8,256,128,uniform,2,0.002,0.125,1.4142135623730951,1.4142135623730951,1.4142135623730951,1.4142135623730951
8,256,128,uniform,2,0.004,0.125,1.4142135623729817,1.4142135623730192,1.4142135623730951,1.4142135623730951
8,256,128,uniform,2,0.008,0.125,1.414212867692603,1.414213099252982,1.4142135623730951,1.4142135623730951
8,256,128,uniform,2,0.012,0.125,1.414086575383729,1.414128911558375,1.4142135623730951,1.4142135623730951
8,256,128,uniform,2,0.02,0.125,1.4059944970134273,1.4087639337891509,1.4142135623730951,1.4142135623730951
8,256,128,uniform,2,0.03,0.125,1.3466487041107889,1.37103153022017,1.4142135623730951,1.4142135623730951
8,256,128,uniform,2,0.05,0.125,1.030043483364811,1.1996542283671303,1.4142135623730951,1.4142135623730951
8,256,128,uniform,2,0.08,0.125,0.4959678095693196,0.9240805003239844,1.4142135623730951,1.4142135623730951
8,256,128,uniform,2,0.12,0.125,0.2062344246535143,0.676479052003182,1.4142135623730951,1.4142135623730951
8,256,128,uniform,2,0.2,0.125,0.0779557075813875,0.4280962046837566,1.4142135623730951,1.4142135623730951
8,256,128,uniform,2,0.35,0.125,0.0355762589053803,0.2498876468599722,1.4142135623730951,1.4142135623730951
8,256,128,uniform,2,0.6,0.125,0.0191907815233025,0.1467833958009805,1.4142135623730951,1.4142135623730951
8,256,128,uniform,2,1.0,0.125,0.011213589281034,0.0882734381966637,1.4142135623730951,1.4142135623730951
8,256,128,uniform,3,0.0,0.125,1.4142135623730951,1.4142135623730951,1.4142135623730951,1.4142135623730951
8,256,128,uniform,3,0.001,0.125,1.4142135623730951,1.4142135623730951,1.4142135623730951,1.4142135623730951
8,256,128,uniform,3,0.002,0.125,1.4142135623730951,1.4142135623730951,1.4142135623730951,1.4142135623730951
8,256,128,uniform,3,0.004,0.125,1.4142135623730003,1.4142135623730192,1.4142135623730951,1.4142135623730951
8,256,128,uniform,3,0.008,0.125,1.4142129834725696,1.414213099252982,1.4142135623730951,1.4142135623730951
8,256,128,uniform,3,0.012,0.125,1.4141077360286425,1.414128911558375,1.4142135623730951,1.4142135623730951
8,256,128,uniform,3,0.02,0.125,1.4073482886468127,1.4087639337891509,1.4142135623730951,1.4142135623730951
8,256,128,uniform,3,0.03,0.125,1.356866128450608,1.37103153022017,1.4142135623730951,1.4142135623730951
8,256,128,uniform,3,0.05,0.125,1.0655114729769488,1.1996542283671303,1.4142135623730951,1.4142135623730951
8,256,128,uniform,3,0.08,0.125,0.5172459122672889,0.9240805003239844,1.4142135623730951,1.4142135623730951
8,256,128,uniform,3,0.12,0.125,0.2067782592868777,0.676479052003182,1.4142135623730951,1.4142135623730951
8,256,128,uniform,3,0.2,0.125,0.0792006677103827,0.4280962046837566,1.4142135623730951,1.4142135623730951
8,256,128,uniform,3,0.35,0.125,0.0358142079813838,0.2498876468599722,1.4142135623730951,1.4142135623730951
8,256,128,uniform,3,0.6,0.125,0.0192128696872815,0.1467833958009805,1.4142135623730951,1.4142135623730951
8,256,128,uniform,3,1.0,0.125,0.0112142856513915,0.0882734381966637,1.4142135623730951,1.4142135623730951
8,256,128,uniform,4,0.0,0.125,1.4142135623730951,1.4142135623730951,1.4142135623730951,1.4142135623730951
8,256,128,uniform,4,0.001,0.125,1.4142135623730951,1.4142135623730951,1.4142135623730951,1.4142135623730951
8,256,128,uniform,4,0.002,0.125,1.4142135623730951,1.4142135623730951,1.4142135623730951,1.4142135623730951
8,256,128,uniform,4,0.004,0.125,1.4142135623729626,1.4142135623730192,1.4142135623730951,1.4142135623730951
8,256,128,uniform,4,0.008,0.125,1.4142127519128165,1.414213099252982,1.4142135623730951,1.4142135623730951
8,256,128,uniform,4,0.012,0.125,1.4140654207547765,1.414128911558375,1.4142135623730951,1.4142135623730951
8,256,128,uniform,4,0.02,0.125,1.404665361288329,1.4087639337891509,1.4142135623730951,1.4142135623730951
8,256,128,uniform,4,0.03,0.125,1.3378541708446747,1.37103153022017,1.4142135623730951,1.4142135623730951
8,256,128,uniform,4,0.05,0.125,1.0150691109578382,1.1996542283671303,1.4142135623730951,1.4142135623730951
8,256,128,uniform,4,0.08,0.125,0.4952784394751527,0.9240805003239844,1.4142135623730951,1.4142135623730951
8,256,128,uniform,4,0.12,0.125,0.2014763631301014,0.676479052003182,1.4142135623730951,1.4142135623730951
8,256,128,uniform,4,0.2,0.125,0.078397777404746,0.4280962046837566,1.4142135623730951,1.4142135623730951
8,256,128,uniform,4,0.35,0.125,0.0355874328567423,0.2498876468599722,1.4142135623730951,1.4142135623730951
8,256,128,uniform,4,0.6,0.125,0.0191680925908602,0.1467833958009805,1.4142135623730951,1.4142135623730951
8,256,128,uniform,4,1.0,0.125,0.0112088828794701,0.0882734381966637,1.4142135623730951,1.4142135623730951
8,256,128,clustered,0,0.0,0.125,1.4142135623730951,1.4142135623730951,1.4142135623730951,1.4142135623730951
8,256,128,clustered,0,0.001,0.125,1.4142135623730951,1.4142135623730951,1.4142135623730951,1.4142135623730951
8,256,128,clustered,0,0.002,0.125,1.4142135623730951,1.4142135623730951,1.4142135623730951,1.4142135623730951
8,256,128,clustered,0,0.004,0.125,1.4142135623729246,1.4142135623730192,1.4142135623730951,1.4142135623730951
8,256,128,clustered,0,0.008,0.125,1.414212520352646,1.414213099252982,1.4142135623730951,1.4142135623730951
8,256,128,clustered,0,0.012,0.125,1.4140230915490315,1.414128911558375,1.4142135623730951,1.4142135623730951
8,256,128,clustered,0,0.02,0.125,1.4019252879376691,1.4087639337891509,1.4142135623730951,1.4142135623730951
8,256,128,clustered,0,0.03,0.125,1.3155233449938848,1.37103153022017,1.4142135623730951,1.4142135623730951
8,256,128,clustered,0,0.05,0.125,0.9142369525062424,1.1996542283671303,1.4142135623730951,1.4142135623730951
8,256,128,clustered,0,0.08,0.125,0.4061131647273849,0.9240805003239844,1.4142135623730951,1.4142135623730951
8,256,128,clustered,0,0.12,0.125,0.1783651905541868,0.676479052003182,1.4142135623730951,1.4142135623730951
8,256,128,clustered,0,0.2,0.125,0.0743701051532258,0.4280962046837566,1.4142135623730951,1.4142135623730951
8,256,128,clustered,0,0.35,0.125,0.0353358851864454,0.2498876468599722,1.4142135623730951,1.4142135623730951
8,256,128,clustered,0,0.6,0.125,0.0191435011603355,0.1467833958009805,1.4142135623730951,1.4142135623730951
8,256,128,clustered,0,1.0,0.125,0.0111986468962508,0.0882734381966637,1.4142135623730951,1.4142135623730951
8,256,128,clustered,1,0.0,0.125,1.4142135623730951,1.4142135623730951,1.4142135623730951,1.4142135623730951
8,256,128,clustered,1,0.001,0.125,1.4142135623730951,1.4142135623730951,1.4142135623730951,1.4142135623730951
8,256,128,clustered,1,0.002,0.125,1.4142135623730951,1.4142135623730951,1.4142135623730951,1.4142135623730951
8,256,128,clustered,1,0.004,0.125,1.4142135623728678,1.4142135623730192,1.4142135623730951,1.4142135623730951
8,256,128,clustered,1,0.008,0.125,1.4142121730134192,1.414213099252982,1.4142135623730951,1.4142135623730951
8,256,128,clustered,1,0.012,0.125,1.4139596320907906,1.414128911558375,1.4142135623730951,1.4142135623730951
8,256,128,clustered,1,0.02,0.125,1.3979549496459052,1.4087639337891509,1.4142135623730951,1.4142135623730951
8,256,128,clustered,1,0.03,0.125,1.2897110328537722,1.37103153022017,1.4142135623730951,1.4142135623730951
8,256,128,clustered,1,0.05,0.125,0.8571156253359642,1.1996542283671303,1.4142135623730951,1.4142135623730951
8,256,128,clustered,1,0.08,0.125,0.3717560895870047,0.9240805003239844,1.4142135623730951,1.4142135623730951
8,256,128,clustered,1,0.12,0.125,0.179265979762307,0.676479052003182,1.4142135623730951,1.4142135623730951
8,256,128,clustered,1,0.2,0.125,0.0741250524335603,0.4280962046837566,1.4142135623730951,1.4142135623730951
8,256,128,clustered,1,0.35,0.125,0.0350644687517256,0.2498876468599722,1.4142135623730951,1.4142135623730951
8,256,128,clustered,1,0.6,0.125,0.0190711023716803,0.1467833958009805,1.4142135623730951,1.4142135623730951
8,256,128,clustered,1,1.0,0.125,0.0111867600195638,0.0882734381966637,1.4142135623730951,1.4142135623730951
8,256,128,clustered,2,0.0,0.125,1.4142135623730951,1.4142135623730951,1.4142135623730951,1.4142135623730951
8,256,128,clustered,2,0.001,0.125,1.4142135623730951,1.4142135623730951,1.4142135623730951,1.4142135623730951
8,256,128,clustered,2,0.002,0.125,1.4142135623730951,1.4142135623730951,1.4142135623730951,1.4142135623730951
8,256,128,clustered,2,0.004,0.125,1.4142135623729246,1.4142135623730192,1.4142135623730951,1.4142135623730951
8,256,128,clustered,2,0.008,0.125,1.414212520352608,1.414213099252982,1.4142135623730951,1.4142135623730951
8,256,128,clustered,2,0.012,0.125,1.41402309028288,1.414128911558375,1.4142135623730951,1.4142135623730951
8,256,128,clustered,2,0.02,0.125,1.4019201937282026,1.4087639337891509,1.4142135623730951,1.4142135623730951
8,256,128,clustered,2,0.03,0.125,1.3152674694576787,1.37103153022017,1.4142135623730951,1.4142135623730951
8,256,128,clustered,2,0.05,0.125,0.9126713799219198,1.1996542283671303,1.4142135623730951,1.4142135623730951
8,256,128,clustered,2,0.08,0.125,0.4019449522028643,0.9240805003239844,1.4142135623730951,1.4142135623730951
8,256,128,clustered,2,0.12,0.125,0.1872045666231889,0.676479052003182,1.4142135623730951,1.4142135623730951
8,256,128,clustered,2,0.2,0.125,0.0767845436530389,0.4280962046837566,1.4142135623730951,1.4142135623730951
8,256,128,clustered,2,0.35,0.125,0.0355192021378748,0.2498876468599722,1.4142135623730951,1.4142135623730951
8,256,128,clustered,2,0.6,0.125,0.0191685823008157,0.1467833958009805,1.4142135623730951,1.4142135623730951
8,256,128,clustered,2,1.0,0.125,0.0111983880017511,0.0882734381966637,1.4142135623730951,1.4142135623730951
8,256,128,clustered,3,0.0,0.125,1.4142135623730951,1.4142135623730951,1.4142135623730951,1.4142135623730951
8,256,128,clustered,3,0.001,0.125,1.4142135623730951,1.4142135623730951,1.4142135623730951,1.4142135623730951
8,256,128,clustered,3,0.002,0.125,1.4142135623730951,1.4142135623730951,1.4142135623730951,1.4142135623730951
8,256,128,clustered,3,0.004,0.125,1.4142135623728296,1.4142135623730192,1.4142135623730951,1.4142135623730951
8,256,128,clustered,3,0.008,0.125,1.4142119414535332,1.414213099252982,1.4142135623730951,1.4142135623730951
8,256,128,clustered,3,0.012,0.125,1.4139173123875488,1.414128911558375,1.4142135623730951,1.4142135623730951
8,256,128,clustered,3,0.02,0.125,1.395254755838239,1.4087639337891509,1.4142135623730951,1.4142135623730951
8,256,128,clustered,3,0.03,0.125,1.2700446284463416,1.37103153022017,1.4142135623730951,1.4142135623730951
8,256,128,clustered,3,0.05,0.125,0.8256182182347556,1.1996542283671303,1.4142135623730951,1.4142135623730951
8,256,128,clustered,3,0.08,0.125,0.412632643150367,0.9240805003239844,1.4142135623730951,1.4142135623730951
8,256,128,clustered,3,0.12,0.125,0.1995485755949929,0.676479052003182,1.4142135623730951,1.4142135623730951
8,256,128,clustered,3,0.2,0.125,0.0781324818952459,0.4280962046837566,1.4142135623730951,1.4142135623730951
8,256,128,clustered,3,0.35,0.125,0.0351902379832529,0.2498876468599722,1.4142135623730951,1.4142135623730951
8,256,128,clustered,3,0.6,0.125,0.0190689931689017,0.1467833958009805,1.4142135623730951,1.4142135623730951
8,256,128,clustered,3,1.0,0.125,0.0111876271913918,0.0882734381966637,1.4142135623730951,1.4142135623730951
8,256,128,clustered,4,0.0,0.125,1.4142135623730951,1.4142135623730951,1.4142135623730951,1.4142135623730951
8,256,128,clustered,4,0.001,0.125,1.4142135623730951,1.4142135623730951,1.4142135623730951,1.4142135623730951
8,256,128,clustered,4,0.002,0.125,1.4142135623730951,1.4142135623730951,1.4142135623730951,1.4142135623730951
8,256,128,clustered,4,0.004,0.125,1.414213562372735,1.4142135623730192,1.4142135623730951,1.4142135623730951
8,256,128,clustered,4,0.008,0.125,1.4142113625547517,1.414213099252982,1.4142135623730951,1.4142135623730951
8,256,128,clustered,4,0.012,0.125,1.4138115443025787,1.414128911558375,1.4142135623730951,1.4142135623730951
8,256,128,clustered,4,0.02,0.125,1.3886282074160454,1.4087639337891509,1.4142135623730951,1.4142135623730951
8,256,128,clustered,4,0.03,0.125,1.2265914577223336,1.37103153022017,1.4142135623730951,1.4142135623730951
8,256,128,clustered,4,0.05,0.125,0.76473528253704,1.1996542283671303,1.4142135623730951,1.4142135623730951
8,256,128,clustered,4,0.08,0.125,0.3918987657824042,0.9240805003239844,1.4142135623730951,1.4142135623730951
8,256,128,clustered,4,0.12,0.125,0.1845613377766567,0.676479052003182,1.4142135623730951,1.4142135623730951
8,256,128,clustered,4,0.2,0.125,0.0796475627452916,0.4280962046837566,1.4142135623730951,1.4142135623730951
8,256,128,clustered,4,0.35,0.125,0.0355622223230793,0.2498876468599722,1.4142135623730951,1.4142135623730951
8,256,128,clustered,4,0.6,0.125,0.0191785082898775,0.1467833958009805,1.4142135623730951,1.4142135623730951
8,256,128,clustered,4,1.0,0.125,0.0112060867494485,0.0882734381966637,1.4142135623730951,1.4142135623730951
8,256,128,duplicates,0,0.0,0.125,1.4142135623730951,1.4142135623730951,1.4142135623730951,1.4142135623730951
8,256,128,duplicates,0,0.001,0.125,0.4029114820126901,1.4142135623730951,1.4142135623730951,1.4142135623730951
8,256,128,duplicates,0,0.002,0.125,0.4029114820126901,1.4142135623730951,1.4142135623730951,1.4142135623730951
8,256,128,duplicates,0,0.004,0.125,0.402911482012654,1.4142135623730192,1.4142135623730951,1.4142135623730951
8,256,128,duplicates,0,0.008,0.125,0.402911261204293,1.414213099252982,1.4142135623730951,1.4142135623730951
8,256,128,duplicates,0,0.012,0.125,0.4028711236208326,1.414128911558375,1.4142135623730951,1.4142135623730951
8,256,128,duplicates,0,0.02,0.125,0.4003205712314807,1.4087639337891509,1.4142135623730951,1.4142135623730951
8,256,128,duplicates,0,0.03,0.125,0.382761362087074,1.37103153022017,1.4142135623730951,1.4142135623730951
8,256,128,duplicates,0,0.05,0.125,0.3251665526143083,1.1996542283671303,1.4142135623730951,1.4142135623730951
8,256,128,duplicates,0,0.08,0.125,0.2377260172477362,0.9240805003239844,1.4142135623730951,1.4142135623730951
8,256,128,duplicates,0,0.12,0.125,0.1573837303327347,0.676479052003182,1.4142135623730951,1.4142135623730951
8,256,128,duplicates,0,0.2,0.125,0.0810721723269686,0.4280962046837566,1.4142135623730951,1.4142135623730951
8,256,128,duplicates,0,0.35,0.125,0.040763743580599,0.2498876468599722,1.4142135623730951,1.4142135623730951
8,256,128,duplicates,0,0.6,0.125,0.0203523092677359,0.1467833958009805,1.4142135623730951,1.4142135623730951
8,256,128,duplicates,0,1.0,0.125,0.0114831996089593,0.0882734381966637,1.4142135623730951,1.4142135623730951
8,256,128,duplicates,1,0.0,0.125,1.4142135623730951,1.4142135623730951,1.4142135623730951,1.4142135623730951
8,256,128,duplicates,1,0.001,0.125,0.4216370213557839,1.4142135623730951,1.4142135623730951,1.4142135623730951
8,256,128,duplicates,1,0.002,0.125,0.4216370213557839,1.4142135623730951,1.4142135623730951,1.4142135623730951
8,256,128,duplicates,1,0.004,0.125,0.4216370213557417,1.4142135623730192,1.4142135623730951,1.4142135623730951
8,256,128,duplicates,1,0.008,0.125,0.4216367641898141,1.414213099252982,1.4142135623730951,1.4142135623730951
8,256,128,duplicates,1,0.012,0.125,0.4215900188362224,1.414128911558375,1.4142135623730951,1.4142135623730951
8,256,128,duplicates,1,0.02,0.125,0.418624276752058,1.4087639337891509,1.4142135623730951,1.4142135623730951
8,256,128,duplicates,1,0.03,0.125,0.3984617570045098,1.37103153022017,1.4142135623730951,1.4142135623730951
8,256,128,duplicates,1,0.05,0.125,0.3189164699604493,1.1996542283671303,1.4142135623730951,1.4142135623730951
8,256,128,duplicates,1,0.08,0.125,0.2275408516152631,0.9240805003239844,1.4142135623730951,1.4142135623730951
8,256,128,duplicates,1,0.12,0.125,0.1532006081992667,0.676479052003182,1.4142135623730951,1.4142135623730951
8,256,128,duplicates,1,0.2,0.125,0.0829994423976407,0.4280962046837566,1.4142135623730951,1.4142135623730951
8,256,128,duplicates,1,0.35,0.125,0.0409360692560436,0.2498876468599722,1.4142135623730951,1.4142135623730951
8,256,128,duplicates,1,0.6,0.125,0.0205019967695226,0.1467833958009805,1.4142135623730951,1.4142135623730951
8,256,128,duplicates,1,1.0,0.125,0.0115026086882221,0.0882734381966637,1.4142135623730951,1.4142135623730951
8,256,128,duplicates,2,0.0,0.125,1.4142135623730951,1.4142135623730951,1.4142135623730951,1.4142135623730951
8,256,128,duplicates,2,0.001,0.125,0.4564354645876384,1.4142135623730951,1.4142135623730951,1.4142135623730951
8,256,128,duplicates,2,0.002,0.125,0.4564354645876384,1.4142135623730951,1.4142135623730951,1.4142135623730951
8,256,128,duplicates,2,0.004,0.125,0.4564354645875982,1.4142135623730192,1.4142135623730951,1.4142135623730951
8,256,128,duplicates,2,0.008,0.125,0.4564352185827204,1.414213099252982,1.4142135623730951,1.4142135623730951
8,256,128,duplicates,2,0.012,0.125,0.4563905006044421,1.414128911558375,1.4142135623730951,1.4142135623730951
8,256,128,duplicates,2,0.02,0.125,0.453547766065568,1.4087639337891509,1.4142135623730951,1.4142135623730951
8,256,128,duplicates,2,0.03,0.125,0.4339287608893179,1.37103153022017,1.4142135623730951,1.4142135623730951
8,256,128,duplicates,2,0.05,0.125,0.351627260130941,1.1996542283671303,1.4142135623730951,1.4142135623730951
8,256,128,duplicates,2,0.08,0.125,0.2479584957035032,0.9240805003239844,1.4142135623730951,1.4142135623730951
8,256,128,duplicates,2,0.12,0.125,0.1635443648605877,0.676479052003182,1.4142135623730951,1.4142135623730951
8,256,128,duplicates,2,0.2,0.125,0.085426195830286,0.4280962046837566,1.4142135623730951,1.4142135623730951
8,256,128,duplicates,2,0.35,0.125,0.0434568837673618,0.2498876468599722,1.4142135623730951,1.4142135623730951
8,256,128,duplicates,2,0.6,0.125,0.0211944814343027,0.1467833958009805,1.4142135623730951,1.4142135623730951
8,256,128,duplicates,2,1.0,0.125,0.0115873767864956,0.0882734381966637,1.4142135623730951,1.4142135623730951
8,256,128,duplicates,3,0.0,0.125,1.4142135623730951,1.4142135623730951,1.4142135623730951,1.4142135623730951
8,256,128,duplicates,3,0.001,0.125,0.4122312949338949,1.4142135623730951,1.4142135623730951,1.4142135623730951
8,256,128,duplicates,3,0.002,0.125,0.4122312949338949,1.4142135623730951,1.4142135623730951,1.4142135623730951
8,256,128,duplicates,3,0.004,0.125,0.4122312949338682,1.4142135623730192,1.4142135623730951,1.4142135623730951
8,256,128,duplicates,3,0.008,0.125,0.4122311317039354,1.414213099252982,1.4142135623730951,1.4142135623730951
8,256,128,duplicates,3,0.012,0.125,0.4122014595085876,1.414128911558375,1.4142135623730951,1.4142135623730951
8,256,128,duplicates,3,0.02,0.125,0.4103119944697935,1.4087639337891509,1.4142135623730951,1.4142135623730951
8,256,128,duplicates,3,0.03,0.125,0.3970980657803483,1.37103153022017,1.4142135623730951,1.4142135623730951
8,256,128,duplicates,3,0.05,0.125,0.338186199273656,1.1996542283671303,1.4142135623730951,1.4142135623730951
8,256,128,duplicates,3,0.08,0.125,0.2434896867313482,0.9240805003239844,1.4142135623730951,1.4142135623730951
8,256,128,duplicates,3,0.12,0.125,0.1701672268439648,0.676479052003182,1.4142135623730951,1.4142135623730951
8,256,128,duplicates,3,0.2,0.125,0.1042341064581505,0.4280962046837566,1.4142135623730951,1.4142135623730951
8,256,128,duplicates,3,0.35,0.125,0.0438118043511598,0.2498876468599722,1.4142135623730951,1.4142135623730951
8,256,128,duplicates,3,0.6,0.125,0.0199961423945915,0.1467833958009805,1.4142135623730951,1.4142135623730951
8,256,128,duplicates,3,1.0,0.125,0.0112966148990658,0.0882734381966637,1.4142135623730951,1.4142135623730951
8,256,128,duplicates,4,0.0,0.125,1.4142135623730951,1.4142135623730951,1.4142135623730951,1.4142135623730951
8,256,128,duplicates,4,0.001,0.125,0.4003203845127178,1.4142135623730951,1.4142135623730951,1.4142135623730951
8,256,128,duplicates,4,0.002,0.125,0.4003203845127178,1.4142135623730951,1.4142135623730951,1.4142135623730951
8,256,128,duplicates,4,0.004,0.125,0.4003203845126884,1.4142135623730192,1.4142135623730951,1.4142135623730951
8,256,128,duplicates,4,0.008,0.125,0.4003202047108117,1.414213099252982,1.4142135623730951,1.4142135623730951
8,256,128,duplicates,4,0.012,0.125,0.4002875203340201,1.414128911558375,1.4142135623730951,1.4142135623730951
8,256,128,duplicates,4,0.02,0.125,0.3982074376659328,1.4087639337891509,1.4142135623730951,1.4142135623730951
8,256,128,duplicates,4,0.03,0.125,0.3837231120208388,1.37103153022017,1.4142135623730951,1.4142135623730951
8,256,128,duplicates,4,0.05,0.125,0.320675767232609,1.1996542283671303,1.4142135623730951,1.4142135623730951
8,256,128,duplicates,4,0.08,0.125,0.2369593492925106,0.9240805003239844,1.4142135623730951,1.4142135623730951
8,256,128,duplicates,4,0.12,0.125,0.1556442516269408,0.676479052003182,1.4142135623730951,1.4142135623730951
8,256,128,duplicates,4,0.2,0.125,0.0880427720007941,0.4280962046837566,1.4142135623730951,1.4142135623730951
8,256,128,duplicates,4,0.35,0.125,0.0410146176193017,0.2498876468599722,1.4142135623730951,1.4142135623730951
8,256,128,duplicates,4,0.6,0.125,0.0204309298151987,0.1467833958009805,1.4142135623730951,1.4142135623730951
8,256,128,duplicates,4,1.0,0.125,0.0114071426784213,0.0882734381966637,1.4142135623730951,1.4142135623730951
8,256,256,uniform,0,0.0,0.125,1.4142135623730951,1.4142135623730951,1.4142135623730951,1.4142135623730951
8,256,256,uniform,0,0.001,0.125,1.4142135623730951,1.4142135623730951,1.4142135623730951,1.4142135623730951
8,256,256,uniform,0,0.002,0.125,1.4142135623730951,1.4142135623730951,1.4142135623730951,1.4142135623730951
8,256,256,uniform,0,0.004,0.125,1.4142135623727543,1.4142135623730192,1.4142135623730951,1.4142135623730951
8,256,256,uniform,0,0.008,0.125,1.414211478334046,1.414213099252982,1.4142135623730951,1.4142135623730951
8,256,256,uniform,0,0.012,0.125,1.4138326824724754,1.414128911558375,1.4142135623730951,1.4142135623730951
8,256,256,uniform,0,0.02,0.125,1.3898913353002114,1.4087639337891509,1.4142135623730951,1.4142135623730951
8,256,256,uniform,0,0.03,0.125,1.2320880265541918,1.37103153022017,1.4142135623730951,1.4142135623730951
8,256,256,uniform,0,0.05,0.125,0.7070237308497366,1.1996542283671303,1.4142135623730951,1.4142135623730951
8,256,256,uniform,0,0.08,0.125,0.283497125575947,0.9240805003239844,1.4142135623730951,1.4142135623730951
8,256,256,uniform,0,0.12,0.125,0.122983929217409,0.676479052003182,1.4142135623730951,1.4142135623730951
8,256,256,uniform,0,0.2,0.125,0.051428628102888,0.4280962046837566,1.4142135623730951,1.4142135623730951
8,256,256,uniform,0,0.35,0.125,0.0245964412501767,0.2498876468599722,1.4142135623730951,1.4142135623730951
8,256,256,uniform,0,0.6,0.125,0.0134697390505102,0.1467833958009805,1.4142135623730951,1.4142135623730951
8,256,256,uniform,0,1.0,0.125,0.0079092579957896,0.0882734381966637,1.4142135623730951,1.4142135623730951
8,256,256,uniform,1,0.0,0.125,1.4142135623730951,1.4142135623730951,1.4142135623730951,1.4142135623730951
8,256,256,uniform,1,0.001,0.125,1.4142135623730951,1.4142135623730951,1.4142135623730951,1.4142135623730951
8,256,256,uniform,1,0.002,0.125,1.4142135623730951,1.4142135623730951,1.4142135623730951,1.4142135623730951
8,256,256,uniform,1,0.004,0.125,1.4142135623727543,1.4142135623730192,1.4142135623730951,1.4142135623730951
8,256,256,uniform,1,0.008,0.125,1.414211478334046,1.414213099252982,1.4142135623730951,1.4142135623730951
8,256,256,uniform,1,0.012,0.125,1.4138326824724754,1.414128911558375,1.4142135623730951,1.4142135623730951
8,256,256,uniform,1,0.02,0.125,1.3898913353002111,1.4087639337891509,1.4142135623730951,1.4142135623730951
8,256,256,uniform,1,0.03,0.125,1.232088026554192,1.37103153022017,1.4142135623730951,1.4142135623730951
8,256,256,uniform,1,0.05,0.125,0.7070237308497366,1.1996542283671303,1.4142135623730951,1.4142135623730951
8,256,256,uniform,1,0.08,0.125,0.283497125575947,0.9240805003239844,1.4142135623730951,1.4142135623730951
8,256,256,uniform,1,0.12,0.125,0.1229839292174089,0.676479052003182,1.4142135623730951,1.4142135623730951
8,256,256,uniform,1,0.2,0.125,0.051428628102888,0.4280962046837566,1.4142135623730951,1.4142135623730951
8,256,256,uniform,1,0.35,0.125,0.0245964412501767,0.2498876468599722,1.4142135623730951,1.4142135623730951
8,256,256,uniform,1,0.6,0.125,0.0134697390505102,0.1467833958009805,1.4142135623730951,1.4142135623730951
8,256,256,uniform,1,1.0,0.125,0.0079092579957896,0.0882734381966637,1.4142135623730951,1.4142135623730951
8,256,256,uniform,2,0.0,0.125,1.4142135623730951,1.4142135623730951,1.4142135623730951,1.4142135623730951
8,256,256,uniform,2,0.001,0.125,1.4142135623730951,1.4142135623730951,1.4142135623730951,1.4142135623730951
8,256,256,uniform,2,0.002,0.125,1.4142135623730951,1.4142135623730951,1.4142135623730951,1.4142135623730951
8,256,256,uniform,2,0.004,0.125,1.414213562372754,1.4142135623730192,1.4142135623730951,1.4142135623730951
8,256,256,uniform,2,0.008,0.125,1.4142114783340465,1.414213099252982,1.4142135623730951,1.4142135623730951
8,256,256,uniform,2,0.012,0.125,1.4138326824724754,1.414128911558375,1.4142135623730951,1.4142135623730951
8,256,256,uniform,2,0.02,0.125,1.3898913353002111,1.4087639337891509,1.4142135623730951,1.4142135623730951
8,256,256,uniform,2,0.03,0.125,1.2320880265541918,1.37103153022017,1.4142135623730951,1.4142135623730951
8,256,256,uniform,2,0.05,0.125,0.7070237308497365,1.1996542283671303,1.4142135623730951,1.4142135623730951
8,256,256,uniform,2,0.08,0.125,0.2834971255759471,0.9240805003239844,1.4142135623730951,1.4142135623730951
8,256,256,uniform,2,0.12,0.125,0.1229839292174089,0.676479052003182,1.4142135623730951,1.4142135623730951
8,256,256,uniform,2,0.2,0.125,0.051428628102888,0.4280962046837566,1.4142135623730951,1.4142135623730951
8,256,256,uniform,2,0.35,0.125,0.0245964412501767,0.2498876468599722,1.4142135623730951,1.4142135623730951
8,256,256,uniform,2,0.6,0.125,0.0134697390505102,0.1467833958009805,1.4142135623730951,1.4142135623730951
8,256,256,uniform,2,1.0,0.125,0.0079092579957896,0.0882734381966637,1.4142135623730951,1.4142135623730951
8,256,256,uniform,3,0.0,0.125,1.4142135623730951,1.4142135623730951,1.4142135623730951,1.4142135623730951
8,256,256,uniform,3,0.001,0.125,1.4142135623730951,1.4142135623730951,1.4142135623730951,1.4142135623730951
8,256,256,uniform,3,0.002,0.125,1.4142135623730951,1.4142135623730951,1.4142135623730951,1.4142135623730951
8,256,256,uniform,3,0.004,0.125,1.4142135623727543,1.4142135623730192,1.4142135623730951,1.4142135623730951
8,256,256,uniform,3,0.008,0.125,1.414211478334046,1.414213099252982,1.4142135623730951,1.4142135623730951
8,256,256,uniform,3,0.012,0.125,1.4138326824724754,1.414128911558375,1.4142135623730951,1.4142135623730951
8,256,256,uniform,3,0.02,0.125,1.3898913353002114,1.4087639337891509,1.4142135623730951,1.4142135623730951
8,256,256,uniform,3,0.03,0.125,1.232088026554192,1.37103153022017,1.4142135623730951,1.4142135623730951
8,256,256,uniform,3,0.05,0.125,0.7070237308497366,1.1996542283671303,1.4142135623730951,1.4142135623730951
8,256,256,uniform,3,0.08,0.125,0.283497125575947,0.9240805003239844,1.4142135623730951,1.4142135623730951
8,256,256,uniform,3,0.12,0.125,0.1229839292174089,0.676479052003182,1.4142135623730951,1.4142135623730951
8,256,256,uniform,3,0.2,0.125,0.051428628102888,0.4280962046837566,1.4142135623730951,1.4142135623730951
8,256,256,uniform,3,0.35,0.125,0.0245964412501767,0.2498876468599722,1.4142135623730951,1.4142135623730951
8,256,256,uniform,3,0.6,0.125,0.0134697390505102,0.1467833958009805,1.4142135623730951,1.4142135623730951
8,256,256,uniform,3,1.0,0.125,0.0079092579957896,0.0882734381966637,1.4142135623730951,1.4142135623730951
8,256,256,uniform,4,0.0,0.125,1.4142135623730951,1.4142135623730951,1.4142135623730951,1.4142135623730951
8,256,256,uniform,4,0.001,0.125,1.4142135623730951,1.4142135623730951,1.4142135623730951,1.4142135623730951
8,256,256,uniform,4,0.002,0.125,1.4142135623730951,1.4142135623730951,1.4142135623730951,1.4142135623730951
8,256,256,uniform,4,0.004,0.125,1.414213562372754,1.4142135623730192,1.4142135623730951,1.4142135623730951
8,256,256,uniform,4,0.008,0.125,1.414211478334046,1.414213099252982,1.4142135623730951,1.4142135623730951
8,256,256,uniform,4,0.012,0.125,1.4138326824724754,1.414128911558375,1.4142135623730951,1.4142135623730951
8,256,256,uniform,4,0.02,0.125,1.3898913353002114,1.4087639337891509,1.4142135623730951,1.4142135623730951
8,256,256,uniform,4,0.03,0.125,1.232088026554192,1.37103153022017,1.4142135623730951,1.4142135623730951
8,256,256,uniform,4,0.05,0.125,0.7070237308497365,1.1996542283671303,1.4142135623730951,1.4142135623730951
8,256,256,uniform,4,0.08,0.125,0.283497125575947,0.9240805003239844,1.4142135623730951,1.4142135623730951
8,256,256,uniform,4,0.12,0.125,0.1229839292174089,0.676479052003182,1.4142135623730951,1.4142135623730951
8,256,256,uniform,4,0.2,0.125,0.051428628102888,0.4280962046837566,1.4142135623730951,1.4142135623730951
8,256,256,uniform,4,0.35,0.125,0.0245964412501767,0.2498876468599722,1.4142135623730951,1.4142135623730951
8,256,256,uniform,4,0.6,0.125,0.0134697390505102,0.1467833958009805,1.4142135623730951,1.4142135623730951
8,256,256,uniform,4,1.0,0.125,0.0079092579957896,0.0882734381966637,1.4142135623730951,1.4142135623730951
8,256,256,clustered,0,0.0,0.125,1.4142135623730951,1.4142135623730951,1.4142135623730951,1.4142135623730951
8,256,256,clustered,0,0.001,0.125,1.4142135623730951,1.4142135623730951,1.4142135623730951,1.4142135623730951
8,256,256,clustered,0,0.002,0.125,1.4142135623730951,1.4142135623730951,1.4142135623730951,1.4142135623730951
8,256,256,clustered,0,0.004,0.125,1.4142135623726022,1.4142135623730192,1.4142135623730951,1.4142135623730951
8,256,256,clustered,0,0.008,0.125,1.4142105520973454,1.414213099252982,1.4142135623730951,1.4142135623730951
8,256,256,clustered,0,0.012,0.125,1.413663498592202,1.414128911558375,1.4142135623730951,1.4142135623730951
8,256,256,clustered,0,0.02,0.125,1.3794653705520912,1.4087639337891509,1.4142135623730951,1.4142135623730951
8,256,256,clustered,0,0.03,0.125,1.1701333139277377,1.37103153022017,1.4142135623730951,1.4142135623730951
8,256,256,clustered,0,0.05,0.125,0.6078181444106067,1.1996542283671303,1.4142135623730951,1.4142135623730951
8,256,256,clustered,0,0.08,0.125,0.2632481469626087,0.9240805003239844,1.4142135623730951,1.4142135623730951
8,256,256,clustered,0,0.12,0.125,0.126967388103308,0.676479052003182,1.4142135623730951,1.4142135623730951
8,256,256,clustered,0,0.2,0.125,0.0520089354072962,0.4280962046837566,1.4142135623730951,1.4142135623730951
8,256,256,clustered,0,0.35,0.125,0.0246583023082796,0.2498876468599722,1.4142135623730951,1.4142135623730951
8,256,256,clustered,0,0.6,0.125,0.0134710715247596,0.1467833958009805,1.4142135623730951,1.4142135623730951
8,256,256,clustered,0,1.0,0.125,0.0079085224185628,0.0882734381966637,1.4142135623730951,1.4142135623730951
8,256,256,clustered,1,0.0,0.125,1.4142135623730951,1.4142135623730951,1.4142135623730951,1.4142135623730951
8,256,256,clustered,1,0.001,0.125,1.224744871391589,1.4142135623730951,1.4142135623730951,1.4142135623730951
8,256,256,clustered,1,0.002,0.125,1.224744871391589,1.4142135623730951,1.4142135623730951,1.4142135623730951
8,256,256,clustered,1,0.004,0.125,1.224744871391102,1.4142135623730192,1.4142135623730951,1.4142135623730951
8,256,256,clustered,1,0.008,0.125,1.2247418967666692,1.414213099252982,1.4142135623730951,1.4142135623730951
8,256,256,clustered,1,0.012,0.125,1.2242013456579903,1.414128911558375,1.4142135623730951,1.4142135623730951
8,256,256,clustered,1,0.02,0.125,1.1905057969190602,1.4087639337891509,1.4142135623730951,1.4142135623730951
8,256,256,clustered,1,0.03,0.125,0.9891996762867208,1.37103153022017,1.4142135623730951,1.4142135623730951
8,256,256,clustered,1,0.05,0.125,0.54446425203785,1.1996542283671303,1.4142135623730951,1.4142135623730951
8,256,256,clustered,1,0.08,0.125,0.2672980794361413,0.9240805003239844,1.4142135623730951,1.4142135623730951
8,256,256,clustered,1,0.12,0.125,0.128123704630791,0.676479052003182,1.4142135623730951,1.4142135623730951
8,256,256,clustered,1,0.2,0.125,0.0524451702508002,0.4280962046837566,1.4142135623730951,1.4142135623730951
8,256,256,clustered,1,0.35,0.125,0.0247301752950192,0.2498876468599722,1.4142135623730951,1.4142135623730951
8,256,256,clustered,1,0.6,0.125,0.0134775040898572,0.1467833958009805,1.4142135623730951,1.4142135623730951
8,256,256,clustered,1,1.0,0.125,0.0079119248292201,0.0882734381966637,1.4142135623730951,1.4142135623730951
8,256,256,clustered,2,0.0,0.125,1.4142135623730951,1.4142135623730951,1.4142135623730951,1.4142135623730951
8,256,256,clustered,2,0.001,0.125,1.4142135623730951,1.4142135623730951,1.4142135623730951,1.4142135623730951
8,256,256,clustered,2,0.002,0.125,1.4142135623730951,1.4142135623730951,1.4142135623730951,1.4142135623730951
8,256,256,clustered,2,0.004,0.125,1.4142135623725076,1.4142135623730192,1.4142135623730951,1.4142135623730951
8,256,256,clustered,2,0.008,0.125,1.4142099731989053,1.414213099252982,1.4142135623730951,1.4142135623730951
8,256,256,clustered,2,0.012,0.125,1.413557741908376,1.414128911558375,1.4142135623730951,1.4142135623730951
8,256,256,clustered,2,0.02,0.125,1.3728861343048453,1.4087639337891509,1.4142135623730951,1.4142135623730951
8,256,256,clustered,2,0.03,0.125,1.129505169672809,1.37103153022017,1.4142135623730951,1.4142135623730951
8,256,256,clustered,2,0.05,0.125,0.5784237501037479,1.1996542283671303,1.4142135623730951,1.4142135623730951
8,256,256,clustered,2,0.08,0.125,0.2664503835007022,0.9240805003239844,1.4142135623730951,1.4142135623730951
8,256,256,clustered,2,0.12,0.125,0.1237142575120147,0.676479052003182,1.4142135623730951,1.4142135623730951
8,256,256,clustered,2,0.2,0.125,0.0523499038633462,0.4280962046837566,1.4142135623730951,1.4142135623730951
8,256,256,clustered,2,0.35,0.125,0.0246403721905366,0.2498876468599722,1.4142135623730951,1.4142135623730951
8,256,256,clustered,2,0.6,0.125,0.0134581164379007,0.1467833958009805,1.4142135623730951,1.4142135623730951
8,256,256,clustered,2,1.0,0.125,0.0079063134388607,0.0882734381966637,1.4142135623730951,1.4142135623730951
8,256,256,clustered,3,0.0,0.125,1.4142135623730951,1.4142135623730951,1.4142135623730951,1.4142135623730951
8,256,256,clustered,3,0.001,0.125,1.4142135623730951,1.4142135623730951,1.4142135623730951,1.4142135623730951
8,256,256,clustered,3,0.002,0.125,1.4142135623730951,1.4142135623730951,1.4142135623730951,1.4142135623730951
8,256,256,clustered,3,0.004,0.125,1.4142135623724317,1.4142135623730192,1.4142135623730951,1.4142135623730951
8,256,256,clustered,3,0.008,0.125,1.41420951008101,1.414213099252982,1.4142135623730951,1.4142135623730951
8,256,256,clustered,3,0.012,0.125,1.4134731651561927,1.414128911558375,1.4142135623730951,1.4142135623730951
8,256,256,clustered,3,0.02,0.125,1.3677328275746927,1.4087639337891509,1.4142135623730951,1.4142135623730951
8,256,256,clustered,3,0.03,0.125,1.101168568250629,1.37103153022017,1.4142135623730951,1.4142135623730951
8,256,256,clustered,3,0.05,0.125,0.5670786490441544,1.1996542283671303,1.4142135623730951,1.4142135623730951
8,256,256,clustered,3,0.08,0.125,0.2731317000994616,0.9240805003239844,1.4142135623730951,1.4142135623730951
8,256,256,clustered,3,0.12,0.125,0.1229261799086158,0.676479052003182,1.4142135623730951,1.4142135623730951
8,256,256,clustered,3,0.2,0.125,0.0521034933379628,0.4280962046837566,1.4142135623730951,1.4142135623730951
8,256,256,clustered,3,0.35,0.125,0.0245937944063303,0.2498876468599722,1.4142135623730951,1.4142135623730951
8,256,256,clustered,3,0.6,0.125,0.0134656972384673,0.1467833958009805,1.4142135623730951,1.4142135623730951
8,256,256,clustered,3,1.0,0.125,0.0079097177885344,0.0882734381966637,1.4142135623730951,1.4142135623730951
8,256,256,clustered,4,0.0,0.125,1.4142135623730951,1.4142135623730951,1.4142135623730951,1.4142135623730951
8,256,256,clustered,4,0.001,0.125,1.4142135623730951,1.4142135623730951,1.4142135623730951,1.4142135623730951
8,256,256,clustered,4,0.002,0.125,1.4142135623730951,1.4142135623730951,1.4142135623730951,1.4142135623730951
8,256,256,clustered,4,0.004,0.125,1.4142135623726213,1.4142135623730192,1.4142135623730951,1.4142135623730951
8,256,256,clustered,4,0.008,0.125,1.4142106678760986,1.414213099252982,1.4142135623730951,1.4142135623730951
8,256,256,clustered,4,0.012,0.125,1.413684618738425,1.414128911558375,1.4142135623730951,1.4142135623730951
8,256,256,clustered,4,0.02,0.125,1.3806606913335906,1.4087639337891509,1.4142135623730951,1.4142135623730951
8,256,256,clustered,4,0.03,0.125,1.173589982452224,1.37103153022017,1.4142135623730951,1.4142135623730951
8,256,256,clustered,4,0.05,0.125,0.5981044400874954,1.1996542283671303,1.4142135623730951,1.4142135623730951
8,256,256,clustered,4,0.08,0.125,0.2552386960154835,0.9240805003239844,1.4142135623730951,1.4142135623730951
8,256,256,clustered,4,0.12,0.125,0.121153443596448,0.676479052003182,1.4142135623730951,1.4142135623730951
8,256,256,clustered,4,0.2,0.125,0.0521560179018264,0.4280962046837566,1.4142135623730951,1.4142135623730951
8,256,256,clustered,4,0.35,0.125,0.0247658158173786,0.2498876468599722,1.4142135623730951,1.4142135623730951
8,256,256,clustered,4,0.6,0.125,0.0135000141956874,0.1467833958009805,1.4142135623730951,1.4142135623730951
8,256,256,clustered,4,1.0,0.125,0.0079138806422506,0.0882734381966637,1.4142135623730951,1.4142135623730951
8,256,256,duplicates,0,0.0,0.125,1.4142135623730951,1.4142135623730951,1.4142135623730951,1.4142135623730951
8,256,256,duplicates,0,0.001,0.125,0.2649472482117437,1.4142135623730951,1.4142135623730951,1.4142135623730951
8,256,256,duplicates,0,0.002,0.125,0.2649472482117437,1.4142135623730951,1.4142135623730951,1.4142135623730951
8,256,256,duplicates,0,0.004,0.125,0.2649472482117254,1.4142135623730192,1.4142135623730951,1.4142135623730951
8,256,256,duplicates,0,0.008,0.125,0.2649471356751878,1.414213099252982,1.4142135623730951,1.4142135623730951
8,256,256,duplicates,0,0.012,0.125,0.2649266782131175,1.414128911558375,1.4142135623730951,1.4142135623730951
8,256,256,duplicates,0,0.02,0.125,0.263622383645552,1.4087639337891509,1.4142135623730951,1.4142135623730951
8,256,256,duplicates,0,0.03,0.125,0.254555600583572,1.37103153022017,1.4142135623730951,1.4142135623730951
8,256,256,duplicates,0,0.05,0.125,0.2216534986675425,1.1996542283671303,1.4142135623730951,1.4142135623730951
8,256,256,duplicates,0,0.08,0.125,0.1644536260836388,0.9240805003239844,1.4142135623730951,1.4142135623730951
8,256,256,duplicates,0,0.12,0.125,0.1085408742135466,0.676479052003182,1.4142135623730951,1.4142135623730951
8,256,256,duplicates,0,0.2,0.125,0.0571149693032618,0.4280962046837566,1.4142135623730951,1.4142135623730951
8,256,256,duplicates,0,0.35,0.125,0.028791998192783,0.2498876468599722,1.4142135623730951,1.4142135623730951
8,256,256,duplicates,0,0.6,0.125,0.0146215788533608,0.1467833958009805,1.4142135623730951,1.4142135623730951
8,256,256,duplicates,0,1.0,0.125,0.008105324187444,0.0882734381966637,1.4142135623730951,1.4142135623730951
8,256,256,duplicates,1,0.0,0.125,1.4142135623730951,1.4142135623730951,1.4142135623730951,1.4142135623730951
8,256,256,duplicates,1,0.001,0.125,0.2738612787525831,1.4142135623730951,1.4142135623730951,1.4142135623730951
8,256,256,duplicates,1,0.002,0.125,0.2738612787525831,1.4142135623730951,1.4142135623730951,1.4142135623730951
8,256,256,duplicates,1,0.004,0.125,0.2738612787525647,1.4142135623730192,1.4142135623730951,1.4142135623730951
8,256,256,duplicates,1,0.008,0.125,0.2738611668981605,1.414213099252982,1.4142135623730951,1.4142135623730951
8,256,256,duplicates,1,0.012,0.125,0.2738408332154781,1.414128911558375,1.4142135623730951,1.4142135623730951
8,256,256,duplicates,1,0.02,0.125,0.2725435217697406,1.4087639337891509,1.4142135623730951,1.4142135623730951
8,256,256,duplicates,1,0.03,0.125,0.2633350109782971,1.37103153022017,1.4142135623730951,1.4142135623730951
8,256,256,duplicates,1,0.05,0.125,0.21984332797757,1.1996542283671303,1.4142135623730951,1.4142135623730951
8,256,256,duplicates,1,0.08,0.125,0.154223037098274,0.9240805003239844,1.4142135623730951,1.4142135623730951
8,256,256,duplicates,1,0.12,0.125,0.1072225032037122,0.676479052003182,1.4142135623730951,1.4142135623730951
8,256,256,duplicates,1,0.2,0.125,0.0593619739540396,0.4280962046837566,1.4142135623730951,1.4142135623730951
8,256,256,duplicates,1,0.35,0.125,0.0281359004606377,0.2498876468599722,1.4142135623730951,1.4142135623730951
8,256,256,duplicates,1,0.6,0.125,0.0143367360904005,0.1467833958009805,1.4142135623730951,1.4142135623730951
8,256,256,duplicates,1,1.0,0.125,0.0081651967396235,0.0882734381966637,1.4142135623730951,1.4142135623730951
8,256,256,duplicates,2,0.0,0.125,1.4142135623730951,1.4142135623730951,1.4142135623730951,1.4142135623730951
8,256,256,duplicates,2,0.001,0.125,0.270801280154532,1.4142135623730951,1.4142135623730951,1.4142135623730951
8,256,256,duplicates,2,0.002,0.125,0.270801280154532,1.4142135623730951,1.4142135623730951,1.4142135623730951
8,256,256,duplicates,2,0.004,0.125,0.2708012801545172,1.4142135623730192,1.4142135623730951,1.4142135623730951
8,256,256,duplicates,2,0.008,0.125,0.2708011899957658,1.414213099252982,1.4142135623730951,1.4142135623730951
8,256,256,duplicates,2,0.012,0.125,0.2707848004821609,1.414128911558375,1.4142135623730951,1.4142135623730951
8,256,256,duplicates,2,0.02,0.125,0.2697398692400179,1.4087639337891509,1.4142135623730951,1.4142135623730951
8,256,256,duplicates,2,0.03,0.125,0.2623628143516131,1.37103153022017,1.4142135623730951,1.4142135623730951
8,256,256,duplicates,2,0.05,0.125,0.2281438677447607,1.1996542283671303,1.4142135623730951,1.4142135623730951
8,256,256,duplicates,2,0.08,0.125,0.1701775392530088,0.9240805003239844,1.4142135623730951,1.4142135623730951
8,256,256,duplicates,2,0.12,0.125,0.11909560248453,0.676479052003182,1.4142135623730951,1.4142135623730951
8,256,256,duplicates,2,0.2,0.125,0.0632902993889009,0.4280962046837566,1.4142135623730951,1.4142135623730951
8,256,256,duplicates,2,0.35,0.125,0.030538791305028,0.2498876468599722,1.4142135623730951,1.4142135623730951
8,256,256,duplicates,2,0.6,0.125,0.0145283039058979,0.1467833958009805,1.4142135623730951,1.4142135623730951
8,256,256,duplicates,2,1.0,0.125,0.0081256090082044,0.0882734381966637,1.4142135623730951,1.4142135623730951
8,256,256,duplicates,3,0.0,0.125,1.4142135623730951,1.4142135623730951,1.4142135623730951,1.4142135623730951
8,256,256,duplicates,3,0.001,0.125,0.2669269563007828,1.4142135623730951,1.4142135623730951,1.4142135623730951
8,256,256,duplicates,3,0.002,0.125,0.2669269563007828,1.4142135623730951,1.4142135623730951,1.4142135623730951
8,256,256,duplicates,3,0.004,0.125,0.2669269563007615,1.4142135623730192,1.4142135623730951,1.4142135623730951
8,256,256,duplicates,3,0.008,0.125,0.266926826076073,1.414213099252982,1.4142135623730951,1.4142135623730951
8,256,256,duplicates,3,0.012,0.125,0.2669031535965921,1.414128911558375,1.4142135623730951,1.4142135623730951
8,256,256,duplicates,3,0.02,0.125,0.2653956156171937,1.4087639337891509,1.4142135623730951,1.4142135623730951
8,256,256,duplicates,3,0.03,0.125,0.2566160373928424,1.37103153022017,1.4142135623730951,1.4142135623730951
8,256,256,duplicates,3,0.05,0.125,0.2205009677125108,1.1996542283671303,1.4142135623730951,1.4142135623730951
8,256,256,duplicates,3,0.08,0.125,0.1655380242633337,0.9240805003239844,1.4142135623730951,1.4142135623730951
8,256,256,duplicates,3,0.12,0.125,0.1122931177188023,0.676479052003182,1.4142135623730951,1.4142135623730951
8,256,256,duplicates,3,0.2,0.125,0.0575116420107718,0.4280962046837566,1.4142135623730951,1.4142135623730951
8,256,256,duplicates,3,0.35,0.125,0.0299262647591454,0.2498876468599722,1.4142135623730951,1.4142135623730951
8,256,256,duplicates,3,0.6,0.125,0.0141684336745554,0.1467833958009805,1.4142135623730951,1.4142135623730951
8,256,256,duplicates,3,1.0,0.125,0.0080240369350845,0.0882734381966637,1.4142135623730951,1.4142135623730951
8,256,256,duplicates,4,0.0,0.125,1.4142135623730951,1.4142135623730951,1.4142135623730951,1.4142135623730951
8,256,256,duplicates,4,0.001,0.125,0.2862512870383357,1.4142135623730951,1.4142135623730951,1.4142135623730951
8,256,256,duplicates,4,0.002,0.125,0.2862512870383357,1.4142135623730951,1.4142135623730951,1.4142135623730951
8,256,256,duplicates,4,0.004,0.125,0.2862512870383146,1.4142135623730192,1.4142135623730951,1.4142135623730951
8,256,256,duplicates,4,0.008,0.125,0.2862511579911387,1.414213099252982,1.4142135623730951,1.4142135623730951
8,256,256,duplicates,4,0.012,0.125,0.2862276992891578,1.414128911558375,1.4142135623730951,1.4142135623730951
8,256,256,duplicates,4,0.02,0.125,0.2847326618085045,1.4087639337891509,1.4142135623730951,1.4142135623730951
8,256,256,duplicates,4,0.03,0.125,0.274210668926568,1.37103153022017,1.4142135623730951,1.4142135623730951
8,256,256,duplicates,4,0.05,0.125,0.2288065085450553,1.1996542283671303,1.4142135623730951,1.4142135623730951
8,256,256,duplicates,4,0.08,0.125,0.1693124792784988,0.9240805003239844,1.4142135623730951,1.4142135623730951
8,256,256,duplicates,4,0.12,0.125,0.1145658011522495,0.676479052003182,1.4142135623730951,1.4142135623730951
8,256,256,duplicates,4,0.2,0.125,0.0610798592977669,0.4280962046837566,1.4142135623730951,1.4142135623730951
8,256,256,duplicates,4,0.35,0.125,0.0326044469696196,0.2498876468599722,1.4142135623730951,1.4142135623730951
8,256,256,duplicates,4,0.6,0.125,0.0153763131997233,0.1467833958009805,1.4142135623730951,1.4142135623730951
8,256,256,duplicates,4,1.0,0.125,0.008213198573651,0.0882734381966637,1.4142135623730951,1.4142135623730951
8,256,32,uniform,0,2.0,0.125,0.01110578766138802,0.044179793317226906,1.4142135623730951,1.4142135623730951
8,256,32,uniform,0,3.0,0.125,0.007382648204166398,0.029458520733990773,1.4142135623730951,1.4142135623730951
8,256,32,uniform,0,5.0,0.125,0.004423076699587836,0.01767674887524988,1.4142135623730951,1.4142135623730951
8,256,32,uniform,0,10.0,0.125,0.002210165808220697,0.008838719677635748,1.4142135623730951,1.4142135623730951
8,256,32,uniform,0,20.0,0.125,0.0011049114638241792,0.0044194029963478265,1.4142135623730951,1.4142135623730951
8,256,32,uniform,0,50.0,0.125,0.0004419453929278728,0.0017677660322549897,1.4142135623730951,1.4142135623730951
8,256,32,uniform,0,100.0,0.125,0.00022097132591871184,0.0008838833613942081,1.4142135623730951,1.4142135623730951
8,256,32,uniform,1,2.0,0.125,0.011098351909875192,0.044179793317226906,1.4142135623730951,1.4142135623730951
8,256,32,uniform,1,3.0,0.125,0.007378623548014896,0.029458520733990773,1.4142135623730951,1.4142135623730951
8,256,32,uniform,1,5.0,0.125,0.0044221720359992065,0.01767674887524988,1.4142135623730951,1.4142135623730951
8,256,32,uniform,1,10.0,0.125,0.0022100495342674133,0.008838719677635748,1.4142135623730951,1.4142135623730951
8,256,32,uniform,1,20.0,0.125,0.0011048967691568313,0.0044194029963478265,1.4142135623730951,1.4142135623730951
8,256,32,uniform,1,50.0,0.125,0.000441944450296709,0.0017677660322549897,1.4142135623730951,1.4142135623730951
8,256,32,uniform,1,100.0,0.125,0.00022097120799879826,0.0008838833613942081,1.4142135623730951,1.4142135623730951
8,256,32,uniform,2,2.0,0.125,0.011107238058596086,0.044179793317226906,1.4142135623730951,1.4142135623730951
8,256,32,uniform,2,3.0,0.125,0.007382770985804072,0.029458520733990773,1.4142135623730951,1.4142135623730951
8,256,32,uniform,2,5.0,0.125,0.004423090098417647,0.01767674887524988,1.4142135623730951,1.4142135623730951
8,256,32,uniform,2,10.0,0.125,0.0022101662910024825,0.008838719677635748,1.4142135623730951,1.4142135623730951
8,256,32,uniform,2,20.0,0.125,0.001104911451290041,0.0044194029963478265,1.4142135623730951,1.4142135623730951
8,256,32,uniform,2,50.0,0.125,0.0004419453893613834,0.0017677660322549897,1.4142135623730951,1.4142135623730951
8,256,32,uniform,2,100.0,0.125,0.00022097132535845026,0.0008838833613942081,1.4142135623730951,1.4142135623730951
8,256,32,uniform,3,2.0,0.125,0.011106875298974823,0.044179793317226906,1.4142135623730951,1.4142135623730951
8,256,32,uniform,3,3.0,0.125,0.007380806447090619,0.029458520733990773,1.4142135623730951,1.4142135623730951
8,256,32,uniform,3,5.0,0.125,0.00442234376294729,0.01767674887524988,1.4142135623730951,1.4142135623730951
8,256,32,uniform,3,10.0,0.125,0.002210071116732501,0.008838719677635748,1.4142135623730951,1.4142135623730951
8,256,32,uniform,3,20.0,0.125,0.0011048994344921028,0.0044194029963478265,1.4142135623730951,1.4142135623730951
8,256,32,uniform,3,50.0,0.125,0.00044194461563199124,0.0017677660322549897,1.4142135623730951,1.4142135623730951
8,256,32,uniform,3,100.0,0.125,0.00022097122844742353,0.0008838833613942081,1.4142135623730951,1.4142135623730951
8,256,32,uniform,4,2.0,0.125,0.01109940989024848,0.044179793317226906,1.4142135623730951,1.4142135623730951
8,256,32,uniform,4,3.0,0.125,0.0073806985913672015,0.029458520733990773,1.4142135623730951,1.4142135623730951
8,256,32,uniform,4,5.0,0.125,0.004422647674783615,0.01767674887524988,1.4142135623730951,1.4142135623730951
8,256,32,uniform,4,10.0,0.125,0.0022101116112845077,0.008838719677635748,1.4142135623730951,1.4142135623730951
8,256,32,uniform,4,20.0,0.125,0.0011049046604127703,0.0044194029963478265,1.4142135623730951,1.4142135623730951
8,256,32,uniform,4,50.0,0.125,0.0004419449565397933,0.0017677660322549897,1.4142135623730951,1.4142135623730951
8,256,32,uniform,4,100.0,0.125,0.000220971271332602,0.0008838833613942081,1.4142135623730951,1.4142135623730951
8,256,32,clustered,0,2.0,0.125,0.011077173624094631,0.044179793317226906,1.4142135623730951,1.4142135623730951
8,256,32,clustered,0,3.0,0.125,0.007369123972351033,0.029458520733990773,1.4142135623730951,1.4142135623730951
8,256,32,clustered,0,5.0,0.125,0.0044162714075149535,0.01767674887524988,1.4142135623730951,1.4142135623730951
8,256,32,clustered,0,10.0,0.125,0.002206588855967396,0.008838719677635748,1.4142135623730951,1.4142135623730951
8,256,32,clustered,0,20.0,0.125,0.001102972715763846,0.0044194029963478265,1.4142135623730951,1.4142135623730951
8,256,32,clustered,0,50.0,0.125,0.0004411201920334643,0.0017677660322549897,1.4142135623730951,1.4142135623730951
8,256,32,clustered,0,100.0,0.125,0.00022054930641312285,0.0008838833613942081,1.4142135623730951,1.4142135623730951
8,256,32,clustered,1,2.0,0.125,0.011091306622047721,0.044179793317226906,1.4142135623730951,1.4142135623730951
8,256,32,clustered,1,3.0,0.125,0.00737836512808289,0.029458520733990773,1.4142135623730951,1.4142135623730951
8,256,32,clustered,1,5.0,0.125,0.004422152706828849,0.01767674887524988,1.4142135623730951,1.4142135623730951
8,256,32,clustered,1,10.0,0.125,0.0022100504061027403,0.008838719677635748,1.4142135623730951,1.4142135623730951
8,256,32,clustered,1,20.0,0.125,0.0011048970442094105,0.0044194029963478265,1.4142135623730951,1.4142135623730951
8,256,32,clustered,1,50.0,0.125,0.0004419444702815271,0.0017677660322549897,1.4142135623730951,1.4142135623730951
8,256,32,clustered,1,100.0,0.125,0.00022097121059646982,0.0008838833613942081,1.4142135623730951,1.4142135623730951
8,256,32,clustered,2,2.0,0.125,0.011088472850300932,0.044179793317226906,1.4142135623730951,1.4142135623730951
8,256,32,clustered,2,3.0,0.125,0.007377367639944739,0.029458520733990773,1.4142135623730951,1.4142135623730951
8,256,32,clustered,2,5.0,0.125,0.004421910689663497,0.01767674887524988,1.4142135623730951,1.4142135623730951
8,256,32,clustered,2,10.0,0.125,0.0022100177209601174,0.008838719677635748,1.4142135623730951,1.4142135623730951
8,256,32,clustered,2,20.0,0.125,0.0011048928089189506,0.0044194029963478265,1.4142135623730951,1.4142135623730951
8,256,32,clustered,2,50.0,0.125,0.000441944193527476,0.0017677660322549897,1.4142135623730951,1.4142135623730951
8,256,32,clustered,2,100.0,0.125,0.00022097117576598083,0.0008838833613942081,1.4142135623730951,1.4142135623730951
8,256,32,clustered,3,2.0,0.125,0.011081246539287397,0.044179793317226906,1.4142135623730951,1.4142135623730951
8,256,32,clustered,3,3.0,0.125,0.007370885488539315,0.029458520733990773,1.4142135623730951,1.4142135623730951
8,256,32,clustered,3,5.0,0.125,0.004416507760388549,0.01767674887524988,1.4142135623730951,1.4142135623730951
8,256,32,clustered,3,10.0,0.125,0.0022066449336824545,0.008838719677635748,1.4142135623730951,1.4142135623730951
8,256,32,clustered,3,20.0,0.125,0.001102986461728119,0.0044194029963478265,1.4142135623730951,1.4142135623730951
8,256,32,clustered,3,50.0,0.125,0.0004411223683107941,0.0017677660322549897,1.4142135623730951,1.4142135623730951
8,256,32,clustered,3,100.0,0.125,0.00022054984868537461,0.0008838833613942081,1.4142135623730951,1.4142135623730951
8,256,32,clustered,4,2.0,0.125,0.011081244013323445,0.044179793317226906,1.4142135623730951,1.4142135623730951
8,256,32,clustered,4,3.0,0.125,0.007372797333095426,0.029458520733990773,1.4142135623730951,1.4142135623730951
8,256,32,clustered,4,5.0,0.125,0.004417772933279148,0.01767674887524988,1.4142135623730951,1.4142135623730951
8,256,32,clustered,4,10.0,0.125,0.002206996688483601,0.008838719677635748,1.4142135623730951,1.4142135623730951
8,256,32,clustered,4,20.0,0.125,0.0011030786291793976,0.0044194029963478265,1.4142135623730951,1.4142135623730951
8,256,32,clustered,4,50.0,0.125,0.00044113751237707504,0.0017677660322549897,1.4142135623730951,1.4142135623730951
8,256,32,clustered,4,100.0,0.125,0.0002205536674454625,0.0008838833613942081,1.4142135623730951,1.4142135623730951
8,256,32,duplicates,0,2.0,0.125,0.011192311521497796,0.044179793317226906,1.4142135623730951,1.4142135623730951
8,256,32,duplicates,0,3.0,0.125,0.00741225593060125,0.029458520733990773,1.4142135623730951,1.4142135623730951
8,256,32,duplicates,0,5.0,0.125,0.004428369450874845,0.01767674887524988,1.4142135623730951,1.4142135623730951
8,256,32,duplicates,0,10.0,0.125,0.0022101937296958043,0.008838719677635748,1.4142135623730951,1.4142135623730951
8,256,32,duplicates,0,20.0,0.125,0.0011049143584459511,0.0044194029963478265,1.4142135623730951,1.4142135623730951
8,256,32,duplicates,0,50.0,0.125,0.0004419455546013618,0.0017677660322549897,1.4142135623730951,1.4142135623730951
8,256,32,duplicates,0,100.0,0.125,0.00022097134513064613,0.0008838833613942081,1.4142135623730951,1.4142135623730951
8,256,32,duplicates,1,2.0,0.125,0.011079089502060949,0.044179793317226906,1.4142135623730951,1.4142135623730951
8,256,32,duplicates,1,3.0,0.125,0.00735551423586793,0.029458520733990773,1.4142135623730951,1.4142135623730951
8,256,32,duplicates,1,5.0,0.125,0.004401471818418792,0.01767674887524988,1.4142135623730951,1.4142135623730951
8,256,32,duplicates,1,10.0,0.125,0.002196664745370997,0.008838719677635748,1.4142135623730951,1.4142135623730951
8,256,32,duplicates,1,20.0,0.125,0.001097275144640509,0.0044194029963478265,1.4142135623730951,1.4142135623730951
8,256,32,duplicates,1,50.0,0.125,0.00043865071199594415,0.0017677660322549897,1.4142135623730951,1.4142135623730951
8,256,32,duplicates,1,100.0,0.125,0.0002192816637699441,0.0008838833613942081,1.4142135623730951,1.4142135623730951
8,256,32,duplicates,2,2.0,0.125,0.011140941285360048,0.044179793317226906,1.4142135623730951,1.4142135623730951
8,256,32,duplicates,2,3.0,0.125,0.0073932718412640696,0.029458520733990773,1.4142135623730951,1.4142135623730951
8,256,32,duplicates,2,5.0,0.125,0.004426987240273054,0.01767674887524988,1.4142135623730951,1.4142135623730951
8,256,32,duplicates,2,10.0,0.125,0.002210455254374567,0.008838719677635748,1.4142135623730951,1.4142135623730951
8,256,32,duplicates,2,20.0,0.125,0.0011049476114688842,0.0044194029963478265,1.4142135623730951,1.4142135623730951
8,256,32,duplicates,2,50.0,0.125,0.0004419477039744504,0.0017677660322549897,1.4142135623730951,1.4142135623730951
8,256,32,duplicates,2,100.0,0.125,0.00022097161467582845,0.0008838833613942081,1.4142135623730951,1.4142135623730951
8,256,32,duplicates,3,2.0,0.125,0.011153421632111785,0.044179793317226906,1.4142135623730951,1.4142135623730951
8,256,32,duplicates,3,3.0,0.125,0.007395522759190014,0.029458520733990773,1.4142135623730951,1.4142135623730951
8,256,32,duplicates,3,5.0,0.125,0.004426735885478225,0.01767674887524988,1.4142135623730951,1.4142135623730951
8,256,32,duplicates,3,10.0,0.125,0.0022101719097365516,0.008838719677635748,1.4142135623730951,1.4142135623730951
8,256,32,duplicates,3,20.0,0.125,0.001103989747979563,0.0044194029963478265,1.4142135623730951,1.4142135623730951
8,256,32,duplicates,3,50.0,0.125,0.0004412945751451347,0.0017677660322549897,1.4142135623730951,1.4142135623730951
8,256,32,duplicates,3,100.0,0.125,0.00022059387426724431,0.0008838833613942081,1.4142135623730951,1.4142135623730951
8,256,32,duplicates,4,2.0,0.125,0.011167700048072056,0.044179793317226906,1.4142135623730951,1.4142135623730951
8,256,32,duplicates,4,3.0,0.125,0.007396061539880971,0.029458520733990773,1.4142135623730951,1.4142135623730951
8,256,32,duplicates,4,5.0,0.125,0.004426800745841634,0.01767674887524988,1.4142135623730951,1.4142135623730951
8,256,32,duplicates,4,10.0,0.125,0.002209755958557919,0.008838719677635748,1.4142135623730951,1.4142135623730951
8,256,32,duplicates,4,20.0,0.125,0.0011038307812720283,0.0044194029963478265,1.4142135623730951,1.4142135623730951
8,256,32,duplicates,4,50.0,0.125,0.00044126381750878745,0.0017677660322549897,1.4142135623730951,1.4142135623730951
8,256,32,duplicates,4,100.0,0.125,0.00022058573948974565,0.0008838833613942081,1.4142135623730951,1.4142135623730951
8,256,64,uniform,0,2.0,0.125,0.007845351539198775,0.044179793317226906,1.4142135623730951,1.4142135623730951
8,256,64,uniform,0,3.0,0.125,0.005217987813279049,0.029458520733990773,1.4142135623730951,1.4142135623730951
8,256,64,uniform,0,5.0,0.125,0.0031270706339924003,0.01767674887524988,1.4142135623730951,1.4142135623730951
8,256,64,uniform,0,10.0,0.125,0.0015627573758476945,0.008838719677635748,1.4142135623730951,1.4142135623730951
8,256,64,uniform,0,20.0,0.125,0.0007812820783344562,0.0044194029963478265,1.4142135623730951,1.4142135623730951
8,256,64,uniform,0,50.0,0.125,0.0003125020493610551,0.0017677660322549897,1.4142135623730951,1.4142135623730951
8,256,64,uniform,0,100.0,0.125,0.00015625025601678807,0.0008838833613942081,1.4142135623730951,1.4142135623730951
8,256,64,uniform,1,2.0,0.125,0.007843242868852176,0.044179793317226906,1.4142135623730951,1.4142135623730951
8,256,64,uniform,1,3.0,0.125,0.005216702716328008,0.029458520733990773,1.4142135623730951,1.4142135623730951
8,256,64,uniform,1,5.0,0.125,0.003126281538777778,0.01767674887524988,1.4142135623730951,1.4142135623730951
8,256,64,uniform,1,10.0,0.125,0.0015622767102088989,0.008838719677635748,1.4142135623730951,1.4142135623730951
8,256,64,uniform,1,20.0,0.125,0.000780983830376133,0.0044194029963478265,1.4142135623730951,1.4142135623730951
8,256,64,uniform,1,50.0,0.125,0.0003123639620539099,0.0017677660322549897,1.4142135623730951,1.4142135623730951
8,256,64,uniform,1,100.0,0.125,0.00015617767802043374,0.0008838833613942081,1.4142135623730951,1.4142135623730951
8,256,64,uniform,2,2.0,0.125,0.00784315962730262,0.044179793317226906,1.4142135623730951,1.4142135623730951
8,256,64,uniform,2,3.0,0.125,0.005217081370430035,0.029458520733990773,1.4142135623730951,1.4142135623730951
8,256,64,uniform,2,5.0,0.125,0.00312639720339786,0.01767674887524988,1.4142135623730951,1.4142135623730951
8,256,64,uniform,2,10.0,0.125,0.0015622586090659103,0.008838719677635748,1.4142135623730951,1.4142135623730951
8,256,64,uniform,2,20.0,0.125,0.0007809751140418091,0.0044194029963478265,1.4142135623730951,1.4142135623730951
8,256,64,uniform,2,50.0,0.125,0.00031236218314894734,0.0017677660322549897,1.4142135623730951,1.4142135623730951
8,256,64,uniform,2,100.0,0.125,0.00015617720202471918,0.0008838833613942081,1.4142135623730951,1.4142135623730951
8,256,64,uniform,3,2.0,0.125,0.00784407271505413,0.044179793317226906,1.4142135623730951,1.4142135623730951
8,256,64,uniform,3,3.0,0.125,0.005217046715617845,0.029458520733990773,1.4142135623730951,1.4142135623730951
8,256,64,uniform,3,5.0,0.125,0.0031262542738740586,0.01767674887524988,1.4142135623730951,1.4142135623730951
8,256,64,uniform,3,10.0,0.125,0.0015622224539003874,0.008838719677635748,1.4142135623730951,1.4142135623730951
8,256,64,uniform,3,20.0,0.125,0.0007809641087391199,0.0044194029963478265,1.4142135623730951,1.4142135623730951
8,256,64,uniform,3,50.0,0.125,0.00031236022217870824,0.0017677660322549897,1.4142135623730951,1.4142135623730951
8,256,64,uniform,3,100.0,0.125,0.00015617669463294438,0.0008838833613942081,1.4142135623730951,1.4142135623730951
8,256,64,uniform,4,2.0,0.125,0.007845239044010058,0.044179793317226906,1.4142135623730951,1.4142135623730951
8,256,64,uniform,4,3.0,0.125,0.005218039727543995,0.029458520733990773,1.4142135623730951,1.4142135623730951
8,256,64,uniform,4,5.0,0.125,0.003127096976102821,0.01767674887524988,1.4142135623730951,1.4142135623730951
8,256,64,uniform,4,10.0,0.125,0.0015627621122236124,0.008838719677635748,1.4142135623730951,1.4142135623730951
8,256,64,uniform,4,20.0,0.125,0.0007812827615130099,0.0044194029963478265,1.4142135623730951,1.4142135623730951
8,256,64,uniform,4,50.0,0.125,0.00031250209660100436,0.0017677660322549897,1.4142135623730951,1.4142135623730951
8,256,64,uniform,4,100.0,0.125,0.00015625026206864484,0.0008838833613942081,1.4142135623730951,1.4142135623730951
8,256,64,clustered,0,2.0,0.125,0.007835756760230867,0.044179793317226906,1.4142135623730951,1.4142135623730951
8,256,64,clustered,0,3.0,0.125,0.005215216799061523,0.029458520733990773,1.4142135623730951,1.4142135623730951
8,256,64,clustered,0,5.0,0.125,0.0031264852335492793,0.01767674887524988,1.4142135623730951,1.4142135623730951
8,256,64,clustered,0,10.0,0.125,0.0015626854821440648,0.008838719677635748,1.4142135623730951,1.4142135623730951
8,256,64,clustered,0,20.0,0.125,0.0007812731736172591,0.0044194029963478265,1.4142135623730951,1.4142135623730951
8,256,64,clustered,0,50.0,0.125,0.0003125014826458258,0.0017677660322549897,1.4142135623730951,1.4142135623730951
8,256,64,clustered,0,100.0,0.125,0.00015625018531094495,0.0008838833613942081,1.4142135623730951,1.4142135623730951
8,256,64,clustered,1,2.0,0.125,0.007834282221620177,0.044179793317226906,1.4142135623730951,1.4142135623730951
8,256,64,clustered,1,3.0,0.125,0.0052136716962152075,0.029458520733990773,1.4142135623730951,1.4142135623730951
8,256,64,clustered,1,5.0,0.125,0.003125325708030353,0.01767674887524988,1.4142135623730951,1.4142135623730951
8,256,64,clustered,1,10.0,0.125,0.0015620153337470967,0.008838719677635748,1.4142135623730951,1.4142135623730951
8,256,64,clustered,1,20.0,0.125,0.0007809156446359735,0.0044194029963478265,1.4142135623730951,1.4142135623730951
8,256,64,clustered,1,50.0,0.125,0.00031235306030551245,0.0017677660322549897,1.4142135623730951,1.4142135623730951
8,256,64,clustered,1,100.0,0.125,0.00015617495278543957,0.0008838833613942081,1.4142135623730951,1.4142135623730951
8,256,64,clustered,2,2.0,0.125,0.00783325261922175,0.044179793317226906,1.4142135623730951,1.4142135623730951
8,256,64,clustered,2,3.0,0.125,0.005213759926367286,0.029458520733990773,1.4142135623730951,1.4142135623730951
8,256,64,clustered,2,5.0,0.125,0.0031254959399128176,0.01767674887524988,1.4142135623730951,1.4142135623730951
8,256,64,clustered,2,10.0,0.125,0.001562086724986517,0.008838719677635748,1.4142135623730951,1.4142135623730951
8,256,64,clustered,2,20.0,0.125,0.0007809367239065641,0.0044194029963478265,1.4142135623730951,1.4142135623730951
8,256,64,clustered,2,50.0,0.125,0.0003123567652319414,0.0017677660322549897,1.4142135623730951,1.4142135623730951
8,256,64,clustered,2,100.0,0.125,0.0001561759197308148,0.0008838833613942081,1.4142135623730951,1.4142135623730951
8,256,64,clustered,3,2.0,0.125,0.007836107629672889,0.044179793317226906,1.4142135623730951,1.4142135623730951
8,256,64,clustered,3,3.0,0.125,0.005214476482018385,0.029458520733990773,1.4142135623730951,1.4142135623730951
8,256,64,clustered,3,5.0,0.125,0.0031257365799375633,0.01767674887524988,1.4142135623730951,1.4142135623730951
8,256,64,clustered,3,10.0,0.125,0.0015621541690312645,0.008838719677635748,1.4142135623730951,1.4142135623730951
8,256,64,clustered,3,20.0,0.125,0.0007809542154048724,0.0044194029963478265,1.4142135623730951,1.4142135623730951
8,256,64,clustered,3,50.0,0.125,0.00031235931932918,0.0017677660322549897,1.4142135623730951,1.4142135623730951
8,256,64,clustered,3,100.0,0.125,0.00015617652521867013,0.0008838833613942081,1.4142135623730951,1.4142135623730951
8,256,64,clustered,4,2.0,0.125,0.007834851476316799,0.044179793317226906,1.4142135623730951,1.4142135623730951
8,256,64,clustered,4,3.0,0.125,0.005214135241374389,0.029458520733990773,1.4142135623730951,1.4142135623730951
8,256,64,clustered,4,5.0,0.125,0.0031255268459175326,0.01767674887524988,1.4142135623730951,1.4142135623730951
8,256,64,clustered,4,10.0,0.125,0.001562071031734964,0.008838719677635748,1.4142135623730951,1.4142135623730951
8,256,64,clustered,4,20.0,0.125,0.0007809295309841854,0.0044194029963478265,1.4142135623730951,1.4142135623730951
8,256,64,clustered,4,50.0,0.125,0.0003123553167660007,0.0017677660322549897,1.4142135623730951,1.4142135623730951
8,256,64,clustered,4,100.0,0.125,0.00015617552406713196,0.0008838833613942081,1.4142135623730951,1.4142135623730951
8,256,64,duplicates,0,2.0,0.125,0.007868697984630838,0.044179793317226906,1.4142135623730951,1.4142135623730951
8,256,64,duplicates,0,3.0,0.125,0.005216150571162465,0.029458520733990773,1.4142135623730951,1.4142135623730951
8,256,64,duplicates,0,5.0,0.125,0.003120400436824845,0.01767674887524988,1.4142135623730951,1.4142135623730951
8,256,64,duplicates,0,10.0,0.125,0.0015577023037503248,0.008838719677635748,1.4142135623730951,1.4142135623730951
8,256,64,duplicates,0,20.0,0.125,0.0007783042899284729,0.0044194029963478265,1.4142135623730951,1.4142135623730951
8,256,64,duplicates,0,50.0,0.125,0.00031120040890269824,0.0017677660322549897,1.4142135623730951,1.4142135623730951
8,256,64,duplicates,0,100.0,0.125,0.00015558081477205784,0.0008838833613942081,1.4142135623730951,1.4142135623730951
8,256,64,duplicates,1,2.0,0.125,0.007883054172648032,0.044179793317226906,1.4142135623730951,1.4142135623730951
8,256,64,duplicates,1,3.0,0.125,0.00522877367824671,0.029458520733990773,1.4142135623730951,1.4142135623730951
8,256,64,duplicates,1,5.0,0.125,0.0031272351264559125,0.01767674887524988,1.4142135623730951,1.4142135623730951
8,256,64,duplicates,1,10.0,0.125,0.001562779674524709,0.008838719677635748,1.4142135623730951,1.4142135623730951
8,256,64,duplicates,1,20.0,0.125,0.0007812849597634933,0.0044194029963478265,1.4142135623730951,1.4142135623730951
8,256,64,duplicates,1,50.0,0.125,0.00031250223707427686,0.0017677660322549897,1.4142135623730951,1.4142135623730951
8,256,64,duplicates,1,100.0,0.125,0.00015625027961186982,0.0008838833613942081,1.4142135623730951,1.4142135623730951
8,256,64,duplicates,2,2.0,0.125,0.007863132474111146,0.044179793317226906,1.4142135623730951,1.4142135623730951
8,256,64,duplicates,2,3.0,0.125,0.005224828001787094,0.029458520733990773,1.4142135623730951,1.4142135623730951
8,256,64,duplicates,2,5.0,0.125,0.003127840863326644,0.01767674887524988,1.4142135623730951,1.4142135623730951
8,256,64,duplicates,2,10.0,0.125,0.001561541867918559,0.008838719677635748,1.4142135623730951,1.4142135623730951
8,256,64,duplicates,2,20.0,0.125,0.0007802276698209628,0.0044194029963478265,1.4142135623730951,1.4142135623730951
8,256,64,duplicates,2,50.0,0.125,0.0003119679469738574,0.0017677660322549897,1.4142135623730951,1.4142135623730951
8,256,64,duplicates,2,100.0,0.125,0.000155964087129841,0.0008838833613942081,1.4142135623730951,1.4142135623730951
8,256,64,duplicates,3,2.0,0.125,0.007878395247212308,0.044179793317226906,1.4142135623730951,1.4142135623730951
8,256,64,duplicates,3,3.0,0.125,0.005228458352004066,0.029458520733990773,1.4142135623730951,1.4142135623730951
8,256,64,duplicates,3,5.0,0.125,0.0031260991477526537,0.01767674887524988,1.4142135623730951,1.4142135623730951
8,256,64,duplicates,3,10.0,0.125,0.0015592779510158708,0.008838719677635748,1.4142135623730951,1.4142135623730951
8,256,64,duplicates,3,20.0,0.125,0.0007787340469239812,0.0044194029963478265,1.4142135623730951,1.4142135623730951
8,256,64,duplicates,3,50.0,0.125,0.00031127338683993653,0.0017677660322549897,1.4142135623730951,1.4142135623730951
8,256,64,duplicates,3,100.0,0.125,0.00015559941107464627,0.0008838833613942081,1.4142135623730951,1.4142135623730951
8,256,64,duplicates,4,2.0,0.125,0.00785152748474521,0.044179793317226906,1.4142135623730951,1.4142135623730951
8,256,64,duplicates,4,3.0,0.125,0.005211659038626028,0.029458520733990773,1.4142135623730951,1.4142135623730951
8,256,64,duplicates,4,5.0,0.125,0.0031163445760194653,0.01767674887524988,1.4142135623730951,1.4142135623730951
8,256,64,duplicates,4,10.0,0.125,0.0015541978218817235,0.008838719677635748,1.4142135623730951,1.4142135623730951
8,256,64,duplicates,4,20.0,0.125,0.000776109222945281,0.0044194029963478265,1.4142135623730951,1.4142135623730951
8,256,64,duplicates,4,50.0,0.125,0.00031020671951888587,0.0017677660322549897,1.4142135623730951,1.4142135623730951
8,256,64,duplicates,4,100.0,0.125,0.00015506391302303154,0.0008838833613942081,1.4142135623730951,1.4142135623730951
8,256,128,uniform,0,2.0,0.125,0.00554596962537559,0.044179793317226906,1.4142135623730951,1.4142135623730951
8,256,128,uniform,0,3.0,0.125,0.00368917338452281,0.029458520733990773,1.4142135623730951,1.4142135623730951
8,256,128,uniform,0,5.0,0.125,0.0022109999384148887,0.01767674887524988,1.4142135623730951,1.4142135623730951
8,256,128,uniform,0,10.0,0.125,0.0011049495827542921,0.008838719677635748,1.4142135623730951,1.4142135623730951
8,256,128,uniform,0,20.0,0.125,0.0005524014629480251,0.0044194029963478265,1.4142135623730951,1.4142135623730951
8,256,128,uniform,0,50.0,0.125,0.00022094922190620556,0.0017677660322549897,1.4142135623730951,1.4142135623730951
8,256,128,uniform,0,100.0,0.125,0.00011047316655448008,0.0008838833613942081,1.4142135623730951,1.4142135623730951
8,256,128,uniform,1,2.0,0.125,0.005544903820973459,0.044179793317226906,1.4142135623730951,1.4142135623730951
8,256,128,uniform,1,3.0,0.125,0.0036888397665856914,0.029458520733990773,1.4142135623730951,1.4142135623730951
8,256,128,uniform,1,5.0,0.125,0.002210969233107056,0.01767674887524988,1.4142135623730951,1.4142135623730951
8,256,128,uniform,1,10.0,0.125,0.001105011758966382,0.008838719677635748,1.4142135623730951,1.4142135623730951
8,256,128,uniform,1,20.0,0.125,0.0005524468397258272,0.0044194029963478265,1.4142135623730951,1.4142135623730951
8,256,128,uniform,1,50.0,0.125,0.00022097212742771952,0.0017677660322549897,1.4142135623730951,1.4142135623730951
8,256,128,uniform,1,100.0,0.125,0.00011048559183304784,0.0008838833613942081,1.4142135623730951,1.4142135623730951
8,256,128,uniform,2,2.0,0.125,0.0055446023589081775,0.044179793317226906,1.4142135623730951,1.4142135623730951
8,256,128,uniform,2,3.0,0.125,0.003688757263359379,0.029458520733990773,1.4142135623730951,1.4142135623730951
8,256,128,uniform,2,5.0,0.125,0.0022108810599494578,0.01767674887524988,1.4142135623730951,1.4142135623730951
8,256,128,uniform,2,10.0,0.125,0.0011049283388530327,0.008838719677635748,1.4142135623730951,1.4142135623730951
8,256,128,uniform,2,20.0,0.125,0.0005523942334878881,0.0044194029963478265,1.4142135623730951,1.4142135623730951
8,256,128,uniform,2,50.0,0.125,0.00022094771352473486,0.0017677660322549897,1.4142135623730951,1.4142135623730951
8,256,128,uniform,2,100.0,0.125,0.00011047276013724461,0.0008838833613942081,1.4142135623730951,1.4142135623730951
8,256,128,uniform,3,2.0,0.125,0.005544337556827724,0.044179793317226906,1.4142135623730951,1.4142135623730951
8,256,128,uniform,3,3.0,0.125,0.0036887160507137547,0.029458520733990773,1.4142135623730951,1.4142135623730951
8,256,128,uniform,3,5.0,0.125,0.0022108776842588284,0.01767674887524988,1.4142135623730951,1.4142135623730951
8,256,128,uniform,3,10.0,0.125,0.001104922455101488,0.008838719677635748,1.4142135623730951,1.4142135623730951
8,256,128,uniform,3,20.0,0.125,0.0005523916505686584,0.0044194029963478265,1.4142135623730951,1.4142135623730951
8,256,128,uniform,3,50.0,0.125,0.00022094720399382147,0.0017677660322549897,1.4142135623730951,1.4142135623730951
8,256,128,uniform,3,100.0,0.125,0.00011047262477649369,0.0008838833613942081,1.4142135623730951,1.4142135623730951
8,256,128,uniform,4,2.0,0.125,0.005544322577205534,0.044179793317226906,1.4142135623730951,1.4142135623730951
8,256,128,uniform,4,3.0,0.125,0.0036887880651974877,0.029458520733990773,1.4142135623730951,1.4142135623730951
8,256,128,uniform,4,5.0,0.125,0.0022109915466727425,0.01767674887524988,1.4142135623730951,1.4142135623730951
8,256,128,uniform,4,10.0,0.125,0.0011050146728158589,0.008838719677635748,1.4142135623730951,1.4142135623730951
8,256,128,uniform,4,20.0,0.125,0.0005524472115620118,0.0044194029963478265,1.4142135623730951,1.4142135623730951
8,256,128,uniform,4,50.0,0.125,0.00022097215151357976,0.0017677660322549897,1.4142135623730951,1.4142135623730951
8,256,128,uniform,4,100.0,0.125,0.00011048559485572064,0.0008838833613942081,1.4142135623730951,1.4142135623730951
8,256,128,clustered,0,2.0,0.125,0.0055421766219940945,0.044179793317226906,1.4142135623730951,1.4142135623730951
8,256,128,clustered,0,3.0,0.125,0.0036880530868038364,0.029458520733990773,1.4142135623730951,1.4142135623730951
8,256,128,clustered,0,5.0,0.125,0.002210555787522712,0.01767674887524988,1.4142135623730951,1.4142135623730951
8,256,128,clustered,0,10.0,0.125,0.0011047022558313625,0.008838719677635748,1.4142135623730951,1.4142135623730951
8,256,128,clustered,0,20.0,0.125,0.0005522427311473629,0.0044194029963478265,1.4142135623730951,1.4142135623730951
8,256,128,clustered,0,50.0,0.125,0.00022087550340730983,0.0017677660322549897,1.4142135623730951,1.4142135623730951
8,256,128,clustered,0,100.0,0.125,0.00011043452091674737,0.0008838833613942081,1.4142135623730951,1.4142135623730951
8,256,128,clustered,1,2.0,0.125,0.005541361152211565,0.044179793317226906,1.4142135623730951,1.4142135623730951
8,256,128,clustered,1,3.0,0.125,0.003687556131931811,0.029458520733990773,1.4142135623730951,1.4142135623730951
8,256,128,clustered,1,5.0,0.125,0.002210353191918145,0.01767674887524988,1.4142135623730951,1.4142135623730951
8,256,128,clustered,1,10.0,0.125,0.0011046402910080686,0.008838719677635748,1.4142135623730951,1.4142135623730951
8,256,128,clustered,1,20.0,0.125,0.000552226834735564,0.0044194029963478265,1.4142135623730951,1.4142135623730951
8,256,128,clustered,1,50.0,0.125,0.00022087308077888554,0.0017677660322549897,1.4142135623730951,1.4142135623730951
8,256,128,clustered,1,100.0,0.125,0.00011043392508493383,0.0008838833613942081,1.4142135623730951,1.4142135623730951
8,256,128,clustered,2,2.0,0.125,0.005541009123369304,0.044179793317226906,1.4142135623730951,1.4142135623730951
8,256,128,clustered,2,3.0,0.125,0.003686382305294801,0.029458520733990773,1.4142135623730951,1.4142135623730951
8,256,128,clustered,2,5.0,0.125,0.0022093170132427096,0.01767674887524988,1.4142135623730951,1.4142135623730951
8,256,128,clustered,2,10.0,0.125,0.0011040190312499127,0.008838719677635748,1.4142135623730951,1.4142135623730951
8,256,128,clustered,2,20.0,0.125,0.0005518983925638819,0.0044194029963478265,1.4142135623730951,1.4142135623730951
8,256,128,clustered,2,50.0,0.125,0.00022073910068702118,0.0017677660322549897,1.4142135623730951,1.4142135623730951
8,256,128,clustered,2,100.0,0.125,0.0001103666753240335,0.0008838833613942081,1.4142135623730951,1.4142135623730951
8,256,128,clustered,3,2.0,0.125,0.005540908572626453,0.044179793317226906,1.4142135623730951,1.4142135623730951
8,256,128,clustered,3,3.0,0.125,0.003686640998264553,0.029458520733990773,1.4142135623730951,1.4142135623730951
8,256,128,clustered,3,5.0,0.125,0.0022095382453756396,0.01767674887524988,1.4142135623730951,1.4142135623730951
8,256,128,clustered,3,10.0,0.125,0.0011040982044393606,0.008838719677635748,1.4142135623730951,1.4142135623730951
8,256,128,clustered,3,20.0,0.125,0.0005519211661853168,0.0044194029963478265,1.4142135623730951,1.4142135623730951
8,256,128,clustered,3,50.0,0.125,0.00022074288401694754,0.0017677660322549897,1.4142135623730951,1.4142135623730951
8,256,128,clustered,3,100.0,0.125,0.00011036760628254215,0.0008838833613942081,1.4142135623730951,1.4142135623730951
8,256,128,clustered,4,2.0,0.125,0.005542678688525737,0.044179793317226906,1.4142135623730951,1.4142135623730951
8,256,128,clustered,4,3.0,0.125,0.003687333519650419,0.029458520733990773,1.4142135623730951,1.4142135623730951
8,256,128,clustered,4,5.0,0.125,0.002209675903160204,0.01767674887524988,1.4142135623730951,1.4142135623730951
8,256,128,clustered,4,10.0,0.125,0.001104118586528256,0.008838719677635748,1.4142135623730951,1.4142135623730951
8,256,128,clustered,4,20.0,0.125,0.0005519270485209632,0.0044194029963478265,1.4142135623730951,1.4142135623730951
8,256,128,clustered,4,50.0,0.125,0.00022074402188427446,0.0017677660322549897,1.4142135623730951,1.4142135623730951
8,256,128,clustered,4,100.0,0.125,0.00011036790745327524,0.0008838833613942081,1.4142135623730951,1.4142135623730951
8,256,128,duplicates,0,2.0,0.125,0.005577017849428457,0.044179793317226906,1.4142135623730951,1.4142135623730951
8,256,128,duplicates,0,3.0,0.125,0.0036998577212396166,0.029458520733990773,1.4142135623730951,1.4142135623730951
8,256,128,duplicates,0,5.0,0.125,0.0022130490008091335,0.01767674887524988,1.4142135623730951,1.4142135623730951
8,256,128,duplicates,0,10.0,0.125,0.0011049139799899639,0.008838719677635748,1.4142135623730951,1.4142135623730951
8,256,128,duplicates,0,20.0,0.125,0.000552145896443051,0.0044194029963478265,1.4142135623730951,1.4142135623730951
8,256,128,duplicates,0,50.0,0.125,0.00022078086431036003,0.0017677660322549897,1.4142135623730951,1.4142135623730951
8,256,128,duplicates,0,100.0,0.125,0.00011037727114690577,0.0008838833613942081,1.4142135623730951,1.4142135623730951
8,256,128,duplicates,1,2.0,0.125,0.005571435935530362,0.044179793317226906,1.4142135623730951,1.4142135623730951
8,256,128,duplicates,1,3.0,0.125,0.0036976638023329253,0.029458520733990773,1.4142135623730951,1.4142135623730951
8,256,128,duplicates,1,5.0,0.125,0.0022132885248257986,0.01767674887524988,1.4142135623730951,1.4142135623730951
8,256,128,duplicates,1,10.0,0.125,0.001105202180334311,0.008838719677635748,1.4142135623730951,1.4142135623730951
8,256,128,duplicates,1,20.0,0.125,0.0005524816518381379,0.0044194029963478265,1.4142135623730951,1.4142135623730951
8,256,128,duplicates,1,50.0,0.125,0.000220964605059509,0.0017677660322549897,1.4142135623730951,1.4142135623730951
8,256,128,duplicates,1,100.0,0.125,0.00011047722415163552,0.0008838833613942081,1.4142135623730951,1.4142135623730951
8,256,128,duplicates,2,2.0,0.125,0.005572894256513729,0.044179793317226906,1.4142135623730951,1.4142135623730951
8,256,128,duplicates,2,3.0,0.125,0.003691512935876422,0.029458520733990773,1.4142135623730951,1.4142135623730951
8,256,128,duplicates,2,5.0,0.125,0.0022115494527222947,0.01767674887524988,1.4142135623730951,1.4142135623730951
8,256,128,duplicates,2,10.0,0.125,0.001105195947682604,0.008838719677635748,1.4142135623730951,1.4142135623730951
8,256,128,duplicates,2,20.0,0.125,0.0005524867038181729,0.0044194029963478265,1.4142135623730951,1.4142135623730951
8,256,128,duplicates,2,50.0,0.125,0.00022096690979829317,0.0017677660322549897,1.4142135623730951,1.4142135623730951
8,256,128,duplicates,2,100.0,0.125,0.00011047792527873299,0.0008838833613942081,1.4142135623730951,1.4142135623730951
8,256,128,duplicates,3,2.0,0.125,0.005555472093016405,0.044179793317226906,1.4142135623730951,1.4142135623730951
8,256,128,duplicates,3,3.0,0.125,0.003691756683399081,0.029458520733990773,1.4142135623730951,1.4142135623730951
8,256,128,duplicates,3,5.0,0.125,0.0022119707563621385,0.01767674887524988,1.4142135623730951,1.4142135623730951
8,256,128,duplicates,3,10.0,0.125,0.001104840662112038,0.008838719677635748,1.4142135623730951,1.4142135623730951
8,256,128,duplicates,3,20.0,0.125,0.0005521236395234477,0.0044194029963478265,1.4142135623730951,1.4142135623730951
8,256,128,duplicates,3,50.0,0.125,0.000220776901744971,0.0017677660322549897,1.4142135623730951,1.4142135623730951
8,256,128,duplicates,3,100.0,0.125,0.00011037624602953059,0.0008838833613942081,1.4142135623730951,1.4142135623730951
8,256,128,duplicates,4,2.0,0.125,0.005571276900262794,0.044179793317226906,1.4142135623730951,1.4142135623730951
8,256,128,duplicates,4,3.0,0.125,0.0036977065513963724,0.029458520733990773,1.4142135623730951,1.4142135623730951
8,256,128,duplicates,4,5.0,0.125,0.0022128426857160014,0.01767674887524988,1.4142135623730951,1.4142135623730951
8,256,128,duplicates,4,10.0,0.125,0.0011051546959097549,0.008838719677635748,1.4142135623730951,1.4142135623730951
8,256,128,duplicates,4,20.0,0.125,0.0005522325625699435,0.0044194029963478265,1.4142135623730951,1.4142135623730951
8,256,128,duplicates,4,50.0,0.125,0.00022079725383690674,0.0017677660322549897,1.4142135623730951,1.4142135623730951
8,256,128,duplicates,4,100.0,0.125,0.00011038157792020576,0.0008838833613942081,1.4142135623730951,1.4142135623730951
8,256,256,uniform,0,2.0,0.125,0.003918333621585918,0.044179793317226906,1.4142135623730951,1.4142135623730951
8,256,256,uniform,0,3.0,0.125,0.0026077463829020995,0.029458520733990773,1.4142135623730951,1.4142135623730951
8,256,256,uniform,0,5.0,0.125,0.001563273150428586,0.01767674887524988,1.4142135623730951,1.4142135623730951
8,256,256,uniform,0,10.0,0.125,0.0007813466401993024,0.008838719677635748,1.4142135623730951,1.4142135623730951
8,256,256,uniform,0,20.0,0.125,0.0003906370799122364,0.0044194029963478265,1.4142135623730951,1.4142135623730951
8,256,256,uniform,0,50.0,0.125,0.00015625077311236355,0.0017677660322549897,1.4142135623730951,1.4142135623730951
8,256,256,uniform,0,100.0,0.125,7.812509663900993e-05,0.0008838833613942081,1.4142135623730951,1.4142135623730951
8,256,256,uniform,1,2.0,0.125,0.003918333621585918,0.044179793317226906,1.4142135623730951,1.4142135623730951
8,256,256,uniform,1,3.0,0.125,0.0026077463829020995,0.029458520733990773,1.4142135623730951,1.4142135623730951
8,256,256,uniform,1,5.0,0.125,0.001563273150428586,0.01767674887524988,1.4142135623730951,1.4142135623730951
8,256,256,uniform,1,10.0,0.125,0.0007813466401993024,0.008838719677635748,1.4142135623730951,1.4142135623730951
8,256,256,uniform,1,20.0,0.125,0.0003906370799122364,0.0044194029963478265,1.4142135623730951,1.4142135623730951
8,256,256,uniform,1,50.0,0.125,0.00015625077311236355,0.0017677660322549897,1.4142135623730951,1.4142135623730951
8,256,256,uniform,1,100.0,0.125,7.812509663900993e-05,0.0008838833613942081,1.4142135623730951,1.4142135623730951
8,256,256,uniform,2,2.0,0.125,0.003918333621585918,0.044179793317226906,1.4142135623730951,1.4142135623730951
8,256,256,uniform,2,3.0,0.125,0.0026077463829020995,0.029458520733990773,1.4142135623730951,1.4142135623730951
8,256,256,uniform,2,5.0,0.125,0.0015632731504285856,0.01767674887524988,1.4142135623730951,1.4142135623730951
8,256,256,uniform,2,10.0,0.125,0.0007813466401993024,0.008838719677635748,1.4142135623730951,1.4142135623730951
8,256,256,uniform,2,20.0,0.125,0.0003906370799122364,0.0044194029963478265,1.4142135623730951,1.4142135623730951
8,256,256,uniform,2,50.0,0.125,0.00015625077311236357,0.0017677660322549897,1.4142135623730951,1.4142135623730951
8,256,256,uniform,2,100.0,0.125,7.812509663900993e-05,0.0008838833613942081,1.4142135623730951,1.4142135623730951
8,256,256,uniform,3,2.0,0.125,0.003918333621585918,0.044179793317226906,1.4142135623730951,1.4142135623730951
8,256,256,uniform,3,3.0,0.125,0.0026077463829020995,0.029458520733990773,1.4142135623730951,1.4142135623730951
8,256,256,uniform,3,5.0,0.125,0.001563273150428586,0.01767674887524988,1.4142135623730951,1.4142135623730951
8,256,256,uniform,3,10.0,0.125,0.0007813466401993024,0.008838719677635748,1.4142135623730951,1.4142135623730951
8,256,256,uniform,3,20.0,0.125,0.0003906370799122364,0.0044194029963478265,1.4142135623730951,1.4142135623730951
8,256,256,uniform,3,50.0,0.125,0.00015625077311236355,0.0017677660322549897,1.4142135623730951,1.4142135623730951
8,256,256,uniform,3,100.0,0.125,7.812509663900993e-05,0.0008838833613942081,1.4142135623730951,1.4142135623730951
8,256,256,uniform,4,2.0,0.125,0.003918333621585918,0.044179793317226906,1.4142135623730951,1.4142135623730951
8,256,256,uniform,4,3.0,0.125,0.0026077463829020995,0.029458520733990773,1.4142135623730951,1.4142135623730951
8,256,256,uniform,4,5.0,0.125,0.001563273150428586,0.01767674887524988,1.4142135623730951,1.4142135623730951
8,256,256,uniform,4,10.0,0.125,0.0007813466401993025,0.008838719677635748,1.4142135623730951,1.4142135623730951
8,256,256,uniform,4,20.0,0.125,0.0003906370799122364,0.0044194029963478265,1.4142135623730951,1.4142135623730951
8,256,256,uniform,4,50.0,0.125,0.00015625077311236355,0.0017677660322549897,1.4142135623730951,1.4142135623730951
8,256,256,uniform,4,100.0,0.125,7.812509663900993e-05,0.0008838833613942081,1.4142135623730951,1.4142135623730951
8,256,256,clustered,0,2.0,0.125,0.003918100397748463,0.044179793317226906,1.4142135623730951,1.4142135623730951
8,256,256,clustered,0,3.0,0.125,0.002607635609741575,0.029458520733990773,1.4142135623730951,1.4142135623730951
8,256,256,clustered,0,5.0,0.125,0.0015632320418899985,0.01767674887524988,1.4142135623730951,1.4142135623730951
8,256,256,clustered,0,10.0,0.125,0.0007813295403115431,0.008838719677635748,1.4142135623730951,1.4142135623730951
8,256,256,clustered,0,20.0,0.125,0.0003906281702771157,0.0044194029963478265,1.4142135623730951,1.4142135623730951
8,256,256,clustered,0,50.0,0.125,0.00015624671167262236,0.0017677660322549897,1.4142135623730951,1.4142135623730951
8,256,256,clustered,0,100.0,0.125,7.812291845855791e-05,0.0008838833613942081,1.4142135623730951,1.4142135623730951
8,256,256,clustered,1,2.0,0.125,0.003918519504881654,0.044179793317226906,1.4142135623730951,1.4142135623730951
8,256,256,clustered,1,3.0,0.125,0.0026076753695554555,0.029458520733990773,1.4142135623730951,1.4142135623730951
8,256,256,clustered,1,5.0,0.125,0.0015632034021963012,0.01767674887524988,1.4142135623730951,1.4142135623730951
8,256,256,clustered,1,10.0,0.125,0.0007812882705857118,0.008838719677635748,1.4142135623730951,1.4142135623730951
8,256,256,clustered,1,20.0,0.125,0.0003905995019060367,0.0044194029963478265,1.4142135623730951,1.4142135623730951
8,256,256,clustered,1,50.0,0.125,0.00015623339898599337,0.0017677660322549897,1.4142135623730951,1.4142135623730951
8,256,256,clustered,1,100.0,0.125,7.811599140944561e-05,0.0008838833613942081,1.4142135623730951,1.4142135623730951
8,256,256,clustered,2,2.0,0.125,0.0039178931483736254,0.044179793317226906,1.4142135623730951,1.4142135623730951
8,256,256,clustered,2,3.0,0.125,0.002607605630988455,0.029458520733990773,1.4142135623730951,1.4142135623730951
8,256,256,clustered,2,5.0,0.125,0.0015632407444572244,0.01767674887524988,1.4142135623730951,1.4142135623730951
8,256,256,clustered,2,10.0,0.125,0.0007813423848582947,0.008838719677635748,1.4142135623730951,1.4142135623730951
8,256,256,clustered,2,20.0,0.125,0.00039063653454304023,0.0044194029963478265,1.4142135623730951,1.4142135623730951
8,256,256,clustered,2,50.0,0.125,0.00015625073767871282,0.0017677660322549897,1.4142135623730951,1.4142135623730951
8,256,256,clustered,2,100.0,0.125,7.812509218743932e-05,0.0008838833613942081,1.4142135623730951,1.4142135623730951
8,256,256,clustered,3,2.0,0.125,0.0039183764062496905,0.044179793317226906,1.4142135623730951,1.4142135623730951
8,256,256,clustered,3,3.0,0.125,0.002607719708217347,0.029458520733990773,1.4142135623730951,1.4142135623730951
8,256,256,clustered,3,5.0,0.125,0.001563237969379639,0.01767674887524988,1.4142135623730951,1.4142135623730951
8,256,256,clustered,3,10.0,0.125,0.0007813329315684473,0.008838719677635748,1.4142135623730951,1.4142135623730951
8,256,256,clustered,3,20.0,0.125,0.00039062888305148026,0.0044194029963478265,1.4142135623730951,1.4142135623730951
8,256,256,clustered,3,50.0,0.125,0.00015624672825913615,0.0017677660322549897,1.4142135623730951,1.4142135623730951
8,256,256,clustered,3,100.0,0.125,7.812290734319347e-05,0.0008838833613942081,1.4142135623730951,1.4142135623730951
8,256,256,clustered,4,2.0,0.125,0.003918893690473759,0.044179793317226906,1.4142135623730951,1.4142135623730951
8,256,256,clustered,4,3.0,0.125,0.0026078870682642256,0.029458520733990773,1.4142135623730951,1.4142135623730951
8,256,256,clustered,4,5.0,0.125,0.0015632806010678411,0.01767674887524988,1.4142135623730951,1.4142135623730951
8,256,256,clustered,4,10.0,0.125,0.0007813320675964372,0.008838719677635748,1.4142135623730951,1.4142135623730951
8,256,256,clustered,4,20.0,0.125,0.0003906275392806029,0.0044194029963478265,1.4142135623730951,1.4142135623730951
8,256,256,clustered,4,50.0,0.125,0.00015624658745811044,0.0017677660322549897,1.4142135623730951,1.4142135623730951
8,256,256,clustered,4,100.0,0.125,7.812287493302776e-05,0.0008838833613942081,1.4142135623730951,1.4142135623730951
8,256,256,duplicates,0,2.0,0.125,0.003937931737348199,0.044179793317226906,1.4142135623730951,1.4142135623730951
8,256,256,duplicates,0,3.0,0.125,0.0026135518597901457,0.029458520733990773,1.4142135623730951,1.4142135623730951
8,256,256,duplicates,0,5.0,0.125,0.0015645294185770654,0.01767674887524988,1.4142135623730951,1.4142135623730951
8,256,256,duplicates,0,10.0,0.125,0.0007815134365665144,0.008838719677635748,1.4142135623730951,1.4142135623730951
8,256,256,duplicates,0,20.0,0.125,0.00039065981576523386,0.0044194029963478265,1.4142135623730951,1.4142135623730951
8,256,256,duplicates,0,50.0,0.125,0.00015624643502625403,0.0017677660322549897,1.4142135623730951,1.4142135623730951
8,256,256,duplicates,0,100.0,0.125,7.811954239231763e-05,0.0008838833613942081,1.4142135623730951,1.4142135623730951
8,256,256,duplicates,1,2.0,0.125,0.003947534225264119,0.044179793317226906,1.4142135623730951,1.4142135623730951
8,256,256,duplicates,1,3.0,0.125,0.002614556246673838,0.029458520733990773,1.4142135623730951,1.4142135623730951
8,256,256,duplicates,1,5.0,0.125,0.0015647184405973324,0.01767674887524988,1.4142135623730951,1.4142135623730951
8,256,256,duplicates,1,10.0,0.125,0.0007815526230620161,0.008838719677635748,1.4142135623730951,1.4142135623730951
8,256,256,duplicates,1,20.0,0.125,0.00039065488737153535,0.0044194029963478265,1.4142135623730951,1.4142135623730951
8,256,256,duplicates,1,50.0,0.125,0.00015625236348603493,0.0017677660322549897,1.4142135623730951,1.4142135623730951
8,256,256,duplicates,1,100.0,0.125,7.812443573141208e-05,0.0008838833613942081,1.4142135623730951,1.4142135623730951
8,256,256,duplicates,2,2.0,0.125,0.003931360513477548,0.044179793317226906,1.4142135623730951,1.4142135623730951
8,256,256,duplicates,2,3.0,0.125,0.002611488086008273,0.029458520733990773,1.4142135623730951,1.4142135623730951
8,256,256,duplicates,2,5.0,0.125,0.0015641054633847929,0.01767674887524988,1.4142135623730951,1.4142135623730951
8,256,256,duplicates,2,10.0,0.125,0.0007814628053698468,0.008838719677635748,1.4142135623730951,1.4142135623730951
8,256,256,duplicates,2,20.0,0.125,0.0003906557840755692,0.0044194029963478265,1.4142135623730951,1.4142135623730951
8,256,256,duplicates,2,50.0,0.125,0.0001562512549253575,0.0017677660322549897,1.4142135623730951,1.4142135623730951
8,256,256,duplicates,2,100.0,0.125,7.812514108631453e-05,0.0008838833613942081,1.4142135623730951,1.4142135623730951
8,256,256,duplicates,3,2.0,0.125,0.003927566864214881,0.044179793317226906,1.4142135623730951,1.4142135623730951
8,256,256,duplicates,3,3.0,0.125,0.0026106566071337793,0.029458520733990773,1.4142135623730951,1.4142135623730951
8,256,256,duplicates,3,5.0,0.125,0.0015639129764471681,0.01767674887524988,1.4142135623730951,1.4142135623730951
8,256,256,duplicates,3,10.0,0.125,0.0007814260457598431,0.008838719677635748,1.4142135623730951,1.4142135623730951
8,256,256,duplicates,3,20.0,0.125,0.00039061745334777214,0.0044194029963478265,1.4142135623730951,1.4142135623730951
8,256,256,duplicates,3,50.0,0.125,0.00015622324695659456,0.0017677660322549897,1.4142135623730951,1.4142135623730951
8,256,256,duplicates,3,100.0,0.125,7.810759895753165e-05,0.0008838833613942081,1.4142135623730951,1.4142135623730951
8,256,256,duplicates,4,2.0,0.125,0.003942158632544235,0.044179793317226906,1.4142135623730951,1.4142135623730951
8,256,256,duplicates,4,3.0,0.125,0.0026147579360976,0.029458520733990773,1.4142135623730951,1.4142135623730951
8,256,256,duplicates,4,5.0,0.125,0.0015646391675978879,0.01767674887524988,1.4142135623730951,1.4142135623730951
8,256,256,duplicates,4,10.0,0.125,0.0007815049880669346,0.008838719677635748,1.4142135623730951,1.4142135623730951
8,256,256,duplicates,4,20.0,0.125,0.00039065117200981313,0.0044194029963478265,1.4142135623730951,1.4142135623730951
8,256,256,duplicates,4,50.0,0.125,0.00015624984087497077,0.0017677660322549897,1.4142135623730951,1.4142135623730951
8,256,256,duplicates,4,100.0,0.125,7.81237544588348e-05,0.0008838833613942081,1.4142135623730951,1.4142135623730951
